C,filename,url,atom_count,valid,reason,bytes,sha256
20,C20-Ih.xyz,https://nanotube.msu.edu/fullerene/C20/C20-Ih.xyz,20,1,OK,1268,b1aa005331f0df9bcf5360693d1202282bda01034e3f08649b480e99c44c9d44
24,C24-D6d.xyz,https://nanotube.msu.edu/fullerene/C24/C24-D6d.xyz,24,1,OK,1504,af3a93f1bdb8fda1c9c26f41cf703fa58ea30ce6410c7a114096c1c2b96fc03e
26,C26-D3h.xyz,https://nanotube.msu.edu/fullerene/C26/C26-D3h.xyz,26,1,OK,1622,518a7ed688262405051a7bbdfa49af0255ad69b6ba3f4bd4ee4307373f190225
28,C28-D2.xyz,https://nanotube.msu.edu/fullerene/C28/C28-D2.xyz,28,1,OK,1740,e5888e7218b874a6c76c581a7deb19f1e3e69edd671b796370f2ad7a48c51c93
28,C28-Td.xyz,https://nanotube.msu.edu/fullerene/C28/C28-Td.xyz,28,1,OK,1740,ab5a5e02399d037c5eb29493da7526f85d619dbdfed9dbdfddc7127ea2d011a5
30,C30-C2v-2.xyz,https://nanotube.msu.edu/fullerene/C30/C30-C2v-2.xyz,30,1,OK,1858,b62471219c101722b44a05313346e0e67141775a46377eb7fc88281597445bd4
30,C30-C2v-3.xyz,https://nanotube.msu.edu/fullerene/C30/C30-C2v-3.xyz,30,1,OK,1858,73efc3726d8a23ca1e8ef2fc5b804a08227da993fc56e0bee1c597352d14ca65
30,C30-D5h-1.xyz,https://nanotube.msu.edu/fullerene/C30/C30-D5h-1.xyz,30,1,OK,1858,89bf14129d71daa09e836f667af59826d22c2cbd5b9d2971d111df9f5ff13560
32,C32-C2-1.xyz,https://nanotube.msu.edu/fullerene/C32/C32-C2-1.xyz,32,1,OK,1976,92e76203b736b97f4a0d5e03a047bbe7f3f3ecc5dd8271aebf63fe2860ace086
32,C32-C2-4.xyz,https://nanotube.msu.edu/fullerene/C32/C32-C2-4.xyz,32,1,OK,1976,a20d133799b83415948a39acd092e102d8e587b3b997c2457b5ed5c72948c38f
32,C32-D2-2.xyz,https://nanotube.msu.edu/fullerene/C32/C32-D2-2.xyz,32,1,OK,1976,db12f2293b4f9e39b56a64c21b01293f0bbc04e272ebf299ba925324a4c492e5
32,C32-D3-6.xyz,https://nanotube.msu.edu/fullerene/C32/C32-D3-6.xyz,32,1,OK,1976,bb6c9ea46c1df1e5e42f72a73b470b52e206febaf2e47e2581edc84eec97abc3
32,C32-D3d-3.xyz,https://nanotube.msu.edu/fullerene/C32/C32-D3d-3.xyz,32,1,OK,1976,c723c1862cc840d1937120f9d680d8947bb1aad61db5f192cf11bb92401e679c
32,C32-D3h-5.xyz,https://nanotube.msu.edu/fullerene/C32/C32-D3h-5.xyz,32,1,OK,1976,3ed2d98c7fcde9ab56cdf952d356b631ae937d470b0d41a41a98d4e8e7bdabee
34,C34-C2-1.xyz,https://nanotube.msu.edu/fullerene/C34/C34-C2-1.xyz,34,1,OK,2094,befafc3593e5f1feabffa4d3bb9f59dad3ab926c3d64ee6d7ae61be11e94c69a
34,C34-C2-4.xyz,https://nanotube.msu.edu/fullerene/C34/C34-C2-4.xyz,34,1,OK,2094,5361f6fff077d8cbfeab9b98473f78094af41bbbe5f96e6e7ce80ec60173bdf3
34,C34-C2-5.xyz,https://nanotube.msu.edu/fullerene/C34/C34-C2-5.xyz,34,1,OK,2094,37695282ee8be988954f601327aa6f5b18e7e7a2ef7d93cc99728bbd8f784eb9
34,C34-C3v-6.xyz,https://nanotube.msu.edu/fullerene/C34/C34-C3v-6.xyz,34,1,OK,2094,599947d51de3cbd7d4c6765b7a3a61ccb5c703270988754940e1ddd50080e980
34,C34-Cs-2.xyz,https://nanotube.msu.edu/fullerene/C34/C34-Cs-2.xyz,34,1,OK,2094,8293c281a7fd70a1663df04fd820439064bf4f70a96a1f06311fa77834f3b1b6
34,C34-Cs-3.xyz,https://nanotube.msu.edu/fullerene/C34/C34-Cs-3.xyz,34,1,OK,2094,1de76f50c7aebab332607fdde0c8600f46b0b775321eb5bac7a3ae6bc9fd4b6c
36,C36-C1-3.xyz,https://nanotube.msu.edu/fullerene/C36/C36-C1-3.xyz,36,1,OK,2212,34746e29101b33cf31c949559516d1207d82d9dbc28894de9880456773545efb
36,C36-C1-7.xyz,https://nanotube.msu.edu/fullerene/C36/C36-C1-7.xyz,36,1,OK,2212,4eeb100e6d213f05cae7c3dd35db2b0620ad91c2e5faa7a29f4c27ac2b2943ba
36,C36-C2-1.xyz,https://nanotube.msu.edu/fullerene/C36/C36-C2-1.xyz,36,1,OK,2212,17663cca000e04d2f05ded10c4e83b942a6e0a93f1e737f63a1d30f7d668708a
36,C36-C2-10.xyz,https://nanotube.msu.edu/fullerene/C36/C36-C2-10.xyz,36,1,OK,2212,6f395469ac0d72f31b59e2ea5bb2a9d36f13b0fe3b782366b679ad0741022e33
36,C36-C2-11.xyz,https://nanotube.msu.edu/fullerene/C36/C36-C2-11.xyz,36,1,OK,2212,91a7bee34f2c65677278c32b39ae1755f6fe8e7c11046eb4e8f698f9d200dab9
36,C36-C2-12.xyz,https://nanotube.msu.edu/fullerene/C36/C36-C2-12.xyz,36,1,OK,2212,6add1919f96e6ef7ac6d222d37a85aa5c2352bd9409bec402b71267a33f51468
36,C36-C2v-9.xyz,https://nanotube.msu.edu/fullerene/C36/C36-C2v-9.xyz,36,1,OK,2212,ed1d6eae55c469dd2a47d3e3beef634d6a26c978217c21e7aa366227bf0943bc
36,C36-Cs-4.xyz,https://nanotube.msu.edu/fullerene/C36/C36-Cs-4.xyz,36,1,OK,2212,b11b40c6a762eac451af506f36d6b327092d6d19413dde4f880f67c297dc063b
36,C36-Cs-8.xyz,https://nanotube.msu.edu/fullerene/C36/C36-Cs-8.xyz,36,1,OK,2212,22f4f0f003f3af356f0c7f40f3e98ff37faf5101821c03a71c1ea54da0671dde
36,C36-D2-2.xyz,https://nanotube.msu.edu/fullerene/C36/C36-D2-2.xyz,36,1,OK,2212,4a2761e2c9dcbd14f53cda2e04f2ea3ed914fd3f9aeac6709a50cbf4d21eb6c4
36,C36-D2-5.xyz,https://nanotube.msu.edu/fullerene/C36/C36-D2-5.xyz,36,1,OK,2212,c6c2a83ddbf31fe866f828b8c23cf0332926121e8c4710bbb6b0a7442a5e268b
36,C36-D2d-14.xyz,https://nanotube.msu.edu/fullerene/C36/C36-D2d-14.xyz,36,1,OK,2212,75761fb3f4fd78a531330a4f5df4ba3193b82483f387bcc9ed2818578d2cfc02
36,C36-D2d-6.xyz,https://nanotube.msu.edu/fullerene/C36/C36-D2d-6.xyz,36,1,OK,2212,b45dbf73edbc0654db41d458c3b1f82f88a5240accbb682060e13e12c8228060
36,C36-D3h-13.xyz,https://nanotube.msu.edu/fullerene/C36/C36-D3h-13.xyz,36,1,OK,2212,f6fba67b36b9164c0a798a0cbf70381aaab728ac5d8f9873f30a2b6c9772a4a9
36,C36-D6h-15.xyz,https://nanotube.msu.edu/fullerene/C36/C36-D6h-15.xyz,36,1,OK,2212,0019152e79b835d7bc35529dc8f5399b0b7809d9bfc70776110cd427b381a97b
38,C38-C1-11.xyz,https://nanotube.msu.edu/fullerene/C38/C38-C1-11.xyz,38,1,OK,2330,61a20f6b2d6afc1720f3dceac1faa4cfbfc1e12b7e0022f4afa018440e4b62ee
38,C38-C1-14.xyz,https://nanotube.msu.edu/fullerene/C38/C38-C1-14.xyz,38,1,OK,2330,0f4f8f90b50ab3da3600f1e69ecf1be49b1e76a543e08d420190bdbde9311b87
38,C38-C1-3.xyz,https://nanotube.msu.edu/fullerene/C38/C38-C1-3.xyz,38,1,OK,2330,ae3ae12e28116e47cc2ab7ea3839ed07c3488e119bb8115d7b20a2ddf354a796
38,C38-C1-4.xyz,https://nanotube.msu.edu/fullerene/C38/C38-C1-4.xyz,38,1,OK,2330,e3a26e636fed93fa6b959c398dc409a5e8d4ce78491babadb576ef9987df768c
38,C38-C1-5.xyz,https://nanotube.msu.edu/fullerene/C38/C38-C1-5.xyz,38,1,OK,2330,966b16dd6cc2bd6cf249cb177a7a4553965bb65a8bd741cafb5e027425477623
38,C38-C1-7.xyz,https://nanotube.msu.edu/fullerene/C38/C38-C1-7.xyz,38,1,OK,2330,0632c40b6d07917076edac99b44f4652ee2c369d8346890318a043e87d694eff
38,C38-C1-8.xyz,https://nanotube.msu.edu/fullerene/C38/C38-C1-8.xyz,38,1,OK,2330,39973f9d9091c91d1588f4060b37e6f54f67f52d1a31cc1f735cae0f2f174a50
38,C38-C2-1.xyz,https://nanotube.msu.edu/fullerene/C38/C38-C2-1.xyz,38,1,OK,2330,6262eddd153013431826346cdc27716100634a1e7f7c2703b3f2a115c2556d1e
38,C38-C2-10.xyz,https://nanotube.msu.edu/fullerene/C38/C38-C2-10.xyz,38,1,OK,2330,3ced07f9a1b6b422a5a6c83584bd5f94d4926376cd347ec7d7e397f7c143946f
38,C38-C2-13.xyz,https://nanotube.msu.edu/fullerene/C38/C38-C2-13.xyz,38,1,OK,2330,c2058e45f29d48dd65b4f40e12064c6373993928818122ae96637175de99338a
38,C38-C2-17.xyz,https://nanotube.msu.edu/fullerene/C38/C38-C2-17.xyz,38,1,OK,2330,c1f672f6a1fd79d4b4245391da8c1140275d0c48e5e81b52ae90120a0ed83f85
38,C38-C2-6.xyz,https://nanotube.msu.edu/fullerene/C38/C38-C2-6.xyz,38,1,OK,2330,d59a6c993868b82dc849c26b14965c5274e9d4d600dd65aeda1feb8b1b83d322
38,C38-C2v-12.xyz,https://nanotube.msu.edu/fullerene/C38/C38-C2v-12.xyz,38,1,OK,2330,e5d0a235844a3c33fc4c7f382b9fbe6e6dd8a3922bf677cbfc8d7759d7b27e36
38,C38-C2v-15.xyz,https://nanotube.msu.edu/fullerene/C38/C38-C2v-15.xyz,38,1,OK,2330,f61bc480a47c70cecde3a6542aa20afdce8b381d20bbd5296a54a63d288015b0
38,C38-C3v-16.xyz,https://nanotube.msu.edu/fullerene/C38/C38-C3v-16.xyz,38,1,OK,2330,c1f4503bd0bf5a6e6dd63caa46af025497a3487e18166ca36edc4d07191e88ed
38,C38-D3-9.xyz,https://nanotube.msu.edu/fullerene/C38/C38-D3-9.xyz,38,1,OK,2330,c55ccfb0bc8dcdfa0325b193c1713c4fd999170ee76bf0853c8002f4cd32adf6
38,C38-D3h-2.xyz,https://nanotube.msu.edu/fullerene/C38/C38-D3h-2.xyz,38,1,OK,2330,2195f018912bd9595e1825482c4150b6fbfa450036a7f2a791b359217bc111bf
40,C40-C1-10.xyz,https://nanotube.msu.edu/fullerene/C40/C40-C1-10.xyz,40,1,OK,2448,1cfd849f9d6e0cc0d1e3e19ca8eef5e28dfe0ea1aaae8881b6175a0c6371ef08
40,C40-C1-12.xyz,https://nanotube.msu.edu/fullerene/C40/C40-C1-12.xyz,40,1,OK,2448,d267d92d3e45cf172d312f9ad0980d31075e7349cfd536df0533bee3933322b0
40,C40-C1-17.xyz,https://nanotube.msu.edu/fullerene/C40/C40-C1-17.xyz,40,1,OK,2448,d77e164d44856783964dde7bd7b44960f34df8fbfc2b39a4ba9f6d2743d68045
40,C40-C1-22.xyz,https://nanotube.msu.edu/fullerene/C40/C40-C1-22.xyz,40,1,OK,2448,df9fe86e9125618331243f7fa7ff7cbde8ce7f1e7618fad939abefc4318a1356
40,C40-C1-26.xyz,https://nanotube.msu.edu/fullerene/C40/C40-C1-26.xyz,40,1,OK,2448,5a9c862746822d794730cf3f69c02a51c997bcab735a092a41660997dacd59a6
40,C40-C1-34.xyz,https://nanotube.msu.edu/fullerene/C40/C40-C1-34.xyz,40,1,OK,2448,575f464176fb6d71975a6cadb0e79a638244546f7dd0a7dfbd982c9c9e773ba6
40,C40-C1-4.xyz,https://nanotube.msu.edu/fullerene/C40/C40-C1-4.xyz,40,1,OK,2448,95344a7a8c3f5e4dd11fef6d09dcd22dff5377c5ba2491048cead7377e77493a
40,C40-C1-6.xyz,https://nanotube.msu.edu/fullerene/C40/C40-C1-6.xyz,40,1,OK,2448,ec257df611bd9fa8707e90eb6341aeaec2971aed278dd2f26216d4a1cc342985
40,C40-C2-11.xyz,https://nanotube.msu.edu/fullerene/C40/C40-C2-11.xyz,40,1,OK,2448,6b40a33ca0cc96a51f5ce46d0e6f6dacb6de24bb9e9a9079a13385dee8917982
40,C40-C2-15.xyz,https://nanotube.msu.edu/fullerene/C40/C40-C2-15.xyz,40,1,OK,2448,d8451b62d63ff2fc39dc8f707e9ed946ba85c54932f9c032ec246f1db41a2b8a
40,C40-C2-16.xyz,https://nanotube.msu.edu/fullerene/C40/C40-C2-16.xyz,40,1,OK,2448,8387170f21af378eeede5d4836ddef619a8a5c92c24d353c65da402264bf3491
40,C40-C2-18.xyz,https://nanotube.msu.edu/fullerene/C40/C40-C2-18.xyz,40,1,OK,2448,a54528b224382cbd1e3fc98beb59576d6fd87fd2816a4159874b9ade91bd3826
40,C40-C2-19.xyz,https://nanotube.msu.edu/fullerene/C40/C40-C2-19.xyz,40,1,OK,2448,534eabfb2b8f0173d8467d1a63bb6dd4fe1803a55336d209c5fdb96a1338e777
40,C40-C2-2.xyz,https://nanotube.msu.edu/fullerene/C40/C40-C2-2.xyz,40,1,OK,2448,c364c40fdc2a5d48dfde23d7d17d4c40e79e8b89f8e5f5380b3173835eb43491
40,C40-C2-21.xyz,https://nanotube.msu.edu/fullerene/C40/C40-C2-21.xyz,40,1,OK,2448,a287c1317f9aaac208b4a0aebda17a52057615cf9fd779a70f6297e5b51af10f
40,C40-C2-23.xyz,https://nanotube.msu.edu/fullerene/C40/C40-C2-23.xyz,40,1,OK,2448,2727fc27ad38d610d1b5fe1e1a0be389267587cb621c620b838d600534983f7b
40,C40-C2-25.xyz,https://nanotube.msu.edu/fullerene/C40/C40-C2-25.xyz,40,1,OK,2448,393de375f9aa1ca4e8d02cd819ca83dd261911d1a10b0588cf73d90c20d415b3
40,C40-C2-27.xyz,https://nanotube.msu.edu/fullerene/C40/C40-C2-27.xyz,40,1,OK,2448,54a4f7f200164dacf5f179850a4a1256c5c5453a385435e25c3d8b1794ac7f88
40,C40-C2-29.xyz,https://nanotube.msu.edu/fullerene/C40/C40-C2-29.xyz,40,1,OK,2448,5f1f5e11c86bb8782adb823e739bc0ac1d172573f4e12893ec6227b6fc24929f
40,C40-C2-35.xyz,https://nanotube.msu.edu/fullerene/C40/C40-C2-35.xyz,40,1,OK,2448,8df1b1fd1a56357e5a852016de8561cd76db1926b2a9ab0d74104281829a20bb
40,C40-C2-36.xyz,https://nanotube.msu.edu/fullerene/C40/C40-C2-36.xyz,40,1,OK,2448,48e22a595d761c71daef41960e36697df43700695948281c65f51236c6591d46
40,C40-C2-9.xyz,https://nanotube.msu.edu/fullerene/C40/C40-C2-9.xyz,40,1,OK,2448,8e5f9a4bf9683bb652c744a799ce6c2c6156543521b10ead0f13cef44e2ec183
40,C40-C2v-37.xyz,https://nanotube.msu.edu/fullerene/C40/C40-C2v-37.xyz,40,1,OK,2448,f980d9030902ac4c71ff76985dbc89509a748a1943d83a5cf8422c7d7ea12d77
40,C40-C2v-8.xyz,https://nanotube.msu.edu/fullerene/C40/C40-C2v-8.xyz,40,1,OK,2448,742a0f7bc967f644b1e794db7b13a4caa6404a408de7472c147a0308999e6fee
40,C40-C3-30.xyz,https://nanotube.msu.edu/fullerene/C40/C40-C3-30.xyz,40,1,OK,2448,0afcdecdf2d8763dc26a439b70b5b9acfc699fcb41dd61cd83e584520457f358
40,C40-C3v-20.xyz,https://nanotube.msu.edu/fullerene/C40/C40-C3v-20.xyz,40,1,OK,2448,1bfc39d38eb43364124e6ea07642ebc60fb702fb6f7d7ec0fc96a198f680ce37
40,C40-Cs-13.xyz,https://nanotube.msu.edu/fullerene/C40/C40-Cs-13.xyz,40,1,OK,2448,148dd991fea683297346c15e6c1ae395713cc4089d88ccc8ecf422a7f69306cc
40,C40-Cs-14.xyz,https://nanotube.msu.edu/fullerene/C40/C40-Cs-14.xyz,40,1,OK,2448,84f43c0d42c89af80678a746443d6c4e27d92408e84acffbf807146f915a1e31
40,C40-Cs-24.xyz,https://nanotube.msu.edu/fullerene/C40/C40-Cs-24.xyz,40,1,OK,2448,913b72fae3a99db23e9377b8b81e3b483b89a9b0ecb96a05334a7c75db08bf96
40,C40-Cs-28.xyz,https://nanotube.msu.edu/fullerene/C40/C40-Cs-28.xyz,40,1,OK,2448,99a8170e037b519a1b7dce6543229415d35b6c696cd2238e169592d6b2f80151
40,C40-Cs-31.xyz,https://nanotube.msu.edu/fullerene/C40/C40-Cs-31.xyz,40,1,OK,2448,4cff04d74376c942e1d63b7859228664397a4491ba9ff61c94894f6f36e897a4
40,C40-Cs-5.xyz,https://nanotube.msu.edu/fullerene/C40/C40-Cs-5.xyz,40,1,OK,2448,942992d72d185803a71bbadc63f93de723956139054849eb182a35382bd28a51
40,C40-Cs-7.xyz,https://nanotube.msu.edu/fullerene/C40/C40-Cs-7.xyz,40,1,OK,2448,d9b7951738b8d7af8b9d5752328c0f66f068f8a1339195b6712aef8270e85f36
40,C40-D2-3.xyz,https://nanotube.msu.edu/fullerene/C40/C40-D2-3.xyz,40,1,OK,2448,33fc4ada5451816736edc9ea0356f04983b7b113cf5283693f19a2a1501888e8
40,C40-D2-32.xyz,https://nanotube.msu.edu/fullerene/C40/C40-D2-32.xyz,40,1,OK,2448,42ccc291728b0e58924d37888a9f3d8b4c15a6676da0bacaf276e34010373d9e
40,C40-D2-38.xyz,https://nanotube.msu.edu/fullerene/C40/C40-D2-38.xyz,40,1,OK,2448,201051754184e9a355eecfb439e18bacbc8f10045713845ccc6f8fe4eb0560a1
40,C40-D2h-33.xyz,https://nanotube.msu.edu/fullerene/C40/C40-D2h-33.xyz,40,1,OK,2448,ee7d4a29934a4f80ce47572f3aa641c9607cdd4284103baf6f185706311353be
40,C40-D5d-1.xyz,https://nanotube.msu.edu/fullerene/C40/C40-D5d-1.xyz,40,1,OK,2448,bab1401bdcea7e893d7298809653cbb4863f7a85c013eb02523ea72edd1fc651
40,C40-D5d-39.xyz,https://nanotube.msu.edu/fullerene/C40/C40-D5d-39.xyz,40,1,OK,2448,c0149831e8cce64a8c1b973d7179855da8d776f4d65f6fd0bf45e34ad8bdc365
40,C40-Td-40.xyz,https://nanotube.msu.edu/fullerene/C40/C40-Td-40.xyz,40,1,OK,2448,473572120be1e9911e4dfb30a14a844b1741a409fa0912add8dbceca4c148c65
42,C42-C1-10.xyz,https://nanotube.msu.edu/fullerene/C42/C42-C1-10.xyz,42,1,OK,2566,f7ad30bca71c884f1b5130e22933011dce16cff62adaf589046e4320b23e45bc
42,C42-C1-14.xyz,https://nanotube.msu.edu/fullerene/C42/C42-C1-14.xyz,42,1,OK,2566,4dab3c089e982ada46ac05159904a91fe7074f86186309d8bc88cfd6b6627cbc
42,C42-C1-15.xyz,https://nanotube.msu.edu/fullerene/C42/C42-C1-15.xyz,42,1,OK,2566,19f4362dff44e71fb1724b126f73dbc670b58454e206211a54b317b1ab4dcce3
42,C42-C1-17.xyz,https://nanotube.msu.edu/fullerene/C42/C42-C1-17.xyz,42,1,OK,2566,1c39f074025a1adad8337867d8d847060219ab93f327d009c224cd4330cac6d3
42,C42-C1-18.xyz,https://nanotube.msu.edu/fullerene/C42/C42-C1-18.xyz,42,1,OK,2566,6c505ae9e90fefc1ad2d9cfc09295e6f8cdb5960da92b4c826a5e7f8533bc33b
42,C42-C1-2.xyz,https://nanotube.msu.edu/fullerene/C42/C42-C1-2.xyz,42,1,OK,2566,38270804f945e82692e7e385958ea87d02a970cbb2321516ab5244745feb64c8
42,C42-C1-20.xyz,https://nanotube.msu.edu/fullerene/C42/C42-C1-20.xyz,42,1,OK,2566,901add1c85b4d8f26f6fc9ad494436307f0cbb8d5d31d288c940aa75d5a1394f
42,C42-C1-24.xyz,https://nanotube.msu.edu/fullerene/C42/C42-C1-24.xyz,42,1,OK,2566,dcf66475c5165fced71e3e900e3fd17c7b445dad6704df634666fef4d0e982c4
42,C42-C1-25.xyz,https://nanotube.msu.edu/fullerene/C42/C42-C1-25.xyz,42,1,OK,2566,2f3d2a8fed34850135a708a9e0fd91a3e60d5c1ccc6406462a49d96efe02fb9f
42,C42-C1-26.xyz,https://nanotube.msu.edu/fullerene/C42/C42-C1-26.xyz,42,1,OK,2566,8acc44f4e1be036cddef54f475f670be517ae24466662c3ca7dc27dca3133c3f
42,C42-C1-29.xyz,https://nanotube.msu.edu/fullerene/C42/C42-C1-29.xyz,42,1,OK,2566,830956440873f4dcb82ad274b7016a87c790b41ac2ecd57764779c4fd571279a
42,C42-C1-3.xyz,https://nanotube.msu.edu/fullerene/C42/C42-C1-3.xyz,42,1,OK,2566,2155af1ddc4a0995b1216e786ac8748f4ef888575455b7fdd1708fbae04a9073
42,C42-C1-30.xyz,https://nanotube.msu.edu/fullerene/C42/C42-C1-30.xyz,42,1,OK,2566,17c720707860865ba30c933e80c94fc40d9e00c2f9d69ade102b1896b35c72c3
42,C42-C1-32.xyz,https://nanotube.msu.edu/fullerene/C42/C42-C1-32.xyz,42,1,OK,2566,91f81469990d230886c997a8077cdc267e65bc9e55abc97e97786b6e32317fae
42,C42-C1-33.xyz,https://nanotube.msu.edu/fullerene/C42/C42-C1-33.xyz,42,1,OK,2566,5e555ef23da2f00961da69a82a5bf23dbeaa9c9acf1c4677b27b28f5376c279b
42,C42-C1-34.xyz,https://nanotube.msu.edu/fullerene/C42/C42-C1-34.xyz,42,1,OK,2566,c66288cdea49075868f78ee3a3d344a97e4322d0532a62bb76ea3546078dfb32
42,C42-C1-36.xyz,https://nanotube.msu.edu/fullerene/C42/C42-C1-36.xyz,42,1,OK,2566,acb7b9922b393adb9f34d127cee978e9697386d7fa5933b0cb41ed4c79f321fe
42,C42-C1-37.xyz,https://nanotube.msu.edu/fullerene/C42/C42-C1-37.xyz,42,1,OK,2566,234f6cf7d6c1ce539ec36bd447612f9878aaa700ac04f44fdd86c1f5889d13ee
42,C42-C1-39.xyz,https://nanotube.msu.edu/fullerene/C42/C42-C1-39.xyz,42,1,OK,2566,17303aeee925496500d9243c538807d46458db4a5acf1c3d90b4822f8fbcf1c9
42,C42-C1-4.xyz,https://nanotube.msu.edu/fullerene/C42/C42-C1-4.xyz,42,1,OK,2566,47adb0dc9894c129e58e7cf80ce3f65cb50095d662646f43d9d755651b8f631d
42,C42-C1-44.xyz,https://nanotube.msu.edu/fullerene/C42/C42-C1-44.xyz,42,1,OK,2566,86a26e561197ffdccd74c027b70bcf187ed3524dec1e871fa32fa0269c39af27
42,C42-C1-8.xyz,https://nanotube.msu.edu/fullerene/C42/C42-C1-8.xyz,42,1,OK,2566,dfb13bd744352c18efd88ef1fc5ec54ddcdd69b168686b51cc0b31d2a8bd1045
42,C42-C1-9.xyz,https://nanotube.msu.edu/fullerene/C42/C42-C1-9.xyz,42,1,OK,2566,45adce1453c52e753c54d805034df4a219a461ec0377d2ecac4cd4dc60fb5ecb
42,C42-C2-1.xyz,https://nanotube.msu.edu/fullerene/C42/C42-C2-1.xyz,42,1,OK,2566,d11637a72e376f4ea8966f001ad8ef36de107fad660f574304e9efcfacf8a176
42,C42-C2-23.xyz,https://nanotube.msu.edu/fullerene/C42/C42-C2-23.xyz,42,1,OK,2566,1a151e76545ebae925b48ed690343be046750abdc0d7975c204fdb7ee72ffc55
42,C42-C2-27.xyz,https://nanotube.msu.edu/fullerene/C42/C42-C2-27.xyz,42,1,OK,2566,460500e35024ce6be25493b2a75093c59b5554b6f32de1b2831fc605707461d4
42,C42-C2-28.xyz,https://nanotube.msu.edu/fullerene/C42/C42-C2-28.xyz,42,1,OK,2566,66706d0b9c5c2766aace3d8aea6a07d12e624fe5254e0c2bc59d5ae65d69d185
42,C42-C2-31.xyz,https://nanotube.msu.edu/fullerene/C42/C42-C2-31.xyz,42,1,OK,2566,4eb402d58aaeb789d408a4ff0f16e2aa96394412b53f33d0b6f47f40436ef179
42,C42-C2-38.xyz,https://nanotube.msu.edu/fullerene/C42/C42-C2-38.xyz,42,1,OK,2566,f23e5b3d4b11cc0d5016d43f79dc80780fafa326fe8fc0683f886b5402c5d2ab
42,C42-C2-40.xyz,https://nanotube.msu.edu/fullerene/C42/C42-C2-40.xyz,42,1,OK,2566,da7663b3eece183428cde993c446e71cee74e0a803558d25d43181dd477ed4f4
42,C42-C2-41.xyz,https://nanotube.msu.edu/fullerene/C42/C42-C2-41.xyz,42,1,OK,2566,0beeb074180343154b33f215414dd6b345c3131c9bf7e342015a455e5de74561
42,C42-C2-43.xyz,https://nanotube.msu.edu/fullerene/C42/C42-C2-43.xyz,42,1,OK,2566,75c6e44bf7fa2fe39130a1bd1e39b866f5757bea18e50f0e31fff62219803365
42,C42-C2-5.xyz,https://nanotube.msu.edu/fullerene/C42/C42-C2-5.xyz,42,1,OK,2566,c251f74e235631756803765305e6c0049b7cc82f39192d35cd9c503748b12fa9
42,C42-C2-7.xyz,https://nanotube.msu.edu/fullerene/C42/C42-C2-7.xyz,42,1,OK,2566,aa424886d1698c5ec3cc00729f200a44932f3cff5edf2cfb898e8ca972c2c9a9
42,C42-C2v-13.xyz,https://nanotube.msu.edu/fullerene/C42/C42-C2v-13.xyz,42,1,OK,2566,f03afce0eb9323a2934ff933c1053d8f58f55a11307e2f5fc9f1d3dd064ccc2c
42,C42-C2v-16.xyz,https://nanotube.msu.edu/fullerene/C42/C42-C2v-16.xyz,42,1,OK,2566,219336e6a9db048c8ee34a9186f1b1d14fbe85d89fb9fd4735cb60a39522ca62
42,C42-C2v-21.xyz,https://nanotube.msu.edu/fullerene/C42/C42-C2v-21.xyz,42,1,OK,2566,fc05363b15ad97bd97d149131489a443f3c3b63d942e8cc10f108f0a89b98320
42,C42-C2v-6.xyz,https://nanotube.msu.edu/fullerene/C42/C42-C2v-6.xyz,42,1,OK,2566,76f19e8a7b6fff3bde6954f9e3ec35b2a5bc8abf7deee444d75d84d683a73bfa
42,C42-Cs-11.xyz,https://nanotube.msu.edu/fullerene/C42/C42-Cs-11.xyz,42,1,OK,2566,fd0ca7b7a56db1718caa41f76c61e57b3a61332664e8974c5596abbe341fea3e
42,C42-Cs-12.xyz,https://nanotube.msu.edu/fullerene/C42/C42-Cs-12.xyz,42,1,OK,2566,dfe6e65623cef014077e20c8c4f7760af36fa19c997da8465eeaa2126d8b5e3e
42,C42-Cs-19.xyz,https://nanotube.msu.edu/fullerene/C42/C42-Cs-19.xyz,42,1,OK,2566,b3f91aa831379605b88dfe858e9722091737a3e3a6a690a26573f03caac6f8d1
42,C42-Cs-22.xyz,https://nanotube.msu.edu/fullerene/C42/C42-Cs-22.xyz,42,1,OK,2566,1d97fdbe2c63d82ae46051e96a5e89f04991cf9293465ed5a5d4c327925c4ceb
42,C42-Cs-35.xyz,https://nanotube.msu.edu/fullerene/C42/C42-Cs-35.xyz,42,1,OK,2566,f7acaad65232e22c23633d3b6987dc7bb95a8f2fa1935bbfde9c39e3b5239612
42,C42-Cs-42.xyz,https://nanotube.msu.edu/fullerene/C42/C42-Cs-42.xyz,42,1,OK,2566,a26dd570190946894f4b4fa5d16be0a9ea069930ac306f36467d4662eb97f52c
42,C42-D3-45.xyz,https://nanotube.msu.edu/fullerene/C42/C42-D3-45.xyz,42,1,OK,2566,e137a8b15e978b7eb3c1b1a91b9d0b53c691d322459388ad03d22957a20c9082
44,C44-C1-10.xyz,https://nanotube.msu.edu/fullerene/C44/C44-C1-10.xyz,44,1,OK,2684,688ed48adce388501f38dd6fb6be49934601e9a7eef0289a9ddb97b318f0a365
44,C44-C1-15.xyz,https://nanotube.msu.edu/fullerene/C44/C44-C1-15.xyz,44,1,OK,2684,04d08d1f40396e8a9f970d8181726322f462f43ce2e584320015f37f858b5818
44,C44-C1-16.xyz,https://nanotube.msu.edu/fullerene/C44/C44-C1-16.xyz,44,1,OK,2684,d5d2e3a580f813294fbf44144b68b6e7e45e0a5fdacb97d5c5e99492d24ca8c5
44,C44-C1-17.xyz,https://nanotube.msu.edu/fullerene/C44/C44-C1-17.xyz,44,1,OK,2684,d88e9f9a565a79b822e8268728bb6a833777e8b4ca03943e57f399dcf92cacea
44,C44-C1-18.xyz,https://nanotube.msu.edu/fullerene/C44/C44-C1-18.xyz,44,1,OK,2684,24dc130a2e4e25d180bbd28f4d4cef90c180d595fad794e60155e1cae2c05389
44,C44-C1-19.xyz,https://nanotube.msu.edu/fullerene/C44/C44-C1-19.xyz,44,1,OK,2684,20176e0b6713c629d0716245f3eb1819df6c1f9782601556eab4f59c1e2c0748
44,C44-C1-21.xyz,https://nanotube.msu.edu/fullerene/C44/C44-C1-21.xyz,44,1,OK,2684,c53777679493d938ce246ea43ce657d317a5df3ab2225b3a6b1efe697fa09940
44,C44-C1-22.xyz,https://nanotube.msu.edu/fullerene/C44/C44-C1-22.xyz,44,1,OK,2684,e5a7358c9e7860adb0c04b40dd48c26ebc7db0e5c6c003cb8aa81375927ed54d
44,C44-C1-23.xyz,https://nanotube.msu.edu/fullerene/C44/C44-C1-23.xyz,44,1,OK,2684,6be3a80644456acb4ee206f6ad05d8732ced5ac30c893b7e6841e3c7433e74d8
44,C44-C1-25.xyz,https://nanotube.msu.edu/fullerene/C44/C44-C1-25.xyz,44,1,OK,2684,3a9a5b18ffb07c2637c79e6e0b29128b62a02e559a9ccf783ef508f7e8fde049
44,C44-C1-26.xyz,https://nanotube.msu.edu/fullerene/C44/C44-C1-26.xyz,44,1,OK,2684,a0ea21b2c00b8c7c4dc19e7456642395d693a43d300a0f7b79c61c932912659f
44,C44-C1-27.xyz,https://nanotube.msu.edu/fullerene/C44/C44-C1-27.xyz,44,1,OK,2684,7c2183bf228661ee7b5549213112f6294b2963fddf527e96988ca9a06d665634
44,C44-C1-29.xyz,https://nanotube.msu.edu/fullerene/C44/C44-C1-29.xyz,44,1,OK,2684,1461741f0ad4e7a52633103035d6534efe54f2d7b292edd26e3b24f57a9941fd
44,C44-C1-30.xyz,https://nanotube.msu.edu/fullerene/C44/C44-C1-30.xyz,44,1,OK,2684,b557fad03922c1d2cc93c596000077d8565c0ea73aac1e0ee646b63f06af3c39
44,C44-C1-31.xyz,https://nanotube.msu.edu/fullerene/C44/C44-C1-31.xyz,44,1,OK,2684,9af618e1091cd4d2ecd764da79c4c92ec18f43bc53922b2bcbb3d6511d14e467
44,C44-C1-40.xyz,https://nanotube.msu.edu/fullerene/C44/C44-C1-40.xyz,44,1,OK,2684,2bf9bff3d291ccb9cd63b0545c359661d57dad8dd7544d3f734d474157f98c04
44,C44-C1-41.xyz,https://nanotube.msu.edu/fullerene/C44/C44-C1-41.xyz,44,1,OK,2684,a713e752a1ddd09577eec0d977fd0cb2db43cf9e8182bb9ca20ee936eff50bc3
44,C44-C1-42.xyz,https://nanotube.msu.edu/fullerene/C44/C44-C1-42.xyz,44,1,OK,2684,75541bce83dc94663498f548dd2c67035e4964e4d8405b7e9bf2072109416e2e
44,C44-C1-43.xyz,https://nanotube.msu.edu/fullerene/C44/C44-C1-43.xyz,44,1,OK,2684,f187f1ee20a90cd48bbf81e85cb1bae9136f5744e60ed504f60fad9f999471d3
44,C44-C1-47.xyz,https://nanotube.msu.edu/fullerene/C44/C44-C1-47.xyz,44,1,OK,2684,e67c36e168a5de878e2e4a5a674513d5351e35256ef5b0f1a89ef95d925f5847
44,C44-C1-48.xyz,https://nanotube.msu.edu/fullerene/C44/C44-C1-48.xyz,44,1,OK,2684,1b1cc72b6d3fedce1abd8e7686e34ee7321a8f262b5e4c643c48e8b366356e77
44,C44-C1-50.xyz,https://nanotube.msu.edu/fullerene/C44/C44-C1-50.xyz,44,1,OK,2684,3e688f0836e8b88d325e6ed7dafaddeafe5bd00576c611f8acf81b2adc9e9a0e
44,C44-C1-51.xyz,https://nanotube.msu.edu/fullerene/C44/C44-C1-51.xyz,44,1,OK,2684,86dc63c31b9f90266dcd12ca961b75df5dac22fbec7a1b39c7fa7b3dcdd95e9b
44,C44-C1-52.xyz,https://nanotube.msu.edu/fullerene/C44/C44-C1-52.xyz,44,1,OK,2684,7abb46a69082c96c0b86ffc014b994a789307b70623aa27e96ca8143791627f8
44,C44-C1-53.xyz,https://nanotube.msu.edu/fullerene/C44/C44-C1-53.xyz,44,1,OK,2684,72f0db42d8753a858c16cfa40306674195825944b77c75c72256d35adf1e8369
44,C44-C1-56.xyz,https://nanotube.msu.edu/fullerene/C44/C44-C1-56.xyz,44,1,OK,2684,a6db1cb86c2c8b5cc50f4bae4bf84de0b6390e4d58651451beb45aeda2f13668
44,C44-C1-57.xyz,https://nanotube.msu.edu/fullerene/C44/C44-C1-57.xyz,44,1,OK,2684,ae847211eb82acc28a8aa25005dd267905cf04dd49cf6ceb32eb695862506fcc
44,C44-C1-58.xyz,https://nanotube.msu.edu/fullerene/C44/C44-C1-58.xyz,44,1,OK,2684,785e6baa22250efdbd93f09fd94c01d3867032e7801a27dfb7657bf79f247cea
44,C44-C1-59.xyz,https://nanotube.msu.edu/fullerene/C44/C44-C1-59.xyz,44,1,OK,2684,6e87eeac9914f642cb1173c2d8739bd4df28c455740cf5bfee0bf78fa5346789
44,C44-C1-60.xyz,https://nanotube.msu.edu/fullerene/C44/C44-C1-60.xyz,44,1,OK,2684,a830440647308ff52d674fe34010374fddfe758d9bce1297b29c6c874ef943f5
44,C44-C1-62.xyz,https://nanotube.msu.edu/fullerene/C44/C44-C1-62.xyz,44,1,OK,2684,8ebea01db86496ae17e997c5d81a5eba385c0a67edc4638be3e68d2e68d9d5ba
44,C44-C1-63.xyz,https://nanotube.msu.edu/fullerene/C44/C44-C1-63.xyz,44,1,OK,2684,3a4c827b60016f6c62021a9828cc2fe013afcf384bdedea075ca8b951a6bc31f
44,C44-C1-64.xyz,https://nanotube.msu.edu/fullerene/C44/C44-C1-64.xyz,44,1,OK,2684,73a506b80ccc51de5cbc57f4c8c622af32083484dfec969892916c96cb237b21
44,C44-C1-65.xyz,https://nanotube.msu.edu/fullerene/C44/C44-C1-65.xyz,44,1,OK,2684,fd4a5aa54962c72c9adf01ce8bbd418bf4c7af9189a5cda9e98dab6b120fe217
44,C44-C1-67.xyz,https://nanotube.msu.edu/fullerene/C44/C44-C1-67.xyz,44,1,OK,2684,204d66e693abff39aca2ab016221c7b1fab5b57ef25931de365c7063c80bc72b
44,C44-C1-69.xyz,https://nanotube.msu.edu/fullerene/C44/C44-C1-69.xyz,44,1,OK,2684,d9c7897bcb3c73506585528bdef047d76e2187feebdd0eba2b95285334e1bfb4
44,C44-C1-7.xyz,https://nanotube.msu.edu/fullerene/C44/C44-C1-7.xyz,44,1,OK,2684,25eda7dda17cf2f848615b7332bceeca5e4c90a2f263654f08dedd86b59f7925
44,C44-C1-77.xyz,https://nanotube.msu.edu/fullerene/C44/C44-C1-77.xyz,44,1,OK,2684,ea79b7ff20a3481ffa9c466e7009a73b7107ca8cb157ab3b9e4b7c8a6ec4d653
44,C44-C1-78.xyz,https://nanotube.msu.edu/fullerene/C44/C44-C1-78.xyz,44,1,OK,2684,5b6e18a7b962a81aa5ed8633a4c777ba75c99ddaf2dc399261ce25c0f73db0b2
44,C44-C1-8.xyz,https://nanotube.msu.edu/fullerene/C44/C44-C1-8.xyz,44,1,OK,2684,294441eb4147e48738eba631ce4b68d0ef33c1da1cde432f15e5d31679d4d8dd
44,C44-C1-88.xyz,https://nanotube.msu.edu/fullerene/C44/C44-C1-88.xyz,44,1,OK,2684,6beef57ec71d92a1bd19ed36f3b575cf263fb5873824dc49bf6369af4361b732
44,C44-C1-9.xyz,https://nanotube.msu.edu/fullerene/C44/C44-C1-9.xyz,44,1,OK,2684,26e88b3fe14ced52421e6e817f5048503fc1f41da0c141fef58d5eb99432c292
44,C44-C2-1.xyz,https://nanotube.msu.edu/fullerene/C44/C44-C2-1.xyz,44,1,OK,2684,04b4d4a536ccf495c28494fc235094a741a1c57c47c09d534df19b2f34df0884
44,C44-C2-12.xyz,https://nanotube.msu.edu/fullerene/C44/C44-C2-12.xyz,44,1,OK,2684,42b561525d589c8f81a05ec7d9f11dbf5a9958bd74548332211e3672dba82f39
44,C44-C2-14.xyz,https://nanotube.msu.edu/fullerene/C44/C44-C2-14.xyz,44,1,OK,2684,b7bdb0d8d64e60964ecc479fcbd66ee7eed0e6304ad02a6563a8819bed473b73
44,C44-C2-20.xyz,https://nanotube.msu.edu/fullerene/C44/C44-C2-20.xyz,44,1,OK,2684,806fd26dd3bdd6c7ba15f73d4124469c613d5390cc4da137ec58455507972d8c
44,C44-C2-32.xyz,https://nanotube.msu.edu/fullerene/C44/C44-C2-32.xyz,44,1,OK,2684,a3e2ed91b0ea74d6a749e1c413285694ef1ea2677019acdaa14fab5a0a76da2c
44,C44-C2-34.xyz,https://nanotube.msu.edu/fullerene/C44/C44-C2-34.xyz,44,1,OK,2684,870031a095cf7dec1b45b02ef46672a102653e76dd2ca094381eb766ad8ac3f0
44,C44-C2-36.xyz,https://nanotube.msu.edu/fullerene/C44/C44-C2-36.xyz,44,1,OK,2684,6fcaff2922cb96feb3712260ec6472301f5b79b5af45fa2094a3edb037b11d14
44,C44-C2-4.xyz,https://nanotube.msu.edu/fullerene/C44/C44-C2-4.xyz,44,1,OK,2684,014db7bdf99942325140d4bcff97b31aba529e66c5c58f46c37de49f9434f872
44,C44-C2-44.xyz,https://nanotube.msu.edu/fullerene/C44/C44-C2-44.xyz,44,1,OK,2684,289125af3ebcc5d6e659deabbc3ee035f7cd11d0ab01f5cec470acac3144ed77
44,C44-C2-45.xyz,https://nanotube.msu.edu/fullerene/C44/C44-C2-45.xyz,44,1,OK,2684,c604b5dd262f5a307591690f95462825bab62e989b22d4b40a7b71570d5060cc
44,C44-C2-46.xyz,https://nanotube.msu.edu/fullerene/C44/C44-C2-46.xyz,44,1,OK,2684,1949038e764de66e45fb9c9f703254aa63836a8709b5a72ac9526db6f69cc161
44,C44-C2-49.xyz,https://nanotube.msu.edu/fullerene/C44/C44-C2-49.xyz,44,1,OK,2684,8bd3781f7e52224e15ee52688c9a938e95d6e6dbe8493303305289a047fe9fb0
44,C44-C2-5.xyz,https://nanotube.msu.edu/fullerene/C44/C44-C2-5.xyz,44,1,OK,2684,a0dd6f4c63e329e188fd0e7b3286b0c3a5d9530e0ac0a0fb5e0a9d8d9e7c29ea
44,C44-C2-6.xyz,https://nanotube.msu.edu/fullerene/C44/C44-C2-6.xyz,44,1,OK,2684,f3dca50d7b06fc9ed6d6de41243182893d8cdb3066cf301280c983f87b674e57
44,C44-C2-61.xyz,https://nanotube.msu.edu/fullerene/C44/C44-C2-61.xyz,44,1,OK,2684,fcbd0b576e5d664b3d12a647c1510c3632438fc2a6882b338e42b119e6a3b029
44,C44-C2-66.xyz,https://nanotube.msu.edu/fullerene/C44/C44-C2-66.xyz,44,1,OK,2684,de98813ae8f5450e9c9b684758a1614f4cb8d78f1ad08b5b48a4e9f7a5e62fd9
44,C44-C2-68.xyz,https://nanotube.msu.edu/fullerene/C44/C44-C2-68.xyz,44,1,OK,2684,18ac3cb75577fb1566ae4223afdf90d3a93d4ee967b029e4a2d1f5969144426a
44,C44-C2-74.xyz,https://nanotube.msu.edu/fullerene/C44/C44-C2-74.xyz,44,1,OK,2684,fec35d7f7bc8ceec294862623aff51459b1e4895865effe67170db0c0c68e4d8
44,C44-C2-76.xyz,https://nanotube.msu.edu/fullerene/C44/C44-C2-76.xyz,44,1,OK,2684,d3b2bfabb36cd8c565e828aac48c2a4fe71e0f9fd18ab52956a586829f94eaba
44,C44-C2-79.xyz,https://nanotube.msu.edu/fullerene/C44/C44-C2-79.xyz,44,1,OK,2684,41002829394d45a4c27538212f72297449ca389e7b670a413c35f78d255d7f01
44,C44-C2-81.xyz,https://nanotube.msu.edu/fullerene/C44/C44-C2-81.xyz,44,1,OK,2684,f482e6ab160699b87a7f345a36580c3adf447c066ce1f6a54ab08a44799a689a
44,C44-C2-87.xyz,https://nanotube.msu.edu/fullerene/C44/C44-C2-87.xyz,44,1,OK,2684,a669e3a567f7d2040b9a1783db0095f2ad616613bb2f92207230444a4f70fc71
44,C44-C2v-13.xyz,https://nanotube.msu.edu/fullerene/C44/C44-C2v-13.xyz,44,1,OK,2684,06d4aded323219ba3da95492a8336202b6309ea21acfe01c6bcc8144c6850534
44,C44-C2v-39.xyz,https://nanotube.msu.edu/fullerene/C44/C44-C2v-39.xyz,44,1,OK,2684,46cb05c0b719318417f1c747ddedc542a45dd5847fa68600728716583cd30e3e
44,C44-C2v-55.xyz,https://nanotube.msu.edu/fullerene/C44/C44-C2v-55.xyz,44,1,OK,2684,65ff315e8a96aed82a63ed4682c7bc63ddde94786b87e12f375eb292923b2310
44,C44-Cs-11.xyz,https://nanotube.msu.edu/fullerene/C44/C44-Cs-11.xyz,44,1,OK,2684,d0bf6dfe71188ae4d11417adf86e7882e354c29612581ccf9e90b1d2ccb783b6
44,C44-Cs-28.xyz,https://nanotube.msu.edu/fullerene/C44/C44-Cs-28.xyz,44,1,OK,2684,eb4fa4a565dfc38e0db53fabe06bf2ae5e6fb74ba8969efceafee83cbc5239b0
44,C44-Cs-33.xyz,https://nanotube.msu.edu/fullerene/C44/C44-Cs-33.xyz,44,1,OK,2684,87617a7d4b193c35a5473ab97037fa1b91bb00844d6fad8acebcc96e4361e052
44,C44-Cs-54.xyz,https://nanotube.msu.edu/fullerene/C44/C44-Cs-54.xyz,44,1,OK,2684,bfdf32c0e56086f5cde64c9c1623239e3406d5da41bdd8c5067a8b8cac2b4ca3
44,C44-Cs-70.xyz,https://nanotube.msu.edu/fullerene/C44/C44-Cs-70.xyz,44,1,OK,2684,74f0b2c0668e28b958b0c8ee42c7350ffc235dd43de0f73fbaeda2801c1c7c6d
44,C44-Cs-71.xyz,https://nanotube.msu.edu/fullerene/C44/C44-Cs-71.xyz,44,1,OK,2684,e337874cea2624939fe87617274e7f1429634c203949df9a4cb7e104d46b2c5a
44,C44-Cs-84.xyz,https://nanotube.msu.edu/fullerene/C44/C44-Cs-84.xyz,44,1,OK,2684,549f9979b982c9cf0c04b0c66eba22e0031a60b93b3a0174d16b3a85005bf761
44,C44-D2-2.xyz,https://nanotube.msu.edu/fullerene/C44/C44-D2-2.xyz,44,1,OK,2684,b8ccc8d818cc385e8f5aa7b0b307923b1a542b016aee8cde419f19a0ecce9226
44,C44-D2-24.xyz,https://nanotube.msu.edu/fullerene/C44/C44-D2-24.xyz,44,1,OK,2684,648d232680cd42b16eb8e7be01003bb9430fb401fb406f996a2ae12e8fc0b49f
44,C44-D2-75.xyz,https://nanotube.msu.edu/fullerene/C44/C44-D2-75.xyz,44,1,OK,2684,dfeff0672f803b31c761e330041e2d49f7981b497b11fae890a723585aeba61d
44,C44-D2-83.xyz,https://nanotube.msu.edu/fullerene/C44/C44-D2-83.xyz,44,1,OK,2684,c3a96e5d1182c1e92a872d7907ed47fde7f701a8d8a695317b71d6a809c23d48
44,C44-D2-85.xyz,https://nanotube.msu.edu/fullerene/C44/C44-D2-85.xyz,44,1,OK,2684,955e82c60160eb27f30a598c42e4435cd855c92fffd14dd6dbd0120fdcc6772a
44,C44-D2-89.xyz,https://nanotube.msu.edu/fullerene/C44/C44-D2-89.xyz,44,1,OK,2684,7db24f5f2ad187d20d94978dfe41b587ed267f0f52a92792a406c47f4da88a3e
44,C44-D3-35.xyz,https://nanotube.msu.edu/fullerene/C44/C44-D3-35.xyz,44,1,OK,2684,8cc2b56833cf4582a85f5095435aad1c0a4c39dea446024dc6bde80b765dcd24
44,C44-D3-80.xyz,https://nanotube.msu.edu/fullerene/C44/C44-D3-80.xyz,44,1,OK,2684,10ccd3a1ad2f2c1cfc011443e79dc497561b667b17123bbfef21050855067456
44,C44-D3d-3.xyz,https://nanotube.msu.edu/fullerene/C44/C44-D3d-3.xyz,44,1,OK,2684,37da62f8603356c1fa827cf7d0ab13b10d10bc58836c5ee7d966140a1ac1b872
44,C44-D3d-38.xyz,https://nanotube.msu.edu/fullerene/C44/C44-D3d-38.xyz,44,1,OK,2684,ee054ec0fee805296802d8ac9e60e9e732c340c3c2c90bf6dc085b82c0c712a9
44,C44-D3d-86.xyz,https://nanotube.msu.edu/fullerene/C44/C44-D3d-86.xyz,44,1,OK,2684,840b9e172fefcd542625261d8b4276607d4c860fb6c27268495fe9651cd23ab2
44,C44-D3h-37.xyz,https://nanotube.msu.edu/fullerene/C44/C44-D3h-37.xyz,44,1,OK,2684,1da9e944ec5ae118306af4b4e65b647760ad1691bb1e2f216e2e03b46f9ef43b
44,C44-D3h-72.xyz,https://nanotube.msu.edu/fullerene/C44/C44-D3h-72.xyz,44,1,OK,2684,daec3054f249c6c44b93bcffcc1578173c9dd72759a6ba4f60ad5e7d5df0763e
44,C44-S4-82.xyz,https://nanotube.msu.edu/fullerene/C44/C44-S4-82.xyz,44,1,OK,2684,e7858fc99cbffcfc4e46bfa52e4c8fac4dcb50db6a1c35364ef0132b89bf1923
44,C44-T-73.xyz,https://nanotube.msu.edu/fullerene/C44/C44-T-73.xyz,44,1,OK,2684,21a291a7c6d5d37c30b838f902ad6b6524eb3867b2f6acdec6a6bc1ee19963e5
46,C46-C1-100.xyz,https://nanotube.msu.edu/fullerene/C46/C46-C1-100.xyz,46,1,OK,2802,260c2e4c3b6555ce0ecdeaee8dde92f213d73dd891539ca724afae31e3526aea
46,C46-C1-101.xyz,https://nanotube.msu.edu/fullerene/C46/C46-C1-101.xyz,46,1,OK,2802,549704909937ebb7429de083f95e5465ce7ec0b512f659bf5598feddd1b0c681
46,C46-C1-102.xyz,https://nanotube.msu.edu/fullerene/C46/C46-C1-102.xyz,46,1,OK,2802,efa62b4572bbad5991512e7bcbf30ed5413d5d590e446ecb80b61c08ceb9c554
46,C46-C1-103.xyz,https://nanotube.msu.edu/fullerene/C46/C46-C1-103.xyz,46,1,OK,2802,5931876833e295210e261a179c15dba8c08b1f642b469a1288669668733392dc
46,C46-C1-105.xyz,https://nanotube.msu.edu/fullerene/C46/C46-C1-105.xyz,46,1,OK,2802,0387190f7fae979a10ca7d444a60a33f6c3541a3bc095178f6e57c30fc2cebdc
46,C46-C1-110.xyz,https://nanotube.msu.edu/fullerene/C46/C46-C1-110.xyz,46,1,OK,2802,dec250fadaee1b4a30253ba5f98bef6d6012b822397c278b41980873b48bb170
46,C46-C1-111.xyz,https://nanotube.msu.edu/fullerene/C46/C46-C1-111.xyz,46,1,OK,2802,91a67ea3f42c0f2fb885726702ed205d9a0c3743a462073e45e469512dac700a
46,C46-C1-114.xyz,https://nanotube.msu.edu/fullerene/C46/C46-C1-114.xyz,46,1,OK,2802,d76b3152d10892faeb1e74f9468e27afb7970d51aefeabf720bb845441589116
46,C46-C1-14.xyz,https://nanotube.msu.edu/fullerene/C46/C46-C1-14.xyz,46,1,OK,2802,f67927e13062fd9e5be6ec39dbbf03e9b56618c8aa927f422d8788cf633b95fc
46,C46-C1-15.xyz,https://nanotube.msu.edu/fullerene/C46/C46-C1-15.xyz,46,1,OK,2802,96b433f3ff32c92a5234e78802f268ab8af1c5cbf96d1b7fcdf9471313e1f3e3
46,C46-C1-16.xyz,https://nanotube.msu.edu/fullerene/C46/C46-C1-16.xyz,46,1,OK,2802,2834be702e4ea7674c36c862c0eb3e2438ac230674f8d44304001aeb671d22f6
46,C46-C1-17.xyz,https://nanotube.msu.edu/fullerene/C46/C46-C1-17.xyz,46,1,OK,2802,9681aa893f45de0fb8d7e833197879fae9ede8635f8174a8e0b99d667156c5c6
46,C46-C1-18.xyz,https://nanotube.msu.edu/fullerene/C46/C46-C1-18.xyz,46,1,OK,2802,796f049ccf399515b80463d4173dbdc46baa5cbd84326e2a27ab62f29d20d1d3
46,C46-C1-19.xyz,https://nanotube.msu.edu/fullerene/C46/C46-C1-19.xyz,46,1,OK,2802,c66c9023c89d463a5b431005bba229649ec334a734856947178003d4ed64c494
46,C46-C1-21.xyz,https://nanotube.msu.edu/fullerene/C46/C46-C1-21.xyz,46,1,OK,2802,7f6f20454ee87eac8cbab669d17bc8b903db2a6c6f2261b00436b70918c89e63
46,C46-C1-23.xyz,https://nanotube.msu.edu/fullerene/C46/C46-C1-23.xyz,46,1,OK,2802,f20787dea7629622f41c912929c4569754e748c45f04ac81127ec7fbadf5994b
46,C46-C1-24.xyz,https://nanotube.msu.edu/fullerene/C46/C46-C1-24.xyz,46,1,OK,2802,e06dc015c64b1c85afea015efd460c6ebb8ca366144bfdb321d00486c6b22dc1
46,C46-C1-25.xyz,https://nanotube.msu.edu/fullerene/C46/C46-C1-25.xyz,46,1,OK,2802,8bcdb5527fed41ecf7ed4f2259d9a198234869ad3240c80640fa5be793751794
46,C46-C1-26.xyz,https://nanotube.msu.edu/fullerene/C46/C46-C1-26.xyz,46,1,OK,2802,f33cc8c29dd87827a39d845d98e40291d46d00bfd1083468f382fd559e85dc3e
46,C46-C1-27.xyz,https://nanotube.msu.edu/fullerene/C46/C46-C1-27.xyz,46,1,OK,2802,b52068bcf0128167f8630134023a13619584a59ccb7c1a45663c14e7c0d09fbb
46,C46-C1-29.xyz,https://nanotube.msu.edu/fullerene/C46/C46-C1-29.xyz,46,1,OK,2802,1b9f6ed0a67cb8848fce89125f640f357bf33d66df6e281b920a39c8ac09bc93
46,C46-C1-3.xyz,https://nanotube.msu.edu/fullerene/C46/C46-C1-3.xyz,46,1,OK,2802,c8b11ded429d8ea35cd81aa001b18c40b9d39b8feec0c1e2bd53d08be9d22201
46,C46-C1-30.xyz,https://nanotube.msu.edu/fullerene/C46/C46-C1-30.xyz,46,1,OK,2802,55608c12f3b1739359d27707d4eed5628fd5c55b1dcd513a528e3ba5b015025f
46,C46-C1-31.xyz,https://nanotube.msu.edu/fullerene/C46/C46-C1-31.xyz,46,1,OK,2802,da25d9d0ced9f8308f16297313384f7cfc5851e9597b90f084d35c813d439bea
46,C46-C1-34.xyz,https://nanotube.msu.edu/fullerene/C46/C46-C1-34.xyz,46,1,OK,2802,a82c1f28d8f9b467cd4a7eaf98950b2311149f75868109fbc347516eaad8a4ed
46,C46-C1-35.xyz,https://nanotube.msu.edu/fullerene/C46/C46-C1-35.xyz,46,1,OK,2802,083e6cf5fccadc3cf4c5109b3d8e3bb565513d412f14d13850bf4c339aa0a14a
46,C46-C1-36.xyz,https://nanotube.msu.edu/fullerene/C46/C46-C1-36.xyz,46,1,OK,2802,88131dcf4ff60466f82237243d205354b60ae5090b1578891d443c282cacdd21
46,C46-C1-37.xyz,https://nanotube.msu.edu/fullerene/C46/C46-C1-37.xyz,46,1,OK,2802,405a10d073abe288c9dea4a3d77101feb4db735d3dbcd8676d31998888154f32
46,C46-C1-4.xyz,https://nanotube.msu.edu/fullerene/C46/C46-C1-4.xyz,46,1,OK,2802,e302d66d5eeec7b2137659e45de6eb097cd82e63ac621b1040b15c44813ae113
46,C46-C1-44.xyz,https://nanotube.msu.edu/fullerene/C46/C46-C1-44.xyz,46,1,OK,2802,03d2ebba8c0b6c291a49327a7f62c7b8fa447de085c23e80c16857987e3d594c
46,C46-C1-45.xyz,https://nanotube.msu.edu/fullerene/C46/C46-C1-45.xyz,46,1,OK,2802,deabf47297c1aff9931870c24314c9a6e4ec2ecbee53a43592c16b744ffddb53
46,C46-C1-46.xyz,https://nanotube.msu.edu/fullerene/C46/C46-C1-46.xyz,46,1,OK,2802,648386065af408ac862b9b83a172f573c9d698e01f87a8a6204bcac5d993203c
46,C46-C1-48.xyz,https://nanotube.msu.edu/fullerene/C46/C46-C1-48.xyz,46,1,OK,2802,11011361e69121de69f46c2e7217ac314d637492a93224ceaba557e169d86099
46,C46-C1-5.xyz,https://nanotube.msu.edu/fullerene/C46/C46-C1-5.xyz,46,1,OK,2802,d447733ff5b92333969551b67967b2227101063bc6fc2e1a0259f82599b8bde6
46,C46-C1-50.xyz,https://nanotube.msu.edu/fullerene/C46/C46-C1-50.xyz,46,1,OK,2802,ec7533520b97fa5df605f472f81ccb882bda5055ad939ceab66f42abb0ba877b
46,C46-C1-51.xyz,https://nanotube.msu.edu/fullerene/C46/C46-C1-51.xyz,46,1,OK,2802,7e90d3e2b6928a0329a5eae481a2ae298da30f4b8dc4ce1fdfe189098c13a2c4
46,C46-C1-52.xyz,https://nanotube.msu.edu/fullerene/C46/C46-C1-52.xyz,46,1,OK,2802,7e166110c5cb59039ef618975257d67a5c8855e0a825415d39132914439b920c
46,C46-C1-55.xyz,https://nanotube.msu.edu/fullerene/C46/C46-C1-55.xyz,46,1,OK,2802,ff7f997d38bb0879c1ce785387a7e3b4dd8fb95ff679f7b41133dcde16bf3b0b
46,C46-C1-56.xyz,https://nanotube.msu.edu/fullerene/C46/C46-C1-56.xyz,46,1,OK,2802,78276ca6c59c06fe2befd65513311afffffdd988d84ef1cb1c72790cc8ccddb2
46,C46-C1-58.xyz,https://nanotube.msu.edu/fullerene/C46/C46-C1-58.xyz,46,1,OK,2802,3011c585f2e8f57b3334d587c650ce877dc6a6ab59625ce167962f758a1f1814
46,C46-C1-59.xyz,https://nanotube.msu.edu/fullerene/C46/C46-C1-59.xyz,46,1,OK,2802,8dbcfafcfb6bd4399f0d18463fe8e1bd7c0f78fafce673459f2e1f15814292b4
46,C46-C1-6.xyz,https://nanotube.msu.edu/fullerene/C46/C46-C1-6.xyz,46,1,OK,2802,b5cfb96946635a316cb41a216427bff12f3a3dd01e5aa452dc9f6f09061e396a
46,C46-C1-60.xyz,https://nanotube.msu.edu/fullerene/C46/C46-C1-60.xyz,46,1,OK,2802,1f9fdce253587897a4a39acc6de0fc78f0f4c59bb4e26ead6bf331b4a676e166
46,C46-C1-61.xyz,https://nanotube.msu.edu/fullerene/C46/C46-C1-61.xyz,46,1,OK,2802,d1dfeff1907e05c384bf5ab2d648a43cd1572b3a97a053e7dd9880fdb348d083
46,C46-C1-62.xyz,https://nanotube.msu.edu/fullerene/C46/C46-C1-62.xyz,46,1,OK,2802,5e65fc724fda7b8ed07cdf8cd60d55bc477fd7c61d4c098218465b8b3c8f5d3c
46,C46-C1-63.xyz,https://nanotube.msu.edu/fullerene/C46/C46-C1-63.xyz,46,1,OK,2802,6b409acc3b9455ebf6ba62e84127324cda6bd7602f4aa1b43a987913443a86c9
46,C46-C1-64.xyz,https://nanotube.msu.edu/fullerene/C46/C46-C1-64.xyz,46,1,OK,2802,4d2c94edff49191e6450360d54faf284d1ab2dc5bf67c7a26c26978f92ae24e1
46,C46-C1-67.xyz,https://nanotube.msu.edu/fullerene/C46/C46-C1-67.xyz,46,1,OK,2802,d6785afe5156839d10b2408b444c6c179977cf19098823e2ef7cab6e9f03409e
46,C46-C1-68.xyz,https://nanotube.msu.edu/fullerene/C46/C46-C1-68.xyz,46,1,OK,2802,6aa227930e869a2bd5a16d7c428b5e3f65a03544e6aea9de9e4159032aa5316e
46,C46-C1-69.xyz,https://nanotube.msu.edu/fullerene/C46/C46-C1-69.xyz,46,1,OK,2802,324e79ea68aa7390f42e0cc4416c2210f70a23ce285dbe1bed2265385789baaa
46,C46-C1-70.xyz,https://nanotube.msu.edu/fullerene/C46/C46-C1-70.xyz,46,1,OK,2802,4123d3d65eae68293fd3248f4f88e0e14ac83a4930965609d5ca5a4d9864e4f6
46,C46-C1-71.xyz,https://nanotube.msu.edu/fullerene/C46/C46-C1-71.xyz,46,1,OK,2802,385250fb30be645877963ef7d25de4eac18536f744193c280254b30dbd28ba36
46,C46-C1-72.xyz,https://nanotube.msu.edu/fullerene/C46/C46-C1-72.xyz,46,1,OK,2802,eba2416ce4825babd93e5383af951a5372314ed11d8b63d99c2d663bae0d0708
46,C46-C1-73.xyz,https://nanotube.msu.edu/fullerene/C46/C46-C1-73.xyz,46,1,OK,2802,55a37a242392a5e959a3b0858daa664a8d04516cb66cf582b9d9f04b16c842d5
46,C46-C1-74.xyz,https://nanotube.msu.edu/fullerene/C46/C46-C1-74.xyz,46,1,OK,2802,d07b45c5d93409de4cc0d88ada701c2c35b3384f95f8cdc7cee82af0966ac450
46,C46-C1-75.xyz,https://nanotube.msu.edu/fullerene/C46/C46-C1-75.xyz,46,1,OK,2802,c066ae0b9201db75de13a7b6914e9d2cafe85ba64a225f5b3e5db5466f615397
46,C46-C1-76.xyz,https://nanotube.msu.edu/fullerene/C46/C46-C1-76.xyz,46,1,OK,2802,e01137abecc4e6e2d97c76c1e77d5ff01362c24256471176c26c243d9515124c
46,C46-C1-78.xyz,https://nanotube.msu.edu/fullerene/C46/C46-C1-78.xyz,46,1,OK,2802,d3755d2f41822471e3e4710c97e9ce6e710139c5c3ef68504d71c39690cad484
46,C46-C1-79.xyz,https://nanotube.msu.edu/fullerene/C46/C46-C1-79.xyz,46,1,OK,2802,f5984bd34b1db0db20a35dbe4f27df9543b8400478869dff1a94f3f085fd5b4f
46,C46-C1-80.xyz,https://nanotube.msu.edu/fullerene/C46/C46-C1-80.xyz,46,1,OK,2802,42885471052497f5970790118ee9a57a160616b52f0b3aedf98bc77c6fc1c362
46,C46-C1-81.xyz,https://nanotube.msu.edu/fullerene/C46/C46-C1-81.xyz,46,1,OK,2802,5abdfc04b3bf5f1f5c56f43e3938f3b6e6f118b66628ae9ba9c3efa5dd92eafe
46,C46-C1-82.xyz,https://nanotube.msu.edu/fullerene/C46/C46-C1-82.xyz,46,1,OK,2802,607d13ee1e0fec3361f60e3852b347a3bb78d28bb8f0e4f830b166e22ef82caa
46,C46-C1-85.xyz,https://nanotube.msu.edu/fullerene/C46/C46-C1-85.xyz,46,1,OK,2802,75bbd6a7b07da590ebffb578b9a151de06ed7759cf9659dc78c4a5e509d87b63
46,C46-C1-86.xyz,https://nanotube.msu.edu/fullerene/C46/C46-C1-86.xyz,46,1,OK,2802,c5254a726d46e31f642ff1d26f802db5237139ce5da085dfa96456d1611eac82
46,C46-C1-87.xyz,https://nanotube.msu.edu/fullerene/C46/C46-C1-87.xyz,46,1,OK,2802,b7b08f88fded58b890de2713dffa7ba2c59e9326acdce636b238e3eaeb966498
46,C46-C1-88.xyz,https://nanotube.msu.edu/fullerene/C46/C46-C1-88.xyz,46,1,OK,2802,e7bb552a9a5baf3c3d52b8de3e96354db734743fb2b32d19f8ed7cb20727a97c
46,C46-C1-90.xyz,https://nanotube.msu.edu/fullerene/C46/C46-C1-90.xyz,46,1,OK,2802,e6b11f39c80dfe5368101152575e81ad53cda907edf26a5997cf9984c3970078
46,C46-C1-93.xyz,https://nanotube.msu.edu/fullerene/C46/C46-C1-93.xyz,46,1,OK,2802,f7e7f232a7ae6e39b653a499a300b92bb3383a707d552645980822b890be0559
46,C46-C1-98.xyz,https://nanotube.msu.edu/fullerene/C46/C46-C1-98.xyz,46,1,OK,2802,f0d208b0ca308d76848531657e14f315b791a7ac373eab0e2e695043840188d4
46,C46-C2-1.xyz,https://nanotube.msu.edu/fullerene/C46/C46-C2-1.xyz,46,1,OK,2802,19e968d381cef252cb54ee9dbca442af2ff6d4a0d1998e02136deabfcb4b3c42
46,C46-C2-104.xyz,https://nanotube.msu.edu/fullerene/C46/C46-C2-104.xyz,46,1,OK,2802,4423c36a546a930cadaa3b681cf1cd8ba95541d669c67083b2505620888c308a
46,C46-C2-109.xyz,https://nanotube.msu.edu/fullerene/C46/C46-C2-109.xyz,46,1,OK,2802,84910ef58dc1828c82da7a2e2a0a16a50f5638c090dedb51e3fd8c746ba951a9
46,C46-C2-112.xyz,https://nanotube.msu.edu/fullerene/C46/C46-C2-112.xyz,46,1,OK,2802,3444d446354d303efaee713421969e48d178a2330d68e1afd7d2cd3ad2868de1
46,C46-C2-113.xyz,https://nanotube.msu.edu/fullerene/C46/C46-C2-113.xyz,46,1,OK,2802,08abd12896a4bb300c96e92d322f5ff804dcef729884eb92235b6d45d69bc631
46,C46-C2-116.xyz,https://nanotube.msu.edu/fullerene/C46/C46-C2-116.xyz,46,1,OK,2802,83b83b0ce698ef63ac9a0015c69b6d88aac8960d5dd4c168edb073517f3c7905
46,C46-C2-12.xyz,https://nanotube.msu.edu/fullerene/C46/C46-C2-12.xyz,46,1,OK,2802,9a9c7f13900fc88875629d2a6b3d087aad7504b153f8253d4b435fc7b2ff6f1f
46,C46-C2-20.xyz,https://nanotube.msu.edu/fullerene/C46/C46-C2-20.xyz,46,1,OK,2802,64810ddca3c6bedbbcd460c958dc701660909354fd4e05c96b0798c4ce5ca3b4
46,C46-C2-22.xyz,https://nanotube.msu.edu/fullerene/C46/C46-C2-22.xyz,46,1,OK,2802,fad5a4f9dab427dcaf09e91e7442b03713697db357f25e4adffaea87cfdb1d8f
46,C46-C2-32.xyz,https://nanotube.msu.edu/fullerene/C46/C46-C2-32.xyz,46,1,OK,2802,614f684d5e6e3ea4aa1e0f4511c58d34bb806e2cb4eda78f56ae39a8b8482653
46,C46-C2-43.xyz,https://nanotube.msu.edu/fullerene/C46/C46-C2-43.xyz,46,1,OK,2802,a452b0d45bdd7973b8ecee6717b51194808cd1173ea9e7cca27c23362e36fa57
46,C46-C2-47.xyz,https://nanotube.msu.edu/fullerene/C46/C46-C2-47.xyz,46,1,OK,2802,bccfa86d15e8f87ef6d518ab0f42a17cc34d0fc5410fe15f46d634b325be669c
46,C46-C2-49.xyz,https://nanotube.msu.edu/fullerene/C46/C46-C2-49.xyz,46,1,OK,2802,393100cea2b789f8e0a562d167d8cde8e0b397cf60a18cc62f0f9c9d76867993
46,C46-C2-53.xyz,https://nanotube.msu.edu/fullerene/C46/C46-C2-53.xyz,46,1,OK,2802,d2efd27ce967fc3546d0552590099fcb3f1d0d7e874c4b42cbf63a565eb97f54
46,C46-C2-54.xyz,https://nanotube.msu.edu/fullerene/C46/C46-C2-54.xyz,46,1,OK,2802,986fc93be8dfd66219e7839ecb40c0cd41aa6984ef967856a5643bdf243ee9c6
46,C46-C2-66.xyz,https://nanotube.msu.edu/fullerene/C46/C46-C2-66.xyz,46,1,OK,2802,137ff25bdca70beafed538a92babfdba86c952ded7046f1a0ce0ecefc7a448e8
46,C46-C2-77.xyz,https://nanotube.msu.edu/fullerene/C46/C46-C2-77.xyz,46,1,OK,2802,d1e9bef9909cc955eff5dc4bf4a43ba1265214a8b852c4e099bdd3661e005f2b
46,C46-C2-84.xyz,https://nanotube.msu.edu/fullerene/C46/C46-C2-84.xyz,46,1,OK,2802,bdd0aa76cd180827a0660353229e781d8e388d6be911972eb644cbd1304f6f7d
46,C46-C2-9.xyz,https://nanotube.msu.edu/fullerene/C46/C46-C2-9.xyz,46,1,OK,2802,93f35747474f4cf79ef177ee522b695719a63b3b507b4f68713807c0d210b7d1
46,C46-C2-95.xyz,https://nanotube.msu.edu/fullerene/C46/C46-C2-95.xyz,46,1,OK,2802,e9ec405574b82a65f1c2853271df1f6687bb16e1dd2d775a2a983e3968530804
46,C46-C2-96.xyz,https://nanotube.msu.edu/fullerene/C46/C46-C2-96.xyz,46,1,OK,2802,6ae2ef3654630faf26992b057b0dd609b2a9f318ca37d271f26c4f9927e6a731
46,C46-C2-97.xyz,https://nanotube.msu.edu/fullerene/C46/C46-C2-97.xyz,46,1,OK,2802,6007b81c462bb074efded93126da812dcc2b3af36189a45b94958d47cbe4d2ef
46,C46-C2v-39.xyz,https://nanotube.msu.edu/fullerene/C46/C46-C2v-39.xyz,46,1,OK,2802,c1b789408b424ec0ad0087f3ac13dc13a21be7e8ecd8ad19f659bc362ed6992a
46,C46-C2v-42.xyz,https://nanotube.msu.edu/fullerene/C46/C46-C2v-42.xyz,46,1,OK,2802,7a4f611c62e90edd53b210e6518f2970f948f55c975f208270bc714f5e458ac2
46,C46-C2v-91.xyz,https://nanotube.msu.edu/fullerene/C46/C46-C2v-91.xyz,46,1,OK,2802,1bfb8cbb99369fd29a9c0d6e197f25f95518a04849e9c7ca4d8d0599a180e597
46,C46-C2v-92.xyz,https://nanotube.msu.edu/fullerene/C46/C46-C2v-92.xyz,46,1,OK,2802,46dee8fc70fb7be6d58570ef600952225d1690d0b19698f91818a8af205e4826
46,C46-C3-115.xyz,https://nanotube.msu.edu/fullerene/C46/C46-C3-115.xyz,46,1,OK,2802,3fae76f0ca25b5f8c5b32ec4b0c1e18a8dfe23fb6ca98e6773e4217447353d57
46,C46-C3-94.xyz,https://nanotube.msu.edu/fullerene/C46/C46-C3-94.xyz,46,1,OK,2802,1c900c3177d33059a6937d3c584621cd09b101832b9e9af9da63f726ee9a83a6
46,C46-Cs-10.xyz,https://nanotube.msu.edu/fullerene/C46/C46-Cs-10.xyz,46,1,OK,2802,c3cdd2f732efcb58a2674c65a84170a67d7c44cfaa819807822af99361b81d92
46,C46-Cs-106.xyz,https://nanotube.msu.edu/fullerene/C46/C46-Cs-106.xyz,46,1,OK,2802,40acf92d75ea1ac7b7d0e7b213463e5218b29019f2df6eba2a771c2eb776970c
46,C46-Cs-107.xyz,https://nanotube.msu.edu/fullerene/C46/C46-Cs-107.xyz,46,1,OK,2802,ddfad50d22e9da69277467a199f989d2cc342072ea1aaef6ad5e1f212cf29cac
46,C46-Cs-108.xyz,https://nanotube.msu.edu/fullerene/C46/C46-Cs-108.xyz,46,1,OK,2802,e8a0782e1ee8b27042e12b0f7acc6fca7a5ba8bd63df34f1de082034b12aa003
46,C46-Cs-11.xyz,https://nanotube.msu.edu/fullerene/C46/C46-Cs-11.xyz,46,1,OK,2802,03f09961190a5639dd93a2a78ef4c28a3b26982e7150b25c2a30c1c991b32aa5
46,C46-Cs-13.xyz,https://nanotube.msu.edu/fullerene/C46/C46-Cs-13.xyz,46,1,OK,2802,a073f3efab2ceac9c750d0b10ec1e0c288a4d061bc3d50412d52d0c420e1e087
46,C46-Cs-2.xyz,https://nanotube.msu.edu/fullerene/C46/C46-Cs-2.xyz,46,1,OK,2802,b05bc65a494e993ee94859fe35b1c54e99daca30ed475f65a96e0c1320bc3b42
46,C46-Cs-28.xyz,https://nanotube.msu.edu/fullerene/C46/C46-Cs-28.xyz,46,1,OK,2802,007960aa0723ade44772d5e68891791d904518c94fd8b88e76a9fc094a84ea0c
46,C46-Cs-33.xyz,https://nanotube.msu.edu/fullerene/C46/C46-Cs-33.xyz,46,1,OK,2802,0dbd586b34c3ceb092baf120ecdd9fb9124d5ecea1723a0da31c368e65a688b8
46,C46-Cs-38.xyz,https://nanotube.msu.edu/fullerene/C46/C46-Cs-38.xyz,46,1,OK,2802,03a497c9fa33d928642de5e14ccbf1d1c7f2683f1515035381fb0feb44894736
46,C46-Cs-40.xyz,https://nanotube.msu.edu/fullerene/C46/C46-Cs-40.xyz,46,1,OK,2802,278e9ad27caac1ef3fd1cd06eb31b6d569313e90cc4222b9ffe4419758019ee8
46,C46-Cs-41.xyz,https://nanotube.msu.edu/fullerene/C46/C46-Cs-41.xyz,46,1,OK,2802,f6d2c8c84e6b5f0e6b65dec1ee5120b1381e78d5e900e15b3b92d08dd5624612
46,C46-Cs-57.xyz,https://nanotube.msu.edu/fullerene/C46/C46-Cs-57.xyz,46,1,OK,2802,81ccc07398cf723ce6b8eed593e1099c3dc9eec4185efdaff7f3d6d5f5b183fb
46,C46-Cs-65.xyz,https://nanotube.msu.edu/fullerene/C46/C46-Cs-65.xyz,46,1,OK,2802,fb9e00fed6268e93f97c46c8a3e6902ed2c2e15b3f17f87fa8bdf26aa00013d9
46,C46-Cs-7.xyz,https://nanotube.msu.edu/fullerene/C46/C46-Cs-7.xyz,46,1,OK,2802,e73d1848282fa830dcbc09f56d169dc00cfc6335d6cd127169bde919caaabcf8
46,C46-Cs-8.xyz,https://nanotube.msu.edu/fullerene/C46/C46-Cs-8.xyz,46,1,OK,2802,f3198f26db82ea760cbe8f6a20c05cfe3d2a3c01ac36ad4a6a6b33ac06451f66
46,C46-Cs-83.xyz,https://nanotube.msu.edu/fullerene/C46/C46-Cs-83.xyz,46,1,OK,2802,d934a88ab5a6a69cc7c0f22b15d22b662a50a6b7da6b4e0175683f77ef908194
46,C46-Cs-89.xyz,https://nanotube.msu.edu/fullerene/C46/C46-Cs-89.xyz,46,1,OK,2802,4c37e33f4c98fa386b419b2eead3a794888098f9fe7b607b90cf094b00e850bf
46,C46-Cs-99.xyz,https://nanotube.msu.edu/fullerene/C46/C46-Cs-99.xyz,46,1,OK,2802,e7366ea63d1e1585a3819c72917b98c2f74fa16216e1ff7d338abc5c86be518e
48,C48-C1-10.xyz,https://nanotube.msu.edu/fullerene/C48/C48-C1-10.xyz,48,1,OK,2920,5ee40abff52e6b20a88f9cf18d22085181cf8f4918129650066a2519e0e11b31
48,C48-C1-100.xyz,https://nanotube.msu.edu/fullerene/C48/C48-C1-100.xyz,48,1,OK,2920,57cf083a328068e4bdc3295fbd341b2dce2465ccd47abea96918df951bf4ae94
48,C48-C1-101.xyz,https://nanotube.msu.edu/fullerene/C48/C48-C1-101.xyz,48,1,OK,2920,90a290f4287f28f41b9fe7f9ab270b2f57e5209fb7eb79f295b6b5da17fd05ff
48,C48-C1-102.xyz,https://nanotube.msu.edu/fullerene/C48/C48-C1-102.xyz,48,1,OK,2920,ab0da228f9c2b94121cfca8c5240debfb133634dd58afb56bc708ed3353f4985
48,C48-C1-103.xyz,https://nanotube.msu.edu/fullerene/C48/C48-C1-103.xyz,48,1,OK,2920,04c058ea8b3b8ddaec5e482c1a3bad899f7b6849ed0d76402e0d425cac5ee8ab
48,C48-C1-104.xyz,https://nanotube.msu.edu/fullerene/C48/C48-C1-104.xyz,48,1,OK,2920,119a289521c26b3e4ee75de1b0f9b2af611f98482f9af6a5669c05c9f3ea225e
48,C48-C1-105.xyz,https://nanotube.msu.edu/fullerene/C48/C48-C1-105.xyz,48,1,OK,2920,25be0f4caf8a074009296de197212b6f00f29c5e562c5ae4f031d2c99678cd9d
48,C48-C1-106.xyz,https://nanotube.msu.edu/fullerene/C48/C48-C1-106.xyz,48,1,OK,2920,3059eff844a7857c9d87e9e50ee6e8db4c3dccd00582beb89969f587ec43d063
48,C48-C1-108.xyz,https://nanotube.msu.edu/fullerene/C48/C48-C1-108.xyz,48,1,OK,2920,5446aee81bbc6ceb548948ab74ebe6846035adebe8c3c2de4e77ad4b63782b3c
48,C48-C1-109.xyz,https://nanotube.msu.edu/fullerene/C48/C48-C1-109.xyz,48,1,OK,2920,f6a91254872a5bfb33ce0db3bfe0823837b6cb745fa14ba415ae02e70fc85cfd
48,C48-C1-11.xyz,https://nanotube.msu.edu/fullerene/C48/C48-C1-11.xyz,48,1,OK,2920,8ecd2ecc73bd49fb58f1b4655b58df3350ffa435c0f5ee55549a5c49f9a33391
48,C48-C1-110.xyz,https://nanotube.msu.edu/fullerene/C48/C48-C1-110.xyz,48,1,OK,2920,ccde893ab217433a96615f5dfa63eefec6decb862de253a2967b9cc625d4f15b
48,C48-C1-111.xyz,https://nanotube.msu.edu/fullerene/C48/C48-C1-111.xyz,48,1,OK,2920,771d473ce17e81ab4bcb53a11fe134f99497f415c4d22924c24ee7dd79944c0d
48,C48-C1-112.xyz,https://nanotube.msu.edu/fullerene/C48/C48-C1-112.xyz,48,1,OK,2920,f9310f2475ecc808c10614b3e5fcf9458aa452a9f2568ef611db3c9c11767622
48,C48-C1-113.xyz,https://nanotube.msu.edu/fullerene/C48/C48-C1-113.xyz,48,1,OK,2920,45f0585d3b6316b34c47006e02dd5a9137732e8e1a256ad155bd47970ed21043
48,C48-C1-114.xyz,https://nanotube.msu.edu/fullerene/C48/C48-C1-114.xyz,48,1,OK,2920,9a17e346a1162e6067cc54abba761c933a09373a5a3d3d7fa25dcc36e09b66d7
48,C48-C1-116.xyz,https://nanotube.msu.edu/fullerene/C48/C48-C1-116.xyz,48,1,OK,2920,873dcc123983dcccfe4f67c84ae0c50e626a3b76cc6dcd829e57c3f382b937ed
48,C48-C1-117.xyz,https://nanotube.msu.edu/fullerene/C48/C48-C1-117.xyz,48,1,OK,2920,74b061b192e74b25cf68b4aed817a4a76708327a1a423633d8702ead9211475b
48,C48-C1-118.xyz,https://nanotube.msu.edu/fullerene/C48/C48-C1-118.xyz,48,1,OK,2920,b3dc537445f9869b1de6fbeb18f050e5c70f9b29c22d53a9904b1c223340dac1
48,C48-C1-119.xyz,https://nanotube.msu.edu/fullerene/C48/C48-C1-119.xyz,48,1,OK,2920,0404f54e992d34a8d0ad83be72e8e49da4b692ae1e65a424a13699ff18925283
48,C48-C1-12.xyz,https://nanotube.msu.edu/fullerene/C48/C48-C1-12.xyz,48,1,OK,2920,0bc76a5c693d0baa9d64796baf3dcc3a306c0b0c6a0a891dd05e01170148890f
48,C48-C1-120.xyz,https://nanotube.msu.edu/fullerene/C48/C48-C1-120.xyz,48,1,OK,2920,d594d452b9223aac90ed05dda547a9275a63efac2d6d52bd27430adf06dd85ea
48,C48-C1-121.xyz,https://nanotube.msu.edu/fullerene/C48/C48-C1-121.xyz,48,1,OK,2920,cfbea916a69d2f139e4b425a62322d3e25fcf1ee49441009537c83e7f0833dc2
48,C48-C1-123.xyz,https://nanotube.msu.edu/fullerene/C48/C48-C1-123.xyz,48,1,OK,2920,cdbcc39ce6a75fe6e8a8a99ab0df29b32e72609d79d5a8e13f2bfbf208a904cd
48,C48-C1-124.xyz,https://nanotube.msu.edu/fullerene/C48/C48-C1-124.xyz,48,1,OK,2920,5e37e4035227abca1389f8c70c264c8c020673788ce5135f3a510c26ba58637f
48,C48-C1-126.xyz,https://nanotube.msu.edu/fullerene/C48/C48-C1-126.xyz,48,1,OK,2920,35b3fa5062a78b50c622966003531db7d5ea5fb8dd0b34febbb1c19741b67017
48,C48-C1-127.xyz,https://nanotube.msu.edu/fullerene/C48/C48-C1-127.xyz,48,1,OK,2920,4dfb1f5d5c626fdcc053556ad1d913585fc7d4c52317cce8e0c18a667ca23926
48,C48-C1-128.xyz,https://nanotube.msu.edu/fullerene/C48/C48-C1-128.xyz,48,1,OK,2920,101a51720d1e39ad29e75e8e7580f48c00b1eb6f77d615318af1a28f99c7d918
48,C48-C1-129.xyz,https://nanotube.msu.edu/fullerene/C48/C48-C1-129.xyz,48,1,OK,2920,e49edead686e682cc6a5c34396868be4ae3cbb79524f9f9d5239ab2ac547bbb6
48,C48-C1-13.xyz,https://nanotube.msu.edu/fullerene/C48/C48-C1-13.xyz,48,1,OK,2920,62930d041f996b0af6115dba653c37136b255633a66d27b0407743f913eb34d8
48,C48-C1-130.xyz,https://nanotube.msu.edu/fullerene/C48/C48-C1-130.xyz,48,1,OK,2920,54af614a83f0e17ce99395bef7678b253dfbd9857b3f3c3483935366068698c8
48,C48-C1-131.xyz,https://nanotube.msu.edu/fullerene/C48/C48-C1-131.xyz,48,1,OK,2920,e3dbad1dfaa32b9aa6d5b2b595d20ad5f9a257a4c5e1e537f3b3ef0fdf4a0e05
48,C48-C1-132.xyz,https://nanotube.msu.edu/fullerene/C48/C48-C1-132.xyz,48,1,OK,2920,da4fc6b166372f4ec5736a5c3abe4ca17e81e3530ab0be5cccda200911c4f6a2
48,C48-C1-133.xyz,https://nanotube.msu.edu/fullerene/C48/C48-C1-133.xyz,48,1,OK,2920,448f41065de61051326a7d485fad8ffea00c9da5643a39308d1536b9c8bb9174
48,C48-C1-135.xyz,https://nanotube.msu.edu/fullerene/C48/C48-C1-135.xyz,48,1,OK,2920,8fe0e9b420782dee8c42ed653adea81db8891b425b34f6de410c40a89425960a
48,C48-C1-139.xyz,https://nanotube.msu.edu/fullerene/C48/C48-C1-139.xyz,48,1,OK,2920,eb7bb4c4f3175075f815fc0f41adddd82414f369079da0c356ad229719294a51
48,C48-C1-140.xyz,https://nanotube.msu.edu/fullerene/C48/C48-C1-140.xyz,48,1,OK,2920,213c60dcbae3e8cb1a2c7b40bcb7da8d30da7ddcf3a99e9807b7d705c97e40c1
48,C48-C1-143.xyz,https://nanotube.msu.edu/fullerene/C48/C48-C1-143.xyz,48,1,OK,2920,f6babd177f74861de9e9a9c82f7df5f0180276c489224368a47a5292b1d21f04
48,C48-C1-145.xyz,https://nanotube.msu.edu/fullerene/C48/C48-C1-145.xyz,48,1,OK,2920,2f1a91f73549e3065f7f6cfaa2c2101b788fc23abb7be5ebdf08e63f0045017c
48,C48-C1-146.xyz,https://nanotube.msu.edu/fullerene/C48/C48-C1-146.xyz,48,1,OK,2920,b524f5cd2b663ad617a73f6f6d32096ba8d48db9274275a50c93659e044b70d3
48,C48-C1-147.xyz,https://nanotube.msu.edu/fullerene/C48/C48-C1-147.xyz,48,1,OK,2920,51f768d169fb548e05e1016472d331c3a662d576f2b926d7ce0df6b5f1a12a1b
48,C48-C1-149.xyz,https://nanotube.msu.edu/fullerene/C48/C48-C1-149.xyz,48,1,OK,2920,e2bb359d08100257b4709a5f34047d4357294ef31e9b3d59661790d88de8cd18
48,C48-C1-150.xyz,https://nanotube.msu.edu/fullerene/C48/C48-C1-150.xyz,48,1,OK,2920,d53682812e48b3efc495d0e3ff400d72a41769ec0377a54a4aa364ac27b1f416
48,C48-C1-151.xyz,https://nanotube.msu.edu/fullerene/C48/C48-C1-151.xyz,48,1,OK,2920,c9fa85ccef3418b0e043e6066bb03b299159017fa47ec397e305dbd22208b49e
48,C48-C1-154.xyz,https://nanotube.msu.edu/fullerene/C48/C48-C1-154.xyz,48,1,OK,2920,d6dd1167ffcdd830f3037fcdca6f185856a46c2a5a7d4b0211369a0251db1d32
48,C48-C1-155.xyz,https://nanotube.msu.edu/fullerene/C48/C48-C1-155.xyz,48,1,OK,2920,47233bed353f33f2a69069c35c113b6ae4f3279af2fb9e7d7067d095a27a52e0
48,C48-C1-156.xyz,https://nanotube.msu.edu/fullerene/C48/C48-C1-156.xyz,48,1,OK,2920,c427a7ceed4926c9bde937b2957c1378551ad1402877e9bd0b2466c994b96b22
48,C48-C1-159.xyz,https://nanotube.msu.edu/fullerene/C48/C48-C1-159.xyz,48,1,OK,2920,c1b8b4a918c0e8d97a0a5d3df8815e497de88987694d6572d15cd39418c022b4
48,C48-C1-162.xyz,https://nanotube.msu.edu/fullerene/C48/C48-C1-162.xyz,48,1,OK,2920,cb3803228a3db2fa146406db2df9fc9ff9707afa6d4c6767d3010cd71cee13ef
48,C48-C1-164.xyz,https://nanotube.msu.edu/fullerene/C48/C48-C1-164.xyz,48,1,OK,2920,21afd14ef3c61dfd083fd236e38f5870eb7809f1da9d1a6467df2d8209b18b5a
48,C48-C1-165.xyz,https://nanotube.msu.edu/fullerene/C48/C48-C1-165.xyz,48,1,OK,2920,ff5c425057847e4400b3ee5144df3bab374c1b7580d97c324fc13317c119c622
48,C48-C1-167.xyz,https://nanotube.msu.edu/fullerene/C48/C48-C1-167.xyz,48,1,OK,2920,df7fdc802e96f82449a04b72532882f0fb3f72bedab59b37d3bf6d466cf5068b
48,C48-C1-172.xyz,https://nanotube.msu.edu/fullerene/C48/C48-C1-172.xyz,48,1,OK,2920,7c6f120ed43bc37f5ac0d38d702f64943d0cae4938bc1881b25a186b65c7c55f
48,C48-C1-173.xyz,https://nanotube.msu.edu/fullerene/C48/C48-C1-173.xyz,48,1,OK,2920,c8fb9b301b5e917a1aab309302f8b8a072f3a4d1a11783f4c7983a58bbd60ec5
48,C48-C1-174.xyz,https://nanotube.msu.edu/fullerene/C48/C48-C1-174.xyz,48,1,OK,2920,20496088ae8c37d91d8414d249a2f83bffbc15b7e663cfe4fd87e6aa517a2984
48,C48-C1-176.xyz,https://nanotube.msu.edu/fullerene/C48/C48-C1-176.xyz,48,1,OK,2920,eae04eabce89d93c4998349a44fc2a088b6f82fd6d49c1b9551eafdba19af491
48,C48-C1-178.xyz,https://nanotube.msu.edu/fullerene/C48/C48-C1-178.xyz,48,1,OK,2920,cc83ebcf3b168bd2775e9b0aad5f117b39816f24ba2ad93871f5a86f5baad49d
48,C48-C1-179.xyz,https://nanotube.msu.edu/fullerene/C48/C48-C1-179.xyz,48,1,OK,2920,112971b296e2f7c90fa158ff82629249e14664cd6a808c7e76ab359b43589746
48,C48-C1-18.xyz,https://nanotube.msu.edu/fullerene/C48/C48-C1-18.xyz,48,1,OK,2920,bd813246d4f429e7ea0e56c06f90a37bf0a79f883366b76a4d786a320558ebb4
48,C48-C1-181.xyz,https://nanotube.msu.edu/fullerene/C48/C48-C1-181.xyz,48,1,OK,2920,d2e223c1e72b411e99123efae5316a56915a8b3c86cb30a1fc0b2d82fd1f7d9d
48,C48-C1-182.xyz,https://nanotube.msu.edu/fullerene/C48/C48-C1-182.xyz,48,1,OK,2920,6bdc7ec6d1900c48107af1645560acaf5557be386f371ee24d33c917d4f688a6
48,C48-C1-19.xyz,https://nanotube.msu.edu/fullerene/C48/C48-C1-19.xyz,48,1,OK,2920,bf37eeabfe93c1264cb137761f3b5f98bd7ec41a7c7573e3b904a1c222107520
48,C48-C1-193.xyz,https://nanotube.msu.edu/fullerene/C48/C48-C1-193.xyz,48,1,OK,2920,11b5706ef0fcedb1b129de08797b63b848f9f95c237aa425a6044f5c1d39d675
48,C48-C1-195.xyz,https://nanotube.msu.edu/fullerene/C48/C48-C1-195.xyz,48,1,OK,2920,7064d9a76f407bf8aaf92b9df3e612fabfb84289658d866844b037319ef8392c
48,C48-C1-196.xyz,https://nanotube.msu.edu/fullerene/C48/C48-C1-196.xyz,48,1,OK,2920,c1ec4d9bfd1728f997d2ebe529430c5fd28da428b50b3bc1fb6c08dbf5e56af4
48,C48-C1-20.xyz,https://nanotube.msu.edu/fullerene/C48/C48-C1-20.xyz,48,1,OK,2920,21379c896d0c5dacc16b5848286ef72ddb402bf9bf7b67e6c3e1b45b8ee57470
48,C48-C1-21.xyz,https://nanotube.msu.edu/fullerene/C48/C48-C1-21.xyz,48,1,OK,2920,2d686c3246e394bc6f132bff0fae4e0e04af24e9d2bf394ccb642b11b16c2b6c
48,C48-C1-22.xyz,https://nanotube.msu.edu/fullerene/C48/C48-C1-22.xyz,48,1,OK,2920,ccfefca9a53b125662780e1573602aa4172f978216ea87e282474f874d94aa2a
48,C48-C1-23.xyz,https://nanotube.msu.edu/fullerene/C48/C48-C1-23.xyz,48,1,OK,2920,27fb557fb2296d72d5681daf8ffe7f66fc4a44c15319a4855f4e9e40fd4c46fb
48,C48-C1-25.xyz,https://nanotube.msu.edu/fullerene/C48/C48-C1-25.xyz,48,1,OK,2920,ac8e1638c57be62978dfdacb8da5c483b3e808f5664b5938e8e9bb5bfe78245f
48,C48-C1-26.xyz,https://nanotube.msu.edu/fullerene/C48/C48-C1-26.xyz,48,1,OK,2920,a868cbcd0e6a8a8c49e4fe00fe4ab3be45de39d1198451c942dc36473c66fbbe
48,C48-C1-28.xyz,https://nanotube.msu.edu/fullerene/C48/C48-C1-28.xyz,48,1,OK,2920,54d47dae0a0a12650546796fb0976a5ebb41346355fabff38d9e56d3be90a56d
48,C48-C1-29.xyz,https://nanotube.msu.edu/fullerene/C48/C48-C1-29.xyz,48,1,OK,2920,034da6a4980d5e6c2cf3e26b5626b41e1d9ceb9dc35cf28dd4a303f50d678903
48,C48-C1-3.xyz,https://nanotube.msu.edu/fullerene/C48/C48-C1-3.xyz,48,1,OK,2920,a6243db098c024eda60f345e65b990231f788eb51fec82b008fb56b52eabeab4
48,C48-C1-30.xyz,https://nanotube.msu.edu/fullerene/C48/C48-C1-30.xyz,48,1,OK,2920,015f2f9d714670b867cca4c62a7c2204728595c00a3e70f05e57325209dcaeb7
48,C48-C1-33.xyz,https://nanotube.msu.edu/fullerene/C48/C48-C1-33.xyz,48,1,OK,2920,e9c107f573dae9b66887cdbc03445e5bccf9f0f2196e45559bbb56c8d07d6bc3
48,C48-C1-34.xyz,https://nanotube.msu.edu/fullerene/C48/C48-C1-34.xyz,48,1,OK,2920,58fc05060e0ce223427fbf11c46b69c840e4c039f394a9cb07934af9045c9f92
48,C48-C1-35.xyz,https://nanotube.msu.edu/fullerene/C48/C48-C1-35.xyz,48,1,OK,2920,cf2464cd2459833080065be9f20db727001e645e46be65a3c5d732b9ab26b538
48,C48-C1-36.xyz,https://nanotube.msu.edu/fullerene/C48/C48-C1-36.xyz,48,1,OK,2920,ce6c2590a212912ccc44d593f2526b612c4729eb5af3f4aa26d3de20748fab83
48,C48-C1-38.xyz,https://nanotube.msu.edu/fullerene/C48/C48-C1-38.xyz,48,1,OK,2920,e4342db91a7516aef71e9920303b8a0eb85b4089ecd2ff8a46458f3103ed1a94
48,C48-C1-42.xyz,https://nanotube.msu.edu/fullerene/C48/C48-C1-42.xyz,48,1,OK,2920,f17edc68d6ba65da0939cc9a8dc63b5eee8eb0ab188765e3a40ce98f6ab678a3
48,C48-C1-44.xyz,https://nanotube.msu.edu/fullerene/C48/C48-C1-44.xyz,48,1,OK,2920,ac58d3fd1d4dace83efc3ac97a3c37f49bb17d8092f062fa6e1a98eb699c45bc
48,C48-C1-47.xyz,https://nanotube.msu.edu/fullerene/C48/C48-C1-47.xyz,48,1,OK,2920,e0aff82242ba5ce42b7455254b2a66c0dc35b0fb62ec7f0151ee6f821f0854da
48,C48-C1-48.xyz,https://nanotube.msu.edu/fullerene/C48/C48-C1-48.xyz,48,1,OK,2920,5ffcd61e4cd0c240af3441948677462bcc0cebc54ac0aa05d5ae5eb178fecb89
48,C48-C1-49.xyz,https://nanotube.msu.edu/fullerene/C48/C48-C1-49.xyz,48,1,OK,2920,f09df597a2122aec2eaaf756af2e0fd700783f34129d9490976f31db145f1ff6
48,C48-C1-50.xyz,https://nanotube.msu.edu/fullerene/C48/C48-C1-50.xyz,48,1,OK,2920,8bac6648d934e9a2a09d299c7e4522fe10620ca00160fb319b33d25b8a4e12dd
48,C48-C1-51.xyz,https://nanotube.msu.edu/fullerene/C48/C48-C1-51.xyz,48,1,OK,2920,61f96021ba33b2ef5fc502f4b2ceca6b265b76486b57f9a03c1e585f91283d98
48,C48-C1-52.xyz,https://nanotube.msu.edu/fullerene/C48/C48-C1-52.xyz,48,1,OK,2920,9664be56532b8aeaa71612c25ae7453ff1dfe0866e0774d6f04db39da6cba375
48,C48-C1-53.xyz,https://nanotube.msu.edu/fullerene/C48/C48-C1-53.xyz,48,1,OK,2920,7574ab92ee4134cefb653c8eb81e16270006e2334e13344602745fdc4254b512
48,C48-C1-54.xyz,https://nanotube.msu.edu/fullerene/C48/C48-C1-54.xyz,48,1,OK,2920,b71055fc81e5eb68857d4fc855156b4a976ab1693af19191cf9f161065b9c4b7
48,C48-C1-55.xyz,https://nanotube.msu.edu/fullerene/C48/C48-C1-55.xyz,48,1,OK,2920,af05c06b9459d77fe5c9bc4942214937a69156fe1562f71ec2086772ed9bb2cc
48,C48-C1-57.xyz,https://nanotube.msu.edu/fullerene/C48/C48-C1-57.xyz,48,1,OK,2920,120fecad92b04d1f41d858bb1312a91d15f2d129176917f863592b0734a69672
48,C48-C1-6.xyz,https://nanotube.msu.edu/fullerene/C48/C48-C1-6.xyz,48,1,OK,2920,c7f0f6f9bf128589b60b58455a557a5c411f1840cb38fc2e7d53137e280ae222
48,C48-C1-60.xyz,https://nanotube.msu.edu/fullerene/C48/C48-C1-60.xyz,48,1,OK,2920,0a576a10f459d39ceff5df32a47de8d27a93a627ef820b767e27af68ef2a8c11
48,C48-C1-65.xyz,https://nanotube.msu.edu/fullerene/C48/C48-C1-65.xyz,48,1,OK,2920,91bb31368974500fb21dabb9bbb671f79f5bee004e9f0a5f81b0bc48bfe42cdf
48,C48-C1-66.xyz,https://nanotube.msu.edu/fullerene/C48/C48-C1-66.xyz,48,1,OK,2920,aaa8adf7e36ecdbee2ea8ec7feda9f378fc4a0d8d62054d8a12d0159d41be48a
48,C48-C1-67.xyz,https://nanotube.msu.edu/fullerene/C48/C48-C1-67.xyz,48,1,OK,2920,96ceda8848ce0eabee36c4236a78f40bb44007cd6bc021b4388df090e9055f6b
48,C48-C1-69.xyz,https://nanotube.msu.edu/fullerene/C48/C48-C1-69.xyz,48,1,OK,2920,90d9f01278e23ad462bb30aa3e27d41c8b1319cf20cff7b9a8fe96bda7f34b63
48,C48-C1-7.xyz,https://nanotube.msu.edu/fullerene/C48/C48-C1-7.xyz,48,1,OK,2920,59e2079b133eeb2d1d1c5251538e4ff89d5b0ea6b61b9e6e9fa3621231b6faaa
48,C48-C1-71.xyz,https://nanotube.msu.edu/fullerene/C48/C48-C1-71.xyz,48,1,OK,2920,f037500fefd3b3a87e5ed43fe637ed7bab6cfecb44ba98f3b7e83b27d18dab87
48,C48-C1-72.xyz,https://nanotube.msu.edu/fullerene/C48/C48-C1-72.xyz,48,1,OK,2920,9d9e0ba890b1c013f48d80995d1ae5d5e1329bcf0df337dfe04463231c31ad47
48,C48-C1-73.xyz,https://nanotube.msu.edu/fullerene/C48/C48-C1-73.xyz,48,1,OK,2920,aa83d0887e5e690893c8cbc657c7dd550d4ac5fe1d9c76bdbc39f0a6bfb32389
48,C48-C1-77.xyz,https://nanotube.msu.edu/fullerene/C48/C48-C1-77.xyz,48,1,OK,2920,289098ffc84234e33df7460508fb012e2a7bd33e0c1c46a2d0b806ff2bbdb413
48,C48-C1-79.xyz,https://nanotube.msu.edu/fullerene/C48/C48-C1-79.xyz,48,1,OK,2920,d0fb2c46d4240ef69317ca8373757dfd6fd5848848feeea05b057bc8228823f9
48,C48-C1-8.xyz,https://nanotube.msu.edu/fullerene/C48/C48-C1-8.xyz,48,1,OK,2920,7f401cebbd67caf6d7767e4c1529b708de33121d3005632c626b8344a6fac459
48,C48-C1-85.xyz,https://nanotube.msu.edu/fullerene/C48/C48-C1-85.xyz,48,1,OK,2920,9d78d050f237a2ea0f46cb1fd6926e06d97f3fc2150e3596ab537991181d9922
48,C48-C1-86.xyz,https://nanotube.msu.edu/fullerene/C48/C48-C1-86.xyz,48,1,OK,2920,12c84024938cb3f6dde592ae77a6627ff50a2cda2503d7fa82d07b572b6b9e4f
48,C48-C1-87.xyz,https://nanotube.msu.edu/fullerene/C48/C48-C1-87.xyz,48,1,OK,2920,c7bbff13ccaa4dec5a489df56c7587fda01c4253abd7710007222d793581039f
48,C48-C1-88.xyz,https://nanotube.msu.edu/fullerene/C48/C48-C1-88.xyz,48,1,OK,2920,43d4f3c110d8268af98ff070c3f0d9b7b29276454a84924ec7dbb91f7e47b1fe
48,C48-C1-9.xyz,https://nanotube.msu.edu/fullerene/C48/C48-C1-9.xyz,48,1,OK,2920,e40101de5b151c5317ce4757586c209334cf3b6ed61fae57bd209696785b51c8
48,C48-C1-90.xyz,https://nanotube.msu.edu/fullerene/C48/C48-C1-90.xyz,48,1,OK,2920,edeff386e6034ac79b1e6bde7957a5fc5a52d92d9face864aab002e53ce700df
48,C48-C1-91.xyz,https://nanotube.msu.edu/fullerene/C48/C48-C1-91.xyz,48,1,OK,2920,58e411869dc514e58cb173e2a30ecce42f1de8d1b4c4847ce7d58d64873df903
48,C48-C1-92.xyz,https://nanotube.msu.edu/fullerene/C48/C48-C1-92.xyz,48,1,OK,2920,b38e3447ff7634753009793f940ab90fbfb1a1ad6fcab204c07606b26994778e
48,C48-C1-93.xyz,https://nanotube.msu.edu/fullerene/C48/C48-C1-93.xyz,48,1,OK,2920,55159a10715a375678c7b5d870b64e0f00316626e83a02df6809b4eb03e72ea7
48,C48-C1-94.xyz,https://nanotube.msu.edu/fullerene/C48/C48-C1-94.xyz,48,1,OK,2920,d0748130849655483c68b9f98899c0691c64fc1cb4f28f40f10eb0e84c5d8af3
48,C48-C1-98.xyz,https://nanotube.msu.edu/fullerene/C48/C48-C1-98.xyz,48,1,OK,2920,0d0b8e966bf63bf2e1c40ee0dab393407d927c5f6ef39b8ef39c574ccfdf024c
48,C48-C1-99.xyz,https://nanotube.msu.edu/fullerene/C48/C48-C1-99.xyz,48,1,OK,2920,2bef35cb9dd933c697fcf3bcde7a495b9bc3b5d0f324a4b3e7be40b37943051d
48,C48-C2-1.xyz,https://nanotube.msu.edu/fullerene/C48/C48-C2-1.xyz,48,1,OK,2920,d5b1b5d60510c1b98a63ef0f74f4e36809dcf6e9e196e1fb55c587a404dc7cf1
48,C48-C2-107.xyz,https://nanotube.msu.edu/fullerene/C48/C48-C2-107.xyz,48,1,OK,2920,c39ce6249719e05e15dadebf086e0404cf26b66120b562af717eee812015f97e
48,C48-C2-115.xyz,https://nanotube.msu.edu/fullerene/C48/C48-C2-115.xyz,48,1,OK,2920,2c5de93e9a596d20dbc07920c477503a08045de700628be3d6cd8619beb6e5f7
48,C48-C2-122.xyz,https://nanotube.msu.edu/fullerene/C48/C48-C2-122.xyz,48,1,OK,2920,c3fd54fdb3c7caabaca3ff5e6132d0efa1e76fa7fa6827785b43d965f964cc4c
48,C48-C2-125.xyz,https://nanotube.msu.edu/fullerene/C48/C48-C2-125.xyz,48,1,OK,2920,f19524b19d1f764aad5038861d9ae151eeafa0570bb80a1abeff78ee9adf95be
48,C48-C2-134.xyz,https://nanotube.msu.edu/fullerene/C48/C48-C2-134.xyz,48,1,OK,2920,ed430cc764c48073e2c231cd285be1566356c5538448201d943965f6c19b432b
48,C48-C2-137.xyz,https://nanotube.msu.edu/fullerene/C48/C48-C2-137.xyz,48,1,OK,2920,39ca8aff40de74c1d059277e5c0af26f66b6e40f9987f46d1b239396579c14d5
48,C48-C2-14.xyz,https://nanotube.msu.edu/fullerene/C48/C48-C2-14.xyz,48,1,OK,2920,5627c13e9dd4010cab2e457a9833462686da021d35ce42e6b649f9f5751afee9
48,C48-C2-152.xyz,https://nanotube.msu.edu/fullerene/C48/C48-C2-152.xyz,48,1,OK,2920,9bc3a59105860f88e2d854e7ecf8d043bd10e1e33c1b4952f8be22f74f689d8d
48,C48-C2-153.xyz,https://nanotube.msu.edu/fullerene/C48/C48-C2-153.xyz,48,1,OK,2920,1bf2797c6cbe15cacb3b5372185f0962d13bec62903fac7270049c6973a6be66
48,C48-C2-157.xyz,https://nanotube.msu.edu/fullerene/C48/C48-C2-157.xyz,48,1,OK,2920,f34d63153264200f81a325f098fe7d35c96c6e482ce9bf4b92142f119e4963b9
48,C48-C2-158.xyz,https://nanotube.msu.edu/fullerene/C48/C48-C2-158.xyz,48,1,OK,2920,b9b99a3a2dc4fa64d5a2103451286d50290d8e10412407519333adc5b986d03c
48,C48-C2-160.xyz,https://nanotube.msu.edu/fullerene/C48/C48-C2-160.xyz,48,1,OK,2920,57af583736aa9ffefb986345be29dedec852bbf6939c1b5c7179cee28b7037aa
48,C48-C2-161.xyz,https://nanotube.msu.edu/fullerene/C48/C48-C2-161.xyz,48,1,OK,2920,c0d433711d3b986d9c8d5e062e83d4938acaf0d48a03fc405dc3db7b9aeeda94
48,C48-C2-163.xyz,https://nanotube.msu.edu/fullerene/C48/C48-C2-163.xyz,48,1,OK,2920,064dcca0915fa73988af63e2f8d24d283f50ae25b3dc37e6aed5523d5f474c10
48,C48-C2-166.xyz,https://nanotube.msu.edu/fullerene/C48/C48-C2-166.xyz,48,1,OK,2920,ccf6d02ddd7f6fdb425ca9075246d90c7c8f90dc2c0a18a53824084f939df078
48,C48-C2-170.xyz,https://nanotube.msu.edu/fullerene/C48/C48-C2-170.xyz,48,1,OK,2920,fcb32fd4c8f426e473cf9270e18bc4999b0828a22f5eb09d3f278a9e341d1163
48,C48-C2-171.xyz,https://nanotube.msu.edu/fullerene/C48/C48-C2-171.xyz,48,1,OK,2920,dbb8dd8a6d550e1b62fc24f34d764470bd9fb2901eaffd84644670648272bbea
48,C48-C2-175.xyz,https://nanotube.msu.edu/fullerene/C48/C48-C2-175.xyz,48,1,OK,2920,05650ae4a0912478d3a7bc60ea1e32554498f139991893662e5b8039ba8f7dbb
48,C48-C2-177.xyz,https://nanotube.msu.edu/fullerene/C48/C48-C2-177.xyz,48,1,OK,2920,5d7ab3a4312d7642545adbfa17363e711f904fb95f59bebd767562d018580d69
48,C48-C2-180.xyz,https://nanotube.msu.edu/fullerene/C48/C48-C2-180.xyz,48,1,OK,2920,e660c9c0d6f967d3e94c53aaade3c0ee60389c54b29cf5308d1b5c06cfe4ed57
48,C48-C2-183.xyz,https://nanotube.msu.edu/fullerene/C48/C48-C2-183.xyz,48,1,OK,2920,ab9483bfa8ff3c2532fe33591c5d2c42ff4b7a3e1ae4979bc3f17de22b8921c6
48,C48-C2-185.xyz,https://nanotube.msu.edu/fullerene/C48/C48-C2-185.xyz,48,1,OK,2920,842082afc4d88753bc6382949bb20e800576663b1fea875bf843e550c54947ac
48,C48-C2-190.xyz,https://nanotube.msu.edu/fullerene/C48/C48-C2-190.xyz,48,1,OK,2920,3670606a61cb5daae0e38026aada3f66d68ac869227a4e0ec3726a46bead1527
48,C48-C2-191.xyz,https://nanotube.msu.edu/fullerene/C48/C48-C2-191.xyz,48,1,OK,2920,cc2e112bf5bc2c27357394aa123c72dd576e4961ea70d4b8e0d4448f371e23eb
48,C48-C2-192.xyz,https://nanotube.msu.edu/fullerene/C48/C48-C2-192.xyz,48,1,OK,2920,fcd07f298bb5236b86e1660f8f4d2f36d8891cfcf464e55f338ff12b7eb30350
48,C48-C2-194.xyz,https://nanotube.msu.edu/fullerene/C48/C48-C2-194.xyz,48,1,OK,2920,9f0b1740cbc1b6d07392b9c19b40f03616a2c2a87a8500dbdfe5bb4c519d1af4
48,C48-C2-199.xyz,https://nanotube.msu.edu/fullerene/C48/C48-C2-199.xyz,48,1,OK,2920,97105ebc932adf7095d3292bb7e309a42a3ee8dd931d60497043f14e7a2a6fde
48,C48-C2-24.xyz,https://nanotube.msu.edu/fullerene/C48/C48-C2-24.xyz,48,1,OK,2920,10d25360275976be99104af6eea69272edcb275e53cbef9cc11dbe63445964d3
48,C48-C2-27.xyz,https://nanotube.msu.edu/fullerene/C48/C48-C2-27.xyz,48,1,OK,2920,a9039dfb569130714ac6155aea022b5c92a881611f30f8138b68042f9c5f9dcc
48,C48-C2-32.xyz,https://nanotube.msu.edu/fullerene/C48/C48-C2-32.xyz,48,1,OK,2920,155db393e8c5a563ae7c2414c0c3221fc94a332d8f1121c3cbf0beaf381cc083
48,C48-C2-37.xyz,https://nanotube.msu.edu/fullerene/C48/C48-C2-37.xyz,48,1,OK,2920,419b6e289b0790173a74d97179e070c9a80d81110780ad8011e6fa2d3393dc6b
48,C48-C2-40.xyz,https://nanotube.msu.edu/fullerene/C48/C48-C2-40.xyz,48,1,OK,2920,e507ee966a32b57d7c5b2a8557591a0d4ec43380e82d3f7faf4bf7f30ad49a7e
48,C48-C2-43.xyz,https://nanotube.msu.edu/fullerene/C48/C48-C2-43.xyz,48,1,OK,2920,a102b6abea80abf5bd2685f557863067c3788d220e9990a15e0700dd9d4cd0b0
48,C48-C2-45.xyz,https://nanotube.msu.edu/fullerene/C48/C48-C2-45.xyz,48,1,OK,2920,448941f937e1844d93da6d58a13b49e43f2cd21bacdd01ce821ca60117599355
48,C48-C2-46.xyz,https://nanotube.msu.edu/fullerene/C48/C48-C2-46.xyz,48,1,OK,2920,2cd8545c2735aa1d97d62cd9657f2ebaaa32566f6e9487d68f81f18d26dd7e81
48,C48-C2-5.xyz,https://nanotube.msu.edu/fullerene/C48/C48-C2-5.xyz,48,1,OK,2920,57b5875325b9cf39c0ed5b77ff05194777ae9090d858348c7c518fd73c465785
48,C48-C2-58.xyz,https://nanotube.msu.edu/fullerene/C48/C48-C2-58.xyz,48,1,OK,2920,13fef4a7787694f0db99cdc596f739ce2803e639a37c72d168765b20fdaff7f6
48,C48-C2-59.xyz,https://nanotube.msu.edu/fullerene/C48/C48-C2-59.xyz,48,1,OK,2920,73faf2bb4abac1a1e3d0c989353d826edd78d5f91e94f1de4878604da20fdbe6
48,C48-C2-61.xyz,https://nanotube.msu.edu/fullerene/C48/C48-C2-61.xyz,48,1,OK,2920,2a7e05b9fb329ac2cbbeea71fda19a3061c694fa29470810087e45c346d3bd6d
48,C48-C2-63.xyz,https://nanotube.msu.edu/fullerene/C48/C48-C2-63.xyz,48,1,OK,2920,b6ed5829f813b8772a285f0699f273cea69d23b7d22fcab382a2fbc1fd7277f9
48,C48-C2-64.xyz,https://nanotube.msu.edu/fullerene/C48/C48-C2-64.xyz,48,1,OK,2920,7ac4709abc94977d2149f48d4b71816408589475d21d1051e525ca92e777d72a
48,C48-C2-68.xyz,https://nanotube.msu.edu/fullerene/C48/C48-C2-68.xyz,48,1,OK,2920,f40653c77db00511750b03f7059be1cebdb023bf81ae54395e37d78bc2231830
48,C48-C2-70.xyz,https://nanotube.msu.edu/fullerene/C48/C48-C2-70.xyz,48,1,OK,2920,7f0220dc0e105f4fd4518b3b50f6edee2ba735e3410310c81be4b06d6e410e70
48,C48-C2-76.xyz,https://nanotube.msu.edu/fullerene/C48/C48-C2-76.xyz,48,1,OK,2920,39c2ed77e89aa834c579fc0fdcc046aecc270d8f49a7618814d1ea48bc5bc72f
48,C48-C2-78.xyz,https://nanotube.msu.edu/fullerene/C48/C48-C2-78.xyz,48,1,OK,2920,7895520b0ac7d6901fcbbc994660195a7c1bcc23bd27b460123cbfc713d4d5c2
48,C48-C2-81.xyz,https://nanotube.msu.edu/fullerene/C48/C48-C2-81.xyz,48,1,OK,2920,99e20c545c737c0acfa6f183c96bbcb1f12c4f600b1a92adbc02016bde6f49b3
48,C48-C2-82.xyz,https://nanotube.msu.edu/fullerene/C48/C48-C2-82.xyz,48,1,OK,2920,34846f0ffbe1149ec35205fcc9fef70919f8b0960513c7ac4a37f96904546618
48,C48-C2-83.xyz,https://nanotube.msu.edu/fullerene/C48/C48-C2-83.xyz,48,1,OK,2920,38465ccc50322df943c4ae9b5886819ae3a9d5dc153d01359fae2835fffa416b
48,C48-C2-84.xyz,https://nanotube.msu.edu/fullerene/C48/C48-C2-84.xyz,48,1,OK,2920,72b2d87b7054f66bd19e0c5901ca3d75181d1780e857668cba1b6509b4927f5d
48,C48-C2-95.xyz,https://nanotube.msu.edu/fullerene/C48/C48-C2-95.xyz,48,1,OK,2920,830a602acae3439f7049ea4ca7144143b5d0d4bad4229058f3f2c621bd689211
48,C48-C2-97.xyz,https://nanotube.msu.edu/fullerene/C48/C48-C2-97.xyz,48,1,OK,2920,62d8c076908fc977766580e8a0bb80ae490edf82acd737545e9278d31e3ff4b1
48,C48-C2h-80.xyz,https://nanotube.msu.edu/fullerene/C48/C48-C2h-80.xyz,48,1,OK,2920,ee758587bfe612e793f15e771cc8755017e2e5d204290813fe4f9bd3135614fc
48,C48-C2v-138.xyz,https://nanotube.msu.edu/fullerene/C48/C48-C2v-138.xyz,48,1,OK,2920,1eae5b2d6bd8b54ada440de9242db95725efbdbe846a5d120fc31cffd9decced
48,C48-C2v-17.xyz,https://nanotube.msu.edu/fullerene/C48/C48-C2v-17.xyz,48,1,OK,2920,a610d8579d3151dc3aa788c90a7af32d341bd7a1bf5c71788427229843bd2b1f
48,C48-C2v-56.xyz,https://nanotube.msu.edu/fullerene/C48/C48-C2v-56.xyz,48,1,OK,2920,acc3d39aae3db46cfffa08af52940d79f94c35fa86aa68cdc26005272e86940d
48,C48-Cs-136.xyz,https://nanotube.msu.edu/fullerene/C48/C48-Cs-136.xyz,48,1,OK,2920,23164894a3fa2ca60331d09da7c94cc566e298aabd8fe6cfca49a47a0adfd38d
48,C48-Cs-141.xyz,https://nanotube.msu.edu/fullerene/C48/C48-Cs-141.xyz,48,1,OK,2920,c4d10f54caa380f247d8897d22612e7cf6743c935359396f13a1cf8743756aa2
48,C48-Cs-142.xyz,https://nanotube.msu.edu/fullerene/C48/C48-Cs-142.xyz,48,1,OK,2920,e59612187a3c96058af7a44739f0c3f3ce2110f85a9e5b27b703ad5d98e1e9fb
48,C48-Cs-148.xyz,https://nanotube.msu.edu/fullerene/C48/C48-Cs-148.xyz,48,1,OK,2920,c0094180d45af992212d65bee1f39b5f3164a1dd305f52749c926bf50f4b211b
48,C48-Cs-168.xyz,https://nanotube.msu.edu/fullerene/C48/C48-Cs-168.xyz,48,1,OK,2920,79dd735adfc1d9c6326aa2cf931b9ae6a701852d337fefcc00520279c5192d30
48,C48-Cs-184.xyz,https://nanotube.msu.edu/fullerene/C48/C48-Cs-184.xyz,48,1,OK,2920,6c4557d295edf8e20c555b03fd79d2bb7f19ea0d142afaf6e757525f85cdf8c8
48,C48-Cs-187.xyz,https://nanotube.msu.edu/fullerene/C48/C48-Cs-187.xyz,48,1,OK,2920,4b09deb6b0abd44c75f0c86a10694f5d087480acf1e756c2239cdba430430337
48,C48-Cs-197.xyz,https://nanotube.msu.edu/fullerene/C48/C48-Cs-197.xyz,48,1,OK,2920,991f4513c06609c98f8c2bf12017a7bc2b8441dba4fb71c03aa8d8dae9685802
48,C48-Cs-31.xyz,https://nanotube.msu.edu/fullerene/C48/C48-Cs-31.xyz,48,1,OK,2920,d63787fe0db86cca0cdc1a0e3693595acc7b67d7753e227e4522aa7e57cb84b0
48,C48-Cs-39.xyz,https://nanotube.msu.edu/fullerene/C48/C48-Cs-39.xyz,48,1,OK,2920,2a7d2de9a73bca9fc21fc63fb3dcd3206fd9e5896c65085974b399825566e3f2
48,C48-Cs-4.xyz,https://nanotube.msu.edu/fullerene/C48/C48-Cs-4.xyz,48,1,OK,2920,ca0934ac2ceb667cbe526ee7950a26ed647d86084f7dcd92953566b7e4dc34d1
48,C48-Cs-62.xyz,https://nanotube.msu.edu/fullerene/C48/C48-Cs-62.xyz,48,1,OK,2920,0c0a961a79dd02e2e543bff2cc7a5eb315a4d20668e013d861d57f3715e2e498
48,C48-Cs-74.xyz,https://nanotube.msu.edu/fullerene/C48/C48-Cs-74.xyz,48,1,OK,2920,19704a0d3f49d503a1f566d9e0c68b97048bc9a3ff26084ca7d46218c5c88afe
48,C48-Cs-75.xyz,https://nanotube.msu.edu/fullerene/C48/C48-Cs-75.xyz,48,1,OK,2920,51d995e6e100429c20032df04d3c913920a8eaa2d9259e559b3fc8901e50a440
48,C48-Cs-89.xyz,https://nanotube.msu.edu/fullerene/C48/C48-Cs-89.xyz,48,1,OK,2920,069a8a8a5013318dbe858f846ef73582e63ed3e4a24c463581497dd344db4550
48,C48-Cs-96.xyz,https://nanotube.msu.edu/fullerene/C48/C48-Cs-96.xyz,48,1,OK,2920,d9de5534c526c4a7cc3251e11f9b05cf8e02a8cad439172b53eaed69f82b9903
48,C48-D2-144.xyz,https://nanotube.msu.edu/fullerene/C48/C48-D2-144.xyz,48,1,OK,2920,0f16f5d42740543f1a2b5a66688b48b416e23c1e575f8964d90a70afc8ad070f
48,C48-D2-16.xyz,https://nanotube.msu.edu/fullerene/C48/C48-D2-16.xyz,48,1,OK,2920,a5258db89828a63ef015518f0257d335df0bf076bf5efd283ec174d48201062f
48,C48-D2-169.xyz,https://nanotube.msu.edu/fullerene/C48/C48-D2-169.xyz,48,1,OK,2920,9ee43b738a83bae0e6b4e0c273836e687d7929122f9e4ebf7570808943b59b7b
48,C48-D2-198.xyz,https://nanotube.msu.edu/fullerene/C48/C48-D2-198.xyz,48,1,OK,2920,3173b4f418e1f53a06aaa10c64afa6de44391243d2a407fe716f146abcd105b6
48,C48-D2-2.xyz,https://nanotube.msu.edu/fullerene/C48/C48-D2-2.xyz,48,1,OK,2920,081918b2c73dfce5264dd5b625d0de10c6552c341cf3b45d44027088e7d245be
48,C48-D2h-15.xyz,https://nanotube.msu.edu/fullerene/C48/C48-D2h-15.xyz,48,1,OK,2920,3d0268eb4361ce1bcf7b8739171b22634f390333f68fd0baa5ee614c9b57151c
48,C48-D2h-41.xyz,https://nanotube.msu.edu/fullerene/C48/C48-D2h-41.xyz,48,1,OK,2920,b287fa785cc36ad819e5965f3c555b39c531c4de6482c9c7a8db03e828402db9
48,C48-D3-188.xyz,https://nanotube.msu.edu/fullerene/C48/C48-D3-188.xyz,48,1,OK,2920,eab083be72bfd9d5e6880435069a088e4f40fdf9a2cf06d1c0eab6855ccaf817
48,C48-D6d-186.xyz,https://nanotube.msu.edu/fullerene/C48/C48-D6d-186.xyz,48,1,OK,2920,4549acaf7026ed6fc77d57739a132aa58547c68c0d0c2eba25c1e9ed133af3d7
48,C48-D6d-189.xyz,https://nanotube.msu.edu/fullerene/C48/C48-D6d-189.xyz,48,1,OK,2920,283113650fd9bb3d1ecf1f839f3430acfe6cad4a1762c9d2b7e97566f33677b7
50,C50-C1-10.xyz,https://nanotube.msu.edu/fullerene/C50/C50-C1-10.xyz,50,1,OK,3038,26ef36a116111d8ed58c22201fbdcf467fafb1cb1f45384d8012cc1e67c0f8f8
50,C50-C1-101.xyz,https://nanotube.msu.edu/fullerene/C50/C50-C1-101.xyz,50,1,OK,3038,5619c1727728f43642f36ae7714aaf270d69506240b719831c95878b4a05582b
50,C50-C1-102.xyz,https://nanotube.msu.edu/fullerene/C50/C50-C1-102.xyz,50,1,OK,3038,7fa73f15e1fdb85b35b87580fdfd25f92c0f684db60746058516812369a4c2ce
50,C50-C1-103.xyz,https://nanotube.msu.edu/fullerene/C50/C50-C1-103.xyz,50,1,OK,3038,4090e5bd8e9b9e9e1fc638dfc805c892530da2d07881adbe4e24c50f5665ff1c
50,C50-C1-104.xyz,https://nanotube.msu.edu/fullerene/C50/C50-C1-104.xyz,50,1,OK,3038,3196790fb3468e7334a8f80dab92d20907b126a1efcf04b2d5db79dafe593530
50,C50-C1-105.xyz,https://nanotube.msu.edu/fullerene/C50/C50-C1-105.xyz,50,1,OK,3038,13ee016d04b4fb48d7e33ff989d7041ba8383abc4926ac1f275c876e750b3a37
50,C50-C1-106.xyz,https://nanotube.msu.edu/fullerene/C50/C50-C1-106.xyz,50,1,OK,3038,54146380d583bc85bc158652706ca2cf657e7af0e5d1ddd3e0759f1336535e78
50,C50-C1-107.xyz,https://nanotube.msu.edu/fullerene/C50/C50-C1-107.xyz,50,1,OK,3038,387ec4c61a06acba9c69c2387fb2a66d4ccb743e1b6a2513dfeec141daaf7708
50,C50-C1-109.xyz,https://nanotube.msu.edu/fullerene/C50/C50-C1-109.xyz,50,1,OK,3038,3d872b1041dc5baf49322ecaece80d48cc72bd45e8eac6a6305ae713cc045aa1
50,C50-C1-11.xyz,https://nanotube.msu.edu/fullerene/C50/C50-C1-11.xyz,50,1,OK,3038,5ca51adb94d13ad3115d5ad27182ee64d9b25cb682fb4a17c5c0fb7d487b3484
50,C50-C1-110.xyz,https://nanotube.msu.edu/fullerene/C50/C50-C1-110.xyz,50,1,OK,3038,bdc011754e001abad201de6a10ab3b55313aa3150ae7728c8fc2910c191dea01
50,C50-C1-111.xyz,https://nanotube.msu.edu/fullerene/C50/C50-C1-111.xyz,50,1,OK,3038,8b0a646f4624bbdfa198fe23eca0ab636b7e35672c6d04ab2e728e647370ae37
50,C50-C1-112.xyz,https://nanotube.msu.edu/fullerene/C50/C50-C1-112.xyz,50,1,OK,3038,c25ae6075f10030acc3d6f25e2ce4af83c88a1a1eb0bcf43c0de9a3c17bbb912
50,C50-C1-113.xyz,https://nanotube.msu.edu/fullerene/C50/C50-C1-113.xyz,50,1,OK,3038,0f29e0feaffad10aad9c0717d24449b9b47a836aca7f82073bc0bf947f4a841b
50,C50-C1-114.xyz,https://nanotube.msu.edu/fullerene/C50/C50-C1-114.xyz,50,1,OK,3038,45f15be2a29f7ad8ed15db31554cd5553b940de5ee548cc80a5a7d7c5086d671
50,C50-C1-115.xyz,https://nanotube.msu.edu/fullerene/C50/C50-C1-115.xyz,50,1,OK,3038,834659bc007a6951f1cd368f1ed2ae0d8c34ac4ae1fa346603073874bb513ecb
50,C50-C1-117.xyz,https://nanotube.msu.edu/fullerene/C50/C50-C1-117.xyz,50,1,OK,3038,9ceeef388994b7ae2c3ee54dde5a8aa2f495fcb99524b41bc99d1cf05bc03db0
50,C50-C1-118.xyz,https://nanotube.msu.edu/fullerene/C50/C50-C1-118.xyz,50,1,OK,3038,8d0aef36eaa0a9ed37df70f9c139a99512a805f08be01cf956bf17246b6c0f74
50,C50-C1-119.xyz,https://nanotube.msu.edu/fullerene/C50/C50-C1-119.xyz,50,1,OK,3038,6e92279cac0245441a87eeb51ed0da825cd5773646b10fa376b5791771726fe2
50,C50-C1-12.xyz,https://nanotube.msu.edu/fullerene/C50/C50-C1-12.xyz,50,1,OK,3038,1ad8d450905fa4002ced730d541080df0492d0d328fc79f600d88add50896451
50,C50-C1-120.xyz,https://nanotube.msu.edu/fullerene/C50/C50-C1-120.xyz,50,1,OK,3038,612b2889b06033ff346e57dcd87651c511c8af3fba7ab660d0b22fdead8d60fc
50,C50-C1-121.xyz,https://nanotube.msu.edu/fullerene/C50/C50-C1-121.xyz,50,1,OK,3038,1237e61845eac6e203b552e1d5ce034a145b57f3bdf4bc79723ff585f5bcd5eb
50,C50-C1-122.xyz,https://nanotube.msu.edu/fullerene/C50/C50-C1-122.xyz,50,1,OK,3038,7a8b818a7ab0b46291c7df6943e8801fe975a5c228a090a2bcbd3f6528a62dcb
50,C50-C1-123.xyz,https://nanotube.msu.edu/fullerene/C50/C50-C1-123.xyz,50,1,OK,3038,8feecaf4a51126097734e622686fcef76b6b0fecbb5c04b0f4d2257c4d449413
50,C50-C1-124.xyz,https://nanotube.msu.edu/fullerene/C50/C50-C1-124.xyz,50,1,OK,3038,8e47f36bd9cf75b888effcf065c09c02819edbe87b9e5826385f9c586bf57b32
50,C50-C1-126.xyz,https://nanotube.msu.edu/fullerene/C50/C50-C1-126.xyz,50,1,OK,3038,533642b3dc4f21b2b1df0ee87a340688af43a02cbe2b9c0b4252d6afc8dcd09a
50,C50-C1-127.xyz,https://nanotube.msu.edu/fullerene/C50/C50-C1-127.xyz,50,1,OK,3038,6f34d3e5d2a05dd77b71c6533248db60a34511cf083627a0bb71a1f1c58d04ce
50,C50-C1-128.xyz,https://nanotube.msu.edu/fullerene/C50/C50-C1-128.xyz,50,1,OK,3038,a3e50eebd7df00fb0aa0462f19dda1d2ef3c462322aae80a9039d41ff5518774
50,C50-C1-129.xyz,https://nanotube.msu.edu/fullerene/C50/C50-C1-129.xyz,50,1,OK,3038,60d82820b4c261d7b66523256f85dca9e8e1a954040e08356e2dc4b3b4c41880
50,C50-C1-130.xyz,https://nanotube.msu.edu/fullerene/C50/C50-C1-130.xyz,50,1,OK,3038,20a0712fd7d593d584edffdb51a5711e72605402657fe440a5f9a6a86c5d38aa
50,C50-C1-131.xyz,https://nanotube.msu.edu/fullerene/C50/C50-C1-131.xyz,50,1,OK,3038,065723d34c26a6c6c05f99ac0f39e45989e77977067dadcd2a6593c1e99874ae
50,C50-C1-132.xyz,https://nanotube.msu.edu/fullerene/C50/C50-C1-132.xyz,50,1,OK,3038,0387778960f991cac2acaa9b96428083ed60326317e0eaacdeef912966667974
50,C50-C1-133.xyz,https://nanotube.msu.edu/fullerene/C50/C50-C1-133.xyz,50,1,OK,3038,63684c3e6050e2b9734377e8e81fb3e9b9ab8362feef955468e29ac8bd295950
50,C50-C1-134.xyz,https://nanotube.msu.edu/fullerene/C50/C50-C1-134.xyz,50,1,OK,3038,469352d0047b88e8aa0b30c15329a9fe33b19a4780673566303ac94285915881
50,C50-C1-135.xyz,https://nanotube.msu.edu/fullerene/C50/C50-C1-135.xyz,50,1,OK,3038,ac00195c564d6aba08a0f8698e319220095f5be9c3efe4e3566c1e74699936fd
50,C50-C1-136.xyz,https://nanotube.msu.edu/fullerene/C50/C50-C1-136.xyz,50,1,OK,3038,a95e6d7eac78ccbdd6f45ab04668e01c97809444ee66cc45e764f6b96d1c1073
50,C50-C1-137.xyz,https://nanotube.msu.edu/fullerene/C50/C50-C1-137.xyz,50,1,OK,3038,d4b61a63a835e8f4ebb62a3889eebb70b1974765f8da449ad264ac32109014ee
50,C50-C1-139.xyz,https://nanotube.msu.edu/fullerene/C50/C50-C1-139.xyz,50,1,OK,3038,899fb47a660090dde426bf73a85267196e3dc9cf3c3bd35a166f18a8c2bf12c5
50,C50-C1-14.xyz,https://nanotube.msu.edu/fullerene/C50/C50-C1-14.xyz,50,1,OK,3038,cb8f25c24f707e2b30e708444ea6f24e333b3469f1d6e6a77377432efe774a1d
50,C50-C1-140.xyz,https://nanotube.msu.edu/fullerene/C50/C50-C1-140.xyz,50,1,OK,3038,03b7a94e26877d2b6d5ea585c2c95f1ac3ca8e2771fb59c463890bdcecf907ed
50,C50-C1-141.xyz,https://nanotube.msu.edu/fullerene/C50/C50-C1-141.xyz,50,1,OK,3038,3a04bd4a70ab2e56bf5649c2b64716715f83d2fb2069702c8d17036d3bda3a4d
50,C50-C1-142.xyz,https://nanotube.msu.edu/fullerene/C50/C50-C1-142.xyz,50,1,OK,3038,f2ff9be0378050924c1f39c26825a92f214f3075a70a222fc7c5fa6a64806ad6
50,C50-C1-143.xyz,https://nanotube.msu.edu/fullerene/C50/C50-C1-143.xyz,50,1,OK,3038,98058d8941f25944867f20a5a1b4a5bf9cc92b9bab15b897156c29ad911033fc
50,C50-C1-144.xyz,https://nanotube.msu.edu/fullerene/C50/C50-C1-144.xyz,50,1,OK,3038,ad6089cc57172a559472ffd886a831ee6a981e9f0c1e6da8a77447c1f671201c
50,C50-C1-145.xyz,https://nanotube.msu.edu/fullerene/C50/C50-C1-145.xyz,50,1,OK,3038,f59b8774831bc85075caca91d98237f5e25c052888045f6c2e4845eb7fb8474b
50,C50-C1-146.xyz,https://nanotube.msu.edu/fullerene/C50/C50-C1-146.xyz,50,1,OK,3038,e4ba84c0669115a706cf70a00fafba41e870a92f117fccc58881829e39900934
50,C50-C1-147.xyz,https://nanotube.msu.edu/fullerene/C50/C50-C1-147.xyz,50,1,OK,3038,6e076555498b59e4284b43610ded1efbd28403a910a49f8e2cce52b3f44c1342
50,C50-C1-148.xyz,https://nanotube.msu.edu/fullerene/C50/C50-C1-148.xyz,50,1,OK,3038,573745d9166fbc94383e459ae073fcd6bdeb986468041cc5ca86ea2992b50907
50,C50-C1-149.xyz,https://nanotube.msu.edu/fullerene/C50/C50-C1-149.xyz,50,1,OK,3038,ef17de2413c00d3fc168f7644da3774123dd04c416d63c6db0efcfb5b24a092a
50,C50-C1-15.xyz,https://nanotube.msu.edu/fullerene/C50/C50-C1-15.xyz,50,1,OK,3038,b45cbad2c6623a3a5429b130c0164cb23112623417ade533fa338e410f44060e
50,C50-C1-150.xyz,https://nanotube.msu.edu/fullerene/C50/C50-C1-150.xyz,50,1,OK,3038,665ab85c9e3971d1ddf0c4696873897a1b3be253f6001ca5b01e2702d583c164
50,C50-C1-151.xyz,https://nanotube.msu.edu/fullerene/C50/C50-C1-151.xyz,50,1,OK,3038,9745695b99ab2ec01ad61c7cb01b9f2edb40fd88cf4f67383c61c8b0a3fa54bd
50,C50-C1-152.xyz,https://nanotube.msu.edu/fullerene/C50/C50-C1-152.xyz,50,1,OK,3038,ccba6618e905df15bbcfc4723e3cf5ad8004d6465be70c31635cd926aa9df1e9
50,C50-C1-153.xyz,https://nanotube.msu.edu/fullerene/C50/C50-C1-153.xyz,50,1,OK,3038,2212afaf6b83057445f0c99ac0b4fa864a6927172aa6ab2cdb0d4b61a693735c
50,C50-C1-154.xyz,https://nanotube.msu.edu/fullerene/C50/C50-C1-154.xyz,50,1,OK,3038,0aa048d945d7a2d3b4f1146e2e214bc45e603aba91b1c112208f682a3fc3bd22
50,C50-C1-155.xyz,https://nanotube.msu.edu/fullerene/C50/C50-C1-155.xyz,50,1,OK,3038,4c8ac7a9e6048438198d5ba64719ccd3b195b57af8f70c10c7154794c0e289b7
50,C50-C1-159.xyz,https://nanotube.msu.edu/fullerene/C50/C50-C1-159.xyz,50,1,OK,3038,59485ce6384df312e1f060966897e941d95a2d95ce74bfe670cb3b1b593f4b1a
50,C50-C1-16.xyz,https://nanotube.msu.edu/fullerene/C50/C50-C1-16.xyz,50,1,OK,3038,4257637a450201bf452cbf105869d8d24296bba5af980ac1b3ddbfe6d0f21abc
50,C50-C1-160.xyz,https://nanotube.msu.edu/fullerene/C50/C50-C1-160.xyz,50,1,OK,3038,6db76464174f3b6a4bd897cf9cc28f363df4e61019f613965f8fe8f3591d7902
50,C50-C1-161.xyz,https://nanotube.msu.edu/fullerene/C50/C50-C1-161.xyz,50,1,OK,3038,c0f5895010d90b83ca0a79d60af8d5920a40a5751027a4322ff87334a81a87c0
50,C50-C1-163.xyz,https://nanotube.msu.edu/fullerene/C50/C50-C1-163.xyz,50,1,OK,3038,07640df4821939d39db2bccfd037e135c9cb0a678a3080752693648b81c92586
50,C50-C1-164.xyz,https://nanotube.msu.edu/fullerene/C50/C50-C1-164.xyz,50,1,OK,3038,32e15a4275d8b1b97654fb23b7feab94d216e393048802916984099e706b529d
50,C50-C1-165.xyz,https://nanotube.msu.edu/fullerene/C50/C50-C1-165.xyz,50,1,OK,3038,83937f02102c610daa28d3a4d6026ed671de122877a8994eb8037875d1816111
50,C50-C1-166.xyz,https://nanotube.msu.edu/fullerene/C50/C50-C1-166.xyz,50,1,OK,3038,40771a1d5159f0e45bc3bea7829264c489c883dae49f01752c86bf09d21c099a
50,C50-C1-169.xyz,https://nanotube.msu.edu/fullerene/C50/C50-C1-169.xyz,50,1,OK,3038,12b8008db6dcfaa3af8c053539e37be061d35743e896c0ed69068569ec933689
50,C50-C1-17.xyz,https://nanotube.msu.edu/fullerene/C50/C50-C1-17.xyz,50,1,OK,3038,09982cbdc5b31e14e6a56395fd7f37e0295d2e0037c064f7a31b06f950246918
50,C50-C1-170.xyz,https://nanotube.msu.edu/fullerene/C50/C50-C1-170.xyz,50,1,OK,3038,85a5c786cf23901d80b66aaa659c1f4d5e94a6a371cc87674807b146179a4672
50,C50-C1-171.xyz,https://nanotube.msu.edu/fullerene/C50/C50-C1-171.xyz,50,1,OK,3038,fda83e6d4b275478ebe4082d2c7c95cc5fba1a409af62a71a4901856de2645a5
50,C50-C1-172.xyz,https://nanotube.msu.edu/fullerene/C50/C50-C1-172.xyz,50,1,OK,3038,9ae5cf69e0e73b40f4c83c773f4f8a806d1bf1346ad8317ce5eee0635d8515d9
50,C50-C1-173.xyz,https://nanotube.msu.edu/fullerene/C50/C50-C1-173.xyz,50,1,OK,3038,76d88e3015021a40de42cb84575318e769d479e7a6952cce4d9d96ffd6c41894
50,C50-C1-174.xyz,https://nanotube.msu.edu/fullerene/C50/C50-C1-174.xyz,50,1,OK,3038,812eddf6c95cc39b193f3665453bf531f4d3180fe773e969aa99e327c99ded1f
50,C50-C1-176.xyz,https://nanotube.msu.edu/fullerene/C50/C50-C1-176.xyz,50,1,OK,3038,280372a5ce027c6e9232148b106d0eb34c4c5ece3cd809ec0c6a0331b0ce016c
50,C50-C1-177.xyz,https://nanotube.msu.edu/fullerene/C50/C50-C1-177.xyz,50,1,OK,3038,3dc8680c14edfcef2012e89b121e5a491d55d0c097423a65e7cfeb28767837f0
50,C50-C1-178.xyz,https://nanotube.msu.edu/fullerene/C50/C50-C1-178.xyz,50,1,OK,3038,bb41085f558083d2d08f24cc09ce97528252030b25602e0655214ed6f97bda4e
50,C50-C1-182.xyz,https://nanotube.msu.edu/fullerene/C50/C50-C1-182.xyz,50,1,OK,3038,25b2c207405c58a7288b4fcd826af3cf2c652164ae31023c33bd72063dbbb8f5
50,C50-C1-183.xyz,https://nanotube.msu.edu/fullerene/C50/C50-C1-183.xyz,50,1,OK,3038,e1c95a69e3416d701f35a0e3a0a579bb8a95179402c46ee1ab1ca911d6df4bb4
50,C50-C1-184.xyz,https://nanotube.msu.edu/fullerene/C50/C50-C1-184.xyz,50,1,OK,3038,b4516803f6a5d40b336ba49881b782f9904625fadc92e94327c51ef396ec324d
50,C50-C1-186.xyz,https://nanotube.msu.edu/fullerene/C50/C50-C1-186.xyz,50,1,OK,3038,8a79d52fb6f5b4938f5d80f9d554aa01f4a45a112b0f1faf81a6de12d863ffa0
50,C50-C1-187.xyz,https://nanotube.msu.edu/fullerene/C50/C50-C1-187.xyz,50,1,OK,3038,1dc4ed846a5a7da0e9c7b349058e96608e10658612f1baaf19a3cd41c636ec4b
50,C50-C1-188.xyz,https://nanotube.msu.edu/fullerene/C50/C50-C1-188.xyz,50,1,OK,3038,4846fa32f8f22707638b045c6b6cb3da106eae2aa4f0599b93fdeed7802a6695
50,C50-C1-189.xyz,https://nanotube.msu.edu/fullerene/C50/C50-C1-189.xyz,50,1,OK,3038,c70e0e3e1b018f4c94da474fa384543fbe0c9e14f956c7ab4287b344d725d14f
50,C50-C1-19.xyz,https://nanotube.msu.edu/fullerene/C50/C50-C1-19.xyz,50,1,OK,3038,b9e4aa69fe3f3871e3afcc124403f6a01965fed6d9ee8fc334ee29ed36aebc4d
50,C50-C1-190.xyz,https://nanotube.msu.edu/fullerene/C50/C50-C1-190.xyz,50,1,OK,3038,a6167a491adbb6caba20e4b578410054c4275c08828c21f21851f56d7efff394
50,C50-C1-191.xyz,https://nanotube.msu.edu/fullerene/C50/C50-C1-191.xyz,50,1,OK,3038,6c131d834d054883654d898fe9fcaf9b745572dd47f0ef42c17aa522ebace797
50,C50-C1-192.xyz,https://nanotube.msu.edu/fullerene/C50/C50-C1-192.xyz,50,1,OK,3038,883b66cf76e47000ac86f250155b547f6235afbf45fe14bb12fec851a48aeb91
50,C50-C1-193.xyz,https://nanotube.msu.edu/fullerene/C50/C50-C1-193.xyz,50,1,OK,3038,878d0249b119ddb3066b84164e6eb3459b201c3afa6f79fafb25f1f83f8340b7
50,C50-C1-194.xyz,https://nanotube.msu.edu/fullerene/C50/C50-C1-194.xyz,50,1,OK,3038,b46d90d842127df20829fa26e637b0d2c347d57fa5ab56ed09f8c6c876783ce4
50,C50-C1-195.xyz,https://nanotube.msu.edu/fullerene/C50/C50-C1-195.xyz,50,1,OK,3038,d4d5e93dd5c0c70890e3a5640aff161d9f6c6a19fe7ced7f51041d10a0d70e28
50,C50-C1-196.xyz,https://nanotube.msu.edu/fullerene/C50/C50-C1-196.xyz,50,1,OK,3038,6af029f570fb8dd30ccd36af25f65f343818c0a5ffd3ba35d25169e49972b827
50,C50-C1-197.xyz,https://nanotube.msu.edu/fullerene/C50/C50-C1-197.xyz,50,1,OK,3038,dce1a36bdb5701469652d0ef1f14d61c217d8abb67717ea6bd9fc98117e1881d
50,C50-C1-198.xyz,https://nanotube.msu.edu/fullerene/C50/C50-C1-198.xyz,50,1,OK,3038,b25d495b76ee3be9c9d4b35787d8b733150edd6c7e6f81d341d2902ea8453999
50,C50-C1-199.xyz,https://nanotube.msu.edu/fullerene/C50/C50-C1-199.xyz,50,1,OK,3038,5915a28e2bd2bd08dac74152989fb6cba2420f149c722f7f4d0e1c075a084b41
50,C50-C1-20.xyz,https://nanotube.msu.edu/fullerene/C50/C50-C1-20.xyz,50,1,OK,3038,b179a02e8a3e8eb0fad1697bb6664a594bed640f78f8131a7e631b9e8b3ce622
50,C50-C1-200.xyz,https://nanotube.msu.edu/fullerene/C50/C50-C1-200.xyz,50,1,OK,3038,a45ecc100d92dc659086fc5c8e68576caefeb6e8a070158947fb57fbac143a09
50,C50-C1-201.xyz,https://nanotube.msu.edu/fullerene/C50/C50-C1-201.xyz,50,1,OK,3038,3a4f3ee4dc09ace2c512c5a60152cbd409f0a47dcc5c48c5546a54230f64bc35
50,C50-C1-202.xyz,https://nanotube.msu.edu/fullerene/C50/C50-C1-202.xyz,50,1,OK,3038,b4143cd1d1de01e2e11e1076bd62e4fbb128d4b46d6b24fbc204a47e0346eba8
50,C50-C1-204.xyz,https://nanotube.msu.edu/fullerene/C50/C50-C1-204.xyz,50,1,OK,3038,abfe0c20cbf455ab9d6e5956c6d68446363f7caa36ebb53d3160ce83c6f2acf4
50,C50-C1-209.xyz,https://nanotube.msu.edu/fullerene/C50/C50-C1-209.xyz,50,1,OK,3038,6b8e1cb8a70b883e8df521bbb666f42d4ca329ee32bea9397b5b5da03692245e
50,C50-C1-21.xyz,https://nanotube.msu.edu/fullerene/C50/C50-C1-21.xyz,50,1,OK,3038,224af90e20eb998f7ff3374362932e1316c6898ecf20b1ab2630fa74d37f8aaf
50,C50-C1-211.xyz,https://nanotube.msu.edu/fullerene/C50/C50-C1-211.xyz,50,1,OK,3038,80e9af833674c71277610979a485aef877fc5f23529122186c458133377d9650
50,C50-C1-212.xyz,https://nanotube.msu.edu/fullerene/C50/C50-C1-212.xyz,50,1,OK,3038,b80fcf7eeaa2953b59bda4d23ccb3586cb6be6086da94d8f99e06ef8a398e071
50,C50-C1-213.xyz,https://nanotube.msu.edu/fullerene/C50/C50-C1-213.xyz,50,1,OK,3038,e8dd54da3a00b12d2a764f74290f055c1e6f0f8df061aeab9fdab6e65c951fd2
50,C50-C1-215.xyz,https://nanotube.msu.edu/fullerene/C50/C50-C1-215.xyz,50,1,OK,3038,1612afe11b0fa27ce4c3241f60f6df7469fd0470a1362bd22322838830c2f50b
50,C50-C1-216.xyz,https://nanotube.msu.edu/fullerene/C50/C50-C1-216.xyz,50,1,OK,3038,c24f7edc0f865d27e84b425f41d1f2076adf5cb0a877495517031b801ce27ce5
50,C50-C1-217.xyz,https://nanotube.msu.edu/fullerene/C50/C50-C1-217.xyz,50,1,OK,3038,d9bd6917f8042c3dead4cea45fd1a1e5b9f3a5efb0a143ed05b538ce65944c07
50,C50-C1-218.xyz,https://nanotube.msu.edu/fullerene/C50/C50-C1-218.xyz,50,1,OK,3038,f3cb17ee4c2a99ad6c0b289ec9f147aefc7e7304befe7e2c87d4385891955f0d
50,C50-C1-219.xyz,https://nanotube.msu.edu/fullerene/C50/C50-C1-219.xyz,50,1,OK,3038,f81f46dfb321c648cfed98d7d96459f69c2c76afaa5a3dfad885ffdf6973ce69
50,C50-C1-22.xyz,https://nanotube.msu.edu/fullerene/C50/C50-C1-22.xyz,50,1,OK,3038,9403fdf51765ec86213905fa94228d6f77b4ae84161ffe1f975030f0918ca59f
50,C50-C1-220.xyz,https://nanotube.msu.edu/fullerene/C50/C50-C1-220.xyz,50,1,OK,3038,d2d37f3012d2d56a29aea0560c39949d1379285c6361bfc8dc7f9c7a1bd7185f
50,C50-C1-221.xyz,https://nanotube.msu.edu/fullerene/C50/C50-C1-221.xyz,50,1,OK,3038,d6877ac64e6e97122e884298f5ef351ad087f322b3e36917e2759e72f939aa7d
50,C50-C1-222.xyz,https://nanotube.msu.edu/fullerene/C50/C50-C1-222.xyz,50,1,OK,3038,5f5ee6ccaa2b8e8902ccb03d20e2a2b7d06f68c1b28b1892f34243be5636d190
50,C50-C1-223.xyz,https://nanotube.msu.edu/fullerene/C50/C50-C1-223.xyz,50,1,OK,3038,5f4780a1fab17c8ff9df1b850c601c407124afa3fa21c6edd69642c1a5e79924
50,C50-C1-224.xyz,https://nanotube.msu.edu/fullerene/C50/C50-C1-224.xyz,50,1,OK,3038,ac0d5f82c86e686420641d816d7c35ed30aa735e9911f2c19b20df42639894b5
50,C50-C1-225.xyz,https://nanotube.msu.edu/fullerene/C50/C50-C1-225.xyz,50,1,OK,3038,c51626d0e57310afdcc886434fc27d52b2f9ff82dfa21594ac19319512e550a9
50,C50-C1-227.xyz,https://nanotube.msu.edu/fullerene/C50/C50-C1-227.xyz,50,1,OK,3038,b648f8365c74e41c3d98976a5207b96de035e08e1cb2de18d4bc17d95b0c1bda
50,C50-C1-228.xyz,https://nanotube.msu.edu/fullerene/C50/C50-C1-228.xyz,50,1,OK,3038,61b48509323103918b4360a2de23dd13f7f2f8d7399301bf5d7e24900218e46c
50,C50-C1-23.xyz,https://nanotube.msu.edu/fullerene/C50/C50-C1-23.xyz,50,1,OK,3038,2665fd1098098f345f7d94bd18a387b449478e45ca1ba4bd2dd8a011f250d739
50,C50-C1-230.xyz,https://nanotube.msu.edu/fullerene/C50/C50-C1-230.xyz,50,1,OK,3038,ea86d866ff09421aa9b4271e5c102025e4ed4589ef308fb131af826ed3ef0618
50,C50-C1-231.xyz,https://nanotube.msu.edu/fullerene/C50/C50-C1-231.xyz,50,1,OK,3038,3e7cd2c00f2c0fab12d4338522985fac426b454c063736d223efc536261e536f
50,C50-C1-232.xyz,https://nanotube.msu.edu/fullerene/C50/C50-C1-232.xyz,50,1,OK,3038,c78953ba172eb1eb6775fb54eda85cc768db6c43ec3d1541f12c3b8000abee3b
50,C50-C1-233.xyz,https://nanotube.msu.edu/fullerene/C50/C50-C1-233.xyz,50,1,OK,3038,b008228cc47d45a513b9d79bf759c68f25e395e5e160629d24afb13af3dbd34c
50,C50-C1-235.xyz,https://nanotube.msu.edu/fullerene/C50/C50-C1-235.xyz,50,1,OK,3038,25c23c30d3226ed387b69baae242ec95d97897c773164be2aa375bc050c028c8
50,C50-C1-236.xyz,https://nanotube.msu.edu/fullerene/C50/C50-C1-236.xyz,50,1,OK,3038,d1e578e1e5bdecf1ed61e4351ac660eb6cb5bb2d577e3ea44e7fe35fa5d3a2e3
50,C50-C1-237.xyz,https://nanotube.msu.edu/fullerene/C50/C50-C1-237.xyz,50,1,OK,3038,9002988b439d173c8bdefa3f2f076f1d3376d48cb8425bb259b37b55dc8bc528
50,C50-C1-239.xyz,https://nanotube.msu.edu/fullerene/C50/C50-C1-239.xyz,50,1,OK,3038,aea8c0379e9dddff7404c96eceb0c5335947a6096ca02731d2b8e3648c2b4a97
50,C50-C1-240.xyz,https://nanotube.msu.edu/fullerene/C50/C50-C1-240.xyz,50,1,OK,3038,ba11599f5110461b32a5890f0bc4a50b0df2c56af6ca6f8271d05d4717c8169b
50,C50-C1-241.xyz,https://nanotube.msu.edu/fullerene/C50/C50-C1-241.xyz,50,1,OK,3038,f7b1ef804ada12fe63210dc218023190e66bf65a9bfc8a6b0cb3d558077fb003
50,C50-C1-243.xyz,https://nanotube.msu.edu/fullerene/C50/C50-C1-243.xyz,50,1,OK,3038,88a729a2588c640b824dda465933158534ae1ee79ee6657585f03699c850aa71
50,C50-C1-244.xyz,https://nanotube.msu.edu/fullerene/C50/C50-C1-244.xyz,50,1,OK,3038,842d3f81a1108af4decfb8443d451a40763d081d62956a448fba42b60a4367e2
50,C50-C1-245.xyz,https://nanotube.msu.edu/fullerene/C50/C50-C1-245.xyz,50,1,OK,3038,204b00c1d997f4409f18ad91cd1a40715b4826b9d046228b0acc8b65647c3d88
50,C50-C1-246.xyz,https://nanotube.msu.edu/fullerene/C50/C50-C1-246.xyz,50,1,OK,3038,a6f699963964ed22226427ebac0687ec0fab61cf45b1834cddb6d0d20caa17da
50,C50-C1-248.xyz,https://nanotube.msu.edu/fullerene/C50/C50-C1-248.xyz,50,1,OK,3038,809c366860f8cea6c39b6a5d2f345da3720979e86bc7ca287ee2f77917909510
50,C50-C1-249.xyz,https://nanotube.msu.edu/fullerene/C50/C50-C1-249.xyz,50,1,OK,3038,5c6692183d372ddbdbf5e892d0c9a08ec0c8971dbebaeb0b0cbb4e8758fbf3d1
50,C50-C1-25.xyz,https://nanotube.msu.edu/fullerene/C50/C50-C1-25.xyz,50,1,OK,3038,8ad7cd14dcae82008dc06183eec824bac1430ee850d568ebf40874de56b663ad
50,C50-C1-251.xyz,https://nanotube.msu.edu/fullerene/C50/C50-C1-251.xyz,50,1,OK,3038,b40ea54c8800c06b6d8f38ce7095ab467ac8539ab666377734e30e162ee921ff
50,C50-C1-252.xyz,https://nanotube.msu.edu/fullerene/C50/C50-C1-252.xyz,50,1,OK,3038,dd960ff1bdae97efda25c5f2a1cc4b7ddee3423233215fa3361706e19f6fcf26
50,C50-C1-259.xyz,https://nanotube.msu.edu/fullerene/C50/C50-C1-259.xyz,50,1,OK,3038,8903d2cc48e5057296856230b8f3932344172c45e6201482dd797970f0691979
50,C50-C1-26.xyz,https://nanotube.msu.edu/fullerene/C50/C50-C1-26.xyz,50,1,OK,3038,ecd2cfdbfa44c28e6cbbccce578740a73f0f56c986c6def469bf51f057ec8db7
50,C50-C1-268.xyz,https://nanotube.msu.edu/fullerene/C50/C50-C1-268.xyz,50,1,OK,3038,410657d75ee455b9693d630dcbc21bce104f6254bd9901f95b16a27c4040455d
50,C50-C1-28.xyz,https://nanotube.msu.edu/fullerene/C50/C50-C1-28.xyz,50,1,OK,3038,b5e1d4ee510a0d39183a296195e0803e18dcb80fae9e7819ee10d7459beb7556
50,C50-C1-29.xyz,https://nanotube.msu.edu/fullerene/C50/C50-C1-29.xyz,50,1,OK,3038,3aa6413c2e5ab607aaa72af66d7d91bd917b8007b1e14bfd36720c11b7e4166c
50,C50-C1-30.xyz,https://nanotube.msu.edu/fullerene/C50/C50-C1-30.xyz,50,1,OK,3038,e117213e7d360dc3feccb0e4d4cf145411ce287695d62ec5438d66058aa65ef9
50,C50-C1-31.xyz,https://nanotube.msu.edu/fullerene/C50/C50-C1-31.xyz,50,1,OK,3038,53bd80857d00f91f4cca33965abb55620cfac9fb63ad3a7258dfdadb2229589e
50,C50-C1-34.xyz,https://nanotube.msu.edu/fullerene/C50/C50-C1-34.xyz,50,1,OK,3038,a3cb7fa18c8bbf34a4c709650d64c94a6c0f24a9ce9be250f5bc3ab3cb969c54
50,C50-C1-35.xyz,https://nanotube.msu.edu/fullerene/C50/C50-C1-35.xyz,50,1,OK,3038,7847434bf0fb9c8a1531c528c9a3f0def0bcec8173db907f43cd691d16aef933
50,C50-C1-36.xyz,https://nanotube.msu.edu/fullerene/C50/C50-C1-36.xyz,50,1,OK,3038,219ed5c4ba1abbdd37b9f39a7748700bb13838d743a58af7fbfd1e7511659617
50,C50-C1-37.xyz,https://nanotube.msu.edu/fullerene/C50/C50-C1-37.xyz,50,1,OK,3038,6b8acd587548ab3ded6c625b210ff7cfd1440c8cd6dd29c190a390ee12062f5e
50,C50-C1-38.xyz,https://nanotube.msu.edu/fullerene/C50/C50-C1-38.xyz,50,1,OK,3038,c34395f85e4d7341b7e7d033f290bbdcacc325153fe49a8f8006627242a7f0ab
50,C50-C1-39.xyz,https://nanotube.msu.edu/fullerene/C50/C50-C1-39.xyz,50,1,OK,3038,e812508f47ae8ceae8cf29bbb8c143c7b93ba09fe9f18707d0eb84feeaee8c51
50,C50-C1-40.xyz,https://nanotube.msu.edu/fullerene/C50/C50-C1-40.xyz,50,1,OK,3038,c91f3f3a448a6e1b125fabcd6a2073a70cc7ff0cd142d6e367377d98b1c5f140
50,C50-C1-41.xyz,https://nanotube.msu.edu/fullerene/C50/C50-C1-41.xyz,50,1,OK,3038,4ba0b9b0641ee8e7e6d1e9cd62e7e4dbd23b99b3b6b187bb595bd8ecd9344a36
50,C50-C1-44.xyz,https://nanotube.msu.edu/fullerene/C50/C50-C1-44.xyz,50,1,OK,3038,1503652ea10106b0245667fd13bc5f28c5b18e5e1414e100c43b6db14da22822
50,C50-C1-45.xyz,https://nanotube.msu.edu/fullerene/C50/C50-C1-45.xyz,50,1,OK,3038,fd4f1ccd2012d028fd1e02c0d45ac01d28cc329cb4cd60e814cf6be2a0c85ff9
50,C50-C1-46.xyz,https://nanotube.msu.edu/fullerene/C50/C50-C1-46.xyz,50,1,OK,3038,5b2b1d98e1acf2df52cf78ba59981ad06caa2c7ef72d9abb0438853f48492d98
50,C50-C1-47.xyz,https://nanotube.msu.edu/fullerene/C50/C50-C1-47.xyz,50,1,OK,3038,5e4afeafc4d0381d502ed4c89cffa048529dbeb958147c05288f22fe1f24cb0c
50,C50-C1-48.xyz,https://nanotube.msu.edu/fullerene/C50/C50-C1-48.xyz,50,1,OK,3038,966453c3572beb23adbbdd81199c9811d459cad353c0403e7a86d4d26b0c8f17
50,C50-C1-49.xyz,https://nanotube.msu.edu/fullerene/C50/C50-C1-49.xyz,50,1,OK,3038,2d7024e4b25b60bf4dfad3d11ec574a63cd625b6e977ed00c2ffb3cc0d454c9c
50,C50-C1-50.xyz,https://nanotube.msu.edu/fullerene/C50/C50-C1-50.xyz,50,1,OK,3038,5fd26b2b4c8293d5cbca2d8902e02b263adc9a3105938ac0ffcc0eee7c936162
50,C50-C1-51.xyz,https://nanotube.msu.edu/fullerene/C50/C50-C1-51.xyz,50,1,OK,3038,57564451e63e3bc7e8f2ebee4a8e1be20a27b0604c0fd30e33e339ff4425fcfb
50,C50-C1-52.xyz,https://nanotube.msu.edu/fullerene/C50/C50-C1-52.xyz,50,1,OK,3038,b442c16213469dc4ceec80d80e27da478caec2899b954dfc7f48dfee00cf387a
50,C50-C1-53.xyz,https://nanotube.msu.edu/fullerene/C50/C50-C1-53.xyz,50,1,OK,3038,d7c745288efcd0db6457f18ea36714e32f8cbdb8732c132c7976e7badeddcba9
50,C50-C1-54.xyz,https://nanotube.msu.edu/fullerene/C50/C50-C1-54.xyz,50,1,OK,3038,42ee698fad8847f2de79ef8f0b76ab4b7795e3e748b6941a7b20d96d717a2dd5
50,C50-C1-55.xyz,https://nanotube.msu.edu/fullerene/C50/C50-C1-55.xyz,50,1,OK,3038,4037bb9d497ce08a77c33fb4a97fbb894c533d8745245b3078a6fddba1f81f2c
50,C50-C1-56.xyz,https://nanotube.msu.edu/fullerene/C50/C50-C1-56.xyz,50,1,OK,3038,1bb0cbe9014efecc0196660f0f8207ec2978410c8329b411c74f9b61542c55de
50,C50-C1-57.xyz,https://nanotube.msu.edu/fullerene/C50/C50-C1-57.xyz,50,1,OK,3038,db323a31291dcf19ae1dd1240cc2810b9f4e013771bf1fdac7cf571ca4016185
50,C50-C1-58.xyz,https://nanotube.msu.edu/fullerene/C50/C50-C1-58.xyz,50,1,OK,3038,1608552a152adf998d4c35a9ecdd86aa346a041608452339d77b12cc216d5652
50,C50-C1-59.xyz,https://nanotube.msu.edu/fullerene/C50/C50-C1-59.xyz,50,1,OK,3038,46c8bb2ddf8ce78abfe778b156dd6fd2197efeb2814f0e19283845a43445f9f4
50,C50-C1-60.xyz,https://nanotube.msu.edu/fullerene/C50/C50-C1-60.xyz,50,1,OK,3038,9b0d8b2ee7c9af3e792ec9726fe278a8e6827cca8bbbbf207761edcc436f7a5d
50,C50-C1-62.xyz,https://nanotube.msu.edu/fullerene/C50/C50-C1-62.xyz,50,1,OK,3038,f00520c36ebe4daf934c72a0ffae4f82e2d7b0b3070d290f54d19d1bcd8dc744
50,C50-C1-63.xyz,https://nanotube.msu.edu/fullerene/C50/C50-C1-63.xyz,50,1,OK,3038,0f5c6f853571ed94b5a5109f761b511a2b17c40613f6f1299427cf77a1db8bf2
50,C50-C1-65.xyz,https://nanotube.msu.edu/fullerene/C50/C50-C1-65.xyz,50,1,OK,3038,8ee07b0dc86fa1bb4bf7b52d9468ba8e6e11b5e825c12cba7ec524650fb44969
50,C50-C1-66.xyz,https://nanotube.msu.edu/fullerene/C50/C50-C1-66.xyz,50,1,OK,3038,83758e530441e85a1b80542050d98d54a6f0d46f805883b13140db89de98f93e
50,C50-C1-68.xyz,https://nanotube.msu.edu/fullerene/C50/C50-C1-68.xyz,50,1,OK,3038,d097b49dd3550b9d7d50487efec4eb9bddce4f7d930565df6d5a592104982e5a
50,C50-C1-7.xyz,https://nanotube.msu.edu/fullerene/C50/C50-C1-7.xyz,50,1,OK,3038,6ebc221fd8409cea22c45a3e3e457c687f7dff2aa6cc84f0bbe50cd39cf234b0
50,C50-C1-70.xyz,https://nanotube.msu.edu/fullerene/C50/C50-C1-70.xyz,50,1,OK,3038,2542ab72855f3a8d9d310228a6f6d561b95c3286cd55898111dd5d198c6d1067
50,C50-C1-71.xyz,https://nanotube.msu.edu/fullerene/C50/C50-C1-71.xyz,50,1,OK,3038,7c764fd5fea00c1bb5cf03e31a6eaac1e91dc503564bdeeedc61030ef1972c47
50,C50-C1-73.xyz,https://nanotube.msu.edu/fullerene/C50/C50-C1-73.xyz,50,1,OK,3038,fb481cc1d150e3d3fb80eec99dc1649a5ab4f94ed14ae420c2c451061aba5f7f
50,C50-C1-75.xyz,https://nanotube.msu.edu/fullerene/C50/C50-C1-75.xyz,50,1,OK,3038,df795bf48e6433905d0dfa969ad5e69832d17ff3fe1507babb5a662688684f25
50,C50-C1-76.xyz,https://nanotube.msu.edu/fullerene/C50/C50-C1-76.xyz,50,1,OK,3038,3ab896abb1fb7abff90e747ffcbdebd4fa11d44c762c448fbd35f4c8d77b4afa
50,C50-C1-77.xyz,https://nanotube.msu.edu/fullerene/C50/C50-C1-77.xyz,50,1,OK,3038,ac87268bf41b017441833f897ff64038efa8541800471f011b0ed1abdc3a432f
50,C50-C1-79.xyz,https://nanotube.msu.edu/fullerene/C50/C50-C1-79.xyz,50,1,OK,3038,615a66a8c9092b5cf17dae5e83d0efd1191b6ad2dfa9ca7af365df7933e016f5
50,C50-C1-81.xyz,https://nanotube.msu.edu/fullerene/C50/C50-C1-81.xyz,50,1,OK,3038,2535ea61d3e08c199f56404a2464b6a85a9e97913456ac7bfa5212413c9e902b
50,C50-C1-82.xyz,https://nanotube.msu.edu/fullerene/C50/C50-C1-82.xyz,50,1,OK,3038,7acec8123150c7c0874cee2610cf0b3a5303fee1c37072efe2520859694bf653
50,C50-C1-83.xyz,https://nanotube.msu.edu/fullerene/C50/C50-C1-83.xyz,50,1,OK,3038,c811754bcd3735d3628ad50b55c797aeab0268a10e60faf55baaf741a4987777
50,C50-C1-84.xyz,https://nanotube.msu.edu/fullerene/C50/C50-C1-84.xyz,50,1,OK,3038,afe686917f9614f9b3f1a582a177902388e5a6599242f27f3f500d3cdd43f35e
50,C50-C1-85.xyz,https://nanotube.msu.edu/fullerene/C50/C50-C1-85.xyz,50,1,OK,3038,1e8ce9b0e3798cbac62e47d313c52e7f545ab296408c8ad7dfa660e73d13fca9
50,C50-C1-87.xyz,https://nanotube.msu.edu/fullerene/C50/C50-C1-87.xyz,50,1,OK,3038,e1769991d17d8bfdc380f345c89890fd3f7c03f2a0c1551fc79484755a6309f4
50,C50-C1-89.xyz,https://nanotube.msu.edu/fullerene/C50/C50-C1-89.xyz,50,1,OK,3038,b93a06b7220991fd80be32b1e7fb82c5eeaf07fa17504d1e846b6ddc2bb04bd5
50,C50-C1-9.xyz,https://nanotube.msu.edu/fullerene/C50/C50-C1-9.xyz,50,1,OK,3038,6f78b2cb4a0f689277f523e7a17dcfd3120e6616bb10257aac826a15086dd957
50,C50-C1-90.xyz,https://nanotube.msu.edu/fullerene/C50/C50-C1-90.xyz,50,1,OK,3038,a2071d67409c8d735aeceed05c3f50e26c94bf43454ea138fae55d08911a64fe
50,C50-C1-94.xyz,https://nanotube.msu.edu/fullerene/C50/C50-C1-94.xyz,50,1,OK,3038,d5c21c6359921fadac67b4feea63b45ca1cb81a295448fbc280829f18f4c53d2
50,C50-C1-96.xyz,https://nanotube.msu.edu/fullerene/C50/C50-C1-96.xyz,50,1,OK,3038,1dc7c528a14927c4cbc825d6be47dd8e7dba629b120739d51f58d46eb122890f
50,C50-C1-97.xyz,https://nanotube.msu.edu/fullerene/C50/C50-C1-97.xyz,50,1,OK,3038,354f74dfcd87568847b1dfd28bd00c4864400133c03593fba4fffe1376e95bcc
50,C50-C1-98.xyz,https://nanotube.msu.edu/fullerene/C50/C50-C1-98.xyz,50,1,OK,3038,33acf2192127cc1f07af6e4b7c87109f68d281f4eee0588369fcb3ad0a31149b
50,C50-C1-99.xyz,https://nanotube.msu.edu/fullerene/C50/C50-C1-99.xyz,50,1,OK,3038,9a8df2248b878f2d52dc80fabd40f9867f9673619631981f0d2851b252b6fbdb
50,C50-C2-108.xyz,https://nanotube.msu.edu/fullerene/C50/C50-C2-108.xyz,50,1,OK,3038,da5802004c83874f6aac79d5c29a9511a659019efebff896e3a7bf7f8eeb6776
50,C50-C2-116.xyz,https://nanotube.msu.edu/fullerene/C50/C50-C2-116.xyz,50,1,OK,3038,9744a05b84505f5004578b01668faaefe2aae900e4d747d1cc77c86afd2df60c
50,C50-C2-138.xyz,https://nanotube.msu.edu/fullerene/C50/C50-C2-138.xyz,50,1,OK,3038,43eef61a15d9261895ec7c29fc5c72f3e418447ec3f98241bf2c0d0505b5891b
50,C50-C2-156.xyz,https://nanotube.msu.edu/fullerene/C50/C50-C2-156.xyz,50,1,OK,3038,b52e856ee29d4f424188000ea5ca218f1e291bc3e3977cbaaaa9c86eed0db657
50,C50-C2-167.xyz,https://nanotube.msu.edu/fullerene/C50/C50-C2-167.xyz,50,1,OK,3038,4b5b135531ec03c2594e5a7ae5fda26b7dc17e643be138c8901248fd21dc19ca
50,C50-C2-175.xyz,https://nanotube.msu.edu/fullerene/C50/C50-C2-175.xyz,50,1,OK,3038,0b95cd5707f0e05e73dc5372e3f0ba19dd16ebf7d9d456e86dcd2a6de779259c
50,C50-C2-18.xyz,https://nanotube.msu.edu/fullerene/C50/C50-C2-18.xyz,50,1,OK,3038,dece0dacf6af9b7a4a8928815d64c560f136d5bda38669b9706b75a448bad995
50,C50-C2-180.xyz,https://nanotube.msu.edu/fullerene/C50/C50-C2-180.xyz,50,1,OK,3038,48a235fa699054d9b0691531f34d04ab73ac97d92f216613bd75680864d6fb66
50,C50-C2-2.xyz,https://nanotube.msu.edu/fullerene/C50/C50-C2-2.xyz,50,1,OK,3038,5c3cdc338c76aced7dd34239b66286db148307ca5b3843dd774e789b32c6e1b8
50,C50-C2-203.xyz,https://nanotube.msu.edu/fullerene/C50/C50-C2-203.xyz,50,1,OK,3038,459dfad6303320e2ca37b1bb73ef58e8dda1947da576d61db0f26ce882ba2a94
50,C50-C2-205.xyz,https://nanotube.msu.edu/fullerene/C50/C50-C2-205.xyz,50,1,OK,3038,7e2cd9971f6fb1c4149fa20d7def682dfa28ee1d682b752398d3dc947a772623
50,C50-C2-210.xyz,https://nanotube.msu.edu/fullerene/C50/C50-C2-210.xyz,50,1,OK,3038,2d9aa084677814b0a3664125367115ab4acfe24aebd4a7d9553911760b7a0253
50,C50-C2-214.xyz,https://nanotube.msu.edu/fullerene/C50/C50-C2-214.xyz,50,1,OK,3038,19897f21d68e0c812a6d00a24b7672f34ac8bade10643af3d12b1a9d4a4c8679
50,C50-C2-226.xyz,https://nanotube.msu.edu/fullerene/C50/C50-C2-226.xyz,50,1,OK,3038,0de29365b93c80eb2650efcf45635cf7c596f65d5d733d104c2f83ddb243e63c
50,C50-C2-229.xyz,https://nanotube.msu.edu/fullerene/C50/C50-C2-229.xyz,50,1,OK,3038,912e125826b6aeb7a14888c18a299bae858ed71556740bcf2aa2887debeac924
50,C50-C2-234.xyz,https://nanotube.msu.edu/fullerene/C50/C50-C2-234.xyz,50,1,OK,3038,3130ee60a259cc71fea6262ab35946b02de629dad94b5befa44a9b044b96e66f
50,C50-C2-238.xyz,https://nanotube.msu.edu/fullerene/C50/C50-C2-238.xyz,50,1,OK,3038,9d24a5a234c99e5293363844b23dc9f4cbdd433e79c7ef09eb0b0131fba87198
50,C50-C2-24.xyz,https://nanotube.msu.edu/fullerene/C50/C50-C2-24.xyz,50,1,OK,3038,3edc15fb732cef0208d81712a76d4f841262f321edbb39271f4f148177b5e445
50,C50-C2-250.xyz,https://nanotube.msu.edu/fullerene/C50/C50-C2-250.xyz,50,1,OK,3038,e92cb8ecab90d0d5747af054048fa83d3a9144db607f016c43038c2dc156b2d3
50,C50-C2-254.xyz,https://nanotube.msu.edu/fullerene/C50/C50-C2-254.xyz,50,1,OK,3038,79a208ce9a83d173d50f243535b0065ee4b2d67306e397214d5b533e7b9d9950
50,C50-C2-255.xyz,https://nanotube.msu.edu/fullerene/C50/C50-C2-255.xyz,50,1,OK,3038,04e8af659aa199c2a35bca7a9aa899623a6f7ff557c995fd7e1245c503c43657
50,C50-C2-257.xyz,https://nanotube.msu.edu/fullerene/C50/C50-C2-257.xyz,50,1,OK,3038,c1d9b2f1ff3adee77f722229d6b0e8c79a05fc30a9b694a1e77e2687ef4afaf7
50,C50-C2-260.xyz,https://nanotube.msu.edu/fullerene/C50/C50-C2-260.xyz,50,1,OK,3038,a77c83d8cff69be7b725386423d9f032391b440d1aae39323c4ae854f5100df3
50,C50-C2-261.xyz,https://nanotube.msu.edu/fullerene/C50/C50-C2-261.xyz,50,1,OK,3038,1e468b443f26a5c0118fe5d9816a8c715a23834993c681667a27cd7d845a7440
50,C50-C2-263.xyz,https://nanotube.msu.edu/fullerene/C50/C50-C2-263.xyz,50,1,OK,3038,532ecdf55891861c846b9d11a46cb4a56c2f4185b5b7a38a0bf67303ce91b9f6
50,C50-C2-265.xyz,https://nanotube.msu.edu/fullerene/C50/C50-C2-265.xyz,50,1,OK,3038,c1e34362d88a2034b464f00f055abd0304a330b5226a3c604872097ef2521b48
50,C50-C2-269.xyz,https://nanotube.msu.edu/fullerene/C50/C50-C2-269.xyz,50,1,OK,3038,c52dbed917474078d7cdb2b7c89c8120f2c992538bd7c6ccd8531c310a9152f3
50,C50-C2-27.xyz,https://nanotube.msu.edu/fullerene/C50/C50-C2-27.xyz,50,1,OK,3038,79dd122d907c4d46ec06b2c8f48cebb1bc2be1cf128183323657a9591ae56114
50,C50-C2-6.xyz,https://nanotube.msu.edu/fullerene/C50/C50-C2-6.xyz,50,1,OK,3038,c3b9df16cc04c51ee3ea84bdf135116d11dc5c368f4008d91dea4dba5f0184b1
50,C50-C2-61.xyz,https://nanotube.msu.edu/fullerene/C50/C50-C2-61.xyz,50,1,OK,3038,2b0ce762ecb5d86666fbf652f45e511af52162218f2017a595a6ad25a8aaf8de
50,C50-C2-64.xyz,https://nanotube.msu.edu/fullerene/C50/C50-C2-64.xyz,50,1,OK,3038,2293067021ebb472f1647a6b2099faa7f898b7598e35461200ea32eff3ba632c
50,C50-C2-67.xyz,https://nanotube.msu.edu/fullerene/C50/C50-C2-67.xyz,50,1,OK,3038,b26831cb5786ad60b8e4ff979ef6e936865a2121618b01422e317adab0466150
50,C50-C2-74.xyz,https://nanotube.msu.edu/fullerene/C50/C50-C2-74.xyz,50,1,OK,3038,c5f6db5520419274cae8a13010c49f7e194847b57e26298348f4dcebeb9c73d1
50,C50-C2-78.xyz,https://nanotube.msu.edu/fullerene/C50/C50-C2-78.xyz,50,1,OK,3038,e7b1c4c12ffc05dc9cede1dc7b4f464361f2bf0e8b9f90f3a5dbfe5e9595b970
50,C50-C2-80.xyz,https://nanotube.msu.edu/fullerene/C50/C50-C2-80.xyz,50,1,OK,3038,31d11d7d98de98e4ac4bd9b56f254bb8a26d6e3b7d201d1620297e17966191d4
50,C50-C2-93.xyz,https://nanotube.msu.edu/fullerene/C50/C50-C2-93.xyz,50,1,OK,3038,60925375e3626103a4760893c514ab8e690e95e48493d9a5df3d58ab0761e075
50,C50-C2-95.xyz,https://nanotube.msu.edu/fullerene/C50/C50-C2-95.xyz,50,1,OK,3038,82f961c8e410e36ff449029da63757e409240af8c88ae0c72e630a75af0ed119
50,C50-C2v-125.xyz,https://nanotube.msu.edu/fullerene/C50/C50-C2v-125.xyz,50,1,OK,3038,26b868242240be1e486ed6e4c337ff9f08836d39e510dbd47cd2851d7d7bfbeb
50,C50-C2v-13.xyz,https://nanotube.msu.edu/fullerene/C50/C50-C2v-13.xyz,50,1,OK,3038,985ab5d1a81a1fe96d835ef6ee3ebb56ff394b2c5ce9a936e5e920bff1ac5808
50,C50-C2v-179.xyz,https://nanotube.msu.edu/fullerene/C50/C50-C2v-179.xyz,50,1,OK,3038,bbb5869bdec202db8b529ff078af13e6df413be41788367fd88106601236638d
50,C50-C2v-242.xyz,https://nanotube.msu.edu/fullerene/C50/C50-C2v-242.xyz,50,1,OK,3038,6da04b061cf57f0fb2e1ad8702a071d828329b0aef54976f2274b3892f21c372
50,C50-C2v-256.xyz,https://nanotube.msu.edu/fullerene/C50/C50-C2v-256.xyz,50,1,OK,3038,3f4177f9f1de43350df9057eb46e287ab4e5cd0864af275b299a84ea94e75fe3
50,C50-C2v-43.xyz,https://nanotube.msu.edu/fullerene/C50/C50-C2v-43.xyz,50,1,OK,3038,eda48bcd26ab7d5e8f354cfa77f0d9e37734f407df15e54a6b6f507e1485920f
50,C50-C3-208.xyz,https://nanotube.msu.edu/fullerene/C50/C50-C3-208.xyz,50,1,OK,3038,33db2c2ec33055d725af90334f9d3bc75005f2c62cbdfe27318fb88ddfac05c9
50,C50-C3-258.xyz,https://nanotube.msu.edu/fullerene/C50/C50-C3-258.xyz,50,1,OK,3038,03376e8389218281b3708584489e032776d8028f7785c848b04c757d4d20c109
50,C50-C3v-157.xyz,https://nanotube.msu.edu/fullerene/C50/C50-C3v-157.xyz,50,1,OK,3038,38677663f8d1aeb65946ea759caca4792d5f89d3fc92e388262e33f1864fdc39
50,C50-Cs-100.xyz,https://nanotube.msu.edu/fullerene/C50/C50-Cs-100.xyz,50,1,OK,3038,d18a856c38900a63c5d4d048134918ccb1fa92571a064a49eb185a460e2d3969
50,C50-Cs-158.xyz,https://nanotube.msu.edu/fullerene/C50/C50-Cs-158.xyz,50,1,OK,3038,a81c94f2709302f4f45ee5ed45c477192bc4e24d2c49f9235f44652e574a2bbd
50,C50-Cs-162.xyz,https://nanotube.msu.edu/fullerene/C50/C50-Cs-162.xyz,50,1,OK,3038,65d720d9f661a5a84670a509d583cb1076e060943d7cc7ad86f218ac88c3d4f7
50,C50-Cs-168.xyz,https://nanotube.msu.edu/fullerene/C50/C50-Cs-168.xyz,50,1,OK,3038,8ee746e70db4b1c95f6579825ea2ed98b773af1c69175fc55667e58e21d4678f
50,C50-Cs-185.xyz,https://nanotube.msu.edu/fullerene/C50/C50-Cs-185.xyz,50,1,OK,3038,35dbfe73783bb4630ed08aa884076aac4b9dfb5c8b2da8a029487ddb12452a7d
50,C50-Cs-206.xyz,https://nanotube.msu.edu/fullerene/C50/C50-Cs-206.xyz,50,1,OK,3038,4c69e0ed193b66fe1b911e0b069df54009a62af02997c859660331b96d3c27d3
50,C50-Cs-207.xyz,https://nanotube.msu.edu/fullerene/C50/C50-Cs-207.xyz,50,1,OK,3038,0d42684c5685e35d4c0075e9ec442fee24730ce6fa937b3582c3cc50e27857e3
50,C50-Cs-247.xyz,https://nanotube.msu.edu/fullerene/C50/C50-Cs-247.xyz,50,1,OK,3038,0252bb02da94a4c5426d831b330831645b0019e9f43dd1e01a18f6e0163fa39b
50,C50-Cs-253.xyz,https://nanotube.msu.edu/fullerene/C50/C50-Cs-253.xyz,50,1,OK,3038,ebca4f9adc963d0872ac299ee47ff50c51491ffa6c74e93e2e6f5a1b0b81aed9
50,C50-Cs-262.xyz,https://nanotube.msu.edu/fullerene/C50/C50-Cs-262.xyz,50,1,OK,3038,624d049f8df76db9596354b4531a442bf5556ad54e063043dad3c58ebfaa945a
50,C50-Cs-264.xyz,https://nanotube.msu.edu/fullerene/C50/C50-Cs-264.xyz,50,1,OK,3038,0ac4d137ff34ad271270aad935cda9c206ad329f2250276268f5a8d5daecfd11
50,C50-Cs-266.xyz,https://nanotube.msu.edu/fullerene/C50/C50-Cs-266.xyz,50,1,OK,3038,4cde443fda7bdaf4feb8f6af0baf30884d8017bed0bc0ed4ff3dd3c1af4dddc3
50,C50-Cs-267.xyz,https://nanotube.msu.edu/fullerene/C50/C50-Cs-267.xyz,50,1,OK,3038,2e1cf71aa342e90833ba85ff6d628a7c71b6370879f5eca338c66ac0e422da96
50,C50-Cs-32.xyz,https://nanotube.msu.edu/fullerene/C50/C50-Cs-32.xyz,50,1,OK,3038,d3f02a3196401db3e4b042f0df2c8e3be7e4fdbe21b8af7f488b89ba0402ff4e
50,C50-Cs-33.xyz,https://nanotube.msu.edu/fullerene/C50/C50-Cs-33.xyz,50,1,OK,3038,316e449de876ffeece950558fb9f4e3be752883470070de78266d8fe31371b22
50,C50-Cs-4.xyz,https://nanotube.msu.edu/fullerene/C50/C50-Cs-4.xyz,50,1,OK,3038,73db721d08f717a90cf52aa9ba850ad457e1ef6bb29738941c595a2ffd3af097
50,C50-Cs-42.xyz,https://nanotube.msu.edu/fullerene/C50/C50-Cs-42.xyz,50,1,OK,3038,d7db9aa729f3b1c15d9088544a52e96d56b7850401d6073badc8a0a29ffbb5b9
50,C50-Cs-5.xyz,https://nanotube.msu.edu/fullerene/C50/C50-Cs-5.xyz,50,1,OK,3038,14701bde22e5d675e84de9bd6cf28e04e3add78ce8e23c79bdf86ea3d44e16e2
50,C50-Cs-69.xyz,https://nanotube.msu.edu/fullerene/C50/C50-Cs-69.xyz,50,1,OK,3038,1983035006411beb949ea84781d8f0bb4d21d94f5cb9d96d899501d30defca9d
50,C50-Cs-72.xyz,https://nanotube.msu.edu/fullerene/C50/C50-Cs-72.xyz,50,1,OK,3038,0c91853ea4753646895e54af6a1081e2744d7754c07d13c683fd1610b080a6dc
50,C50-Cs-8.xyz,https://nanotube.msu.edu/fullerene/C50/C50-Cs-8.xyz,50,1,OK,3038,89c4abe5cfa194b9dec86ef1778a34a4b98c64f582b03173698422d70ef7d86e
50,C50-Cs-86.xyz,https://nanotube.msu.edu/fullerene/C50/C50-Cs-86.xyz,50,1,OK,3038,9951a102dc366f44a4dce4fdafeba3db3a53cc6a0fec89e1af8fd1cbe64a412a
50,C50-Cs-88.xyz,https://nanotube.msu.edu/fullerene/C50/C50-Cs-88.xyz,50,1,OK,3038,324bc5507a17bd978264035360fb51a3e59d11893b8535789cc61dda52a4013e
50,C50-Cs-91.xyz,https://nanotube.msu.edu/fullerene/C50/C50-Cs-91.xyz,50,1,OK,3038,631648ab240f1e7b5560dcc01cf80a30aa188ce7690ff6d5d7f0bab283afe8e6
50,C50-Cs-92.xyz,https://nanotube.msu.edu/fullerene/C50/C50-Cs-92.xyz,50,1,OK,3038,0cfb22416c413d01af1f6cc3a9dfa99cfba03123925b488a4ac6277d518a58f0
50,C50-D3-181.xyz,https://nanotube.msu.edu/fullerene/C50/C50-D3-181.xyz,50,1,OK,3038,934f2d0d1615421aa7137468e4493c3e58c9727313cd68661e07cf92b229d463
50,C50-D3-270.xyz,https://nanotube.msu.edu/fullerene/C50/C50-D3-270.xyz,50,1,OK,3038,87c1fdae4d7fa576d2a41ea47d00733859f675efce8e8167a626888a11af42cf
50,C50-D3h-3.xyz,https://nanotube.msu.edu/fullerene/C50/C50-D3h-3.xyz,50,1,OK,3038,d40ee379a401abca2c6399f2e317e25d0e4a5d9115c82fffd20c3bcae90d3c0f
50,C50-D5h-1.xyz,https://nanotube.msu.edu/fullerene/C50/C50-D5h-1.xyz,50,1,OK,3038,6230ba526c35f50d0f38a6af7ba101c32dd1998a4ced31abca57a89c3b5977cf
50,C50-D5h-271.xyz,https://nanotube.msu.edu/fullerene/C50/C50-D5h-271.xyz,50,1,OK,3038,330b61b633842b6bb723ab9526bbedede367bbd04fdfae189de38acaf5521b32
52,C52-C1-10.xyz,https://nanotube.msu.edu/fullerene/C52/C52-C1-10.xyz,52,1,OK,3156,5ad4de0e0eb3e374275a4c9f16d6beaa928eaf0026c34a51f20437e000badc34
52,C52-C1-100.xyz,https://nanotube.msu.edu/fullerene/C52/C52-C1-100.xyz,52,1,OK,3156,999ca75b9fba0bb383a1e7e1addba5e9a224f5f3e8ae76818d2d2959d4d1f787
52,C52-C1-104.xyz,https://nanotube.msu.edu/fullerene/C52/C52-C1-104.xyz,52,1,OK,3156,409074da4cd9f7622f6e95cb16613bae136fefb3726369562901bb84a2a11962
52,C52-C1-11.xyz,https://nanotube.msu.edu/fullerene/C52/C52-C1-11.xyz,52,1,OK,3156,abc48ae835fb4a54ae0f3a610272f0eda8851d37e77b68644c25c79d3479b390
52,C52-C1-111.xyz,https://nanotube.msu.edu/fullerene/C52/C52-C1-111.xyz,52,1,OK,3156,64ed34cef05a862b7756d1d941d9458e18fea504ae1f00b31bc0be6e40be3f67
52,C52-C1-112.xyz,https://nanotube.msu.edu/fullerene/C52/C52-C1-112.xyz,52,1,OK,3156,29ef7d88bef2943ac162770343da487780bf7118e1b920400f112488c3aecf5b
52,C52-C1-113.xyz,https://nanotube.msu.edu/fullerene/C52/C52-C1-113.xyz,52,1,OK,3156,23b82c4dac0cce9162a51e6d833ae137b9c35a6d22afc0fa1bffd4f98502b4e0
52,C52-C1-115.xyz,https://nanotube.msu.edu/fullerene/C52/C52-C1-115.xyz,52,1,OK,3156,0560b9b5a706f1071c1bb88b3299bdf5bbad0d92000a1f4f376c1a0875d3bc0b
52,C52-C1-117.xyz,https://nanotube.msu.edu/fullerene/C52/C52-C1-117.xyz,52,1,OK,3156,fe0155d909cc072faf7f569691393f7636ab978299936c1d94ce76164432efc4
52,C52-C1-118.xyz,https://nanotube.msu.edu/fullerene/C52/C52-C1-118.xyz,52,1,OK,3156,c706f7d5e6114c2b1971acc7db8419a86dc7aa9d3434bcc992e4898f6c83b784
52,C52-C1-119.xyz,https://nanotube.msu.edu/fullerene/C52/C52-C1-119.xyz,52,1,OK,3156,09c117a2e59f6ed39064d56cf08027c1f98fdef43c08017e9b7a75183ce1a492
52,C52-C1-12.xyz,https://nanotube.msu.edu/fullerene/C52/C52-C1-12.xyz,52,1,OK,3156,f5c0a807507681fc7b616016a323963b1d52da958eda419891d05c935342fe93
52,C52-C1-121.xyz,https://nanotube.msu.edu/fullerene/C52/C52-C1-121.xyz,52,1,OK,3156,5a536ac2ac2249a484e70249d6ed6259aa48a676676a0d0beddc65a7143f988a
52,C52-C1-122.xyz,https://nanotube.msu.edu/fullerene/C52/C52-C1-122.xyz,52,1,OK,3156,cc44d75b78afecb956e550b0f0a8a8ccf4bc4612a79b7fce005993cd812b99c3
52,C52-C1-123.xyz,https://nanotube.msu.edu/fullerene/C52/C52-C1-123.xyz,52,1,OK,3156,78c0f40fac6b5652ebe32497e23f2e19037c7eed8ef27270e150eac1c00b1f58
52,C52-C1-124.xyz,https://nanotube.msu.edu/fullerene/C52/C52-C1-124.xyz,52,1,OK,3156,b07e2497b1d10f7c701cd9fee9df536301a5692a1fec85fb46bfb595b0987c6b
52,C52-C1-126.xyz,https://nanotube.msu.edu/fullerene/C52/C52-C1-126.xyz,52,1,OK,3156,4f0a5c9714b8a04ce6ab51d86105948a9fcb09e8ad233287577d93a693fc22f4
52,C52-C1-128.xyz,https://nanotube.msu.edu/fullerene/C52/C52-C1-128.xyz,52,1,OK,3156,f7ece6a9c30eff04f0ff28de9aab62b55d69059f107877c346a7c595367fa98d
52,C52-C1-13.xyz,https://nanotube.msu.edu/fullerene/C52/C52-C1-13.xyz,52,1,OK,3156,c1b05310e6df06cfe0e1061760dbcc6f69577ef3057295bfc1c50153edec40ab
52,C52-C1-130.xyz,https://nanotube.msu.edu/fullerene/C52/C52-C1-130.xyz,52,1,OK,3156,cf28200d2b815f7545b02b74008f2bf97cc37a7061dc271306e1f1b42c85f266
52,C52-C1-131.xyz,https://nanotube.msu.edu/fullerene/C52/C52-C1-131.xyz,52,1,OK,3156,2ee5f0bfde40756e4ad43527539ce4fd2a2f37af040980830d7065e87a8d8ede
52,C52-C1-132.xyz,https://nanotube.msu.edu/fullerene/C52/C52-C1-132.xyz,52,1,OK,3156,56c6a289005e5c5fa4b4a4adae23e6baff054724c881785779e17ea577c7c79b
52,C52-C1-133.xyz,https://nanotube.msu.edu/fullerene/C52/C52-C1-133.xyz,52,1,OK,3156,a799dca77170d5db499a077ebdba5b8858e3795c172643b056fe51b4a60b2b77
52,C52-C1-134.xyz,https://nanotube.msu.edu/fullerene/C52/C52-C1-134.xyz,52,1,OK,3156,3e16befd1a578c574823815c4a97513351f1a53dcf8d6e661a17ec82fe36d6c0
52,C52-C1-135.xyz,https://nanotube.msu.edu/fullerene/C52/C52-C1-135.xyz,52,1,OK,3156,ca24c68e346d337c2607e187b274c3d5accab4e6fd678d0c62596c3b533dd1b7
52,C52-C1-136.xyz,https://nanotube.msu.edu/fullerene/C52/C52-C1-136.xyz,52,1,OK,3156,0324af4925f844e6e2efd52ddedb93661da7bc2c3e590abb0a7e5111b649fd36
52,C52-C1-137.xyz,https://nanotube.msu.edu/fullerene/C52/C52-C1-137.xyz,52,1,OK,3156,7a57fe4d9f66e2cde9bab9028c93b781c9211f5877471f5278204c8f95f58f01
52,C52-C1-139.xyz,https://nanotube.msu.edu/fullerene/C52/C52-C1-139.xyz,52,1,OK,3156,08e5c24c08e139448b3bdaa0eb46227afbec8de661ef7b0dbe640dbd2922395f
52,C52-C1-14.xyz,https://nanotube.msu.edu/fullerene/C52/C52-C1-14.xyz,52,1,OK,3156,ea61ee85f17d7978d76737fc0642750dae51f37cab651d90271d3e9790243750
52,C52-C1-140.xyz,https://nanotube.msu.edu/fullerene/C52/C52-C1-140.xyz,52,1,OK,3156,c380e83745c95883f8abfb3ad1184c06ab6b44f00c897d3f4af0a0a2ca527ed7
52,C52-C1-141.xyz,https://nanotube.msu.edu/fullerene/C52/C52-C1-141.xyz,52,1,OK,3156,d1157b9261e64c97392ca2d9cf7fc2211e5ba78edb921bcb06b4092cf9adb1e1
52,C52-C1-142.xyz,https://nanotube.msu.edu/fullerene/C52/C52-C1-142.xyz,52,1,OK,3156,aa83c4bf373e67ea1a767becfde814cd5386a9d7931be08933f9eae14dd4a622
52,C52-C1-143.xyz,https://nanotube.msu.edu/fullerene/C52/C52-C1-143.xyz,52,1,OK,3156,5ccd3c9ccb81312e54ecaab1b02e824c5d3b35d47ba64ae03cf8855d581a5c1c
52,C52-C1-144.xyz,https://nanotube.msu.edu/fullerene/C52/C52-C1-144.xyz,52,1,OK,3156,bf941f5818bde9a3563c7fe29bb6a12d3cd7eda5e6fca62b2dc9e660e5ad5cf7
52,C52-C1-145.xyz,https://nanotube.msu.edu/fullerene/C52/C52-C1-145.xyz,52,1,OK,3156,aff1faf0bf108eb898946978c4f6141d463f8cff029541b321ef02d27f659452
52,C52-C1-146.xyz,https://nanotube.msu.edu/fullerene/C52/C52-C1-146.xyz,52,1,OK,3156,187654e3d5d8673256b840dc28e4d9f397bc920ed166245c6b7bc6e2f1023cbc
52,C52-C1-147.xyz,https://nanotube.msu.edu/fullerene/C52/C52-C1-147.xyz,52,1,OK,3156,45a6b7eca9a840a65b0e5b279033aa3fa9804ddda0d641fceb14c9f100527349
52,C52-C1-148.xyz,https://nanotube.msu.edu/fullerene/C52/C52-C1-148.xyz,52,1,OK,3156,6955e4a52642cd1f863157154295204de6c7a294b1e9842fff6b41e803bb5c52
52,C52-C1-149.xyz,https://nanotube.msu.edu/fullerene/C52/C52-C1-149.xyz,52,1,OK,3156,0a4d57334ac435b85d023c03842579a95261d7af9b1cd9f259c4a99249da2ccc
52,C52-C1-150.xyz,https://nanotube.msu.edu/fullerene/C52/C52-C1-150.xyz,52,1,OK,3156,84f6537bbe6e260fc81540f04e7bcaad7a6266af5fa9f6422d341a1416496376
52,C52-C1-151.xyz,https://nanotube.msu.edu/fullerene/C52/C52-C1-151.xyz,52,1,OK,3156,fc8edcf0e2e99636b224ff52922686e09f4d39afb8f81b0f5a866d57b3875edc
52,C52-C1-153.xyz,https://nanotube.msu.edu/fullerene/C52/C52-C1-153.xyz,52,1,OK,3156,7a8557034926736ac79611baf7b385854900a231e983026c079435b0430da3b9
52,C52-C1-154.xyz,https://nanotube.msu.edu/fullerene/C52/C52-C1-154.xyz,52,1,OK,3156,ff006adef1308febbc3a96cebaa1ee2e3d1d0f57edf9a176ea3fae92a2e48a8d
52,C52-C1-155.xyz,https://nanotube.msu.edu/fullerene/C52/C52-C1-155.xyz,52,1,OK,3156,52928f43eeee1f6aa20a63762b230b04d82c109f0df595e7727a7ca196a7e361
52,C52-C1-156.xyz,https://nanotube.msu.edu/fullerene/C52/C52-C1-156.xyz,52,1,OK,3156,6f6495804c5b6f230cc6f840abb3ba1f9a4e281d2a2bbaa1c90aa32f5171c630
52,C52-C1-157.xyz,https://nanotube.msu.edu/fullerene/C52/C52-C1-157.xyz,52,1,OK,3156,ea4a73e54b7285363b9eb5483c3a36b1659b54b764f59a97006161666837332d
52,C52-C1-158.xyz,https://nanotube.msu.edu/fullerene/C52/C52-C1-158.xyz,52,1,OK,3156,e177aa55363a54db7e3a4903521558415be8bf17f863e9ed2329c563768ff2a5
52,C52-C1-159.xyz,https://nanotube.msu.edu/fullerene/C52/C52-C1-159.xyz,52,1,OK,3156,0e9bb571d25cce430f8ba116ef808da3deecb9b9542f3141ddf3dcddf488fb40
52,C52-C1-16.xyz,https://nanotube.msu.edu/fullerene/C52/C52-C1-16.xyz,52,1,OK,3156,1734b67218b3af4ef5a92844b601cc67dfbe725788615b7b49636ff60509c2a2
52,C52-C1-160.xyz,https://nanotube.msu.edu/fullerene/C52/C52-C1-160.xyz,52,1,OK,3156,6ae3fc6809bd3c24ed73823dada96a36cea481320e91194b89c34ba7fa188571
52,C52-C1-161.xyz,https://nanotube.msu.edu/fullerene/C52/C52-C1-161.xyz,52,1,OK,3156,84bbaec779e2ce7a142ff9108e04e5e3d2bfae4f8705cb8d0d822e12cf871ffb
52,C52-C1-163.xyz,https://nanotube.msu.edu/fullerene/C52/C52-C1-163.xyz,52,1,OK,3156,7af0b1f68e9fed38f228946a5b88474e1d558d4d3778e4e501b8bcc0bada826b
52,C52-C1-164.xyz,https://nanotube.msu.edu/fullerene/C52/C52-C1-164.xyz,52,1,OK,3156,42f14d3772961d15a5349589fd6f62eb41dec5dcc6513c55b3d5e2eb78dc05cb
52,C52-C1-165.xyz,https://nanotube.msu.edu/fullerene/C52/C52-C1-165.xyz,52,1,OK,3156,8819327b9a249f59297cc69c6ae7d083edc5180ec55c66f377e883cda9910376
52,C52-C1-166.xyz,https://nanotube.msu.edu/fullerene/C52/C52-C1-166.xyz,52,1,OK,3156,413229e907620cf1842fe39a418c8e4e54a189abffa53e1197dee57146f17923
52,C52-C1-167.xyz,https://nanotube.msu.edu/fullerene/C52/C52-C1-167.xyz,52,1,OK,3156,38e405e1d98528af37d083b200f3fba4245a8c41c0bb21dd5bc50f1dca53b301
52,C52-C1-168.xyz,https://nanotube.msu.edu/fullerene/C52/C52-C1-168.xyz,52,1,OK,3156,854e7f0bddf349952a12c4022ba745494709e86a27cbbf3a1910a7d9108e75e3
52,C52-C1-169.xyz,https://nanotube.msu.edu/fullerene/C52/C52-C1-169.xyz,52,1,OK,3156,d8e6fa37275f2037dbeeeac8b0717b88768dc10a9279f6472cf28295d84cdbaf
52,C52-C1-17.xyz,https://nanotube.msu.edu/fullerene/C52/C52-C1-17.xyz,52,1,OK,3156,4991e0ed382250e10acbac4ec43bc3130e9e78ff88c764f9e879646e0f39b4ef
52,C52-C1-170.xyz,https://nanotube.msu.edu/fullerene/C52/C52-C1-170.xyz,52,1,OK,3156,4b8e85b1b7fb4682c05b52c18c0a11ab1899dde9b8a9182e5a119a7a6150821f
52,C52-C1-172.xyz,https://nanotube.msu.edu/fullerene/C52/C52-C1-172.xyz,52,1,OK,3156,cdf000a45ae9b03028c774cb13951cba2aa64d5966fa70c96b55bd7d1c7f5205
52,C52-C1-173.xyz,https://nanotube.msu.edu/fullerene/C52/C52-C1-173.xyz,52,1,OK,3156,b4c47822d702d9b902df3c005664eb49904aa4b44ef673180f8b4cd814715086
52,C52-C1-174.xyz,https://nanotube.msu.edu/fullerene/C52/C52-C1-174.xyz,52,1,OK,3156,d9563401a9002cbfdffdc8ce0d47009d3ccf6f3eff80e53dc2bba9bb42daf3ff
52,C52-C1-175.xyz,https://nanotube.msu.edu/fullerene/C52/C52-C1-175.xyz,52,1,OK,3156,c70cbe3ecdbec96a70797cec27ffc0a3c1be20a687f88fc7bb5500c2695728c9
52,C52-C1-176.xyz,https://nanotube.msu.edu/fullerene/C52/C52-C1-176.xyz,52,1,OK,3156,f857e1aec2b2f7d8c3082c2dba98c29a4910556c0190e9d6d7d9129ef30ff8bf
52,C52-C1-177.xyz,https://nanotube.msu.edu/fullerene/C52/C52-C1-177.xyz,52,1,OK,3156,fbd5f77597978ddbac66d8b645e7640191af6570a740bade15f0dfa7b7484438
52,C52-C1-18.xyz,https://nanotube.msu.edu/fullerene/C52/C52-C1-18.xyz,52,1,OK,3156,dc42480522d15f25862ef3f8c8f064dee46b2f7eeadd5397aaf8e985c86eceb7
52,C52-C1-181.xyz,https://nanotube.msu.edu/fullerene/C52/C52-C1-181.xyz,52,1,OK,3156,beef6384e5ce1489908d82076e0d6986b21bab2175cb705e459fddb544f7dd96
52,C52-C1-182.xyz,https://nanotube.msu.edu/fullerene/C52/C52-C1-182.xyz,52,1,OK,3156,0173eea3c47fa40a94f2be0bed701cfbcb9a48b16715397356ea16d1cbd0a7ce
52,C52-C1-183.xyz,https://nanotube.msu.edu/fullerene/C52/C52-C1-183.xyz,52,1,OK,3156,86167bb459090ab53b378451f44ced07f54f1244a96650f625eb284013facd98
52,C52-C1-184.xyz,https://nanotube.msu.edu/fullerene/C52/C52-C1-184.xyz,52,1,OK,3156,cc7d44ac539fc19c40a4840409158ee64aeef3023dbfee38324a1a29ed9af192
52,C52-C1-185.xyz,https://nanotube.msu.edu/fullerene/C52/C52-C1-185.xyz,52,1,OK,3156,6f80393a469e12d28ba30f9cee999b43fafe7e27c5b5580c9b2615d5a4d1b9cb
52,C52-C1-186.xyz,https://nanotube.msu.edu/fullerene/C52/C52-C1-186.xyz,52,1,OK,3156,4445fdc9e4728b6671f0ef16ef7ec29024a046456939c5c56580a43cc0476488
52,C52-C1-187.xyz,https://nanotube.msu.edu/fullerene/C52/C52-C1-187.xyz,52,1,OK,3156,4c808bc2e720b1a7b7496a2ec2a15faa06e28fe9c99d35dc20fc40c4ad6b0903
52,C52-C1-188.xyz,https://nanotube.msu.edu/fullerene/C52/C52-C1-188.xyz,52,1,OK,3156,cbc457af822a1bb9b726df43b7706d07307640c7542ed91bd5e007f29d5d1255
52,C52-C1-189.xyz,https://nanotube.msu.edu/fullerene/C52/C52-C1-189.xyz,52,1,OK,3156,ce41045223b2249cc4e8b83926e0125dc2fa8640fdf4a45d783c5a16fb90c3dd
52,C52-C1-19.xyz,https://nanotube.msu.edu/fullerene/C52/C52-C1-19.xyz,52,1,OK,3156,43c129e3791bed39fc644e8f27bb560bb7516a068506a894eb8b64a74b7e8ffd
52,C52-C1-190.xyz,https://nanotube.msu.edu/fullerene/C52/C52-C1-190.xyz,52,1,OK,3156,a5079558621cc95d3ed3a771b8ce1e25258a9271ee6bbb825f287b8c45ab673b
52,C52-C1-192.xyz,https://nanotube.msu.edu/fullerene/C52/C52-C1-192.xyz,52,1,OK,3156,3e6ef15954c880f323d311fbee8752d52ed87abd24b8667ca6b163fbd0931088
52,C52-C1-193.xyz,https://nanotube.msu.edu/fullerene/C52/C52-C1-193.xyz,52,1,OK,3156,274dbf0a9822964fa11519bdfe86ff3c6cf597a36620bf3825a08a181b8f79de
52,C52-C1-194.xyz,https://nanotube.msu.edu/fullerene/C52/C52-C1-194.xyz,52,1,OK,3156,830e6ff6b5ac3b23aa5fc03b5e8a9a8da5a4f845caf3f96c4214a0b1c7966d9a
52,C52-C1-195.xyz,https://nanotube.msu.edu/fullerene/C52/C52-C1-195.xyz,52,1,OK,3156,ffdabb5070cd888aba489f043e3c4ab0267facf3e6ccb8b0b871c344e198aca6
52,C52-C1-196.xyz,https://nanotube.msu.edu/fullerene/C52/C52-C1-196.xyz,52,1,OK,3156,0a11488dbd29cc1757f5423f051187ba6dbdf91509597f9d8bd541a3380fd2ad
52,C52-C1-198.xyz,https://nanotube.msu.edu/fullerene/C52/C52-C1-198.xyz,52,1,OK,3156,792421549e457036fb6c7972e79032474ee89d215bdd6612b1ae3adddda67370
52,C52-C1-199.xyz,https://nanotube.msu.edu/fullerene/C52/C52-C1-199.xyz,52,1,OK,3156,4793b809c4199083ecd6a5745a2c0f7390f81c2c4b678f77d2cec673d8cdf0f7
52,C52-C1-20.xyz,https://nanotube.msu.edu/fullerene/C52/C52-C1-20.xyz,52,1,OK,3156,cbbea3d0eb27ef9850e56a5fcbb5bf99eab45ba8652e202b481956a265bb0ca5
52,C52-C1-200.xyz,https://nanotube.msu.edu/fullerene/C52/C52-C1-200.xyz,52,1,OK,3156,f0466ce9699152a2d4e6d15f4b71bde6dd867fb8a81f28ecd52fdfa32427aec7
52,C52-C1-201.xyz,https://nanotube.msu.edu/fullerene/C52/C52-C1-201.xyz,52,1,OK,3156,4d9b03331596686f29090a3391139d0fe10e16330dc08dddf491186f30ba96bf
52,C52-C1-202.xyz,https://nanotube.msu.edu/fullerene/C52/C52-C1-202.xyz,52,1,OK,3156,ae91e7d4182ec8bf8b77aa1474919787ab725177a558c180722f147122c65539
52,C52-C1-203.xyz,https://nanotube.msu.edu/fullerene/C52/C52-C1-203.xyz,52,1,OK,3156,47dc7a8c21221c096492904133d935a46f5e3b40e2fadd1fe671d6974336db2f
52,C52-C1-204.xyz,https://nanotube.msu.edu/fullerene/C52/C52-C1-204.xyz,52,1,OK,3156,ad5f58096dea439186b27ec22ce354b3b3371519c0f95eef2db1b12fcda55f20
52,C52-C1-205.xyz,https://nanotube.msu.edu/fullerene/C52/C52-C1-205.xyz,52,1,OK,3156,3c1205a4f5bdf83395b772665ec4180004c5ca1b1508566e7b83a0f1fcae61cd
52,C52-C1-207.xyz,https://nanotube.msu.edu/fullerene/C52/C52-C1-207.xyz,52,1,OK,3156,93a6b48ebee4c3bf4ae7fbbca5fb4a8a81535c3cdf8633f8f4035cc02b815bad
52,C52-C1-208.xyz,https://nanotube.msu.edu/fullerene/C52/C52-C1-208.xyz,52,1,OK,3156,6a84d32157ef4aab46e6854e4fa01b549acbff4e15be2df84fe3e7c2b09922b8
52,C52-C1-209.xyz,https://nanotube.msu.edu/fullerene/C52/C52-C1-209.xyz,52,1,OK,3156,1474876f073ca2fb9e61c8b5bd66c5c1ea5a70beead92f64d72fe2186304a39b
52,C52-C1-211.xyz,https://nanotube.msu.edu/fullerene/C52/C52-C1-211.xyz,52,1,OK,3156,55fd8496d71ae156ff04248ae49de7467eea337ce219cb21fad8d40a11a84ca3
52,C52-C1-212.xyz,https://nanotube.msu.edu/fullerene/C52/C52-C1-212.xyz,52,1,OK,3156,077ad37a3c20b438d43c0f1267d5e7575188d81a65de2e62513c2514fa12b0c1
52,C52-C1-213.xyz,https://nanotube.msu.edu/fullerene/C52/C52-C1-213.xyz,52,1,OK,3156,23b292c5bc135f844bd92c55d7ebdcd302983079685451cd1185d2b9e11b782d
52,C52-C1-214.xyz,https://nanotube.msu.edu/fullerene/C52/C52-C1-214.xyz,52,1,OK,3156,fa712f51fcc41549e2f360fd8429874e7f0003f5f5a3d7aa738e043a5e98fad2
52,C52-C1-215.xyz,https://nanotube.msu.edu/fullerene/C52/C52-C1-215.xyz,52,1,OK,3156,2865f7874152c1b534cd773821c0648b27eec04edc48be40c4bb3b613d36043e
52,C52-C1-216.xyz,https://nanotube.msu.edu/fullerene/C52/C52-C1-216.xyz,52,1,OK,3156,43fb1f4044e21a5298ea058df364fa8fb08e7b5d7f46787265176ffdc2b86fd7
52,C52-C1-217.xyz,https://nanotube.msu.edu/fullerene/C52/C52-C1-217.xyz,52,1,OK,3156,64bfe5fa48ee582b388987a0788401289933f45dd96d31f20f594ca643a8c0c0
52,C52-C1-218.xyz,https://nanotube.msu.edu/fullerene/C52/C52-C1-218.xyz,52,1,OK,3156,cf89ed99851ff412856ee01193081d254c2ece9a9e0e1d0881d3cd7ea443a40f
52,C52-C1-219.xyz,https://nanotube.msu.edu/fullerene/C52/C52-C1-219.xyz,52,1,OK,3156,8ae45bd40e3cad18935c19241fa96a3d664ed50336e947f1778d5e359b04ac30
52,C52-C1-220.xyz,https://nanotube.msu.edu/fullerene/C52/C52-C1-220.xyz,52,1,OK,3156,aea951d625ba428efd89e2cb593e4da9247ad32399786d70b211e2a3b9e22dde
52,C52-C1-222.xyz,https://nanotube.msu.edu/fullerene/C52/C52-C1-222.xyz,52,1,OK,3156,087c41a0a4acbf9c3f2a7e62b87511b9ea8dcab4b2b79dac1efc533571c3cdeb
52,C52-C1-223.xyz,https://nanotube.msu.edu/fullerene/C52/C52-C1-223.xyz,52,1,OK,3156,a8641b2c8fe2fbb846716aa8c87121c12995700b414bf4f081ff435bb592d872
52,C52-C1-224.xyz,https://nanotube.msu.edu/fullerene/C52/C52-C1-224.xyz,52,1,OK,3156,ca8b7f68866a7e4017a985ea087433c60dd400a8bf439ae9cec2de03289a5268
52,C52-C1-226.xyz,https://nanotube.msu.edu/fullerene/C52/C52-C1-226.xyz,52,1,OK,3156,dd841f2b2d555f4a748afeed3fce855080655a2e6abcb6bbf3ed83b8c02a66a3
52,C52-C1-227.xyz,https://nanotube.msu.edu/fullerene/C52/C52-C1-227.xyz,52,1,OK,3156,791cc7ca4a26442ff7cc3217be330de7f28e161cd18b4264d2cfe618a11a35cc
52,C52-C1-228.xyz,https://nanotube.msu.edu/fullerene/C52/C52-C1-228.xyz,52,1,OK,3156,35aa12e1e6b9c31ef9515a08e4d0948d0ce154a90bc74e4eb5f55ffc0b77e3e4
52,C52-C1-23.xyz,https://nanotube.msu.edu/fullerene/C52/C52-C1-23.xyz,52,1,OK,3156,30e70d134344339acd03387c247d1f5aa7c19ee820f4799d5eac907996b75a5f
52,C52-C1-230.xyz,https://nanotube.msu.edu/fullerene/C52/C52-C1-230.xyz,52,1,OK,3156,754807bd039be10545ff0454a204dae8c0930bb11d0c2240411c0b6343616cd4
52,C52-C1-231.xyz,https://nanotube.msu.edu/fullerene/C52/C52-C1-231.xyz,52,1,OK,3156,a72389ff433e8d8c06de052590de49eb6fdefc903680308f22e8e2eec0a3af4e
52,C52-C1-232.xyz,https://nanotube.msu.edu/fullerene/C52/C52-C1-232.xyz,52,1,OK,3156,27cf2e0fb637585092e4c2f2a8bf1430541bfd49991cf7aecf217e2a3deb39e3
52,C52-C1-233.xyz,https://nanotube.msu.edu/fullerene/C52/C52-C1-233.xyz,52,1,OK,3156,6721c0451fa043780636adecb28e2c066740e5c7b5c7e7c7d8eb385a51e06a5c
52,C52-C1-234.xyz,https://nanotube.msu.edu/fullerene/C52/C52-C1-234.xyz,52,1,OK,3156,215bb5bc0f6b378f49845651186d2e819643c84698f8548e431713b588aa5fd6
52,C52-C1-235.xyz,https://nanotube.msu.edu/fullerene/C52/C52-C1-235.xyz,52,1,OK,3156,4a2e9fe398676d4b80e2bf9743783992356dac23360ffc304745579e83d6078e
52,C52-C1-236.xyz,https://nanotube.msu.edu/fullerene/C52/C52-C1-236.xyz,52,1,OK,3156,0e37e678d48138ce55d0d108488034f8c1d4c64ef70b1f1c4b51b4d7d3e70849
52,C52-C1-238.xyz,https://nanotube.msu.edu/fullerene/C52/C52-C1-238.xyz,52,1,OK,3156,b9947d979561aaa1f5299adde6c24bf66d6a8cb40df35368a9490deff5443b24
52,C52-C1-24.xyz,https://nanotube.msu.edu/fullerene/C52/C52-C1-24.xyz,52,1,OK,3156,c6c7431047d39d8a7fe77cddbd871916be71e8302136600db8254997b6ba76d9
52,C52-C1-240.xyz,https://nanotube.msu.edu/fullerene/C52/C52-C1-240.xyz,52,1,OK,3156,58e0018db949cf870b0bcd61e7304bb5178d19d15c10109c70eaf0b4a135bfe2
52,C52-C1-243.xyz,https://nanotube.msu.edu/fullerene/C52/C52-C1-243.xyz,52,1,OK,3156,15d6fe6beb776f4d42f1c9f3f90fd30e59a7fad294a67fcc604c5b63ca530db7
52,C52-C1-245.xyz,https://nanotube.msu.edu/fullerene/C52/C52-C1-245.xyz,52,1,OK,3156,fc5be5e677a706e8bdace6463ffe474c4584db5ca79b6723f1a8b29eff844869
52,C52-C1-246.xyz,https://nanotube.msu.edu/fullerene/C52/C52-C1-246.xyz,52,1,OK,3156,f000bfb1c711608ade689eac5230cfacc0d3cd7c81b2af10ab020e95c4b2b881
52,C52-C1-247.xyz,https://nanotube.msu.edu/fullerene/C52/C52-C1-247.xyz,52,1,OK,3156,b6498275d9bdbefe084e81f5fe833a7b46dbb86b8404c60a0db9d299286a8211
52,C52-C1-249.xyz,https://nanotube.msu.edu/fullerene/C52/C52-C1-249.xyz,52,1,OK,3156,2a738fc37332273a31d8c9f6cbf7ba7a02e8a4b9d38825ccdce8c2083c20494a
52,C52-C1-25.xyz,https://nanotube.msu.edu/fullerene/C52/C52-C1-25.xyz,52,1,OK,3156,4735022130d8e4688c671575d880bc14575ba3f2784d0bb6c2527da88681208f
52,C52-C1-250.xyz,https://nanotube.msu.edu/fullerene/C52/C52-C1-250.xyz,52,1,OK,3156,493a763d3ddcc4a47b0e7e96650df678c1129ec3d9aa2c7d4156515769900444
52,C52-C1-251.xyz,https://nanotube.msu.edu/fullerene/C52/C52-C1-251.xyz,52,1,OK,3156,baf042f9f4e0ff5b1cb4d93dcac9b992973751e2abcd5f9c56698b7412cd6f32
52,C52-C1-252.xyz,https://nanotube.msu.edu/fullerene/C52/C52-C1-252.xyz,52,1,OK,3156,ac3e1db6ef070b153d773d5e170a69436783247382bb6c89fb6aff055bc6ee25
52,C52-C1-253.xyz,https://nanotube.msu.edu/fullerene/C52/C52-C1-253.xyz,52,1,OK,3156,05afa957c1d0187f152ca2778af6ee65650150e620ed17ae1dba2601b62f55d3
52,C52-C1-255.xyz,https://nanotube.msu.edu/fullerene/C52/C52-C1-255.xyz,52,1,OK,3156,903dd0ef3e09e1955b7191a7dc42874d1787a59975ea2e26cb5fde6e7b7130f4
52,C52-C1-256.xyz,https://nanotube.msu.edu/fullerene/C52/C52-C1-256.xyz,52,1,OK,3156,0879c4038c7a40bb6f89d399c70a92efce747e1d7ed556ee7877f6fc0d28b1b5
52,C52-C1-258.xyz,https://nanotube.msu.edu/fullerene/C52/C52-C1-258.xyz,52,1,OK,3156,2aa60a72ea7c92263c94eceba55f0773ec71f6ddc462d030a55d8f30d523e0f1
52,C52-C1-259.xyz,https://nanotube.msu.edu/fullerene/C52/C52-C1-259.xyz,52,1,OK,3156,c134707a4ebefbd6bf7aada5e51b03d1de51136f0f5c62e3cf96affc3e5f21ea
52,C52-C1-26.xyz,https://nanotube.msu.edu/fullerene/C52/C52-C1-26.xyz,52,1,OK,3156,cae29b0d225fb980bc98354fb4822d5f9aacceb79026798ce87dad4150f61954
52,C52-C1-260.xyz,https://nanotube.msu.edu/fullerene/C52/C52-C1-260.xyz,52,1,OK,3156,cfeca0dd3846f90d5920da5e36a18658e9d1477ced7128a9c85cc93f0379c01e
52,C52-C1-261.xyz,https://nanotube.msu.edu/fullerene/C52/C52-C1-261.xyz,52,1,OK,3156,1929b4b4f0d946b2564cb294cd28ffd0bcf6e6ef64c2148abaf7cb02e9dc7599
52,C52-C1-262.xyz,https://nanotube.msu.edu/fullerene/C52/C52-C1-262.xyz,52,1,OK,3156,9fbd5ffd8f93961bb0c2c9d24d1666b4cfb874ca7d9925d2eb9da8f19d032151
52,C52-C1-263.xyz,https://nanotube.msu.edu/fullerene/C52/C52-C1-263.xyz,52,1,OK,3156,be855e8fee4bd858575679ea7f1d77a07abb10ff531236c629ed2652799b1009
52,C52-C1-264.xyz,https://nanotube.msu.edu/fullerene/C52/C52-C1-264.xyz,52,1,OK,3156,0ce5422400418436fe7c14a819eea5c7c387053dc9695cd5d9fa56a8c63e81b8
52,C52-C1-266.xyz,https://nanotube.msu.edu/fullerene/C52/C52-C1-266.xyz,52,1,OK,3156,4708c698eb950b5959117795140b6f38a974f18c40a85bd8a01e959a3bc41ee5
52,C52-C1-268.xyz,https://nanotube.msu.edu/fullerene/C52/C52-C1-268.xyz,52,1,OK,3156,ed2aef6e53e53e1e89bec0d34c11dc8c448e92b4f14d891dbecb47fb92d98372
52,C52-C1-269.xyz,https://nanotube.msu.edu/fullerene/C52/C52-C1-269.xyz,52,1,OK,3156,242f70071ce350992d319c8d4b57299ade9528d5648798887dd1d346a06a18f2
52,C52-C1-27.xyz,https://nanotube.msu.edu/fullerene/C52/C52-C1-27.xyz,52,1,OK,3156,b76cfebf64dd945c54e31323e54f44a9bca5d57fae626c647ece8c04cd782643
52,C52-C1-270.xyz,https://nanotube.msu.edu/fullerene/C52/C52-C1-270.xyz,52,1,OK,3156,10e84129aa157672694a4d660ab2f6abdf1f9d0797910940d2d84e0d0cd9e894
52,C52-C1-271.xyz,https://nanotube.msu.edu/fullerene/C52/C52-C1-271.xyz,52,1,OK,3156,9756b0d137a76305475cbbc688b48250c4eeab96d2838578a33d4a85343d6d35
52,C52-C1-272.xyz,https://nanotube.msu.edu/fullerene/C52/C52-C1-272.xyz,52,1,OK,3156,3fbe347fd8383bdd9c06812d282544e74c8e2fdf9e2ec90d2957f64199688fe2
52,C52-C1-273.xyz,https://nanotube.msu.edu/fullerene/C52/C52-C1-273.xyz,52,1,OK,3156,53bf52ea2af5b737a17e8089f1d11d2810705a2aab776e6a6959e8e52e808d72
52,C52-C1-274.xyz,https://nanotube.msu.edu/fullerene/C52/C52-C1-274.xyz,52,1,OK,3156,6113856043c69ad20c9e69509ccf2f0a982578d794628274b0e52551ecaddbd0
52,C52-C1-275.xyz,https://nanotube.msu.edu/fullerene/C52/C52-C1-275.xyz,52,1,OK,3156,9483384a7887724ccc8b4a239bb5673a3a0e1cd453b2908bfa9916427cb5faba
52,C52-C1-276.xyz,https://nanotube.msu.edu/fullerene/C52/C52-C1-276.xyz,52,1,OK,3156,90c73db057fd0e7a2175ae7c5dc356bc10a7d874070aa15d28b5927feb5e104e
52,C52-C1-277.xyz,https://nanotube.msu.edu/fullerene/C52/C52-C1-277.xyz,52,1,OK,3156,ad6b1701f033522ca2be22b9ffee66b7adbde105928967a393df574b70cd9f65
52,C52-C1-279.xyz,https://nanotube.msu.edu/fullerene/C52/C52-C1-279.xyz,52,1,OK,3156,9652f60564f0812e4c71032713c6bd6689e3f6429df1d13afd25c2652e18beaa
52,C52-C1-28.xyz,https://nanotube.msu.edu/fullerene/C52/C52-C1-28.xyz,52,1,OK,3156,6a4188e4877dda5df83ce3b0d31624a6a184ebb44697e1294f1f145eff78645d
52,C52-C1-280.xyz,https://nanotube.msu.edu/fullerene/C52/C52-C1-280.xyz,52,1,OK,3156,5ed42db60e191620f3360e5164aeda9484fed175b5df16f221a4b1a6ff30d22a
52,C52-C1-281.xyz,https://nanotube.msu.edu/fullerene/C52/C52-C1-281.xyz,52,1,OK,3156,ad088d0ac3b6a9de63efe2064afd0c3a4dfc35ac7c60a722515e543a40305337
52,C52-C1-282.xyz,https://nanotube.msu.edu/fullerene/C52/C52-C1-282.xyz,52,1,OK,3156,5c9d9c1f5ff9ac5321653e4594db9603073f3b7c45a87d38f93f8e5ef88e2dbf
52,C52-C1-284.xyz,https://nanotube.msu.edu/fullerene/C52/C52-C1-284.xyz,52,1,OK,3156,cb1756e18408305262cf903521261db5885443e517b8fa74e97d7dcd123f5a51
52,C52-C1-285.xyz,https://nanotube.msu.edu/fullerene/C52/C52-C1-285.xyz,52,1,OK,3156,1c3da94b0c238f1275a2cea347729598133eff15f3996fb363dae613ab275b94
52,C52-C1-286.xyz,https://nanotube.msu.edu/fullerene/C52/C52-C1-286.xyz,52,1,OK,3156,b5334266a8a11a23ccdec0184ec16cd1389c167cc084eb1f5d6b9bda973820ce
52,C52-C1-287.xyz,https://nanotube.msu.edu/fullerene/C52/C52-C1-287.xyz,52,1,OK,3156,02e025f0780976a8fa9f8b00fa5dafd38c9ffe1ef80d098aac0820480e3aa10f
52,C52-C1-288.xyz,https://nanotube.msu.edu/fullerene/C52/C52-C1-288.xyz,52,1,OK,3156,f2389e7fed0f09030d81d151cd7d43504b88bf0147e7d48a421dca5ee8ab6ae1
52,C52-C1-289.xyz,https://nanotube.msu.edu/fullerene/C52/C52-C1-289.xyz,52,1,OK,3156,834c3fc4a316d8459ba7b13b4b5f8fe46276c57f3c305d2a271b3a254ea92463
52,C52-C1-290.xyz,https://nanotube.msu.edu/fullerene/C52/C52-C1-290.xyz,52,1,OK,3156,89d403b4b615189ca6dcf13b92c6e89a11842ee405f8be0918f9fc72fbccc17a
52,C52-C1-291.xyz,https://nanotube.msu.edu/fullerene/C52/C52-C1-291.xyz,52,1,OK,3156,44d3bda3d5aacd100932e5bf57cf78ed192e7fce24a18501726d5250c87748fc
52,C52-C1-292.xyz,https://nanotube.msu.edu/fullerene/C52/C52-C1-292.xyz,52,1,OK,3156,22d1ba0e4d8439978028355f4c92ccabcef8519deb8c93d16e41125758c0d578
52,C52-C1-295.xyz,https://nanotube.msu.edu/fullerene/C52/C52-C1-295.xyz,52,1,OK,3156,20138e2c6597c2149424b8b7dbe2c1f9dc15b255508653f9eac6bd62fec52e0b
52,C52-C1-297.xyz,https://nanotube.msu.edu/fullerene/C52/C52-C1-297.xyz,52,1,OK,3156,8893b018b71c5ce5bcb6ede47e33ed544c559c194dab6659dc914a38a4aee02c
52,C52-C1-298.xyz,https://nanotube.msu.edu/fullerene/C52/C52-C1-298.xyz,52,1,OK,3156,5235e877a181a380a1494f08565a3b9cd23b963ccae5537e63862852e97c89c8
52,C52-C1-299.xyz,https://nanotube.msu.edu/fullerene/C52/C52-C1-299.xyz,52,1,OK,3156,4d50b00f9dfec9d5a1bcbe462963aeb6295c6ccc62b997dcbd71c62467d8cd3c
52,C52-C1-30.xyz,https://nanotube.msu.edu/fullerene/C52/C52-C1-30.xyz,52,1,OK,3156,a7585566b0b50a526d07b5c9be4bc82e2427e1fa3efe7f2688198017f5610fbb
52,C52-C1-300.xyz,https://nanotube.msu.edu/fullerene/C52/C52-C1-300.xyz,52,1,OK,3156,974a2a603bf379ae39923e5eb578dbdd2dfe4d288735cf56b01e190f2fdcc2a7
52,C52-C1-301.xyz,https://nanotube.msu.edu/fullerene/C52/C52-C1-301.xyz,52,1,OK,3156,435158d066e166726aa6d411a3a59e0cfe8842599f7e34acce1977b042d6f26b
52,C52-C1-302.xyz,https://nanotube.msu.edu/fullerene/C52/C52-C1-302.xyz,52,1,OK,3156,f2b7a093eaa1a7e8911bd6245eca009a14f7c05cbb251b9fddd8e5a6e2438ccb
52,C52-C1-304.xyz,https://nanotube.msu.edu/fullerene/C52/C52-C1-304.xyz,52,1,OK,3156,c16ed20fcdba115d4ff09883d8519a94b6e3aaf0ca91589710ec8e4fd7617b2e
52,C52-C1-305.xyz,https://nanotube.msu.edu/fullerene/C52/C52-C1-305.xyz,52,1,OK,3156,c1e1ae745eaa7b68968a2d9e80e895a8871ed61b6ef5d6e92d4f222e9383687d
52,C52-C1-306.xyz,https://nanotube.msu.edu/fullerene/C52/C52-C1-306.xyz,52,1,OK,3156,61c6939814261558d904bbfebe795a9f413c5b9633ee928e8496498dd3cf1685
52,C52-C1-307.xyz,https://nanotube.msu.edu/fullerene/C52/C52-C1-307.xyz,52,1,OK,3156,1fb65139ea786aec6b905b57afd50b5b8fa50ca0401144a176880422d096872e
52,C52-C1-308.xyz,https://nanotube.msu.edu/fullerene/C52/C52-C1-308.xyz,52,1,OK,3156,a7e42ffdc0aeba141d63574227094c89aa2a5c14823714602a996f3869972c66
52,C52-C1-309.xyz,https://nanotube.msu.edu/fullerene/C52/C52-C1-309.xyz,52,1,OK,3156,0d2b8afb3b5c6c1cf15dcf5abe33aca3e810eb537208ecdbe9942819aae8264a
52,C52-C1-310.xyz,https://nanotube.msu.edu/fullerene/C52/C52-C1-310.xyz,52,1,OK,3156,e2b8ee2788600a1447241a8b3b00508b546af02bb8fc7e35bd265186ea97d20a
52,C52-C1-316.xyz,https://nanotube.msu.edu/fullerene/C52/C52-C1-316.xyz,52,1,OK,3156,44773890bfc3820a7a8678b87debe456c29855b7aa1ea151eb87fab2d5e603ce
52,C52-C1-317.xyz,https://nanotube.msu.edu/fullerene/C52/C52-C1-317.xyz,52,1,OK,3156,ea207f08a5531ead10edcc39c05eed9add55f2461b9ae1a737f380dd080ae0c1
52,C52-C1-318.xyz,https://nanotube.msu.edu/fullerene/C52/C52-C1-318.xyz,52,1,OK,3156,f0d06c38d493dad5de330c98e57aca24268c5f99a6d40c9c9ef41c85ca374a48
52,C52-C1-32.xyz,https://nanotube.msu.edu/fullerene/C52/C52-C1-32.xyz,52,1,OK,3156,3309a22b7203ff722152ab50b14c0d303a163f1fa6589701b1824375ba597bc7
52,C52-C1-320.xyz,https://nanotube.msu.edu/fullerene/C52/C52-C1-320.xyz,52,1,OK,3156,8bfb326c0f35f78e43fcd46c1194b7407067cecf22a844b449f0731bac9edb0e
52,C52-C1-321.xyz,https://nanotube.msu.edu/fullerene/C52/C52-C1-321.xyz,52,1,OK,3156,816e4c19a4f17a222a4e4443aba22c47083c6f10d6fac4e9a82145198395b246
52,C52-C1-322.xyz,https://nanotube.msu.edu/fullerene/C52/C52-C1-322.xyz,52,1,OK,3156,a625b960fdcccc247cf36439829588007da250b22556c2fb5708dfc3849b855b
52,C52-C1-324.xyz,https://nanotube.msu.edu/fullerene/C52/C52-C1-324.xyz,52,1,OK,3156,a279fad92b0dfdcaa794851c0e9a9921e7014a31c5dc81d1b2e81dda97261059
52,C52-C1-325.xyz,https://nanotube.msu.edu/fullerene/C52/C52-C1-325.xyz,52,1,OK,3156,cf494a0724ea057d51ff10701a70b404ca1dad624a803fb560831262498621e9
52,C52-C1-326.xyz,https://nanotube.msu.edu/fullerene/C52/C52-C1-326.xyz,52,1,OK,3156,b4610d556b9b7d1636e2322648ce9edac5c6d3d548c33bca59b61af2e2431c79
52,C52-C1-327.xyz,https://nanotube.msu.edu/fullerene/C52/C52-C1-327.xyz,52,1,OK,3156,4dc0cac0d3137238464c603141ed3197556a1704e8be454d87a41ad636e84557
52,C52-C1-328.xyz,https://nanotube.msu.edu/fullerene/C52/C52-C1-328.xyz,52,1,OK,3156,f18c506f92b55a863b82e25d5b331719485517a788f46ca42882557a573be371
52,C52-C1-329.xyz,https://nanotube.msu.edu/fullerene/C52/C52-C1-329.xyz,52,1,OK,3156,5211b8e77eeee24a8c443de40973e26f8175f36dc74c442bc7db7c60c7578f3b
52,C52-C1-33.xyz,https://nanotube.msu.edu/fullerene/C52/C52-C1-33.xyz,52,1,OK,3156,758a856f5599bf0aeed0f2bbd709886b7fb13426872f0a7dd5a519f47de33c65
52,C52-C1-330.xyz,https://nanotube.msu.edu/fullerene/C52/C52-C1-330.xyz,52,1,OK,3156,0103d097a710df17672cdef449544178dcaf733015994c7033760e17f342772a
52,C52-C1-331.xyz,https://nanotube.msu.edu/fullerene/C52/C52-C1-331.xyz,52,1,OK,3156,30d2e4eddb84eed913b0309a950069fa0e2d745a71ebe3c9311a73d6662780e5
52,C52-C1-332.xyz,https://nanotube.msu.edu/fullerene/C52/C52-C1-332.xyz,52,1,OK,3156,14fd852197402cc2ef3b8b35f3700430a599ce1f068a779e95571adbc8d656e4
52,C52-C1-337.xyz,https://nanotube.msu.edu/fullerene/C52/C52-C1-337.xyz,52,1,OK,3156,7043eb4a44fca2b9ec8ca7187f4a18c8c82534412a9463539108ce009ef9a424
52,C52-C1-338.xyz,https://nanotube.msu.edu/fullerene/C52/C52-C1-338.xyz,52,1,OK,3156,1b96269ce8354c0a102374e483b75577281e5a9832726eceaac80784c6f04e24
52,C52-C1-34.xyz,https://nanotube.msu.edu/fullerene/C52/C52-C1-34.xyz,52,1,OK,3156,d108b8cb6c6f44acf6d467ef8319a6ff305f40eebed868b08a7a6d745ef124e7
52,C52-C1-341.xyz,https://nanotube.msu.edu/fullerene/C52/C52-C1-341.xyz,52,1,OK,3156,e3d34d12f55034fcf10d0fc57d774c1382b0d89c9ad9af618534cdbc3d7a526f
52,C52-C1-342.xyz,https://nanotube.msu.edu/fullerene/C52/C52-C1-342.xyz,52,1,OK,3156,d3129c497826d74ffdb783673731ce78df91a6f64895634b8db6e8f29bc2f8b9
52,C52-C1-343.xyz,https://nanotube.msu.edu/fullerene/C52/C52-C1-343.xyz,52,1,OK,3156,5836bddf1b90c8435b7c0b1eed321c3e60a17bbdf5d6c40eda06b6ae62a51298
52,C52-C1-344.xyz,https://nanotube.msu.edu/fullerene/C52/C52-C1-344.xyz,52,1,OK,3156,9add2147cc8dfec4a3af92a660e57a9fe8b28c795d1cacf83a56a5eff3005db4
52,C52-C1-345.xyz,https://nanotube.msu.edu/fullerene/C52/C52-C1-345.xyz,52,1,OK,3156,f91e59414363b6180ee56eeadd1dcbe3c76a293b4cc7dba0ea647e14abbea15e
52,C52-C1-349.xyz,https://nanotube.msu.edu/fullerene/C52/C52-C1-349.xyz,52,1,OK,3156,76ae85857e1884ba389a9fa86a8cdddd69734f2b9ecb695da4862fd304f3caca
52,C52-C1-35.xyz,https://nanotube.msu.edu/fullerene/C52/C52-C1-35.xyz,52,1,OK,3156,07476c44c8f07bb077f04d467287a833c4425cee0031552dd49cbf78cd6860c1
52,C52-C1-350.xyz,https://nanotube.msu.edu/fullerene/C52/C52-C1-350.xyz,52,1,OK,3156,d36f8a634e47f572815cfb39a4d2c542d60456b21e85ccd42b841e6be13e3b79
52,C52-C1-351.xyz,https://nanotube.msu.edu/fullerene/C52/C52-C1-351.xyz,52,1,OK,3156,ab4c08cdaac7d9473e2d4f74b7cc34c6e82bf3c11e9fda5107c823a93ce33bf2
52,C52-C1-352.xyz,https://nanotube.msu.edu/fullerene/C52/C52-C1-352.xyz,52,1,OK,3156,a73d91289dc31de3eda9fb7eda3503d47453265c7e8161705b5ad50e279fdf3e
52,C52-C1-353.xyz,https://nanotube.msu.edu/fullerene/C52/C52-C1-353.xyz,52,1,OK,3156,3d128141ea56f1c17c7bdaaa56d0f0718655d113021b92769dce00a000fdec1c
52,C52-C1-356.xyz,https://nanotube.msu.edu/fullerene/C52/C52-C1-356.xyz,52,1,OK,3156,c154a41b6a4fecdd98ab5221e862c7762607da3dde2c64772c426a013220c572
52,C52-C1-357.xyz,https://nanotube.msu.edu/fullerene/C52/C52-C1-357.xyz,52,1,OK,3156,201ea152a2731070f61aebd13e1f56afc08f66b5c1aa1ca63d3bac4639a54e0a
52,C52-C1-358.xyz,https://nanotube.msu.edu/fullerene/C52/C52-C1-358.xyz,52,1,OK,3156,599ab42dcf6de39d2c2ddac01a9e8130ad01e99f36181607150dd620a61ef1a6
52,C52-C1-36.xyz,https://nanotube.msu.edu/fullerene/C52/C52-C1-36.xyz,52,1,OK,3156,c03ecbb5806019ffd870ad530dc5e18e6ee60056050449c63d324ff5b3870d6f
52,C52-C1-360.xyz,https://nanotube.msu.edu/fullerene/C52/C52-C1-360.xyz,52,1,OK,3156,3dedd73a988b8df999306c1e9157e57a16b186cf7901d9c0e8e7ff10d1c39fc0
52,C52-C1-361.xyz,https://nanotube.msu.edu/fullerene/C52/C52-C1-361.xyz,52,1,OK,3156,1fa6004d640264ca704836f501bd1d58b498011250cbe5905de405b7a691b563
52,C52-C1-364.xyz,https://nanotube.msu.edu/fullerene/C52/C52-C1-364.xyz,52,1,OK,3156,c108f2e2064d2973364e66e599d64648fbfb0abc3189bab868e0c598c63d38da
52,C52-C1-365.xyz,https://nanotube.msu.edu/fullerene/C52/C52-C1-365.xyz,52,1,OK,3156,b40232d664b16f0a0573d995807eff11428a42d884bd3b867a02fcbf64cae3a8
52,C52-C1-366.xyz,https://nanotube.msu.edu/fullerene/C52/C52-C1-366.xyz,52,1,OK,3156,766f188f17d1aed508da66f890487904467fea84d40451d282ef6220dd03dff1
52,C52-C1-367.xyz,https://nanotube.msu.edu/fullerene/C52/C52-C1-367.xyz,52,1,OK,3156,a6e9146cbaa0d73a907a6183bcad4a380e64434de8971c5a8fd37f247fe424f1
52,C52-C1-369.xyz,https://nanotube.msu.edu/fullerene/C52/C52-C1-369.xyz,52,1,OK,3156,c437fec1bd97393d122df2aa8c6cb8a8c8a5088891907092061e49ffdaade6af
52,C52-C1-37.xyz,https://nanotube.msu.edu/fullerene/C52/C52-C1-37.xyz,52,1,OK,3156,245bc96d3139ef7aba857508e896f46f11bb6be23b612a6e6b1e9280faf2a4a6
52,C52-C1-370.xyz,https://nanotube.msu.edu/fullerene/C52/C52-C1-370.xyz,52,1,OK,3156,b59797ceb4669042b29822252c472aa6855661d52c79078fbed0116130c852e8
52,C52-C1-371.xyz,https://nanotube.msu.edu/fullerene/C52/C52-C1-371.xyz,52,1,OK,3156,01ebb81b390b0a932048b5dbb7eb9968fa76bc0a6ea9808e7ca498f8b76bbc3a
52,C52-C1-373.xyz,https://nanotube.msu.edu/fullerene/C52/C52-C1-373.xyz,52,1,OK,3156,ab56487aa20be313faa144f987b6c976baa90bd13e061dcd96071e5a99b9355d
52,C52-C1-374.xyz,https://nanotube.msu.edu/fullerene/C52/C52-C1-374.xyz,52,1,OK,3156,3409d2921cce4be80030c13dde6bd454c81e61c892f82ec686ce7c9ff707f7af
52,C52-C1-377.xyz,https://nanotube.msu.edu/fullerene/C52/C52-C1-377.xyz,52,1,OK,3156,98f8ed087e3be9ec40278ff84f2a160a7d2f74145dd61699cf21ed85b3c76498
52,C52-C1-379.xyz,https://nanotube.msu.edu/fullerene/C52/C52-C1-379.xyz,52,1,OK,3156,e8fcd503cac438c5f1902ae9ae119a3fcb3dc2da2f87fd7ed304cccc30b72ae2
52,C52-C1-382.xyz,https://nanotube.msu.edu/fullerene/C52/C52-C1-382.xyz,52,1,OK,3156,f2c5d04e76f9aa1ae31ffd2585ace6f3fb03e4fbb23915ea2b1fdc4409e5a64b
52,C52-C1-384.xyz,https://nanotube.msu.edu/fullerene/C52/C52-C1-384.xyz,52,1,OK,3156,017c03c26eb66f4a456340f3f26395a1e7d114ae73d6ea27c050b39b3f0b6d38
52,C52-C1-387.xyz,https://nanotube.msu.edu/fullerene/C52/C52-C1-387.xyz,52,1,OK,3156,9a74bb278f728e3c98398b27f8420e6c0907368a404e3f86a5ed84c0f5400632
52,C52-C1-39.xyz,https://nanotube.msu.edu/fullerene/C52/C52-C1-39.xyz,52,1,OK,3156,9631477c6924d74ab2c94bb8e42138f3602657adb959d66f2a59614a9c732f1b
52,C52-C1-396.xyz,https://nanotube.msu.edu/fullerene/C52/C52-C1-396.xyz,52,1,OK,3156,e7e981e98e934fe9ec30a8c10429967b44fc3412272b55f81f95f6dfa244f8b2
52,C52-C1-398.xyz,https://nanotube.msu.edu/fullerene/C52/C52-C1-398.xyz,52,1,OK,3156,17cee45140662ced238b80b0794157aa6c8e1043ba0a29641a9bff6d98dc54ee
52,C52-C1-4.xyz,https://nanotube.msu.edu/fullerene/C52/C52-C1-4.xyz,52,1,OK,3156,0a8d24a104dedaa73ecf76ec5d87ee6e830750fd14fc2ee360eb58d35b5ebd06
52,C52-C1-401.xyz,https://nanotube.msu.edu/fullerene/C52/C52-C1-401.xyz,52,1,OK,3156,4d8c499b62f6b4c367a5903eaa332eb2b1ce43b4ef3c5448d2571612fbd8e22f
52,C52-C1-402.xyz,https://nanotube.msu.edu/fullerene/C52/C52-C1-402.xyz,52,1,OK,3156,b5a5f25dc60e54aeb6ba5d8e1722c677330ec1612056f7c5c452b2fc1184eab8
52,C52-C1-403.xyz,https://nanotube.msu.edu/fullerene/C52/C52-C1-403.xyz,52,1,OK,3156,b4ca6faf1ea62c441afd4ead7e9925d0703a81ac771f11c9ae22c55b09515851
52,C52-C1-404.xyz,https://nanotube.msu.edu/fullerene/C52/C52-C1-404.xyz,52,1,OK,3156,40cdb0dada16cf0b83aa847f6f8b10a18cc786df1638d7b0fcc0265e5f4fee39
52,C52-C1-405.xyz,https://nanotube.msu.edu/fullerene/C52/C52-C1-405.xyz,52,1,OK,3156,9d1a0e8fe1278d489bba95683f6e5c069eabcdb8b11bcf1059672a2a9f79ce8d
52,C52-C1-406.xyz,https://nanotube.msu.edu/fullerene/C52/C52-C1-406.xyz,52,1,OK,3156,b7eafde16b90e6f6ce995f99ae40ddd9ef70c02d5c04b390fcc174f55c271f80
52,C52-C1-407.xyz,https://nanotube.msu.edu/fullerene/C52/C52-C1-407.xyz,52,1,OK,3156,a8cb0a909c5f663d104515ad2f26c26f5eef22e195c3845412e29c586fe41d57
52,C52-C1-408.xyz,https://nanotube.msu.edu/fullerene/C52/C52-C1-408.xyz,52,1,OK,3156,f3f0cdbf45ed3a25a6dbca0e8d98f24c7980948fc86d894f350210fd38988e8d
52,C52-C1-409.xyz,https://nanotube.msu.edu/fullerene/C52/C52-C1-409.xyz,52,1,OK,3156,1c48d380dfe4b042515a780a19e39485b6ccad65a144e760942482edc786afc0
52,C52-C1-41.xyz,https://nanotube.msu.edu/fullerene/C52/C52-C1-41.xyz,52,1,OK,3156,b6a5d501998b5c239a237149ddfa73169bd2891be3c78718e439292a7670e29b
52,C52-C1-412.xyz,https://nanotube.msu.edu/fullerene/C52/C52-C1-412.xyz,52,1,OK,3156,90d9a358a5b4782793497125c8ff729190da322b68db55da98525378cef5a747
52,C52-C1-414.xyz,https://nanotube.msu.edu/fullerene/C52/C52-C1-414.xyz,52,1,OK,3156,eead11fb7df7ca1e8320d5d5c0547125d45aae6299e437f11137c0b553848bd7
52,C52-C1-415.xyz,https://nanotube.msu.edu/fullerene/C52/C52-C1-415.xyz,52,1,OK,3156,c405bfe30ee1cd323d72358a5719dadea910763d9761d61546cdd19230495056
52,C52-C1-416.xyz,https://nanotube.msu.edu/fullerene/C52/C52-C1-416.xyz,52,1,OK,3156,7cd1736506b6ea989e7f48b7d25588ac5ddacb55dd319eb5058d74a56f270e50
52,C52-C1-418.xyz,https://nanotube.msu.edu/fullerene/C52/C52-C1-418.xyz,52,1,OK,3156,3f6e92a1deb1e0470015c80ac4bc0b582974817856a1968b8dd9e818ee3f90e9
52,C52-C1-42.xyz,https://nanotube.msu.edu/fullerene/C52/C52-C1-42.xyz,52,1,OK,3156,803d22db1760926f09c07862faa58b129907a532f02d0db7a766dea61fbb3925
52,C52-C1-423.xyz,https://nanotube.msu.edu/fullerene/C52/C52-C1-423.xyz,52,1,OK,3156,557ac49a2ec86f849e3991465bdebc0f719f3fc8cac0bc5f7eadb3f4e88eb15c
52,C52-C1-424.xyz,https://nanotube.msu.edu/fullerene/C52/C52-C1-424.xyz,52,1,OK,3156,5c2ad38ea3e1f4eb001dd6c27990a6ea2621ae914709d37420e15b0b87781fb1
52,C52-C1-426.xyz,https://nanotube.msu.edu/fullerene/C52/C52-C1-426.xyz,52,1,OK,3156,354f00e733ee1417b6458fb43c10eeb8bcb5746ee4fda9e6f4e92adb05c69f1c
52,C52-C1-429.xyz,https://nanotube.msu.edu/fullerene/C52/C52-C1-429.xyz,52,1,OK,3156,081395f234166fdb733d6452a13a12534d6666c4c2de7d1d6d017fa760145d2c
52,C52-C1-430.xyz,https://nanotube.msu.edu/fullerene/C52/C52-C1-430.xyz,52,1,OK,3156,a8624a7f54a92ea9378249584df679f451ffe813bcc5038677803141caa58184
52,C52-C1-436.xyz,https://nanotube.msu.edu/fullerene/C52/C52-C1-436.xyz,52,1,OK,3156,ba2fe63ed23ef0f0e1d380b59ef803731a902dba279cd9d7a0ac11a7e62f8e18
52,C52-C1-45.xyz,https://nanotube.msu.edu/fullerene/C52/C52-C1-45.xyz,52,1,OK,3156,299ffd973810f38406f57084088515f48f12d9fc909c7e6486f3f81fc9d1f53d
52,C52-C1-46.xyz,https://nanotube.msu.edu/fullerene/C52/C52-C1-46.xyz,52,1,OK,3156,3d14740276b664adab0bbafade5768f77fd72555770add0e4d3a3291c4a6b3ee
52,C52-C1-47.xyz,https://nanotube.msu.edu/fullerene/C52/C52-C1-47.xyz,52,1,OK,3156,a6ac12cbe7a285578a5b59e10505fbd4e78057541fc443fc7f56a71f45bcb8c7
52,C52-C1-48.xyz,https://nanotube.msu.edu/fullerene/C52/C52-C1-48.xyz,52,1,OK,3156,a3c5a5f99fb3ce091d8c5be2c1c3ada442991a82239c794629c6bf428c3e4b7c
52,C52-C1-49.xyz,https://nanotube.msu.edu/fullerene/C52/C52-C1-49.xyz,52,1,OK,3156,be11e7bb259c65d9f709158b180a67283dad1d17bbf6b4f7ccbd8d84c4963e66
52,C52-C1-51.xyz,https://nanotube.msu.edu/fullerene/C52/C52-C1-51.xyz,52,1,OK,3156,b63877bb3db0b4f624a0889db4deffa07ed36c7c28d8539d979f8a8016bedc77
52,C52-C1-52.xyz,https://nanotube.msu.edu/fullerene/C52/C52-C1-52.xyz,52,1,OK,3156,cb8bb28c53f566b30181c4669cbd606752df85a6780c90d955dae0e1cd9464ee
52,C52-C1-53.xyz,https://nanotube.msu.edu/fullerene/C52/C52-C1-53.xyz,52,1,OK,3156,9ded76b242f9623aa3913e024a404f7fd92deabf6ebdb995c562245138ae2562
52,C52-C1-54.xyz,https://nanotube.msu.edu/fullerene/C52/C52-C1-54.xyz,52,1,OK,3156,8be7dfa68a3d05408b389c721e47168b7c42f22bf0a4f8c97cd068988b4f1b0e
52,C52-C1-55.xyz,https://nanotube.msu.edu/fullerene/C52/C52-C1-55.xyz,52,1,OK,3156,a1d43ebaa108f737007175790f6948ee3caa8b2d1bfb47020e5f67f702d26deb
52,C52-C1-56.xyz,https://nanotube.msu.edu/fullerene/C52/C52-C1-56.xyz,52,1,OK,3156,fddb47d4ffad84bfe5b05e7bce79aec58b5ecea0ca12bbb387c1f6ec23cdfb3e
52,C52-C1-57.xyz,https://nanotube.msu.edu/fullerene/C52/C52-C1-57.xyz,52,1,OK,3156,6db9a03ca142934eb231fbfbeb22840b85afb3187c06c20865cc0eb8a1233371
52,C52-C1-59.xyz,https://nanotube.msu.edu/fullerene/C52/C52-C1-59.xyz,52,1,OK,3156,ec002b632e803e00b44b9cf4eff107956649ae9f3b151a9149d6421346c07a20
52,C52-C1-60.xyz,https://nanotube.msu.edu/fullerene/C52/C52-C1-60.xyz,52,1,OK,3156,81a6d3897943c61d9758e07a04eb1f53450716626a278db68464ab732e2b8f8d
52,C52-C1-61.xyz,https://nanotube.msu.edu/fullerene/C52/C52-C1-61.xyz,52,1,OK,3156,895511593fb90b4db8c32d59ffad1c4b9917c3433d78e0e11275e6016d5052b2
52,C52-C1-62.xyz,https://nanotube.msu.edu/fullerene/C52/C52-C1-62.xyz,52,1,OK,3156,fe4b169cafebe0c10458c66894d1c241cd6c3549cdf5553bf9be29d29cc30982
52,C52-C1-63.xyz,https://nanotube.msu.edu/fullerene/C52/C52-C1-63.xyz,52,1,OK,3156,68c3c0a7e35710d4ba3bbc9845974c64c0dc67c69d3524f3789dbd9a26a04e10
52,C52-C1-64.xyz,https://nanotube.msu.edu/fullerene/C52/C52-C1-64.xyz,52,1,OK,3156,bb3c678a308c16b7531a357f6e51f1924461edffb5ce26feb55d43618e876c65
52,C52-C1-65.xyz,https://nanotube.msu.edu/fullerene/C52/C52-C1-65.xyz,52,1,OK,3156,ec2140f37b36c7defc62e82ee53bc98bb3ffd998769979d4b1ddd8383719f140
52,C52-C1-68.xyz,https://nanotube.msu.edu/fullerene/C52/C52-C1-68.xyz,52,1,OK,3156,97373577482e3b94f87cd7a8af150f75900bc0ca546cedb5c99f2c75849e92f0
52,C52-C1-69.xyz,https://nanotube.msu.edu/fullerene/C52/C52-C1-69.xyz,52,1,OK,3156,6ccbb7b3c6205f2dedd07eb6b90665e5d6bf5fa4f3dfe9fdc402473359572cd2
52,C52-C1-7.xyz,https://nanotube.msu.edu/fullerene/C52/C52-C1-7.xyz,52,1,OK,3156,6dbcc72efebe4b10f795400545cd72d5ed5f1a83a73f75e442edad4a7efdfd6b
52,C52-C1-70.xyz,https://nanotube.msu.edu/fullerene/C52/C52-C1-70.xyz,52,1,OK,3156,d2688783fe3d53dc591a3e5f77f6c8dcca6350ff7619b256955d58b6e4284565
52,C52-C1-71.xyz,https://nanotube.msu.edu/fullerene/C52/C52-C1-71.xyz,52,1,OK,3156,7c6d52accd10a999892e8b4564f4d41a97cecd0aa0ae5c19ecda4583724e8f06
52,C52-C1-72.xyz,https://nanotube.msu.edu/fullerene/C52/C52-C1-72.xyz,52,1,OK,3156,c1212fd131b689b359f7bc11a9bce97ee5916e7fc6dd982e29f028ca56c3e05b
52,C52-C1-73.xyz,https://nanotube.msu.edu/fullerene/C52/C52-C1-73.xyz,52,1,OK,3156,15b7ed8785bce8da184cb96fa4a0766e1ef9f44e789b70cb6d8b37165cdfba71
52,C52-C1-74.xyz,https://nanotube.msu.edu/fullerene/C52/C52-C1-74.xyz,52,1,OK,3156,5eb790bcd7359328624c5ac464848ac3cfa31317d0c06b3b80bd91c3bb057bc9
52,C52-C1-75.xyz,https://nanotube.msu.edu/fullerene/C52/C52-C1-75.xyz,52,1,OK,3156,e69c245f92022230e8e2633ea5ec0f64e0212dbd7ead06786d6e6263de74dd71
52,C52-C1-76.xyz,https://nanotube.msu.edu/fullerene/C52/C52-C1-76.xyz,52,1,OK,3156,914047868b2f7cdea047f2f261a36f5c2579dc75f83fb501bc1896ff637da4dd
52,C52-C1-77.xyz,https://nanotube.msu.edu/fullerene/C52/C52-C1-77.xyz,52,1,OK,3156,04dca78b7ebce50788e106cfb6cec8f9687b0f4cf49f0025fa187958a407668f
52,C52-C1-78.xyz,https://nanotube.msu.edu/fullerene/C52/C52-C1-78.xyz,52,1,OK,3156,275764b44abd929fcbac08252c18929a844328e16f0b31f25c31d2783ec2eef8
52,C52-C1-79.xyz,https://nanotube.msu.edu/fullerene/C52/C52-C1-79.xyz,52,1,OK,3156,48d9f4e4a45217e0a65ad6da11839eaa021110e4d1bdac3f0a14909932cf1bc6
52,C52-C1-8.xyz,https://nanotube.msu.edu/fullerene/C52/C52-C1-8.xyz,52,1,OK,3156,77db3dc327eec628fe290dc905f33ce76479d2bd98bd6ac370628ebd7d9acf72
52,C52-C1-80.xyz,https://nanotube.msu.edu/fullerene/C52/C52-C1-80.xyz,52,1,OK,3156,e619cbc173137b523fe6853b13f6ab8b48e372e176732c28da6690d1af933c46
52,C52-C1-81.xyz,https://nanotube.msu.edu/fullerene/C52/C52-C1-81.xyz,52,1,OK,3156,da469631ee5673227f2fc0249ce9c51195aaa6586714694f2ee8ce6aadf50a60
52,C52-C1-85.xyz,https://nanotube.msu.edu/fullerene/C52/C52-C1-85.xyz,52,1,OK,3156,3d56af4d1593989aade0eacab047d208ea4fe0268989c24a67d79ac792735d21
52,C52-C1-86.xyz,https://nanotube.msu.edu/fullerene/C52/C52-C1-86.xyz,52,1,OK,3156,da704018abc5197b44980ba583d30e93c974c3f0b8501d28ed117014adaa7299
52,C52-C1-87.xyz,https://nanotube.msu.edu/fullerene/C52/C52-C1-87.xyz,52,1,OK,3156,0a2f7dd0ce6a7f12a82c547b2bc7e96d31a6e7b17dbce852b249fc1fb33c5def
52,C52-C1-89.xyz,https://nanotube.msu.edu/fullerene/C52/C52-C1-89.xyz,52,1,OK,3156,c05b48cf272c7c213eeddeb231db58d1b2cfbe13529fa8d35d672ba8553253f3
52,C52-C1-9.xyz,https://nanotube.msu.edu/fullerene/C52/C52-C1-9.xyz,52,1,OK,3156,77953c15f20cb20846c9cf06d59968394ec109b2b90a059d8f5ad6d3b93af730
52,C52-C1-90.xyz,https://nanotube.msu.edu/fullerene/C52/C52-C1-90.xyz,52,1,OK,3156,3e728a8afe9240ae98a94abfc029034ccbb5052aab6cff00689a5bf10eb37dee
52,C52-C1-91.xyz,https://nanotube.msu.edu/fullerene/C52/C52-C1-91.xyz,52,1,OK,3156,e3d23581280656a26813c421f54cc63be466855d9934c3a0ba8d52eeb475737d
52,C52-C1-93.xyz,https://nanotube.msu.edu/fullerene/C52/C52-C1-93.xyz,52,1,OK,3156,1c8017294d9e94ea75a3fd19424b3e2654022668fb3c7760d10a58154ac16271
52,C52-C1-96.xyz,https://nanotube.msu.edu/fullerene/C52/C52-C1-96.xyz,52,1,OK,3156,1adbaa40114b3358c071828b8a23880a28fec3a2d0215ab88f183b08ae414b58
52,C52-C1-97.xyz,https://nanotube.msu.edu/fullerene/C52/C52-C1-97.xyz,52,1,OK,3156,22f77c17928e1b3f3cf965557c5eca858cc51905ed143c1f0f1540a2283b84f9
52,C52-C1-98.xyz,https://nanotube.msu.edu/fullerene/C52/C52-C1-98.xyz,52,1,OK,3156,f03e53de429bcc4dcd8071d3ed16efd2f7113fc85309001e15d96af6bf80722a
52,C52-C2-1.xyz,https://nanotube.msu.edu/fullerene/C52/C52-C2-1.xyz,52,1,OK,3156,f9792368ff05c19716a227b6cdefa7d66a3f098ea2a1d8660e0d96222206dcca
52,C52-C2-105.xyz,https://nanotube.msu.edu/fullerene/C52/C52-C2-105.xyz,52,1,OK,3156,4b73d852a377b97a03b9e05dd23c882f859b73674d7f7bad83137a3c88bb5e41
52,C52-C2-106.xyz,https://nanotube.msu.edu/fullerene/C52/C52-C2-106.xyz,52,1,OK,3156,1e4cc4337a919b4d56abe05bd753517388f90b9d01c633b29533da2523b54b80
52,C52-C2-107.xyz,https://nanotube.msu.edu/fullerene/C52/C52-C2-107.xyz,52,1,OK,3156,ab15bcdda58117ceb05037f5c767e4c2ee886c88e63e0f6a33d658a45a62b62b
52,C52-C2-108.xyz,https://nanotube.msu.edu/fullerene/C52/C52-C2-108.xyz,52,1,OK,3156,94f90f2678f56d7437a8d840522d798ea410f336f93734497cd56d961da07015
52,C52-C2-110.xyz,https://nanotube.msu.edu/fullerene/C52/C52-C2-110.xyz,52,1,OK,3156,eca26e92eb2e025cc4f91cfbb4830c16856af91e3a23ceffa83b6ad763d99857
52,C52-C2-114.xyz,https://nanotube.msu.edu/fullerene/C52/C52-C2-114.xyz,52,1,OK,3156,361bf3801814f84b4af71ae133750c25f0995de07508bc6d12e4f03d45da8cf4
52,C52-C2-116.xyz,https://nanotube.msu.edu/fullerene/C52/C52-C2-116.xyz,52,1,OK,3156,cd02601e3878442015ff8e5e52f9d5993c2791a925d0c096fd0f45b15198f8a5
52,C52-C2-125.xyz,https://nanotube.msu.edu/fullerene/C52/C52-C2-125.xyz,52,1,OK,3156,d5c717dc2f3a63ef0d81efad551e6c8b85456eede8df0f348c26a9f4e32155d0
52,C52-C2-127.xyz,https://nanotube.msu.edu/fullerene/C52/C52-C2-127.xyz,52,1,OK,3156,7d3c36097b3b8a454aae79f229c6f28dc703503ccb11f48ce5e590dd99146e81
52,C52-C2-129.xyz,https://nanotube.msu.edu/fullerene/C52/C52-C2-129.xyz,52,1,OK,3156,fe625ff6c71ba6ce025d24fa5e13e80dcadd102d57d1a8f60194154c480c5318
52,C52-C2-138.xyz,https://nanotube.msu.edu/fullerene/C52/C52-C2-138.xyz,52,1,OK,3156,5da830044604c02971f6e28a5340b8b9c0dc9a1e5c10403c4697eceac7de6eb3
52,C52-C2-15.xyz,https://nanotube.msu.edu/fullerene/C52/C52-C2-15.xyz,52,1,OK,3156,e3e1e7ad67fe8b35daf8d1a68b68dbe156223447900f2c256b38c32625506fc0
52,C52-C2-152.xyz,https://nanotube.msu.edu/fullerene/C52/C52-C2-152.xyz,52,1,OK,3156,2f1919b27ecd1cd14b56d18f133d2a318e763909b89e9e3ed53a648a2907f878
52,C52-C2-162.xyz,https://nanotube.msu.edu/fullerene/C52/C52-C2-162.xyz,52,1,OK,3156,f55ed839fd10209893918dab5af9aac0544474bbee7c64bcb2c338e3e9793df6
52,C52-C2-171.xyz,https://nanotube.msu.edu/fullerene/C52/C52-C2-171.xyz,52,1,OK,3156,875dcde44449f747b8bcd546068368bbfdae4cfe0f829203dcc44d8c72abb1c0
52,C52-C2-180.xyz,https://nanotube.msu.edu/fullerene/C52/C52-C2-180.xyz,52,1,OK,3156,7ccf1d8eb2be97a64efddd4787b1a9a52ddbdcfde39384e6314d53dd80931ca0
52,C52-C2-191.xyz,https://nanotube.msu.edu/fullerene/C52/C52-C2-191.xyz,52,1,OK,3156,48136a61d0a3f978955bbeeaccb5480c12cb36896b6e7198666c9f0053a3bdd6
52,C52-C2-197.xyz,https://nanotube.msu.edu/fullerene/C52/C52-C2-197.xyz,52,1,OK,3156,a33a4300522345fe7999e61d55d848e1bf9ce478685352556f3f430459b62617
52,C52-C2-206.xyz,https://nanotube.msu.edu/fullerene/C52/C52-C2-206.xyz,52,1,OK,3156,a9805219fe306547154838ea79c13a03f1c3d367379175c03819b658751c28f2
52,C52-C2-210.xyz,https://nanotube.msu.edu/fullerene/C52/C52-C2-210.xyz,52,1,OK,3156,de0552f505edecab83b3db5bb6759677896404df943eb1ba22f2a468228c43f1
52,C52-C2-22.xyz,https://nanotube.msu.edu/fullerene/C52/C52-C2-22.xyz,52,1,OK,3156,a66d26b37505c31386a63b6a5c2016814bb53c32542f017f70f8d0faa0706fff
52,C52-C2-239.xyz,https://nanotube.msu.edu/fullerene/C52/C52-C2-239.xyz,52,1,OK,3156,79a786ea18e36ad738aa625e2c81ce682b1d2fc5036d7799f21c8ad197a74e6e
52,C52-C2-244.xyz,https://nanotube.msu.edu/fullerene/C52/C52-C2-244.xyz,52,1,OK,3156,2b5f905e5b2f9e2c42a7ab9ec9c84b358960a3e485de4c0b210d31039b09a2eb
52,C52-C2-248.xyz,https://nanotube.msu.edu/fullerene/C52/C52-C2-248.xyz,52,1,OK,3156,868dfd83e8c2364acd91e5ab3ae1a532ba1af8f52018a63563b5a8027f642c24
52,C52-C2-254.xyz,https://nanotube.msu.edu/fullerene/C52/C52-C2-254.xyz,52,1,OK,3156,3c57b23955febccc4e74e205b6bb72a9c4fb7b135cebbf79cf711b9bfe65b966
52,C52-C2-257.xyz,https://nanotube.msu.edu/fullerene/C52/C52-C2-257.xyz,52,1,OK,3156,df5f96f76a77ca2dd9dbbb85b5e30ab89d9199ebb1d9020fdb3cc371d2e945a8
52,C52-C2-265.xyz,https://nanotube.msu.edu/fullerene/C52/C52-C2-265.xyz,52,1,OK,3156,2c3c3c2ed0def10bdaecc8b43b1df701b113bd6c9e0a05cd1640a50a4a429a5d
52,C52-C2-267.xyz,https://nanotube.msu.edu/fullerene/C52/C52-C2-267.xyz,52,1,OK,3156,55d29aa2e88688a91dd0315d9ba3247f161bb610ad3479d016e115d1fb4e9f07
52,C52-C2-278.xyz,https://nanotube.msu.edu/fullerene/C52/C52-C2-278.xyz,52,1,OK,3156,cfb5f853c34b204a190fc217e6d2983502e90c6a0694c25aaaedd3a2b9659d8d
52,C52-C2-283.xyz,https://nanotube.msu.edu/fullerene/C52/C52-C2-283.xyz,52,1,OK,3156,378932944353edba56fe060465cb3fdc6c0f11bc122179b195b0cfedd043045d
52,C52-C2-29.xyz,https://nanotube.msu.edu/fullerene/C52/C52-C2-29.xyz,52,1,OK,3156,fe2476586c47dcc36e2c7893e25273312858be210ef17205dcf5abeb07655d19
52,C52-C2-293.xyz,https://nanotube.msu.edu/fullerene/C52/C52-C2-293.xyz,52,1,OK,3156,f258fe63c1f54873b27d398c8bd9f944f33eea0fd51fce29c329db38d455e7ba
52,C52-C2-31.xyz,https://nanotube.msu.edu/fullerene/C52/C52-C2-31.xyz,52,1,OK,3156,abb092e9252464fce8cffbb2eae48c59f6d42820d5af573ea44f48a742f6ef16
52,C52-C2-311.xyz,https://nanotube.msu.edu/fullerene/C52/C52-C2-311.xyz,52,1,OK,3156,39df6c757c8868f44fbacce21dafa746e94d6dc5006c2e83677fa11c5abb88a6
52,C52-C2-312.xyz,https://nanotube.msu.edu/fullerene/C52/C52-C2-312.xyz,52,1,OK,3156,6f6608c76b1dfa228196102d690f5bff23d6a850255a4e62e07c0d33a65d84fc
52,C52-C2-315.xyz,https://nanotube.msu.edu/fullerene/C52/C52-C2-315.xyz,52,1,OK,3156,f5d6c4df3646e35ed62c26ef45be6996f9ba27c3583c1163a911f2e8848db4f3
52,C52-C2-323.xyz,https://nanotube.msu.edu/fullerene/C52/C52-C2-323.xyz,52,1,OK,3156,217ba292c77bc1a216a1937b034b72d7e7aeb1041073822acaedad690206472d
52,C52-C2-334.xyz,https://nanotube.msu.edu/fullerene/C52/C52-C2-334.xyz,52,1,OK,3156,fa0d245a5771cd53d8d2823b10d293239c21a6f232fdfb645e8c81cde0c31954
52,C52-C2-335.xyz,https://nanotube.msu.edu/fullerene/C52/C52-C2-335.xyz,52,1,OK,3156,ee43fdbb4f0dc481cc987a37d56ef468f369080cf2a7024194f0e710daa46c8b
52,C52-C2-336.xyz,https://nanotube.msu.edu/fullerene/C52/C52-C2-336.xyz,52,1,OK,3156,e31b5bcd0c1eb1bce7e03905be61d632ebb6ebb629cb8fceff28ce0d6dfe8e98
52,C52-C2-339.xyz,https://nanotube.msu.edu/fullerene/C52/C52-C2-339.xyz,52,1,OK,3156,a7f9960e735b0c6252b5751555775f9f3017fc8f7cfaba7844ab904c30f82081
52,C52-C2-340.xyz,https://nanotube.msu.edu/fullerene/C52/C52-C2-340.xyz,52,1,OK,3156,e2ffddfdf5850038b0b0a2d2dcdc65f72f2664ac23dc270511bd22bb417ce647
52,C52-C2-346.xyz,https://nanotube.msu.edu/fullerene/C52/C52-C2-346.xyz,52,1,OK,3156,4459059995539da63e1816003bf98523e90a405320ceaace8bc521e927bb4ac9
52,C52-C2-348.xyz,https://nanotube.msu.edu/fullerene/C52/C52-C2-348.xyz,52,1,OK,3156,13de7914411d232cf6b31b0654b1b956383a39dba537e856e8f17a47cca02702
52,C52-C2-355.xyz,https://nanotube.msu.edu/fullerene/C52/C52-C2-355.xyz,52,1,OK,3156,c7955e3f4208d2daf22b651adf06ffc86ba83bbf0edcfd8181b88bdc5aa31f90
52,C52-C2-359.xyz,https://nanotube.msu.edu/fullerene/C52/C52-C2-359.xyz,52,1,OK,3156,4d20bb3c468e4d2694de5d0711233981a6a233abb9f24e42093fec818dec8200
52,C52-C2-362.xyz,https://nanotube.msu.edu/fullerene/C52/C52-C2-362.xyz,52,1,OK,3156,ac9d5f2e420aa2dba58a125f92df66a41c33dad02ee5c0b463ea13b3cdb90e80
52,C52-C2-363.xyz,https://nanotube.msu.edu/fullerene/C52/C52-C2-363.xyz,52,1,OK,3156,a467ffb51ce6d064f0b7ce6a6833cb66a84d34dbdf633f1291fdd94bbdd61c6f
52,C52-C2-372.xyz,https://nanotube.msu.edu/fullerene/C52/C52-C2-372.xyz,52,1,OK,3156,d15257d7dd8ced2b5a73ede4d3161abb589988f28a1b3cbf3cf6d18cabdbf2fa
52,C52-C2-375.xyz,https://nanotube.msu.edu/fullerene/C52/C52-C2-375.xyz,52,1,OK,3156,6f3b3c77f9c2de347944726eb22a230297299812be84d2cab7afcd867fd83cb2
52,C52-C2-376.xyz,https://nanotube.msu.edu/fullerene/C52/C52-C2-376.xyz,52,1,OK,3156,f326b9f2297a9363396caae91c659bdb25996cc1176801e59b29167072a2b9e9
52,C52-C2-378.xyz,https://nanotube.msu.edu/fullerene/C52/C52-C2-378.xyz,52,1,OK,3156,57e522486e35170a76ba1b4076b1be705b023f7c8e3e85f3bc1d2e1b22bfe287
52,C52-C2-380.xyz,https://nanotube.msu.edu/fullerene/C52/C52-C2-380.xyz,52,1,OK,3156,44fddf794c37e13f099a0a3f9a03a38d601cbe9e5671d0092efedf78fa540298
52,C52-C2-381.xyz,https://nanotube.msu.edu/fullerene/C52/C52-C2-381.xyz,52,1,OK,3156,484c6be511f5f7126b20776e04acc173b87583e707bfcebb1705632716857a46
52,C52-C2-383.xyz,https://nanotube.msu.edu/fullerene/C52/C52-C2-383.xyz,52,1,OK,3156,a61cb10641457612374a2fea012effc8da8da2fc75d8d8e39033ecce283dc873
52,C52-C2-385.xyz,https://nanotube.msu.edu/fullerene/C52/C52-C2-385.xyz,52,1,OK,3156,7a73a942e94aa3df808e6ef153a202c12dd74d7084d8a57620cac18065448a08
52,C52-C2-386.xyz,https://nanotube.msu.edu/fullerene/C52/C52-C2-386.xyz,52,1,OK,3156,134ecb0ec963fea3acc9d85ebbadf79343b779918a41cef9aea0997cf545740d
52,C52-C2-388.xyz,https://nanotube.msu.edu/fullerene/C52/C52-C2-388.xyz,52,1,OK,3156,4e538380b0b1f85e769d32cf3aed9f500d86653b964444a1bf43d777c5127636
52,C52-C2-393.xyz,https://nanotube.msu.edu/fullerene/C52/C52-C2-393.xyz,52,1,OK,3156,1e95f7452987e1cf4967f30895e655f42ca92935db3046a35e732b6de49c8ddd
52,C52-C2-395.xyz,https://nanotube.msu.edu/fullerene/C52/C52-C2-395.xyz,52,1,OK,3156,475044f5cf8fa51530033f6acc65d0ed0198d6cad4647c18e3868747cea90aa6
52,C52-C2-397.xyz,https://nanotube.msu.edu/fullerene/C52/C52-C2-397.xyz,52,1,OK,3156,bca07b7a8d64a6e47ec1810c37b16bc34a33ef50256c65f1d202e14df0cfa0ce
52,C52-C2-399.xyz,https://nanotube.msu.edu/fullerene/C52/C52-C2-399.xyz,52,1,OK,3156,d80dfb47414f4b4bdcedb78c86b909de75fe315adef0487176957a761b7a7780
52,C52-C2-413.xyz,https://nanotube.msu.edu/fullerene/C52/C52-C2-413.xyz,52,1,OK,3156,5dedf89c34e4cbbf46bbef4c1d589839ec2c937859d5129b28a684f0007e819e
52,C52-C2-417.xyz,https://nanotube.msu.edu/fullerene/C52/C52-C2-417.xyz,52,1,OK,3156,c5e8c2a0fc1f9122664bc07daeb8f4109f958b2a7e35604e930e3116b44d3986
52,C52-C2-419.xyz,https://nanotube.msu.edu/fullerene/C52/C52-C2-419.xyz,52,1,OK,3156,876bc5cefc1b59c8e13e6dae4e950d22c7e0197557805e3848f3be662b995f43
52,C52-C2-420.xyz,https://nanotube.msu.edu/fullerene/C52/C52-C2-420.xyz,52,1,OK,3156,70cb73b1bfb889e09318d51d0b6d877d05fc32b00a799e96d9e160370530c378
52,C52-C2-421.xyz,https://nanotube.msu.edu/fullerene/C52/C52-C2-421.xyz,52,1,OK,3156,fb5b8d91cccb1b53a5aaf5c4b28cf269f3e7f2c5610cd9579885385a79d1523b
52,C52-C2-422.xyz,https://nanotube.msu.edu/fullerene/C52/C52-C2-422.xyz,52,1,OK,3156,4b873d02c3afd339d32b8dba2e5cf05211ff29e71e78c7d527536399172b691b
52,C52-C2-427.xyz,https://nanotube.msu.edu/fullerene/C52/C52-C2-427.xyz,52,1,OK,3156,338254022d04900d26bc9990f6c86ec60cf85d0f5354f2ce289820178bd218c3
52,C52-C2-434.xyz,https://nanotube.msu.edu/fullerene/C52/C52-C2-434.xyz,52,1,OK,3156,d8c6675a59c4aeac8a51d86c68788d0368203302d3d8c7b72faa2aa6467afa65
52,C52-C2-5.xyz,https://nanotube.msu.edu/fullerene/C52/C52-C2-5.xyz,52,1,OK,3156,4f15c2d8b629d5a6e50692baa88a7b80b9595481b8a7557cd384a667f3ae0fce
52,C52-C2-50.xyz,https://nanotube.msu.edu/fullerene/C52/C52-C2-50.xyz,52,1,OK,3156,766b88b2cc1f051a3a90db6a74e13f804e6848a9ecb2074adcc1d458b1267bf2
52,C52-C2-82.xyz,https://nanotube.msu.edu/fullerene/C52/C52-C2-82.xyz,52,1,OK,3156,53ee73f73545db8e8ff5cf6a5a4277a2dce31cdbbd78f46e18eee24c204904c8
52,C52-C2-83.xyz,https://nanotube.msu.edu/fullerene/C52/C52-C2-83.xyz,52,1,OK,3156,91c2974a88925b9889e85a4e4a03ae0150ae8bc8cc7d4f1fc71f395e7d23a617
52,C52-C2-84.xyz,https://nanotube.msu.edu/fullerene/C52/C52-C2-84.xyz,52,1,OK,3156,c977a62654840df0afdf9dc6a3f267bef1228ff7c61981585d7b67e32bb4f1e5
52,C52-C2-88.xyz,https://nanotube.msu.edu/fullerene/C52/C52-C2-88.xyz,52,1,OK,3156,6653b6bd994b578126c6a7afa08acdc9fe458fe3300e85c1f22b6df2a6faf499
52,C52-C2-99.xyz,https://nanotube.msu.edu/fullerene/C52/C52-C2-99.xyz,52,1,OK,3156,9ec2c6e63d3c6d97e489f184b732cd4d2423262f162dfc94f34f4b2be62634ef
52,C52-C2h-389.xyz,https://nanotube.msu.edu/fullerene/C52/C52-C2h-389.xyz,52,1,OK,3156,f7eb17a2dbed73d25e2997bb8f6ee5c9cd31b7c66010d6451f7e0618a4b0f228
52,C52-C2v-101.xyz,https://nanotube.msu.edu/fullerene/C52/C52-C2v-101.xyz,52,1,OK,3156,dddac3e40142b59a1b4d294b3a16c9616068c3d2992a1458c19a14babe2a74b7
52,C52-C2v-242.xyz,https://nanotube.msu.edu/fullerene/C52/C52-C2v-242.xyz,52,1,OK,3156,21bd77b5d2725b72ec61f4b5f2bfdc6ef14b73935a84299cd1856045f78278d8
52,C52-C2v-391.xyz,https://nanotube.msu.edu/fullerene/C52/C52-C2v-391.xyz,52,1,OK,3156,bbda08fed9b6a5100e17fbcc665b9b13bb5a3209b1d746a4468084287c0ac262
52,C52-C3-237.xyz,https://nanotube.msu.edu/fullerene/C52/C52-C3-237.xyz,52,1,OK,3156,a6413372ae366c99ddc0d1adb0a491cbd2a1debb9318a82e794cb5b1d6278b90
52,C52-C3-303.xyz,https://nanotube.msu.edu/fullerene/C52/C52-C3-303.xyz,52,1,OK,3156,81a3cf7d2dcd3e3b2a5d1e341d8d809f0a9e79757c0b2ba7fe430d551bcafd74
52,C52-C3-425.xyz,https://nanotube.msu.edu/fullerene/C52/C52-C3-425.xyz,52,1,OK,3156,43f82b1bb4a79530598c021c0cdd83325166f67491ba6d229044815ad307a480
52,C52-C3v-109.xyz,https://nanotube.msu.edu/fullerene/C52/C52-C3v-109.xyz,52,1,OK,3156,f392991e6280bf53bdad9d093a543a1f3b1d46ee8c8c669e53382b8b5b269ef0
52,C52-C3v-296.xyz,https://nanotube.msu.edu/fullerene/C52/C52-C3v-296.xyz,52,1,OK,3156,0595e6005e97d2e234cb6a6666bd4e6adee17ed00043a41974688824c601028f
52,C52-Cs-102.xyz,https://nanotube.msu.edu/fullerene/C52/C52-Cs-102.xyz,52,1,OK,3156,3afced346a0fc7448f0ad699650896022b846b46423a9d4c05ec2eff3e62f757
52,C52-Cs-120.xyz,https://nanotube.msu.edu/fullerene/C52/C52-Cs-120.xyz,52,1,OK,3156,25f3754566169bf965e9659d2a603829613dd3b421328a6b4fb16e1c21dcf434
52,C52-Cs-21.xyz,https://nanotube.msu.edu/fullerene/C52/C52-Cs-21.xyz,52,1,OK,3156,da99a87bd82eac099df6435927507090913479a214f4498a68f8e53d7c16f0f6
52,C52-Cs-221.xyz,https://nanotube.msu.edu/fullerene/C52/C52-Cs-221.xyz,52,1,OK,3156,e2334af7910235546650e36b7a577a8f2f4076150c6e24543966092ae1e8436a
52,C52-Cs-225.xyz,https://nanotube.msu.edu/fullerene/C52/C52-Cs-225.xyz,52,1,OK,3156,2b310187002ffd2471951dc98224a90c026e26b8a6ab5914fb24b3ba8d9d7539
52,C52-Cs-229.xyz,https://nanotube.msu.edu/fullerene/C52/C52-Cs-229.xyz,52,1,OK,3156,f443aecc830ba9895c4af6149371f7f7b9aa11f8b18eb36e04b45cc717935359
52,C52-Cs-241.xyz,https://nanotube.msu.edu/fullerene/C52/C52-Cs-241.xyz,52,1,OK,3156,d3c286b89438dce8c1ca3170429dfe56414dbb2a927c72f8c68d3074dab5244f
52,C52-Cs-294.xyz,https://nanotube.msu.edu/fullerene/C52/C52-Cs-294.xyz,52,1,OK,3156,a562265161e81dc6cd322012ac83da011dc2fd539b9c9b51c1934863a271d933
52,C52-Cs-3.xyz,https://nanotube.msu.edu/fullerene/C52/C52-Cs-3.xyz,52,1,OK,3156,776030be8f78c2e86a806ce1c32f5ca175e546a013a5c6f598a0f2c28e3596d0
52,C52-Cs-314.xyz,https://nanotube.msu.edu/fullerene/C52/C52-Cs-314.xyz,52,1,OK,3156,46d8c3b391ccdb91352f54bece5713d842d7ff8f9afbbf36a39b12f0428e1069
52,C52-Cs-319.xyz,https://nanotube.msu.edu/fullerene/C52/C52-Cs-319.xyz,52,1,OK,3156,af80582ef35ca3a0cc19a6af258b192155efd5eff4c3a4ffa5ea6d85520dae22
52,C52-Cs-347.xyz,https://nanotube.msu.edu/fullerene/C52/C52-Cs-347.xyz,52,1,OK,3156,4cf39aed5caaede15bb220540669692117dc15115d53829847acd754ceceeeaa
52,C52-Cs-38.xyz,https://nanotube.msu.edu/fullerene/C52/C52-Cs-38.xyz,52,1,OK,3156,88a639aab1e8e74b160060363a4bc3bff829f42b71b067af9ba2b67238150f95
52,C52-Cs-390.xyz,https://nanotube.msu.edu/fullerene/C52/C52-Cs-390.xyz,52,1,OK,3156,70636e502681c15f2a88b9eedf9fd1b8e26364fd73295417aac1f27e2c5a2c30
52,C52-Cs-392.xyz,https://nanotube.msu.edu/fullerene/C52/C52-Cs-392.xyz,52,1,OK,3156,0789448fe4384ed7fd619481045cc7a12ea3acdcbd083dba471e37c5fe5afcf1
52,C52-Cs-40.xyz,https://nanotube.msu.edu/fullerene/C52/C52-Cs-40.xyz,52,1,OK,3156,19db6b583d85522d2f3b4372344db23299224b99547018bc8a70b047c8c77101
52,C52-Cs-400.xyz,https://nanotube.msu.edu/fullerene/C52/C52-Cs-400.xyz,52,1,OK,3156,8b2854e374571dc7f74f10953a9accbfa974c0e0332c6d253280a9d54f23471c
52,C52-Cs-410.xyz,https://nanotube.msu.edu/fullerene/C52/C52-Cs-410.xyz,52,1,OK,3156,6a5fb6fd60dee30a5ae103fe0469778bc33b396c55a08b3e54286458c9ac8409
52,C52-Cs-411.xyz,https://nanotube.msu.edu/fullerene/C52/C52-Cs-411.xyz,52,1,OK,3156,37898c18a6fd15e09770b26c23418a26829b16350772bb6d324d29403cc69120
52,C52-Cs-43.xyz,https://nanotube.msu.edu/fullerene/C52/C52-Cs-43.xyz,52,1,OK,3156,7a7066fbb0ccc8e500c6191b53fb89f639bc285f56ac67e8b4a1b47ccb10e870
52,C52-Cs-44.xyz,https://nanotube.msu.edu/fullerene/C52/C52-Cs-44.xyz,52,1,OK,3156,6184e9e131ce25852290360e1fabcd59d08a3391eb2947c7973e75e296539982
52,C52-Cs-6.xyz,https://nanotube.msu.edu/fullerene/C52/C52-Cs-6.xyz,52,1,OK,3156,fdb5c8cf006266b9ffce4a2d8cc3cc15a32da8476a5b8d6e149fd841b8ef5e47
52,C52-Cs-66.xyz,https://nanotube.msu.edu/fullerene/C52/C52-Cs-66.xyz,52,1,OK,3156,e80d680f8a279ce55404636197eb0d3f943ba962c3ba3f6629197bf49796c45c
52,C52-Cs-67.xyz,https://nanotube.msu.edu/fullerene/C52/C52-Cs-67.xyz,52,1,OK,3156,a22366fcc4be685c5c32919db6705659e12112eac6a2ca63f61450847efc4768
52,C52-Cs-92.xyz,https://nanotube.msu.edu/fullerene/C52/C52-Cs-92.xyz,52,1,OK,3156,2c9311dd6fbb061eb3c5931076072601278eb845459333b760c9e13c58af72e0
52,C52-Cs-95.xyz,https://nanotube.msu.edu/fullerene/C52/C52-Cs-95.xyz,52,1,OK,3156,1a458095b4b505ae15447a1fd7563f0110c4f3a68a99717ddaa332ece172a7d6
52,C52-D2-179.xyz,https://nanotube.msu.edu/fullerene/C52/C52-D2-179.xyz,52,1,OK,3156,4c1a7d2711e5f901b4cf1479a4f2246fc042986467fb3a36eaf58353ff2bda11
52,C52-D2-2.xyz,https://nanotube.msu.edu/fullerene/C52/C52-D2-2.xyz,52,1,OK,3156,33677849cb23aa918e67b1045690f3138515714bf0da53637ff4a06b9e6f4c30
52,C52-D2-333.xyz,https://nanotube.msu.edu/fullerene/C52/C52-D2-333.xyz,52,1,OK,3156,13b8841aa130b85ff224d6cb608ad87aac7c8c2886c04e5a75edfdd5c3d290d9
52,C52-D2-354.xyz,https://nanotube.msu.edu/fullerene/C52/C52-D2-354.xyz,52,1,OK,3156,b5ac56df9dfd3ce68bc4e56978b9d329b083a1c44359ae3549e53524f160556a
52,C52-D2-368.xyz,https://nanotube.msu.edu/fullerene/C52/C52-D2-368.xyz,52,1,OK,3156,090274a9d2c769bf22077774069ff59ea4dff5239a6d3d62cc0fd8f3fca4317e
52,C52-D2-394.xyz,https://nanotube.msu.edu/fullerene/C52/C52-D2-394.xyz,52,1,OK,3156,15a3fafa6360444f34fc9032b0a8f274198ad753eeb271590e7c30fa78a17d29
52,C52-D2-428.xyz,https://nanotube.msu.edu/fullerene/C52/C52-D2-428.xyz,52,1,OK,3156,89f69ec00570a230f2870947eddc3dd3467109e2703b61d03dc9cccdf2f72138
52,C52-D2-433.xyz,https://nanotube.msu.edu/fullerene/C52/C52-D2-433.xyz,52,1,OK,3156,bb0f2ece017295761cac48043c3ce361f75755664efc562566bee3e01f67637c
52,C52-D2-58.xyz,https://nanotube.msu.edu/fullerene/C52/C52-D2-58.xyz,52,1,OK,3156,39a5d4b32a832e08f4dd086f4116d419d1530e4307a520290715d2400d8f4a5a
52,C52-D2d-178.xyz,https://nanotube.msu.edu/fullerene/C52/C52-D2d-178.xyz,52,1,OK,3156,7b16dfb4bd032b9253bd47330934282c2e5c8502dbb8b149917adb6748cb6552
52,C52-D2d-313.xyz,https://nanotube.msu.edu/fullerene/C52/C52-D2d-313.xyz,52,1,OK,3156,1ff133f3abffe8226b7eb31f5c266f380157b53dd66381db0f8004030a73e930
52,C52-D2d-432.xyz,https://nanotube.msu.edu/fullerene/C52/C52-D2d-432.xyz,52,1,OK,3156,a1d19e30e2e07c500fbc965a2d348abd30a18a125607d82d4b437bf1049fbefc
52,C52-D2d-435.xyz,https://nanotube.msu.edu/fullerene/C52/C52-D2d-435.xyz,52,1,OK,3156,9aeb08ae88bf8b80e4055f2359488df5eddbf29258ecdbee09a53e371eb033f6
52,C52-D2d-94.xyz,https://nanotube.msu.edu/fullerene/C52/C52-D2d-94.xyz,52,1,OK,3156,d3a349e050ea9fc895b46877a8313ea5a16302ea94e3f8c667fcd9ee6b650524
52,C52-D2h-103.xyz,https://nanotube.msu.edu/fullerene/C52/C52-D2h-103.xyz,52,1,OK,3156,d94f60d5e6787d74c924bc7a47efbb834568414901cbf43c783f5fb10b085579
52,C52-D2h-431.xyz,https://nanotube.msu.edu/fullerene/C52/C52-D2h-431.xyz,52,1,OK,3156,47134ad6a3b953762abd8312dcb7b0f277b491ca1a5b9b3c03d83ec24320c5c5
52,C52-T-437.xyz,https://nanotube.msu.edu/fullerene/C52/C52-T-437.xyz,52,1,OK,3156,4b06298cbd14f8020bbae0a82ac274763e0f70ce25677506d466dec14c5a2cc9
60,C60-Ih.xyz,https://nanotube.msu.edu/fullerene/C60/C60-Ih.xyz,60,1,OK,3628,8e675f66e648a24000f7eeeb6c7da9d81a0f86152a580d3755f6d402ed53922e
70,C70-D5h.xyz,https://nanotube.msu.edu/fullerene/C70/C70-D5h.xyz,70,1,OK,4218,2752d1226a16196da8270cfcd110236165d8789dd0ab6b74c8779beba342a7f4
72,C72-D6d.xyz,https://nanotube.msu.edu/fullerene/C72/C72-D6d.xyz,72,1,OK,4336,6a7b52d3f6a2b9634f5f314d16f1f7cb1c469488d9f2cf5631b1a2dcc961161a
74,C74-D3h.xyz,https://nanotube.msu.edu/fullerene/C74/C74-D3h.xyz,74,1,OK,4454,2309f31df5a27c312aea2d6a760e347544e2a4d28a2f52ceef4aad689251915f
76,C76-D2.xyz,https://nanotube.msu.edu/fullerene/C76/C76-D2.xyz,76,1,OK,4572,3176fe60a992a6ab5f8e7c0263ed8653f318927121f20179d5e8dd5016561cc6
76,C76-Td.xyz,https://nanotube.msu.edu/fullerene/C76/C76-Td.xyz,76,1,OK,4572,8bc3d67e50a786112e71c5a36b1999bf6d2f85bba5ae139765927a92c0aa3317
78,C78-C2v-2.xyz,https://nanotube.msu.edu/fullerene/C78/C78-C2v-2.xyz,78,1,OK,4690,b7efa8ae8cec80e7818075b139d968c326c0f09fe4c66ec141be1ee16744a9ac
78,C78-C2v-3.xyz,https://nanotube.msu.edu/fullerene/C78/C78-C2v-3.xyz,78,1,OK,4690,5d4aa9004c2f6424ab0fe85f93b7d5d57d240190b9c5a8b3a12e278cc148b0b0
78,C78-D3-1.xyz,https://nanotube.msu.edu/fullerene/C78/C78-D3-1.xyz,78,1,OK,4690,e10f451d935a0f1fa74c4644e64a8272446aeed022e7e095e1dc87554fe35a2d
78,C78-D3h-4.xyz,https://nanotube.msu.edu/fullerene/C78/C78-D3h-4.xyz,78,1,OK,4690,00f23070199b68c23e7b7741a32d67ea91ca65d5e56cf9c778059a4b8b17f327
78,C78-D3h-5.xyz,https://nanotube.msu.edu/fullerene/C78/C78-D3h-5.xyz,78,1,OK,4690,29ce9cf2924c04e8cc02a77dddfdd48b34c79e0e6af4b4522ceb41402555d61d
80,C80-C2v-3.xyz,https://nanotube.msu.edu/fullerene/C80/C80-C2v-3.xyz,80,1,OK,4808,dcb17b945a9f0340ac64c7db2ff84f18545738597390963d18969654907db83e
80,C80-C2v-5.xyz,https://nanotube.msu.edu/fullerene/C80/C80-C2v-5.xyz,80,1,OK,4808,fb38503fb045af155eedb96817b7b0d8fd5b5ed2812344d4e587875cc2b92bc1
80,C80-D2-2.xyz,https://nanotube.msu.edu/fullerene/C80/C80-D2-2.xyz,80,1,OK,4808,5c97e924635a2eeca327ab731b1d3e39ef033077eb9e3513effe49c4cdcb74e7
80,C80-D3-4.xyz,https://nanotube.msu.edu/fullerene/C80/C80-D3-4.xyz,80,1,OK,4808,1e42eedeeac0508b2ca865eedc83876a1b3a0a09e9210f37a3a038916728a879
80,C80-D5d-1.xyz,https://nanotube.msu.edu/fullerene/C80/C80-D5d-1.xyz,80,1,OK,4808,6b35e873b91beb156ad117f92692d87c3ba68bb28719f2482de5507cafaceff2
80,C80-D5h-6.xyz,https://nanotube.msu.edu/fullerene/C80/C80-D5h-6.xyz,80,1,OK,4808,e317908833e13cff6441eb5a2c8a96cbdf8085bb0ea3508245438578f3243b60
82,C82-C2-1.xyz,https://nanotube.msu.edu/fullerene/C82/C82-C2-1.xyz,82,1,OK,4926,0fb054484592b31496409fa238409f7e6748799d879e52af20ca0e40a23afa30
82,C82-C2-3.xyz,https://nanotube.msu.edu/fullerene/C82/C82-C2-3.xyz,82,1,OK,4926,8ade5ca7eec8f7cceb29bc15e94128fbbf37262b3c303411db306604741ca072
82,C82-C2-5.xyz,https://nanotube.msu.edu/fullerene/C82/C82-C2-5.xyz,82,1,OK,4926,1731f39746e8fd45738df3587622f3c4a0f8b443cd56602f46d7f0f4d3d3d9c0
82,C82-C2v-9.xyz,https://nanotube.msu.edu/fullerene/C82/C82-C2v-9.xyz,82,1,OK,4926,b8bf99a1ea6e3eeb2afc4cc6ca1e32a7a69e0874cd6ec3e8ecf448beebc3b7a3
82,C82-C3v-7.xyz,https://nanotube.msu.edu/fullerene/C82/C82-C3v-7.xyz,82,1,OK,4926,a425aec00bde2db24eec2544899b028db0fbe41a10d21e16369afdf292e2a76a
82,C82-C3v-8.xyz,https://nanotube.msu.edu/fullerene/C82/C82-C3v-8.xyz,82,1,OK,4926,60ad53c28ddb0eacc4456e0e21baf8bc25c1fa7d508ad68a6be1bb3ca445ad5c
82,C82-Cs-2.xyz,https://nanotube.msu.edu/fullerene/C82/C82-Cs-2.xyz,82,1,OK,4926,d3b0492416909dc78dfbba3d7cc9003fb11946ff5128a45db742278a46bdd0f5
82,C82-Cs-4.xyz,https://nanotube.msu.edu/fullerene/C82/C82-Cs-4.xyz,82,1,OK,4926,973e5947f79a068ebbd7069773f93eecf85a1a84a4039b31a6f79fd58e654849
82,C82-Cs-6.xyz,https://nanotube.msu.edu/fullerene/C82/C82-Cs-6.xyz,82,1,OK,4926,d401f41d97d843558cae362e51ba7226c560ab934a76e74e69579ac06775320b
84,C84-C1-12.xyz,https://nanotube.msu.edu/fullerene/C84/C84-C1-12.xyz,84,1,OK,5044,4e67c98aababcc7bfcd2e062ea487a0a5c4d99f41637798a942a87578dfa5ac1
84,C84-C2-11.xyz,https://nanotube.msu.edu/fullerene/C84/C84-C2-11.xyz,84,1,OK,5044,7fc456bd9c2e1b13a9e78bda03d350142b0fe48b15a65b1a24296dd69d46cd78
84,C84-C2-13.xyz,https://nanotube.msu.edu/fullerene/C84/C84-C2-13.xyz,84,1,OK,5044,f280bb024aa53f9da87e4e0f4ef42de3a75b65502064476f87f498eef49fbc53
84,C84-C2-2.xyz,https://nanotube.msu.edu/fullerene/C84/C84-C2-2.xyz,84,1,OK,5044,4fc2e8321af25fa9ff3e8ede68d60de7f06521c77e859804b56bc4b276200c88
84,C84-C2-8.xyz,https://nanotube.msu.edu/fullerene/C84/C84-C2-8.xyz,84,1,OK,5044,87ddab74ec47762502c340e0f11ef52f279f1b152be0d4657690970a5f554efe
84,C84-C2-9.xyz,https://nanotube.msu.edu/fullerene/C84/C84-C2-9.xyz,84,1,OK,5044,f4d9a10121ecbf5dcaffff5bb92e1cd444329f6c253aaa08097adad9cf464f04
84,C84-C2v-17.xyz,https://nanotube.msu.edu/fullerene/C84/C84-C2v-17.xyz,84,1,OK,5044,6f0e1cabd77a68cc03f0aef1a81ea83dca9d41cd8af869192a7d58130292ae87
84,C84-C2v-18.xyz,https://nanotube.msu.edu/fullerene/C84/C84-C2v-18.xyz,84,1,OK,5044,e6635fec4043b33083892a0789f7f0dc6c99142d220db9c43bd62686ed8e0813
84,C84-C2v-6.xyz,https://nanotube.msu.edu/fullerene/C84/C84-C2v-6.xyz,84,1,OK,5044,f0bb325a71cab9f2955d48aeda9dbd9c13725fbf2006651615c08c1c81927902
84,C84-C2v-7.xyz,https://nanotube.msu.edu/fullerene/C84/C84-C2v-7.xyz,84,1,OK,5044,3bef788ef91267b4387f6630c3a81657aa4ead0e5bab73dc913a4b62a55475b9
84,C84-Cs-10.xyz,https://nanotube.msu.edu/fullerene/C84/C84-Cs-10.xyz,84,1,OK,5044,58e81be55cf7e12d60abc392766133c64bfcced731297effef8a9ff232e585b6
84,C84-Cs-14.xyz,https://nanotube.msu.edu/fullerene/C84/C84-Cs-14.xyz,84,1,OK,5044,a07ce4bf34302e354a2800fe2825395ff6077f9cd59895c548c2e6cdd408beca
84,C84-Cs-15.xyz,https://nanotube.msu.edu/fullerene/C84/C84-Cs-15.xyz,84,1,OK,5044,ce2985ef6861e3548b919210b238d3e2fad718f65857350bf47a55a18cb64690
84,C84-Cs-16.xyz,https://nanotube.msu.edu/fullerene/C84/C84-Cs-16.xyz,84,1,OK,5044,dda5bd1d062f697cb3339352560262aeef89a21cf976a6a89b3c372290c201e4
84,C84-Cs-3.xyz,https://nanotube.msu.edu/fullerene/C84/C84-Cs-3.xyz,84,1,OK,5044,158f8d33b0fc953680005a4cf303d922099bf401b7fc600fec26fb49291d5cd2
84,C84-D2-1.xyz,https://nanotube.msu.edu/fullerene/C84/C84-D2-1.xyz,84,1,OK,5044,cd4ea01c8c5c7b9b24aa5d5a2b62cf91411cbbbf6435c310d9af9b302d2da5fe
84,C84-D2-21.xyz,https://nanotube.msu.edu/fullerene/C84/C84-D2-21.xyz,84,1,OK,5044,8ad39b2bcf6ea00be501bee08e0092f4c8c108b610822b360d804597c67cacc1
84,C84-D2-22.xyz,https://nanotube.msu.edu/fullerene/C84/C84-D2-22.xyz,84,1,OK,5044,014cc9ba960e071130fe8c45dd8ae1bff9250cf971ca3e5e0a7924a9b6714898
84,C84-D2-5.xyz,https://nanotube.msu.edu/fullerene/C84/C84-D2-5.xyz,84,1,OK,5044,f843b08f0f6180deef4c5c4b62c74195b76fc7ad4a6e825196825ebcfe2a5120
84,C84-D2d-23.xyz,https://nanotube.msu.edu/fullerene/C84/C84-D2d-23.xyz,84,1,OK,5044,c58f97d31e292d334541ec352b8e9c6773f08da5cdaa097e744021d8e1a92fa2
84,C84-D2d-4.xyz,https://nanotube.msu.edu/fullerene/C84/C84-D2d-4.xyz,84,1,OK,5044,b59d6b5d7133e6466388818d2563fde58289583ce47dcf41ad19a5a49c941306
84,C84-D3d-19.xyz,https://nanotube.msu.edu/fullerene/C84/C84-D3d-19.xyz,84,1,OK,5044,471042c6675a275334cbf160d00fcb43f64a5999172e6b03fb484fee654bbe95
84,C84-D6h-24.xyz,https://nanotube.msu.edu/fullerene/C84/C84-D6h-24.xyz,84,1,OK,5044,f5cbfbadc0781dbedc141d1f3b2e3cef25ef3e882cb2a68f67bfb055ea9ff499
84,C84-Td-20.xyz,https://nanotube.msu.edu/fullerene/C84/C84-Td-20.xyz,84,1,OK,5044,8c5d7d25dc4c21eeb88efc73d0848c8e5ddc448c6c7b232a9b8610a2e55f9d36
86,C86-C1-1.xyz,https://nanotube.msu.edu/fullerene/C86/C86-C1-1.xyz,86,1,OK,5162,a453eee6ddc184ade922c5c9e9d4260efe62be8f737d15f3ead7b9bd1b93eb36
86,C86-C1-11.xyz,https://nanotube.msu.edu/fullerene/C86/C86-C1-11.xyz,86,1,OK,5162,cf7dd93398f38d7b8a748a706e20f3db1dd9b8aa308f4ae6381a1a79d73d692f
86,C86-C1-12.xyz,https://nanotube.msu.edu/fullerene/C86/C86-C1-12.xyz,86,1,OK,5162,70587ac2882ba1439db0a19774ea7933acabee2514a518e06a0e9ced5369514d
86,C86-C1-13.xyz,https://nanotube.msu.edu/fullerene/C86/C86-C1-13.xyz,86,1,OK,5162,f5a8cc1d3c8b3fcf3eea1bcb7cbb8ed6bfbf4ba85f36dfff2e402862c8dd5819
86,C86-C1-5.xyz,https://nanotube.msu.edu/fullerene/C86/C86-C1-5.xyz,86,1,OK,5162,90c51430d9e33adcd04b37d008fa4c9e6eb6451f701a7a6f997cdb826915b2bf
86,C86-C1-7.xyz,https://nanotube.msu.edu/fullerene/C86/C86-C1-7.xyz,86,1,OK,5162,21f376bc5982db7949ad56f9a28f2fa947132e436428aff47be1cd7c0e6a954d
86,C86-C2-14.xyz,https://nanotube.msu.edu/fullerene/C86/C86-C2-14.xyz,86,1,OK,5162,1abc3a38ba77f19750dd8088c1bb8dfc865020bfbb69f6ee7ec4bd5f8d123961
86,C86-C2-17.xyz,https://nanotube.msu.edu/fullerene/C86/C86-C2-17.xyz,86,1,OK,5162,2526c5cd33f2da6890da5ef1fa8e5f5adfb8048cd984c396a6f4c09061a98335
86,C86-C2-2.xyz,https://nanotube.msu.edu/fullerene/C86/C86-C2-2.xyz,86,1,OK,5162,c29541383dafc7d3b20e96eaea1cb2d22446a874521653f612d040b8016c186b
86,C86-C2-3.xyz,https://nanotube.msu.edu/fullerene/C86/C86-C2-3.xyz,86,1,OK,5162,a64c704efc29ff4ff330ae7fe0a279ed3eb12c19d28e58671c3e841f4097d668
86,C86-C2-4.xyz,https://nanotube.msu.edu/fullerene/C86/C86-C2-4.xyz,86,1,OK,5162,fd82ec327bb5e29dc2d3327a86e1bba9ae9c1670b0f434d7ea69ddbf88800fd6
86,C86-C2-6.xyz,https://nanotube.msu.edu/fullerene/C86/C86-C2-6.xyz,86,1,OK,5162,610150ea34c3e1d34de961bd5911afe3fb4b65cc8515edb2104c163fc0d33914
86,C86-C2v-10.xyz,https://nanotube.msu.edu/fullerene/C86/C86-C2v-10.xyz,86,1,OK,5162,050844e3653766b92b40a96c5d2b5dfd2540a3c09ac10fe0fa19ecd5a936a3d1
86,C86-C2v-9.xyz,https://nanotube.msu.edu/fullerene/C86/C86-C2v-9.xyz,86,1,OK,5162,0c3fb218d22ff839617fd16979b11f96add3c5fc060bcbe9b1290840b56f4fec
86,C86-C3-18.xyz,https://nanotube.msu.edu/fullerene/C86/C86-C3-18.xyz,86,1,OK,5162,c59144a024a16e5157cc35b3ddc92709700f3ea16f080205423298e5896a64ee
86,C86-Cs-15.xyz,https://nanotube.msu.edu/fullerene/C86/C86-Cs-15.xyz,86,1,OK,5162,8c93b5814866b7e7c14a91536073b051a2f301f92d47c88626a6ee106c64a23c
86,C86-Cs-16.xyz,https://nanotube.msu.edu/fullerene/C86/C86-Cs-16.xyz,86,1,OK,5162,0cc2d6bf9f340fd7feea0a4b0904d4b29e7e96a22c30a4444a5c234878da181c
86,C86-Cs-8.xyz,https://nanotube.msu.edu/fullerene/C86/C86-Cs-8.xyz,86,1,OK,5162,83a830bfcba3e18ebfc6a710536fccab2c071ca8d979d6f73d4659250d8d2ef6
86,C86-D3-19.xyz,https://nanotube.msu.edu/fullerene/C86/C86-D3-19.xyz,86,1,OK,5162,de7c68c455b8bf66036ba231823463bfb096088ae648028b7436a69aa109d2d3
90,C90-C1-11.xyz,https://nanotube.msu.edu/fullerene/C90/C90-C1-11.xyz,90,1,OK,5398,71331fc27ee0679d05264bd8c16eb9d9f84b1835207504abe0f8f7b2d6819006
90,C90-C1-14.xyz,https://nanotube.msu.edu/fullerene/C90/C90-C1-14.xyz,90,1,OK,5398,46fb0e5572243475886f23d654211e05291c23bc44f8e54f10cfb6c3b6da5d47
90,C90-C1-15.xyz,https://nanotube.msu.edu/fullerene/C90/C90-C1-15.xyz,90,1,OK,5398,1f8ff8f6460667082a5aa257f52d1cc3de2681bc7c8b17d313a00f58352e14b7
90,C90-C1-20.xyz,https://nanotube.msu.edu/fullerene/C90/C90-C1-20.xyz,90,1,OK,5398,5bcd196d5193277e347c22abf9500c2d71d2c0fe000d7b44933e9914862ce077
90,C90-C1-21.xyz,https://nanotube.msu.edu/fullerene/C90/C90-C1-21.xyz,90,1,OK,5398,c45efed52bc657d5c0875226c14fed158f2c9b072d32a99345a8ea5c014f1ebe
90,C90-C1-22.xyz,https://nanotube.msu.edu/fullerene/C90/C90-C1-22.xyz,90,1,OK,5398,d267843e95f4b8c41b33bd5de4d6699e2344cd9d58dfea4b7305995587e0f697
90,C90-C1-24.xyz,https://nanotube.msu.edu/fullerene/C90/C90-C1-24.xyz,90,1,OK,5398,2f35aea908429095e164aec668a3b90f9bb4c6f73a32a1198ef0fa7a0d3cb2fd
90,C90-C1-26.xyz,https://nanotube.msu.edu/fullerene/C90/C90-C1-26.xyz,90,1,OK,5398,87cbaa1c157193cd63b8ae12452ad144c45e1cf3789a5475cdd71a1102744dba
90,C90-C1-27.xyz,https://nanotube.msu.edu/fullerene/C90/C90-C1-27.xyz,90,1,OK,5398,f2953c7ad26103ea53b2e300ffde732b69d480a817f187604efe97bb88922a1c
90,C90-C1-29.xyz,https://nanotube.msu.edu/fullerene/C90/C90-C1-29.xyz,90,1,OK,5398,db989fe3e7e85657bab97d497ca47bd6d3815c2cd15b8360b6a3125a3693678d
90,C90-C1-3.xyz,https://nanotube.msu.edu/fullerene/C90/C90-C1-3.xyz,90,1,OK,5398,f6c30deb0d71b7f7dbda0dad1b250fa4503df06ad53d66b55334bcceac6ea466
90,C90-C1-30.xyz,https://nanotube.msu.edu/fullerene/C90/C90-C1-30.xyz,90,1,OK,5398,fbab960eb5746bdb5aee9d793b94d8bae8db9689901a71e95c134218b6f7e4a3
90,C90-C1-32.xyz,https://nanotube.msu.edu/fullerene/C90/C90-C1-32.xyz,90,1,OK,5398,e2dbefb4b4e38206af5229ddf03a8cb73cb7a3ae7341d099ffda87419cd55ccd
90,C90-C1-38.xyz,https://nanotube.msu.edu/fullerene/C90/C90-C1-38.xyz,90,1,OK,5398,3e540c1e2efecde43060f221a4495cdf7bbdcab837a40bc3717e18baaa42eeb3
90,C90-C1-7.xyz,https://nanotube.msu.edu/fullerene/C90/C90-C1-7.xyz,90,1,OK,5398,83d1438d60da3fe2d4414b7fa80a872ad9b18b10b0b5d5be0fd85deb72bb7ed4
90,C90-C1-9.xyz,https://nanotube.msu.edu/fullerene/C90/C90-C1-9.xyz,90,1,OK,5398,13124dd728b75773b4ff6397d12e3b8023289babc554d1271a5d12453225f998
90,C90-C2-12.xyz,https://nanotube.msu.edu/fullerene/C90/C90-C2-12.xyz,90,1,OK,5398,548b9858edce596a52e2c754144d082c30d0a8af7c37a0efa19b96865c3a2ceb
90,C90-C2-18.xyz,https://nanotube.msu.edu/fullerene/C90/C90-C2-18.xyz,90,1,OK,5398,be8176a344c5ea1c02e213dd15f31971ac1541416ed2e23e0193dc46f43b28a2
90,C90-C2-19.xyz,https://nanotube.msu.edu/fullerene/C90/C90-C2-19.xyz,90,1,OK,5398,1148ffc47bff87c6a7c44dca0efa1618056a9adb7141eba1ebca2ab756d30085
90,C90-C2-23.xyz,https://nanotube.msu.edu/fullerene/C90/C90-C2-23.xyz,90,1,OK,5398,ade522b17c674ceb3d58b179b3d2507b9ea743382559d7bcd03bf1db8d2fa07f
90,C90-C2-28.xyz,https://nanotube.msu.edu/fullerene/C90/C90-C2-28.xyz,90,1,OK,5398,ef9b0cb7dade51838fef38a0849fe45e1210fe57d1e2246901721b62dc1ad0ef
90,C90-C2-31.xyz,https://nanotube.msu.edu/fullerene/C90/C90-C2-31.xyz,90,1,OK,5398,8996dde3d54e398dcb87bce387e60953690fdde91ed4e2868b97f8485cbfe549
90,C90-C2-37.xyz,https://nanotube.msu.edu/fullerene/C90/C90-C2-37.xyz,90,1,OK,5398,71de55b2697c2cda4f261e01c1c2fae03d5ad74628d96f2fd734125024d9e307
90,C90-C2-4.xyz,https://nanotube.msu.edu/fullerene/C90/C90-C2-4.xyz,90,1,OK,5398,9f42c4cc8c6fd170cec55d52c1080e3088a15fc5d725ee77719384789caec646
90,C90-C2-40.xyz,https://nanotube.msu.edu/fullerene/C90/C90-C2-40.xyz,90,1,OK,5398,9f3c0e791892fb2a4477a8479bc7f95b28d5315e6e11d6f04fc9d4fa93ae4186
90,C90-C2-41.xyz,https://nanotube.msu.edu/fullerene/C90/C90-C2-41.xyz,90,1,OK,5398,e9f3b38bc45b6b00915f3dfe64156b8d004c46c019efc10016cc39da1b6424ff
90,C90-C2-42.xyz,https://nanotube.msu.edu/fullerene/C90/C90-C2-42.xyz,90,1,OK,5398,da531b58fa1cc9dbebb73f53ca63d4823511ed4f04de01956d06457b022a0984
90,C90-C2-43.xyz,https://nanotube.msu.edu/fullerene/C90/C90-C2-43.xyz,90,1,OK,5398,fa486a04d54ca2929ea08be22418fc357f272f4ac4a93e2d7bdae7891d2f29f0
90,C90-C2-44.xyz,https://nanotube.msu.edu/fullerene/C90/C90-C2-44.xyz,90,1,OK,5398,95a5414093ae48e50b3b0e5e3fd48c66eb0907291338e090e3da2f24c5ed141f
90,C90-C2-45.xyz,https://nanotube.msu.edu/fullerene/C90/C90-C2-45.xyz,90,1,OK,5398,3fa454696b26a7326f2dbff26528d0d955e2e2fc1fa81060b33d58b809e64d00
90,C90-C2-6.xyz,https://nanotube.msu.edu/fullerene/C90/C90-C2-6.xyz,90,1,OK,5398,860969d6d7711a338f4659dd7819a54d8abad866a665a60ad0a48ad80c5576d3
90,C90-C2-8.xyz,https://nanotube.msu.edu/fullerene/C90/C90-C2-8.xyz,90,1,OK,5398,d60ee879b2e99448934c34afda6dd95b8077a5fd4b5c4796ccd460bad02d9314
90,C90-C2v-13.xyz,https://nanotube.msu.edu/fullerene/C90/C90-C2v-13.xyz,90,1,OK,5398,c68e501da58b08167615ea43f62217786767f8b476ad9bcdc20c2d6633fe220e
90,C90-C2v-16.xyz,https://nanotube.msu.edu/fullerene/C90/C90-C2v-16.xyz,90,1,OK,5398,8dea099ce78e8d6fcbc2e59f3e9081e472d57dccc516a39c3a3bcf098886a881
90,C90-C2v-2.xyz,https://nanotube.msu.edu/fullerene/C90/C90-C2v-2.xyz,90,1,OK,5398,7e950d7a86e6b8745e2217c8158cc73d7734349ed7ead34a4f37ee5eb9a1356d
90,C90-C2v-25.xyz,https://nanotube.msu.edu/fullerene/C90/C90-C2v-25.xyz,90,1,OK,5398,e35acd2000f9f6f636648daa63074de8b2523fadb0d270b9579a8a290d96d695
90,C90-C2v-36.xyz,https://nanotube.msu.edu/fullerene/C90/C90-C2v-36.xyz,90,1,OK,5398,793e7bb0bdf27aa60196f083b52f51b5686bb7f6872efb5d60245b6796c5d7c5
90,C90-C2v-39.xyz,https://nanotube.msu.edu/fullerene/C90/C90-C2v-39.xyz,90,1,OK,5398,794740bfcb5125a5ad6b4c8e4fcb7fa275fd9564fe9132c8dad10c750b57ecaf
90,C90-C2v-46.xyz,https://nanotube.msu.edu/fullerene/C90/C90-C2v-46.xyz,90,1,OK,5398,129fe25adfa04933daea1d5649acd55e30199568f6859616047f3d3e95506e38
90,C90-Cs-10.xyz,https://nanotube.msu.edu/fullerene/C90/C90-Cs-10.xyz,90,1,OK,5398,52d02f883f970d2e9489632c89092f4e0a994a5bd7d1bfa2de60c4e623644763
90,C90-Cs-17.xyz,https://nanotube.msu.edu/fullerene/C90/C90-Cs-17.xyz,90,1,OK,5398,ba71a9a8222ed1caa820563578df8de488ab97d7c87a8103ff6ffef6f7265241
90,C90-Cs-33.xyz,https://nanotube.msu.edu/fullerene/C90/C90-Cs-33.xyz,90,1,OK,5398,9f0c088781f72ec0841b5195203a7e2c7270575da4c9857ec85411b88b34ed59
90,C90-Cs-34.xyz,https://nanotube.msu.edu/fullerene/C90/C90-Cs-34.xyz,90,1,OK,5398,8e51dad78afb73c1b31aed6e5f05cb8c5f3f6cdaece1d6b84a606cf1048fe33f
90,C90-Cs-35.xyz,https://nanotube.msu.edu/fullerene/C90/C90-Cs-35.xyz,90,1,OK,5398,64d4e3e49d64c9689245c4560f424dbb4d7710b9f690503a94c2badc4fc88cc4
90,C90-Cs-5.xyz,https://nanotube.msu.edu/fullerene/C90/C90-Cs-5.xyz,90,1,OK,5398,6578a8769fe31b4aea2d48c94f7b11f8754abe34510552ffa32dda6da0612f5c
90,C90-D5h-1.xyz,https://nanotube.msu.edu/fullerene/C90/C90-D5h-1.xyz,90,1,OK,5398,e9c043f18ccfbaa66c05de30f2c7191d025b6d47d358a69db2a9cc66e4d16066
92,C92-C1-10.xyz,https://nanotube.msu.edu/fullerene/C92/C92-C1-10.xyz,92,1,OK,5516,da35e1ae345a6d8d8e275114f9daa0b8012c2fe586cb78664485857d6d5bdd38
92,C92-C1-11.xyz,https://nanotube.msu.edu/fullerene/C92/C92-C1-11.xyz,92,1,OK,5516,48963218f9f3dc9ea0cbc4fe0dfab0935390be7179bbe80f4bcabb6c0eff778a
92,C92-C1-12.xyz,https://nanotube.msu.edu/fullerene/C92/C92-C1-12.xyz,92,1,OK,5516,b31709b2e9167801cb4d47719fc6df4d9e0e3bdf9f76160204d197a6e655eb93
92,C92-C1-13.xyz,https://nanotube.msu.edu/fullerene/C92/C92-C1-13.xyz,92,1,OK,5516,928bea653455ca7b8d1df2572d10f7067d292526b14c6fc3f7f69575467151a0
92,C92-C1-18.xyz,https://nanotube.msu.edu/fullerene/C92/C92-C1-18.xyz,92,1,OK,5516,a73873979a4e8f4b5ff677321708cc1613110f142326185d5c38dbbdfe24bc3d
92,C92-C1-2.xyz,https://nanotube.msu.edu/fullerene/C92/C92-C1-2.xyz,92,1,OK,5516,47cbdf05bdd3816576a1022de430003071670a1861cc7883b2cbef85fd6e7d2a
92,C92-C1-20.xyz,https://nanotube.msu.edu/fullerene/C92/C92-C1-20.xyz,92,1,OK,5516,4b6e43dfdbe31dcee302f2df13a2a78ec61aace38e1852b0d4c9ded5115780ba
92,C92-C1-30.xyz,https://nanotube.msu.edu/fullerene/C92/C92-C1-30.xyz,92,1,OK,5516,6cf68cad003f4d995ba68db2ab21af17c5e0557cb82d03c1b72a4130750898e9
92,C92-C1-32.xyz,https://nanotube.msu.edu/fullerene/C92/C92-C1-32.xyz,92,1,OK,5516,9dcfe899a7f036bc887f2d9aebe1d59023c79c62f6624baf711938a86dc0a654
92,C92-C1-33.xyz,https://nanotube.msu.edu/fullerene/C92/C92-C1-33.xyz,92,1,OK,5516,e14ef02097aa62b4d2e53db73c344663764122c6818ba3bb175956dc66da130b
92,C92-C1-37.xyz,https://nanotube.msu.edu/fullerene/C92/C92-C1-37.xyz,92,1,OK,5516,3d334649ae62b1f376c850372eb45830fa7337ccd0ba518dd574a1ded5b14f88
92,C92-C1-38.xyz,https://nanotube.msu.edu/fullerene/C92/C92-C1-38.xyz,92,1,OK,5516,d3e4385acfe76e1ff44c5f1650c1e75d7458676b78a09f3e6b8121de54a4a3c2
92,C92-C1-39.xyz,https://nanotube.msu.edu/fullerene/C92/C92-C1-39.xyz,92,1,OK,5516,f1eb1a81a0fffe2677c871236ccfca4c0baf0b5959b2e8b7d6c16d2b5e3cec4b
92,C92-C1-40.xyz,https://nanotube.msu.edu/fullerene/C92/C92-C1-40.xyz,92,1,OK,5516,fd71c2532d4c20a99f269e8fc42b4db91c184bc0784668e4f8e277f40e31f756
92,C92-C1-42.xyz,https://nanotube.msu.edu/fullerene/C92/C92-C1-42.xyz,92,1,OK,5516,4ef40b27385aae1b5edb0e48bc86d6c80752a993a1328c84922c7b2859afad88
92,C92-C1-43.xyz,https://nanotube.msu.edu/fullerene/C92/C92-C1-43.xyz,92,1,OK,5516,d32257c3a785294944047f1b5376b26d2ef5e4da18c6b2ef085e0cee96d25451
92,C92-C1-44.xyz,https://nanotube.msu.edu/fullerene/C92/C92-C1-44.xyz,92,1,OK,5516,7d7e9cfb810bd89fc4365fbc799f927cad37924ebab4235eb09d68b5a46e8157
92,C92-C1-47.xyz,https://nanotube.msu.edu/fullerene/C92/C92-C1-47.xyz,92,1,OK,5516,7b27f047a6502ca13334ea1d426429a3054d74d8ffbcb0c131d191d5c4b76339
92,C92-C1-50.xyz,https://nanotube.msu.edu/fullerene/C92/C92-C1-50.xyz,92,1,OK,5516,8d2434a432794eff19de813d263fb630cde6f7d1e85e64d31b0711d6eed58d76
92,C92-C1-52.xyz,https://nanotube.msu.edu/fullerene/C92/C92-C1-52.xyz,92,1,OK,5516,37bcecc7919c9ad19d9e4f4525947c5590f378d43cdf8916cf0120dac95acd72
92,C92-C1-53.xyz,https://nanotube.msu.edu/fullerene/C92/C92-C1-53.xyz,92,1,OK,5516,6d6bb45b82369fe38182ce48b92c9981b657b3fa6d7dfbfe07b13981a87719b5
92,C92-C1-54.xyz,https://nanotube.msu.edu/fullerene/C92/C92-C1-54.xyz,92,1,OK,5516,5367713d7581eaddf594fdda65d223f4104cfc88d19a48a622a08a3e18cdb176
92,C92-C1-55.xyz,https://nanotube.msu.edu/fullerene/C92/C92-C1-55.xyz,92,1,OK,5516,29e4aa045d60e92aff77a103667b7d5390f53ede5622f514dd1d1fa663510f93
92,C92-C1-56.xyz,https://nanotube.msu.edu/fullerene/C92/C92-C1-56.xyz,92,1,OK,5516,13d48089f66df17f6128a519389c3e184479061274c8ebdd9a8804e9dabd9488
92,C92-C1-57.xyz,https://nanotube.msu.edu/fullerene/C92/C92-C1-57.xyz,92,1,OK,5516,852f2ffd93169642c1b0a7090895fd01628da8521529468f42dca7e1fcd7b9dc
92,C92-C1-58.xyz,https://nanotube.msu.edu/fullerene/C92/C92-C1-58.xyz,92,1,OK,5516,a2376ff471377ca37496325611e837888ee1ffba611c0e328e6f11ed34005a50
92,C92-C1-59.xyz,https://nanotube.msu.edu/fullerene/C92/C92-C1-59.xyz,92,1,OK,5516,8ec5448f2bf35822c7e7355985d8feeb0ce197bd146bc137f0848d097756bca2
92,C92-C1-60.xyz,https://nanotube.msu.edu/fullerene/C92/C92-C1-60.xyz,92,1,OK,5516,139f54c91481ad456a1e89c706a4f3b6e068fca550052f67db7d69c09cfa6a4c
92,C92-C1-62.xyz,https://nanotube.msu.edu/fullerene/C92/C92-C1-62.xyz,92,1,OK,5516,457b396919873458f218ab560bf32c76b6bf05fb5b4a410d95b021278440f032
92,C92-C1-63.xyz,https://nanotube.msu.edu/fullerene/C92/C92-C1-63.xyz,92,1,OK,5516,0b689e225024b5d8ba66c2a61d43a23104198bc97b5cb4ea4582dc3a352a3eea
92,C92-C1-66.xyz,https://nanotube.msu.edu/fullerene/C92/C92-C1-66.xyz,92,1,OK,5516,b5c504898f9bc37b58f27003fefe59e63ec87c6a3184e35a05d96d556f329fde
92,C92-C1-67.xyz,https://nanotube.msu.edu/fullerene/C92/C92-C1-67.xyz,92,1,OK,5516,119c66c55cfa7de3321410ff6cc2e56f82474d5f29a6b6a74765e7f5f0a2aaa0
92,C92-C1-68.xyz,https://nanotube.msu.edu/fullerene/C92/C92-C1-68.xyz,92,1,OK,5516,d045f382d02dbbc4a7ed1e827d4af532e52448c76df48846240182e143f7073e
92,C92-C1-70.xyz,https://nanotube.msu.edu/fullerene/C92/C92-C1-70.xyz,92,1,OK,5516,339322187e1ac1e176430ddd4ddf562ff4dd133ede484d374d07e24dc315eb1a
92,C92-C1-72.xyz,https://nanotube.msu.edu/fullerene/C92/C92-C1-72.xyz,92,1,OK,5516,5df3d2b749879a463216df5d54a26deabcb127936087f445b90aeb629a262fe7
92,C92-C1-73.xyz,https://nanotube.msu.edu/fullerene/C92/C92-C1-73.xyz,92,1,OK,5516,1e9ceed276980f2124aa614457cd166b3c19f68457a479df9b71b6b4b9786dee
92,C92-C1-76.xyz,https://nanotube.msu.edu/fullerene/C92/C92-C1-76.xyz,92,1,OK,5516,db4e882c4bf119728951e3825998457f4c351e0f51b49ca16afd1c72c6af2491
92,C92-C1-8.xyz,https://nanotube.msu.edu/fullerene/C92/C92-C1-8.xyz,92,1,OK,5516,fb1633aded9dcb9e8af7559064a1d1a2b7d14a210b5433d1942f94914750fde0
92,C92-C2-17.xyz,https://nanotube.msu.edu/fullerene/C92/C92-C2-17.xyz,92,1,OK,5516,c32fcb0995069380b9e70ebeacceba4a1a4cb95b0983c0f447e77f059632dd16
92,C92-C2-19.xyz,https://nanotube.msu.edu/fullerene/C92/C92-C2-19.xyz,92,1,OK,5516,9c3bf0e33769dedea979e258088e5c38c7451056d1a931bfc9bcdc73ecf5d141
92,C92-C2-23.xyz,https://nanotube.msu.edu/fullerene/C92/C92-C2-23.xyz,92,1,OK,5516,95df6fc0a4a81bd8f8143d32ccf4e183dbd80c2084d9b174ee4c71082c300705
92,C92-C2-25.xyz,https://nanotube.msu.edu/fullerene/C92/C92-C2-25.xyz,92,1,OK,5516,39b212342ff97f2f17b7db5ec822dbb6088313738a93654fc231551fd363d892
92,C92-C2-26.xyz,https://nanotube.msu.edu/fullerene/C92/C92-C2-26.xyz,92,1,OK,5516,2e6fe7840f1bfef017a07fdc59982b785b676dbc0aa55a17ae076d515d2d662c
92,C92-C2-27.xyz,https://nanotube.msu.edu/fullerene/C92/C92-C2-27.xyz,92,1,OK,5516,31ff218d6c3bca0b6700ce1bb70480d5c2be3d7a1e3158bed8913e29e3b6d459
92,C92-C2-3.xyz,https://nanotube.msu.edu/fullerene/C92/C92-C2-3.xyz,92,1,OK,5516,d1efcdd83c22129d234a9fe6e2a537445b285715ad35c467c6f2af2a0b839998
92,C92-C2-31.xyz,https://nanotube.msu.edu/fullerene/C92/C92-C2-31.xyz,92,1,OK,5516,48c285525c131b29c3084ed99711df37b25a2d6b71cfec3600c2c91f26b3adac
92,C92-C2-34.xyz,https://nanotube.msu.edu/fullerene/C92/C92-C2-34.xyz,92,1,OK,5516,20a0b5766204f4abb81f2a923ce82a01b6d7119df01e58c1ddfd4cbd67de67cf
92,C92-C2-36.xyz,https://nanotube.msu.edu/fullerene/C92/C92-C2-36.xyz,92,1,OK,5516,a2cb4c77a37a890140aa68bd6617ca230149b39452960d3cc124708f1ba4c056
92,C92-C2-4.xyz,https://nanotube.msu.edu/fullerene/C92/C92-C2-4.xyz,92,1,OK,5516,d2760ba2a972627c5a3513b38f2ffc1e842a609d0609d4db3a1e3ec5a5eedcf7
92,C92-C2-46.xyz,https://nanotube.msu.edu/fullerene/C92/C92-C2-46.xyz,92,1,OK,5516,39352860ae02213f833628d1d4a22ddf81f4809d79f39c1f02f0aff308c26c17
92,C92-C2-48.xyz,https://nanotube.msu.edu/fullerene/C92/C92-C2-48.xyz,92,1,OK,5516,868c084cf76d5457193138c3d63b22d9aca6296f7f7c21f3c642afacb97fdca0
92,C92-C2-49.xyz,https://nanotube.msu.edu/fullerene/C92/C92-C2-49.xyz,92,1,OK,5516,08d705316f29853fcf0e8cf7ad47e5bf1225770716141a11cb72e17bf4f170ff
92,C92-C2-51.xyz,https://nanotube.msu.edu/fullerene/C92/C92-C2-51.xyz,92,1,OK,5516,a867d1c1852c0d0d53cbbf0833018193a90c7e6b58a476d75bc7bb6f31a4534d
92,C92-C2-61.xyz,https://nanotube.msu.edu/fullerene/C92/C92-C2-61.xyz,92,1,OK,5516,08df1bafe7e0929c413efc108e030b310a714beaaa60ae9fba7d86f578a2bdb3
92,C92-C2-64.xyz,https://nanotube.msu.edu/fullerene/C92/C92-C2-64.xyz,92,1,OK,5516,f98f22064689127537ee9044905baaf3a8e8e8d0a6b50161b076b8b1a7f59e4e
92,C92-C2-65.xyz,https://nanotube.msu.edu/fullerene/C92/C92-C2-65.xyz,92,1,OK,5516,862e1fb9d7bb6ddc35e3561cdf17c1c78fe8917fec71e8fe2e2faeb7a10d6f5d
92,C92-C2-69.xyz,https://nanotube.msu.edu/fullerene/C92/C92-C2-69.xyz,92,1,OK,5516,57e477e1745f42d9429c776c5bf0b874dd7086598cf30dbef5c349096103c9b3
92,C92-C2-7.xyz,https://nanotube.msu.edu/fullerene/C92/C92-C2-7.xyz,92,1,OK,5516,3f33f176cd12a6a05b420b3e12ed73e35b3d0ce070f2956086ac75abfe3cdc8b
92,C92-C2-74.xyz,https://nanotube.msu.edu/fullerene/C92/C92-C2-74.xyz,92,1,OK,5516,0f2c28333af16eee3c1af55ede9267973ae19540afe08615600032899270b201
92,C92-C2-75.xyz,https://nanotube.msu.edu/fullerene/C92/C92-C2-75.xyz,92,1,OK,5516,4d82a4361167ef51ca780f46a089cb4ec6b5929a0f138e4d77f94ad83dc4fd60
92,C92-C2-77.xyz,https://nanotube.msu.edu/fullerene/C92/C92-C2-77.xyz,92,1,OK,5516,13f76625c42757014caa3a6039fbb46367cfb3885ea176fd46a0371da2f3d7c5
92,C92-C2-79.xyz,https://nanotube.msu.edu/fullerene/C92/C92-C2-79.xyz,92,1,OK,5516,d3bab2a0246a6db65a8992de0de95946fb23fb66201502ca105a77b658a10811
92,C92-C2-80.xyz,https://nanotube.msu.edu/fullerene/C92/C92-C2-80.xyz,92,1,OK,5516,023fd12397589eb3cb147adda0b7ba6684ca0771828b245ccbfd56f47c5b45ea
92,C92-C2-9.xyz,https://nanotube.msu.edu/fullerene/C92/C92-C2-9.xyz,92,1,OK,5516,4c8852981c0aa0c53738dba6c3b361629620824412d059e695341a31baff47ae
92,C92-C2v-22.xyz,https://nanotube.msu.edu/fullerene/C92/C92-C2v-22.xyz,92,1,OK,5516,0816b80b3faf1c8544ece0b9edfeffc2c4cb00acd7a03f4f66a55390b1bf469e
92,C92-C2v-35.xyz,https://nanotube.msu.edu/fullerene/C92/C92-C2v-35.xyz,92,1,OK,5516,7b2b2e451f3b48fa4ab3b0e1e5e246b69e82a1a69b1f0e9540b52472f507036d
92,C92-C3-41.xyz,https://nanotube.msu.edu/fullerene/C92/C92-C3-41.xyz,92,1,OK,5516,961677f94e453de4564aae043e346034e94c5bf8b58f7fb2e99723a497fb0588
92,C92-Cs-14.xyz,https://nanotube.msu.edu/fullerene/C92/C92-Cs-14.xyz,92,1,OK,5516,e35c5b95c5abaa74701c8c665a69526a7defd23838ddf90740f881a116eb5733
92,C92-Cs-15.xyz,https://nanotube.msu.edu/fullerene/C92/C92-Cs-15.xyz,92,1,OK,5516,b4e0cc01b7c9cc37a0c2690e96d89d88625bc76ff4bf6f70adbb7e290c38ce31
92,C92-Cs-16.xyz,https://nanotube.msu.edu/fullerene/C92/C92-Cs-16.xyz,92,1,OK,5516,5d7b48ee064295eee6a5e2b9d060334bb978e85a8b92961d6c4ee9308d4659df
92,C92-Cs-21.xyz,https://nanotube.msu.edu/fullerene/C92/C92-Cs-21.xyz,92,1,OK,5516,6da3c7278cba59c4689ef7d3801e0f82f1b40792e960c5c8efda7a01186a89a8
92,C92-Cs-24.xyz,https://nanotube.msu.edu/fullerene/C92/C92-Cs-24.xyz,92,1,OK,5516,b8826d0fc035af164655ea30349e2ac357f23776bbe260162b444b4556c19d86
92,C92-Cs-45.xyz,https://nanotube.msu.edu/fullerene/C92/C92-Cs-45.xyz,92,1,OK,5516,8dae8ed6e2c80e27d5383e623ea4278cdb10ca7e7ec8f61b4696084aec80e666
92,C92-Cs-5.xyz,https://nanotube.msu.edu/fullerene/C92/C92-Cs-5.xyz,92,1,OK,5516,641e54249225481dfb1aeec0334f1de23771a921578d035d8fc6bb0c48d622a2
92,C92-Cs-6.xyz,https://nanotube.msu.edu/fullerene/C92/C92-Cs-6.xyz,92,1,OK,5516,90cf93c7b98a29e33b937ec7a23200bd9b651f166391a7743b8767ab19db4c48
92,C92-D2-1.xyz,https://nanotube.msu.edu/fullerene/C92/C92-D2-1.xyz,92,1,OK,5516,b5669ad6410cafb79a3a0f27f8b57f1770f32807b45fd2d194e53731ab91e2cb
92,C92-D2-81.xyz,https://nanotube.msu.edu/fullerene/C92/C92-D2-81.xyz,92,1,OK,5516,be3a1879d7bacb2dc4894d5f469b2f1dee485bdb4ff1d1245165da62de520c43
92,C92-D2-82.xyz,https://nanotube.msu.edu/fullerene/C92/C92-D2-82.xyz,92,1,OK,5516,dceae06a92a352b3373fa1860aa51a1ae538f332b089858506ecec503fd2215a
92,C92-D2-84.xyz,https://nanotube.msu.edu/fullerene/C92/C92-D2-84.xyz,92,1,OK,5516,965b4e95a08b78fe85f26df3e1821122024bbe3d9ba9535a097b30f71ff11aa3
92,C92-D2h-29.xyz,https://nanotube.msu.edu/fullerene/C92/C92-D2h-29.xyz,92,1,OK,5516,458a3839f98e6b80755eaae1253a82f3acf37b6fcbe25d2e319b11f799a59b4f
92,C92-D3-28.xyz,https://nanotube.msu.edu/fullerene/C92/C92-D3-28.xyz,92,1,OK,5516,77a62cc0632600221ca572385dd0f4e12156d43f5a26116a8b97900738a98de3
92,C92-D3-71.xyz,https://nanotube.msu.edu/fullerene/C92/C92-D3-71.xyz,92,1,OK,5516,e151e19ebc1224de22db527347805d8aba1a4ffe92f65379cd3a4d6c98be19ca
92,C92-D3-78.xyz,https://nanotube.msu.edu/fullerene/C92/C92-D3-78.xyz,92,1,OK,5516,b826758087c92be076414aa182913b396af78e9fe0f1196d2c918887192b846e
92,C92-D3-83.xyz,https://nanotube.msu.edu/fullerene/C92/C92-D3-83.xyz,92,1,OK,5516,03378d8948ce5fb9dff32cec1f023fd30ef0105c0e67e9fa6753e50d7b0638f2
92,C92-D3-85.xyz,https://nanotube.msu.edu/fullerene/C92/C92-D3-85.xyz,92,1,OK,5516,ef93048ef0d480e93c47d5998c1c7609a3f813fc1a68a92c53d90cb9c6e5a8d9
92,C92-T-86.xyz,https://nanotube.msu.edu/fullerene/C92/C92-T-86.xyz,92,1,OK,5516,0a6053b2c6ca427c62dae62193fee487f00ace0e2da954a65715e463777f3b70
94,C94-C1-10.xyz,https://nanotube.msu.edu/fullerene/C94/C94-C1-10.xyz,94,1,OK,5634,a8cdad8e82087aa6e75f70c767ec7871af0c157bc811c274ac8a36a1e880c65d
94,C94-C1-100.xyz,https://nanotube.msu.edu/fullerene/C94/C94-C1-100.xyz,94,1,OK,5634,7539f54adfc69946193b61aaea7a1983bee5233f389cc0aa172c874d2a57245f
94,C94-C1-101.xyz,https://nanotube.msu.edu/fullerene/C94/C94-C1-101.xyz,94,1,OK,5634,6c1d52e8a9c9616599e7be172cef992183b29f09f81db2ea45990ad903590c7b
94,C94-C1-102.xyz,https://nanotube.msu.edu/fullerene/C94/C94-C1-102.xyz,94,1,OK,5634,1af0b16171ea26cd7dd3ae0ed32d22c5859667ac14b2dc6335f52fc667ed4363
94,C94-C1-103.xyz,https://nanotube.msu.edu/fullerene/C94/C94-C1-103.xyz,94,1,OK,5634,07b24859408126087c997f9b08f34ef3d7bc96a6ae59fb8e013a504ad36bb212
94,C94-C1-104.xyz,https://nanotube.msu.edu/fullerene/C94/C94-C1-104.xyz,94,1,OK,5634,f8c85738bd590b225382fdf82e03d8ca8fe33c2baaad5efd636cfc662c971177
94,C94-C1-105.xyz,https://nanotube.msu.edu/fullerene/C94/C94-C1-105.xyz,94,1,OK,5634,8f9be184adf5776586989a5d7584e93d757f3bd74a14e686c67394159818f736
94,C94-C1-106.xyz,https://nanotube.msu.edu/fullerene/C94/C94-C1-106.xyz,94,1,OK,5634,9b8a92d137a9a8d2d025e5bc6f788a273081a3a72746d66c79dbf314bc9dd6d7
94,C94-C1-11.xyz,https://nanotube.msu.edu/fullerene/C94/C94-C1-11.xyz,94,1,OK,5634,233906b35525e8dfca997868a52ff6c466ad32bf3ff7ec4ff8e6a6c87faa8dc0
94,C94-C1-111.xyz,https://nanotube.msu.edu/fullerene/C94/C94-C1-111.xyz,94,1,OK,5634,908ef0b490757a883676d5f9b258d90cbcf83f009d0fd1dfdd5d54f1852e39db
94,C94-C1-112.xyz,https://nanotube.msu.edu/fullerene/C94/C94-C1-112.xyz,94,1,OK,5634,64fcedf84642d01ac58d75932f3c9fd28a00461180336236e88c21394a096e6a
94,C94-C1-113.xyz,https://nanotube.msu.edu/fullerene/C94/C94-C1-113.xyz,94,1,OK,5634,07f4e0da7e955842d4b78fd2c1e6b1b61726a9bdab5aa8ec84b5c716fd6078c4
94,C94-C1-115.xyz,https://nanotube.msu.edu/fullerene/C94/C94-C1-115.xyz,94,1,OK,5634,7ff3271e1037fbc518b5667a8f033accbd70aad57d72be27861b4883240069b2
94,C94-C1-116.xyz,https://nanotube.msu.edu/fullerene/C94/C94-C1-116.xyz,94,1,OK,5634,bd2de86f598476757fb4b565fad6a0301ec7c42016bf174b188ee1af76605aea
94,C94-C1-118.xyz,https://nanotube.msu.edu/fullerene/C94/C94-C1-118.xyz,94,1,OK,5634,0e2266e8a5949635ce161594200f0c62f25b76b350e2fbc231447de1191df818
94,C94-C1-119.xyz,https://nanotube.msu.edu/fullerene/C94/C94-C1-119.xyz,94,1,OK,5634,64d840f1091137d2cac476c640a814bafe21c9313f1355b848634fd690ab0ee7
94,C94-C1-12.xyz,https://nanotube.msu.edu/fullerene/C94/C94-C1-12.xyz,94,1,OK,5634,05fa98f4dbcda2407c66615a81ed924ec79ff1ae2e2be46e8c01a8d0e237e9c4
94,C94-C1-122.xyz,https://nanotube.msu.edu/fullerene/C94/C94-C1-122.xyz,94,1,OK,5634,0fe17d0600a9907dca420dc26c974fa7260b606e17921ea8ff00a3880f789aa0
94,C94-C1-123.xyz,https://nanotube.msu.edu/fullerene/C94/C94-C1-123.xyz,94,1,OK,5634,cf7022f2bf11380baa154f32d6758b3b137b05a51b5604cbb411a510ab3a942b
94,C94-C1-125.xyz,https://nanotube.msu.edu/fullerene/C94/C94-C1-125.xyz,94,1,OK,5634,ae1296fb98e36897ce6ff8c20d434b8e8df841d88f4399b7264fee4aaddac6f4
94,C94-C1-127.xyz,https://nanotube.msu.edu/fullerene/C94/C94-C1-127.xyz,94,1,OK,5634,7119a8fb6dec5a591a6c4f7e489d6009de10c075e1f05160c5d2e9b2b3cf266d
94,C94-C1-128.xyz,https://nanotube.msu.edu/fullerene/C94/C94-C1-128.xyz,94,1,OK,5634,d697d14d4d336e4aafe3fa5c4ffd9196ed6ba12d7510f90c2f2797019b24c2a0
94,C94-C1-129.xyz,https://nanotube.msu.edu/fullerene/C94/C94-C1-129.xyz,94,1,OK,5634,364cc1c41164cf4669a96cca3d0c435aaec71910824f34b5c593507f5bec3a62
94,C94-C1-131.xyz,https://nanotube.msu.edu/fullerene/C94/C94-C1-131.xyz,94,1,OK,5634,5b04f7dbb1413a8ff81a3b4ad8a70cb9f323c933139b911e0e6a1a284594fe6d
94,C94-C1-132.xyz,https://nanotube.msu.edu/fullerene/C94/C94-C1-132.xyz,94,1,OK,5634,c9b69ad1658e88825e437e86b95dd00b2af1ef069b70beeba257464a3eda7ae9
94,C94-C1-15.xyz,https://nanotube.msu.edu/fullerene/C94/C94-C1-15.xyz,94,1,OK,5634,a0c2d0cb7e7d285ee20df538c6111cb974016437644b23ee692859a8c9d87d38
94,C94-C1-16.xyz,https://nanotube.msu.edu/fullerene/C94/C94-C1-16.xyz,94,1,OK,5634,dc45595c9c059047efaadc3fc098fd7ab61ecc4f2ebd97456ccd399a02cbfd3a
94,C94-C1-19.xyz,https://nanotube.msu.edu/fullerene/C94/C94-C1-19.xyz,94,1,OK,5634,c9324444a8a64a90b855089934e1df0866e5d1906cd671e809ae5b4d92c72f98
94,C94-C1-2.xyz,https://nanotube.msu.edu/fullerene/C94/C94-C1-2.xyz,94,1,OK,5634,7e1e651928a033c3acc27c6e2622684f3937e78f4019d38c5b378dc989bec100
94,C94-C1-21.xyz,https://nanotube.msu.edu/fullerene/C94/C94-C1-21.xyz,94,1,OK,5634,afbcc568ecdb5e6fd09f012da805edee4f8c85ca64c6a4a5053728b1fa7e5774
94,C94-C1-25.xyz,https://nanotube.msu.edu/fullerene/C94/C94-C1-25.xyz,94,1,OK,5634,4022613e8f247887e130f2e05e81c2783cab4a9cdcec6954ff14ca79b8fc096a
94,C94-C1-27.xyz,https://nanotube.msu.edu/fullerene/C94/C94-C1-27.xyz,94,1,OK,5634,f84e108059d8d9baea3fa8e746e8b2506ae6e43177970b5da76d59f38ab99302
94,C94-C1-28.xyz,https://nanotube.msu.edu/fullerene/C94/C94-C1-28.xyz,94,1,OK,5634,3af72fe22b836851929ccac461bb47b4b4196186c578f6da11024c6dc1a07db1
94,C94-C1-29.xyz,https://nanotube.msu.edu/fullerene/C94/C94-C1-29.xyz,94,1,OK,5634,f4f70f4acedcc7237e91f3dc8f8ba0c10f58e1cbc5ea76b3e07f7db00e41cc1e
94,C94-C1-30.xyz,https://nanotube.msu.edu/fullerene/C94/C94-C1-30.xyz,94,1,OK,5634,90a788d4296d66869528294b3f258defe74516ab8a446f5027cdd4c9b9fa879c
94,C94-C1-32.xyz,https://nanotube.msu.edu/fullerene/C94/C94-C1-32.xyz,94,1,OK,5634,1db2f59615b8300b3b640ac6fcab3edd5858162aaac787d2ddcc0dac20dbef2e
94,C94-C1-34.xyz,https://nanotube.msu.edu/fullerene/C94/C94-C1-34.xyz,94,1,OK,5634,4ac2a209926a77f5157e141f6abbabaabbd5bfc68553bd1726d1038e319a782c
94,C94-C1-35.xyz,https://nanotube.msu.edu/fullerene/C94/C94-C1-35.xyz,94,1,OK,5634,5a076bb531c8c67aa9a46532385c611fa2f457dcc4efc6cebb58917a360594b9
94,C94-C1-36.xyz,https://nanotube.msu.edu/fullerene/C94/C94-C1-36.xyz,94,1,OK,5634,65ffdbe560560de626a9c3aee5b7e316020717220b07b5fb555fa507f0acf9c5
94,C94-C1-37.xyz,https://nanotube.msu.edu/fullerene/C94/C94-C1-37.xyz,94,1,OK,5634,7c7c43dedb4dcde78161cf1cbca78b3b945f4a16e8bed8e1f87ad16a4b4dc346
94,C94-C1-38.xyz,https://nanotube.msu.edu/fullerene/C94/C94-C1-38.xyz,94,1,OK,5634,81aabe21e2454053f76ac3538ed237bbde36fe8532b767b484fede69345408d2
94,C94-C1-41.xyz,https://nanotube.msu.edu/fullerene/C94/C94-C1-41.xyz,94,1,OK,5634,d791e24a036df11fcee6abc43b7a3beafc62adb16388aed73c0cfec9c54c5c14
94,C94-C1-48.xyz,https://nanotube.msu.edu/fullerene/C94/C94-C1-48.xyz,94,1,OK,5634,c678626d9db4abbef7d42fe779404b6bad00fcc97a6440378f7a04e8b5294c8c
94,C94-C1-49.xyz,https://nanotube.msu.edu/fullerene/C94/C94-C1-49.xyz,94,1,OK,5634,10ea52cf755f7a026b1507b011b88cd02d8f291968e0efeda194ec5aa936a604
94,C94-C1-5.xyz,https://nanotube.msu.edu/fullerene/C94/C94-C1-5.xyz,94,1,OK,5634,222e10c43a00b2f03d638e5154a7585cfa377dda5971d0a3f1d71fb1aa3fdaa3
94,C94-C1-50.xyz,https://nanotube.msu.edu/fullerene/C94/C94-C1-50.xyz,94,1,OK,5634,4abf8a8d18f694e191148f71fe18dac801d395f5f746132d75b42d5cb41ebcfb
94,C94-C1-53.xyz,https://nanotube.msu.edu/fullerene/C94/C94-C1-53.xyz,94,1,OK,5634,7880ee6a0f936453c09e1a59b9404b3bfa1244523f1880b628cb79525413c1d2
94,C94-C1-54.xyz,https://nanotube.msu.edu/fullerene/C94/C94-C1-54.xyz,94,1,OK,5634,f31dc1b10e62203ef15a538c32ed756eec03d227a2cf75a10212cb32ac8f296d
94,C94-C1-55.xyz,https://nanotube.msu.edu/fullerene/C94/C94-C1-55.xyz,94,1,OK,5634,210d2b75d9a9a055fdf20d23280b89b5dd2abf547002afb6e037e2985538a31c
94,C94-C1-56.xyz,https://nanotube.msu.edu/fullerene/C94/C94-C1-56.xyz,94,1,OK,5634,bf9690c4a42c4b47b18a7606552020dd37476cc7226e791bf17543ed83009318
94,C94-C1-57.xyz,https://nanotube.msu.edu/fullerene/C94/C94-C1-57.xyz,94,1,OK,5634,2ee69e5a27d3ac69710697e9d6faeda7d3b88a50b5cffeb3de6121307a2cfb0f
94,C94-C1-58.xyz,https://nanotube.msu.edu/fullerene/C94/C94-C1-58.xyz,94,1,OK,5634,bc43055a7afd631c78fd556ff4a7fa3d61e7ff71232843ae3ada9bf471542805
94,C94-C1-59.xyz,https://nanotube.msu.edu/fullerene/C94/C94-C1-59.xyz,94,1,OK,5634,2cd91a1c2628a63ed58a85854fcf6ca20e121fab78d99c4e43160ca98b99f295
94,C94-C1-6.xyz,https://nanotube.msu.edu/fullerene/C94/C94-C1-6.xyz,94,1,OK,5634,88f796caad25d81f8caff1c9ab13480adc975912d15af19da8f7ea0320c58ac6
94,C94-C1-60.xyz,https://nanotube.msu.edu/fullerene/C94/C94-C1-60.xyz,94,1,OK,5634,191a623225a4113dd938de94ebc6ec61497099f1b52bcb92a6e72d9cdd353596
94,C94-C1-62.xyz,https://nanotube.msu.edu/fullerene/C94/C94-C1-62.xyz,94,1,OK,5634,1bd46b16633f77aab52a944b11cbda63e3033a91815d40f534c0e747874be83c
94,C94-C1-63.xyz,https://nanotube.msu.edu/fullerene/C94/C94-C1-63.xyz,94,1,OK,5634,28257b48fe3ac79d7b6e46317b7f2d58bbe1fa959148670e857b8e38cd606229
94,C94-C1-64.xyz,https://nanotube.msu.edu/fullerene/C94/C94-C1-64.xyz,94,1,OK,5634,e4b68102ee60838f582c1ecdd85b8bc6c869f08dff95bdf809f9b506b35d0cf5
94,C94-C1-65.xyz,https://nanotube.msu.edu/fullerene/C94/C94-C1-65.xyz,94,1,OK,5634,feedfc53b70031466ed926abcdb0cbd3de6c22a5dbd1a0a62e53ede16f96de2c
94,C94-C1-66.xyz,https://nanotube.msu.edu/fullerene/C94/C94-C1-66.xyz,94,1,OK,5634,f3df29327262646e16f96a3d84f2bcd39d38bee9cfa339b1e54b2b7fd7379732
94,C94-C1-67.xyz,https://nanotube.msu.edu/fullerene/C94/C94-C1-67.xyz,94,1,OK,5634,9ccc480fbe47a17d48da4362682c30739a921e45efb022b77ce5abe8262ed0fb
94,C94-C1-68.xyz,https://nanotube.msu.edu/fullerene/C94/C94-C1-68.xyz,94,1,OK,5634,d3e03b586ad87d56fc732aa0f55b112c0493775908b7b03b7cd1e5d12ab73bf4
94,C94-C1-69.xyz,https://nanotube.msu.edu/fullerene/C94/C94-C1-69.xyz,94,1,OK,5634,eb0a10c89d18dc9ab73f5bf2fa36b77c14f1856fc7bd3233f3f9c0fe61890dad
94,C94-C1-70.xyz,https://nanotube.msu.edu/fullerene/C94/C94-C1-70.xyz,94,1,OK,5634,cd4e62abde9397002659b3e6f24d8f2d90d028b51ac2c0ae38b88a41442ffa29
94,C94-C1-71.xyz,https://nanotube.msu.edu/fullerene/C94/C94-C1-71.xyz,94,1,OK,5634,9005520c33cebca14732cc6235e8e36aef957b1734318476f5361ff3d580bbb5
94,C94-C1-72.xyz,https://nanotube.msu.edu/fullerene/C94/C94-C1-72.xyz,94,1,OK,5634,fb33c5342bec53a43bb22d9ba1aaccb7c57b688b31febcc0dfed66fab5e09252
94,C94-C1-74.xyz,https://nanotube.msu.edu/fullerene/C94/C94-C1-74.xyz,94,1,OK,5634,c97a4bd4107e4e31449bb904fe0f5b39fd81f8ec5d3a39b218f3b6d4f1d03b10
94,C94-C1-75.xyz,https://nanotube.msu.edu/fullerene/C94/C94-C1-75.xyz,94,1,OK,5634,e1c594b9339230f29f0b0aa73492179e930e5bca66163282760e37d14b3c6ae4
94,C94-C1-76.xyz,https://nanotube.msu.edu/fullerene/C94/C94-C1-76.xyz,94,1,OK,5634,96b0f252a5e08238aa547ab5a878d3dbdb6b0b9abd4260544c49f88f19d05d8e
94,C94-C1-77.xyz,https://nanotube.msu.edu/fullerene/C94/C94-C1-77.xyz,94,1,OK,5634,9cbeede90094599ba37c01e8c8a7428e45fe8e4f0097dda67f9dc39914d600cf
94,C94-C1-78.xyz,https://nanotube.msu.edu/fullerene/C94/C94-C1-78.xyz,94,1,OK,5634,63006bf71ede2ef2326f44b20e7fb5d67d13ac99d71bbd7a9d791da987b1200e
94,C94-C1-79.xyz,https://nanotube.msu.edu/fullerene/C94/C94-C1-79.xyz,94,1,OK,5634,397a8f64d472f9a5ad7c13ea14f43741088b2c30c18e026a442e3ad2e8ed7073
94,C94-C1-8.xyz,https://nanotube.msu.edu/fullerene/C94/C94-C1-8.xyz,94,1,OK,5634,adffade87ba660eb8e8f7a17887a262a6d82acf57a14a5505420a2b91736b09a
94,C94-C1-80.xyz,https://nanotube.msu.edu/fullerene/C94/C94-C1-80.xyz,94,1,OK,5634,2398fc5cdbb8ffb05267dc17d1189a9d1247e7a5a9aab967e98d86d6335091a2
94,C94-C1-81.xyz,https://nanotube.msu.edu/fullerene/C94/C94-C1-81.xyz,94,1,OK,5634,62e02ab86c11f8fe60452dd46014d87d3340e3150f207f9fb79a021c7622109c
94,C94-C1-82.xyz,https://nanotube.msu.edu/fullerene/C94/C94-C1-82.xyz,94,1,OK,5634,f348459854451f1d314c4d172b14a2feeb4c28eeb8a00e67e165788fd87e3205
94,C94-C1-83.xyz,https://nanotube.msu.edu/fullerene/C94/C94-C1-83.xyz,94,1,OK,5634,46ce30c04d560e0f1e402c3c3dfb839a6d2b41596ed021a8d30bf1f6532dbe29
94,C94-C1-84.xyz,https://nanotube.msu.edu/fullerene/C94/C94-C1-84.xyz,94,1,OK,5634,2504930ee63d9b3b9413af1cbeaef33967ba6faf7be41540f148fd1bc519034f
94,C94-C1-85.xyz,https://nanotube.msu.edu/fullerene/C94/C94-C1-85.xyz,94,1,OK,5634,615e4859efc8218689aea147f7bff15ab41388ebbc32f56c9604b2700d06c4ef
94,C94-C1-87.xyz,https://nanotube.msu.edu/fullerene/C94/C94-C1-87.xyz,94,1,OK,5634,ce2fed9b52428e0df3138fd95fcc9e40a05b80424f5ac23fd2fbe4af5804aba4
94,C94-C1-88.xyz,https://nanotube.msu.edu/fullerene/C94/C94-C1-88.xyz,94,1,OK,5634,f1e4eb13b2a73989134bcff6069f2d316aff35f54375a0024153f6a5145463a4
94,C94-C1-90.xyz,https://nanotube.msu.edu/fullerene/C94/C94-C1-90.xyz,94,1,OK,5634,c3595986912bc9c6938ee7b5f42fbb0d65cbf06bbf3971b376c73338cbae2c0a
94,C94-C1-91.xyz,https://nanotube.msu.edu/fullerene/C94/C94-C1-91.xyz,94,1,OK,5634,4c98fe89a2c5b9ddf77b6d86b8f837ec657f7ae7a64e8cd7d8b3025a8996fb11
94,C94-C1-92.xyz,https://nanotube.msu.edu/fullerene/C94/C94-C1-92.xyz,94,1,OK,5634,e2c04ced5efcaa73eb34c5cfd1e759259e685408ad70726a138df5d5dec9619a
94,C94-C1-93.xyz,https://nanotube.msu.edu/fullerene/C94/C94-C1-93.xyz,94,1,OK,5634,55e4070ad237effec9e969d470c588eb936df0250e5ee515ccb783c3b4eb66c4
94,C94-C1-95.xyz,https://nanotube.msu.edu/fullerene/C94/C94-C1-95.xyz,94,1,OK,5634,1fe2c02e2ef279cfb90cf90769b31a74931f35b9a20c6b905c8962136a618c57
94,C94-C1-97.xyz,https://nanotube.msu.edu/fullerene/C94/C94-C1-97.xyz,94,1,OK,5634,81a424ab754e44ecdb2362087bf033ab1ce2bc767d8761f4a93dc367d29758d2
94,C94-C1-98.xyz,https://nanotube.msu.edu/fullerene/C94/C94-C1-98.xyz,94,1,OK,5634,815cbfd8e0654074e908607a171d2e6e5d38393d5d903ec2fccc9f988fd6f14c
94,C94-C1-99.xyz,https://nanotube.msu.edu/fullerene/C94/C94-C1-99.xyz,94,1,OK,5634,f150353d77abfd7f698fbd3ddbc3162bc52c5728cf5b5250be12dfeadcec403c
94,C94-C2-1.xyz,https://nanotube.msu.edu/fullerene/C94/C94-C2-1.xyz,94,1,OK,5634,51f0cb882822da99e7b88cd3b2253d511b516bd527ae7aa1b29c70739bab4598
94,C94-C2-107.xyz,https://nanotube.msu.edu/fullerene/C94/C94-C2-107.xyz,94,1,OK,5634,4e5a2970c65b9cd629df31bd80f7c317956d7e04ead9ce13b34a1f3cfc2136c8
94,C94-C2-108.xyz,https://nanotube.msu.edu/fullerene/C94/C94-C2-108.xyz,94,1,OK,5634,95998a59bf1be110f1a2d91c23ef9076be291a22bd59e9a5f2e2364b4e56dd7a
94,C94-C2-109.xyz,https://nanotube.msu.edu/fullerene/C94/C94-C2-109.xyz,94,1,OK,5634,db24ec3026efef19a7ebb1895318a57e87f01ef83c9aecaa3b13b443e8c08ca3
94,C94-C2-117.xyz,https://nanotube.msu.edu/fullerene/C94/C94-C2-117.xyz,94,1,OK,5634,ee149f62e6093c4a46f26c67291ba611d13ea75522ffb51e28d7c0318728fda2
94,C94-C2-121.xyz,https://nanotube.msu.edu/fullerene/C94/C94-C2-121.xyz,94,1,OK,5634,3f0b504a2a74e4d8d6c86bba848278108842a7218d989fae4cb12ecf51b90600
94,C94-C2-124.xyz,https://nanotube.msu.edu/fullerene/C94/C94-C2-124.xyz,94,1,OK,5634,ccbbdb968feab6c46d786f320842eed8b6d3fdb428d47a0d191f294f55574d3f
94,C94-C2-126.xyz,https://nanotube.msu.edu/fullerene/C94/C94-C2-126.xyz,94,1,OK,5634,6ed498bca25b973db36767999213b97cced7e6eabee5be68f2cc422ccda3fee0
94,C94-C2-130.xyz,https://nanotube.msu.edu/fullerene/C94/C94-C2-130.xyz,94,1,OK,5634,ababf9abd678af5aab6837a7baeeb2af6ff0ac81f1c1e00b3449023fe54c25eb
94,C94-C2-133.xyz,https://nanotube.msu.edu/fullerene/C94/C94-C2-133.xyz,94,1,OK,5634,78927b1b98c911587b0b6d99318ebeeb11bcae82759d00b49b6128094eac9922
94,C94-C2-20.xyz,https://nanotube.msu.edu/fullerene/C94/C94-C2-20.xyz,94,1,OK,5634,3b65aac86b02dec0207125867fbea8504d78fc75d4e02f83ddeea1179b78d1af
94,C94-C2-22.xyz,https://nanotube.msu.edu/fullerene/C94/C94-C2-22.xyz,94,1,OK,5634,b7088ff2fad197b37410d53c13036591933ca7e048da1c2dd2fdecee0795d5ea
94,C94-C2-26.xyz,https://nanotube.msu.edu/fullerene/C94/C94-C2-26.xyz,94,1,OK,5634,62d29cf7842a7158a1a7edefe3db68dfd0435df56f5fe84ff2564d6287a43cfb
94,C94-C2-3.xyz,https://nanotube.msu.edu/fullerene/C94/C94-C2-3.xyz,94,1,OK,5634,ede86e4c955999c9af6492dac9d7b4ba7883cf532d8d0559a58ba901563fa043
94,C94-C2-33.xyz,https://nanotube.msu.edu/fullerene/C94/C94-C2-33.xyz,94,1,OK,5634,4abbaefe4057fb2f6c7200485395855f915198c40b12e948f1c99cdb4c6bb0be
94,C94-C2-4.xyz,https://nanotube.msu.edu/fullerene/C94/C94-C2-4.xyz,94,1,OK,5634,d96112aaad31fb6c245b6f12e6eb72eb758611dda815ed9aeb95a238e122c76b
94,C94-C2-43.xyz,https://nanotube.msu.edu/fullerene/C94/C94-C2-43.xyz,94,1,OK,5634,4931cd36a66c0031e2cdd68cbc278c0110d3341a9bf06f32aae132aa8bcccd65
94,C94-C2-47.xyz,https://nanotube.msu.edu/fullerene/C94/C94-C2-47.xyz,94,1,OK,5634,b70a1419859876b2fb2d5173d7fd339d0667e035b2f94e7e34d581920d6cc576
94,C94-C2-51.xyz,https://nanotube.msu.edu/fullerene/C94/C94-C2-51.xyz,94,1,OK,5634,851c91f9246e8c0d43c07bf4f910d7bd869ae6cb37bf819599b459012dce6208
94,C94-C2-61.xyz,https://nanotube.msu.edu/fullerene/C94/C94-C2-61.xyz,94,1,OK,5634,1c94a70bca40fb6e1a0f3fdf3dbc255d960dbc150ffe0df77a16b8b55bbb00f0
94,C94-C2-7.xyz,https://nanotube.msu.edu/fullerene/C94/C94-C2-7.xyz,94,1,OK,5634,0e6718de7f4bcd6b46ed6f7ccbed563e6a8e5618c47876c358f2564609ab0758
94,C94-C2-73.xyz,https://nanotube.msu.edu/fullerene/C94/C94-C2-73.xyz,94,1,OK,5634,27cce0043b51fc46428c132eed538e4a9e9a3a6a274f6361ae5c72986fe248e7
94,C94-C2-86.xyz,https://nanotube.msu.edu/fullerene/C94/C94-C2-86.xyz,94,1,OK,5634,53a3ce02c98847c0e3c950b3b8d5db4048620e97662a4d8883095bdf6988a102
94,C94-C2-89.xyz,https://nanotube.msu.edu/fullerene/C94/C94-C2-89.xyz,94,1,OK,5634,02fc4c43cc0613eba1fd5b4444563d4b29e9bfb4691a94bf15bea95e0aed8312
94,C94-C2-9.xyz,https://nanotube.msu.edu/fullerene/C94/C94-C2-9.xyz,94,1,OK,5634,1b2401479dc4fdeeb3a88e430235b6fe379e0fcf8f9d004ef57d9e6da5561852
94,C94-C2-94.xyz,https://nanotube.msu.edu/fullerene/C94/C94-C2-94.xyz,94,1,OK,5634,59adc898f0f3c63541fd3d2d2c2fabc96fbbaed6f7c735337e3608f024d81940
94,C94-C2v-24.xyz,https://nanotube.msu.edu/fullerene/C94/C94-C2v-24.xyz,94,1,OK,5634,50f0a46178bbb90f077f1c433c5db4fea11b3e333a4f591ccc5ecffc4d100f64
94,C94-C2v-52.xyz,https://nanotube.msu.edu/fullerene/C94/C94-C2v-52.xyz,94,1,OK,5634,f7e3c93a0e70510e2215233dae4761c3e16b89a819ce6e2a8673fb8855c41f27
94,C94-C3-110.xyz,https://nanotube.msu.edu/fullerene/C94/C94-C3-110.xyz,94,1,OK,5634,02eed67e6bbd31697cf73c7dabee7ae4ac9b24f5334cdc0f7054bb5a30df065d
94,C94-C3-114.xyz,https://nanotube.msu.edu/fullerene/C94/C94-C3-114.xyz,94,1,OK,5634,486a9cb9ca188052e305bb25b77229717b468f8693b560ebcb6ddb8c728c69fb
94,C94-C3-96.xyz,https://nanotube.msu.edu/fullerene/C94/C94-C3-96.xyz,94,1,OK,5634,254f8cfac5ac4883374bb8c3bd03c16ab867ced1169e07cc74af959fed52e336
94,C94-C3v-134.xyz,https://nanotube.msu.edu/fullerene/C94/C94-C3v-134.xyz,94,1,OK,5634,9ad1ff362740566b532b9148d69b8a62a91cdb6213143ed30e026bfc6237b2a8
94,C94-Cs-120.xyz,https://nanotube.msu.edu/fullerene/C94/C94-Cs-120.xyz,94,1,OK,5634,39cf0cc7f017b87b0847b72f763c4df68c6a05571c1b44f7558c558afe01658f
94,C94-Cs-13.xyz,https://nanotube.msu.edu/fullerene/C94/C94-Cs-13.xyz,94,1,OK,5634,8c7aac940925597a586092ae5acdfdfcfd280f80e177d2a97fb68c680e5955cc
94,C94-Cs-14.xyz,https://nanotube.msu.edu/fullerene/C94/C94-Cs-14.xyz,94,1,OK,5634,c2ebe99ebad53581830e1700df7059169dc7ae6a8cf465704747484dd2c7035b
94,C94-Cs-17.xyz,https://nanotube.msu.edu/fullerene/C94/C94-Cs-17.xyz,94,1,OK,5634,6335a59d693422155aec467b3aa6b1ebcf1c7db8d77e2c7d712385e1a0b9b999
94,C94-Cs-18.xyz,https://nanotube.msu.edu/fullerene/C94/C94-Cs-18.xyz,94,1,OK,5634,f0d6ee3eb0b8288bb4f1c3ac3ba64a9667ccf52fe3ed957ec2fd6aff09cc06a0
94,C94-Cs-23.xyz,https://nanotube.msu.edu/fullerene/C94/C94-Cs-23.xyz,94,1,OK,5634,17a28571129e068b5563c5ec8a29ed2a6f801d7baaf16235ffe55f828666b6dd
94,C94-Cs-31.xyz,https://nanotube.msu.edu/fullerene/C94/C94-Cs-31.xyz,94,1,OK,5634,f1329578310f3b744b3ba246eda9e5182cbef1df5d0b0dea95959b1d1c7a1f63
94,C94-Cs-39.xyz,https://nanotube.msu.edu/fullerene/C94/C94-Cs-39.xyz,94,1,OK,5634,a8c72d63ea82cc49d7c55a7c5f611a40b199c6b19defdf408dacfd16c8b844a4
94,C94-Cs-40.xyz,https://nanotube.msu.edu/fullerene/C94/C94-Cs-40.xyz,94,1,OK,5634,63ac4ef6ee51b2d6a1a7715e7999d998b209aded26f4ab32f48c906b0f15a084
94,C94-Cs-42.xyz,https://nanotube.msu.edu/fullerene/C94/C94-Cs-42.xyz,94,1,OK,5634,fbef9521cbb3590e2c5c522d70fef17720946da4ce6e1d8c18179b1373ff464f
94,C94-Cs-44.xyz,https://nanotube.msu.edu/fullerene/C94/C94-Cs-44.xyz,94,1,OK,5634,33ba2eccc96dd43bbf2bea29b985b659ad0ad486549ee3695010ebe89af85d9e
94,C94-Cs-45.xyz,https://nanotube.msu.edu/fullerene/C94/C94-Cs-45.xyz,94,1,OK,5634,2205b171b39abf6502fb1964cc64e1d4da5c621b9fc5fefe06e9ca41d6a313d8
94,C94-Cs-46.xyz,https://nanotube.msu.edu/fullerene/C94/C94-Cs-46.xyz,94,1,OK,5634,458b945a164c7d269caf490b4cce62c9f6a2de3652ab0ad92f9537cc0c0d9916
96,C96-C1-100.xyz,https://nanotube.msu.edu/fullerene/C96/C96-C1-100.xyz,96,1,OK,5752,f22e3ab6b0fb231d00f82f7faa99a71ee1f5e65b8cd320686054d88636ce9b8d
96,C96-C1-101.xyz,https://nanotube.msu.edu/fullerene/C96/C96-C1-101.xyz,96,1,OK,5752,17db7f4f313a0ef9760b439da2d8e322339bb2fd53bf9b14c1f07e1dbcb72372
96,C96-C1-102.xyz,https://nanotube.msu.edu/fullerene/C96/C96-C1-102.xyz,96,1,OK,5752,68759c514898859765b1958fd61f89e91de5f9e75d9d97d2f8fe7b86fadc5511
96,C96-C1-103.xyz,https://nanotube.msu.edu/fullerene/C96/C96-C1-103.xyz,96,1,OK,5752,bd22e413e247fb09d4c8da58346be3c3cd8f65a4d44fb35a4e90c62e46e710e1
96,C96-C1-104.xyz,https://nanotube.msu.edu/fullerene/C96/C96-C1-104.xyz,96,1,OK,5752,b79329e8dbc223fb3a7bb78f3c77af7ad1eec8554e9927723af4d589593cd981
96,C96-C1-106.xyz,https://nanotube.msu.edu/fullerene/C96/C96-C1-106.xyz,96,1,OK,5752,377e575dd1e273955459a74081db3cf374197a02aaeab65d9104d158c335e0f7
96,C96-C1-107.xyz,https://nanotube.msu.edu/fullerene/C96/C96-C1-107.xyz,96,1,OK,5752,0af7bdcbdb63b6f18aee50ee530a66e97e95f81b99231f6567c3610731e19b56
96,C96-C1-108.xyz,https://nanotube.msu.edu/fullerene/C96/C96-C1-108.xyz,96,1,OK,5752,15aef84d01d39160aa7820e7297693624f373a6afe5465e7609d53530381a4b7
96,C96-C1-112.xyz,https://nanotube.msu.edu/fullerene/C96/C96-C1-112.xyz,96,1,OK,5752,3adbae35e5b4c4887e2076247a1e940961f92d5b5c7235d98e74da82f50994d6
96,C96-C1-113.xyz,https://nanotube.msu.edu/fullerene/C96/C96-C1-113.xyz,96,1,OK,5752,eada3b7211f24dcc3e0bc97d6f327bbb7f218564949d19be22d8bd5d5ddfb3c6
96,C96-C1-114.xyz,https://nanotube.msu.edu/fullerene/C96/C96-C1-114.xyz,96,1,OK,5752,a6cf2d9fea4d05360cb86f88c426c29882f51bc52571f6f0a58b3147922fade3
96,C96-C1-116.xyz,https://nanotube.msu.edu/fullerene/C96/C96-C1-116.xyz,96,1,OK,5752,fb56ab3b56f52b1046d19f94861ecba54c405f88b8b2ef50a6b20fbccae91ce1
96,C96-C1-117.xyz,https://nanotube.msu.edu/fullerene/C96/C96-C1-117.xyz,96,1,OK,5752,65cf5c056663c5305d361e3b36a074c871211b52e22510ecad169fd7a823c45c
96,C96-C1-119.xyz,https://nanotube.msu.edu/fullerene/C96/C96-C1-119.xyz,96,1,OK,5752,1fef76b76864ec3a96d97d3ad8003ff0672a2359abf89cbdae34d8bbb276fcd8
96,C96-C1-12.xyz,https://nanotube.msu.edu/fullerene/C96/C96-C1-12.xyz,96,1,OK,5752,2a308dc57ba9da346c61073e7a5fc1e58654efb83116099e1f09ba70f5b69905
96,C96-C1-120.xyz,https://nanotube.msu.edu/fullerene/C96/C96-C1-120.xyz,96,1,OK,5752,da2cac5bcfcf5bf377ac5e9ae1b8baea0dd6fec2f712c1b8e41c3a5f08198c51
96,C96-C1-123.xyz,https://nanotube.msu.edu/fullerene/C96/C96-C1-123.xyz,96,1,OK,5752,a8a4a095b31a66024e5d588368cb6da45ee8053057484b3a9ec16a6aacb89c34
96,C96-C1-125.xyz,https://nanotube.msu.edu/fullerene/C96/C96-C1-125.xyz,96,1,OK,5752,6570f1ad75bbf926e328951c7bbca03588e79d844d5d8e11c361d2ae2b10c54c
96,C96-C1-128.xyz,https://nanotube.msu.edu/fullerene/C96/C96-C1-128.xyz,96,1,OK,5752,457b8c751946e7becf6a9cdc78a58e86c3238f6decaf5b73520b14950e421745
96,C96-C1-129.xyz,https://nanotube.msu.edu/fullerene/C96/C96-C1-129.xyz,96,1,OK,5752,5f2936ae9e2a2723d9a9c3d47d7529a548c1bcd0a80b0d102134670a94f587c4
96,C96-C1-130.xyz,https://nanotube.msu.edu/fullerene/C96/C96-C1-130.xyz,96,1,OK,5752,58a6ef2174b529052d3cf283231b3c3973739bdcfdfa3a1d2fecbfd4a98c292a
96,C96-C1-131.xyz,https://nanotube.msu.edu/fullerene/C96/C96-C1-131.xyz,96,1,OK,5752,2b488efda7dcea9909bb9483372ab37c81323e10e6ad6c5610b1f934c98f7ea3
96,C96-C1-134.xyz,https://nanotube.msu.edu/fullerene/C96/C96-C1-134.xyz,96,1,OK,5752,d37992b9b83d37ac23cffa4ff357022adba57c9fdbb39d355463c7d087b9a8d0
96,C96-C1-135.xyz,https://nanotube.msu.edu/fullerene/C96/C96-C1-135.xyz,96,1,OK,5752,e685300896873b1f6620ab90f41504706aabe82547dd6f78c522b53469e0079c
96,C96-C1-138.xyz,https://nanotube.msu.edu/fullerene/C96/C96-C1-138.xyz,96,1,OK,5752,15207ced144f44c86d10d586fc36f67507e017b887b0062d51e7672a60d2b855
96,C96-C1-139.xyz,https://nanotube.msu.edu/fullerene/C96/C96-C1-139.xyz,96,1,OK,5752,391dabf92c5f756c1ffca2106ce432f993a194b975343a8e852f470b60a5bcde
96,C96-C1-140.xyz,https://nanotube.msu.edu/fullerene/C96/C96-C1-140.xyz,96,1,OK,5752,db796e65af5ecdd75db06b650d2bcbb8d091a942cda9dcf07135ce1f1a507020
96,C96-C1-141.xyz,https://nanotube.msu.edu/fullerene/C96/C96-C1-141.xyz,96,1,OK,5752,357ea4b22c3cb65dcecd95d6f6d00c47a74a47aef2c96d0e2c7fe1c285098145
96,C96-C1-143.xyz,https://nanotube.msu.edu/fullerene/C96/C96-C1-143.xyz,96,1,OK,5752,0c10d2a5a1be9a3c5b2571e4d3658f7471483173332017ef534ec42d48840207
96,C96-C1-144.xyz,https://nanotube.msu.edu/fullerene/C96/C96-C1-144.xyz,96,1,OK,5752,2d93fb4318ba444246581b7393fb64e3abdc58fdb0373ec1a9ef7951bb2b0909
96,C96-C1-145.xyz,https://nanotube.msu.edu/fullerene/C96/C96-C1-145.xyz,96,1,OK,5752,29e8214c9c965bed12d88858a5e4f80a13b36c4c5ee64a67d40017e9569792f6
96,C96-C1-152.xyz,https://nanotube.msu.edu/fullerene/C96/C96-C1-152.xyz,96,1,OK,5752,cc5525b8aabed03c420dfac5f76285c553c18ffe6bdf8b6a25241f78bd4d0337
96,C96-C1-153.xyz,https://nanotube.msu.edu/fullerene/C96/C96-C1-153.xyz,96,1,OK,5752,027ac323b835d502a2d8f0ad3b2601b29da58caa1c4c8130fbcbd1e598e3ffb3
96,C96-C1-155.xyz,https://nanotube.msu.edu/fullerene/C96/C96-C1-155.xyz,96,1,OK,5752,583b85eab978d5822bace2a9951a9104464c1bb2e460e6bba2a3aaef1ca7db3d
96,C96-C1-159.xyz,https://nanotube.msu.edu/fullerene/C96/C96-C1-159.xyz,96,1,OK,5752,ea0e39a6445584410608c7f5eab13cb4ad62d2682109f3dfffbc3ecb16e3c5ce
96,C96-C1-16.xyz,https://nanotube.msu.edu/fullerene/C96/C96-C1-16.xyz,96,1,OK,5752,a8e73b7100712e2c8370fa34071fbfa51d14171c5f939ac2e04be201e1a96fc0
96,C96-C1-160.xyz,https://nanotube.msu.edu/fullerene/C96/C96-C1-160.xyz,96,1,OK,5752,8f66ed27c58adbe65399e8e641bc7a737ec22048390b091780391e74e8cc8c88
96,C96-C1-164.xyz,https://nanotube.msu.edu/fullerene/C96/C96-C1-164.xyz,96,1,OK,5752,3e5524dffff6692ca63473bfb0842de4137f58969242b47a3f504bb4a5235bf0
96,C96-C1-166.xyz,https://nanotube.msu.edu/fullerene/C96/C96-C1-166.xyz,96,1,OK,5752,3ec44a0f1b3de2a7314d279effde292cb46deb0fd0ed86b85ebdc2774a0edc6c
96,C96-C1-169.xyz,https://nanotube.msu.edu/fullerene/C96/C96-C1-169.xyz,96,1,OK,5752,9e0a80ff6c9ca7dcf3fb1a3eb2cd6f29589a89d8ee4f1da2dc29bd43c9e3c4d5
96,C96-C1-17.xyz,https://nanotube.msu.edu/fullerene/C96/C96-C1-17.xyz,96,1,OK,5752,84c1993662accd05b64c1b691233ac6c5367c982b73271ca5ffb80802dbab529
96,C96-C1-172.xyz,https://nanotube.msu.edu/fullerene/C96/C96-C1-172.xyz,96,1,OK,5752,8349813b4a0f2ae984c0e1b1ca1b8bfe0170b31db547653ffd154a4657b82324
96,C96-C1-175.xyz,https://nanotube.msu.edu/fullerene/C96/C96-C1-175.xyz,96,1,OK,5752,c44460e867ccbf80d6f08398fdf2e2f09362db4fb9eef6e1e2ac1aeaa2c1d677
96,C96-C1-177.xyz,https://nanotube.msu.edu/fullerene/C96/C96-C1-177.xyz,96,1,OK,5752,48500186279dfd4e06b7aa4dda19fb1b5091db5eab4784635957bef0cc8e2429
96,C96-C1-18.xyz,https://nanotube.msu.edu/fullerene/C96/C96-C1-18.xyz,96,1,OK,5752,65daf19b44cce1c9640fbeef40bcf4eb33ad8e7de2d4d55d6a6dcacaeb125cb4
96,C96-C1-19.xyz,https://nanotube.msu.edu/fullerene/C96/C96-C1-19.xyz,96,1,OK,5752,3769416ab1ab65a29ce02e0607b35b53a343a385c07a9b08c02f54c40311ece8
96,C96-C1-20.xyz,https://nanotube.msu.edu/fullerene/C96/C96-C1-20.xyz,96,1,OK,5752,3c1870d697ada86e1afd910f6560bcdaf26fcbf64e00a8400311d8eaa6cc1793
96,C96-C1-22.xyz,https://nanotube.msu.edu/fullerene/C96/C96-C1-22.xyz,96,1,OK,5752,8d9f12101a1fce13c0db467a3cf9cde128880763dbb11d9e5ae12e45b00a8e74
96,C96-C1-23.xyz,https://nanotube.msu.edu/fullerene/C96/C96-C1-23.xyz,96,1,OK,5752,af65672341be9be3b8e0c14b3fe99343c26b1bca117d7961f306185ea9055295
96,C96-C1-24.xyz,https://nanotube.msu.edu/fullerene/C96/C96-C1-24.xyz,96,1,OK,5752,04bc42e321fb2c8c00de71aaf64827db49e0b0d8e58b472402e788e8c7aa7bdb
96,C96-C1-25.xyz,https://nanotube.msu.edu/fullerene/C96/C96-C1-25.xyz,96,1,OK,5752,152c1fe1169f65037e6bf75953e97c113ee55866af0d544fa3ed5c4de916ec6c
96,C96-C1-26.xyz,https://nanotube.msu.edu/fullerene/C96/C96-C1-26.xyz,96,1,OK,5752,2d2647a52d6b45a6a4bb079789462587ce4021bd885cd8f0ab0b57a16df80881
96,C96-C1-27.xyz,https://nanotube.msu.edu/fullerene/C96/C96-C1-27.xyz,96,1,OK,5752,3b0ad1ca17b479b78db1d18a12fe6d4e5ddae74a1775376e0d44cfa1e26fd8b7
96,C96-C1-28.xyz,https://nanotube.msu.edu/fullerene/C96/C96-C1-28.xyz,96,1,OK,5752,64a8ed23f8894a5a4ff53770bb4ebc0db337b65857937af40a1e13645d193b92
96,C96-C1-29.xyz,https://nanotube.msu.edu/fullerene/C96/C96-C1-29.xyz,96,1,OK,5752,e2beeb0a5bf29e15b927477c40834905849dad120f87fcf457f89680af458000
96,C96-C1-32.xyz,https://nanotube.msu.edu/fullerene/C96/C96-C1-32.xyz,96,1,OK,5752,b6583ffc583274b76880e716fcb2213c0c71b9b3c28dc0fb049a090315053a17
96,C96-C1-34.xyz,https://nanotube.msu.edu/fullerene/C96/C96-C1-34.xyz,96,1,OK,5752,dd200b509734e1d0abed4d53792656e61958406128109cad2b72ca06f462a85f
96,C96-C1-35.xyz,https://nanotube.msu.edu/fullerene/C96/C96-C1-35.xyz,96,1,OK,5752,176efe6540200ff0257778729436da115e5456e2c0ebd2fd74c49a68b719f601
96,C96-C1-36.xyz,https://nanotube.msu.edu/fullerene/C96/C96-C1-36.xyz,96,1,OK,5752,0929e2471692910302be746fbccfcde5ed34e36de789f85d110bb1a124dccf2e
96,C96-C1-37.xyz,https://nanotube.msu.edu/fullerene/C96/C96-C1-37.xyz,96,1,OK,5752,1c79a2067d5b99a4587ad4fd45ab5856a3dfc4d512a58bfabb5efca38b9dc378
96,C96-C1-38.xyz,https://nanotube.msu.edu/fullerene/C96/C96-C1-38.xyz,96,1,OK,5752,662871e18c52d682bd85c419ec6ab1fca543183c567ffe899150229d7ac83cc2
96,C96-C1-39.xyz,https://nanotube.msu.edu/fullerene/C96/C96-C1-39.xyz,96,1,OK,5752,788460b58a67cbec9dfc749b9c00203375c6af2ca4e0cbce84c458c09da5a198
96,C96-C1-43.xyz,https://nanotube.msu.edu/fullerene/C96/C96-C1-43.xyz,96,1,OK,5752,5137274438d093284d929f7855969587ea5448d9d399c5c89383fc1611e8b0d6
96,C96-C1-44.xyz,https://nanotube.msu.edu/fullerene/C96/C96-C1-44.xyz,96,1,OK,5752,f15d4ebd353baad14bd7fee634e486fd70e322ce86cc10b5b57f809c4505cadc
96,C96-C1-45.xyz,https://nanotube.msu.edu/fullerene/C96/C96-C1-45.xyz,96,1,OK,5752,b7f49847cfde5c9913bd4d3b1c4d46cfb1eaa36467a15b250a3a875f2e2f5219
96,C96-C1-47.xyz,https://nanotube.msu.edu/fullerene/C96/C96-C1-47.xyz,96,1,OK,5752,5feb387ae27c33946608899de4f44afb667cf1346aeeddb8457a870538f5b4a6
96,C96-C1-49.xyz,https://nanotube.msu.edu/fullerene/C96/C96-C1-49.xyz,96,1,OK,5752,90f9e37b0735e96e071bdd838892dec66c75c6f2a23b2362ba1b853e2538da8b
96,C96-C1-5.xyz,https://nanotube.msu.edu/fullerene/C96/C96-C1-5.xyz,96,1,OK,5752,7fc9e32187eeec36ad2029dd7c78bd0815eb1200397f46c2c62ee5df5c107ece
96,C96-C1-51.xyz,https://nanotube.msu.edu/fullerene/C96/C96-C1-51.xyz,96,1,OK,5752,a80461b47917eb466aec4989d5dd256891ca279a6d78d4179cf41705d034a795
96,C96-C1-53.xyz,https://nanotube.msu.edu/fullerene/C96/C96-C1-53.xyz,96,1,OK,5752,cc671643dedbaf1c5080da0b1c0ceb948d511bf4d8f2588c3dba2ea989767788
96,C96-C1-54.xyz,https://nanotube.msu.edu/fullerene/C96/C96-C1-54.xyz,96,1,OK,5752,3742a70dd8a5c68d3901ab605c82ce805a3c00dc42621cc9bdb2515b825a0e0f
96,C96-C1-56.xyz,https://nanotube.msu.edu/fullerene/C96/C96-C1-56.xyz,96,1,OK,5752,0759bd162c2ccb2adbf98fef6cd0a2444d527f12eb4e0827b2c3c09d3e661467
96,C96-C1-57.xyz,https://nanotube.msu.edu/fullerene/C96/C96-C1-57.xyz,96,1,OK,5752,63a9db67a77af644279bbaf8b5a54d620fde7214fc34350e0933d246cc0ddc5a
96,C96-C1-58.xyz,https://nanotube.msu.edu/fullerene/C96/C96-C1-58.xyz,96,1,OK,5752,6d95d5a25b8208744d383d1d81e13430ae500d63151720552b89c25ddaa8098c
96,C96-C1-59.xyz,https://nanotube.msu.edu/fullerene/C96/C96-C1-59.xyz,96,1,OK,5752,17ef687b6f41f61e04933b789f84a97d57887a63a18c133c42abf30ff7bb5594
96,C96-C1-60.xyz,https://nanotube.msu.edu/fullerene/C96/C96-C1-60.xyz,96,1,OK,5752,147cb612f31808549a8190dd2b486bff67291b86db15e9b8070b9a08bc87e77e
96,C96-C1-61.xyz,https://nanotube.msu.edu/fullerene/C96/C96-C1-61.xyz,96,1,OK,5752,8365aed4bfa4a7fe20007acdad9b3c5e85143c4b7fc70ad27bfecdeeebd12039
96,C96-C1-62.xyz,https://nanotube.msu.edu/fullerene/C96/C96-C1-62.xyz,96,1,OK,5752,054de880845dfd8681b7b389d6bb169baeb31fafb8c3f859fed85ea9b22d455f
96,C96-C1-63.xyz,https://nanotube.msu.edu/fullerene/C96/C96-C1-63.xyz,96,1,OK,5752,51ccb4e9dcb3556dd92b557d4173d19c5462355c81037b5728dcb94d09730cec
96,C96-C1-64.xyz,https://nanotube.msu.edu/fullerene/C96/C96-C1-64.xyz,96,1,OK,5752,631c2eabea66e6c62126d166a17f7b2c748dd07bb0c6d753a0e9846ad326fab1
96,C96-C1-65.xyz,https://nanotube.msu.edu/fullerene/C96/C96-C1-65.xyz,96,1,OK,5752,6b8c73d509a191eff5458ed5c9edbc5ea4de018308327fb617d52763dd774542
96,C96-C1-66.xyz,https://nanotube.msu.edu/fullerene/C96/C96-C1-66.xyz,96,1,OK,5752,c62f6943e3fc673120e600e9b5285db2066d8b911195f478bdf00e31c7931ce2
96,C96-C1-67.xyz,https://nanotube.msu.edu/fullerene/C96/C96-C1-67.xyz,96,1,OK,5752,0a413d485c566d9d6b3f96cc7766d69c52fb1357322e81282c70a1bd1b5f22ed
96,C96-C1-68.xyz,https://nanotube.msu.edu/fullerene/C96/C96-C1-68.xyz,96,1,OK,5752,0ae915f42517fd2c6312886b5d072a8b705b4724b0e524e7ba9b7023e4725aa3
96,C96-C1-69.xyz,https://nanotube.msu.edu/fullerene/C96/C96-C1-69.xyz,96,1,OK,5752,dff77dcfba7cd7f57abb0b4a972471cc5d8d5d85c314e93413ade0bcb5d9fee3
96,C96-C1-7.xyz,https://nanotube.msu.edu/fullerene/C96/C96-C1-7.xyz,96,1,OK,5752,8dc451667d987542f9afaabc7d5423c2fcbdf884661bdbaaddd3815df9de8db6
96,C96-C1-70.xyz,https://nanotube.msu.edu/fullerene/C96/C96-C1-70.xyz,96,1,OK,5752,f66f163bad0a67ba76af38e494a76dcd09cc631977f3004c49d9ad53c4c3f58f
96,C96-C1-71.xyz,https://nanotube.msu.edu/fullerene/C96/C96-C1-71.xyz,96,1,OK,5752,d90f6f4db391a6fd7d58e9811728a200fc1460f21125d3c42f642496ed409aeb
96,C96-C1-72.xyz,https://nanotube.msu.edu/fullerene/C96/C96-C1-72.xyz,96,1,OK,5752,82f569d8f85df6878fbf2a0602952558a4d7074b7a7165a06d213b2bdce93eb5
96,C96-C1-74.xyz,https://nanotube.msu.edu/fullerene/C96/C96-C1-74.xyz,96,1,OK,5752,79ce2ba643e0edf549a6b964ddcc730cbd92696a543d736b86163ba5ea2a53cb
96,C96-C1-75.xyz,https://nanotube.msu.edu/fullerene/C96/C96-C1-75.xyz,96,1,OK,5752,5e1be6c967b9019ea146ef3bcfc718ee1aab1ba94c4969c0eed8cad6e0023b43
96,C96-C1-76.xyz,https://nanotube.msu.edu/fullerene/C96/C96-C1-76.xyz,96,1,OK,5752,83d581dd34514dc79f86b06b4b8e17c53a4cbb46f405e825da7db4fdd91f5711
96,C96-C1-77.xyz,https://nanotube.msu.edu/fullerene/C96/C96-C1-77.xyz,96,1,OK,5752,e17da2d5381609c4c622e899fd9e6d50de5aafb3e2a5bea4b7522e42efea301d
96,C96-C1-78.xyz,https://nanotube.msu.edu/fullerene/C96/C96-C1-78.xyz,96,1,OK,5752,6a3face209591db13ad9646aac8cf2b3003e2b46dcf93702aa1473d316d462c2
96,C96-C1-79.xyz,https://nanotube.msu.edu/fullerene/C96/C96-C1-79.xyz,96,1,OK,5752,4ba4b2598cde52659c89799d7a5f2534bffc0c35aef4fda4f3b9a8655aad7e0c
96,C96-C1-84.xyz,https://nanotube.msu.edu/fullerene/C96/C96-C1-84.xyz,96,1,OK,5752,8f483ca4d9bb35e07dd15613cba3a0d82c58cdd0ecaa650ff5e353ca2209ed4c
96,C96-C1-85.xyz,https://nanotube.msu.edu/fullerene/C96/C96-C1-85.xyz,96,1,OK,5752,0013df33ab017ca09d5ba1b3866e8e8b93dfea54046950a3193d55360ad5018d
96,C96-C1-86.xyz,https://nanotube.msu.edu/fullerene/C96/C96-C1-86.xyz,96,1,OK,5752,58edc714ce82f8d01af1386fbee0fa763dd8b483eb9d7e431ab7030f35624b97
96,C96-C1-87.xyz,https://nanotube.msu.edu/fullerene/C96/C96-C1-87.xyz,96,1,OK,5752,fefc08f4b9a8ccc85809ed482423d809d01f8c445a9e5386717e7ea584c44300
96,C96-C1-88.xyz,https://nanotube.msu.edu/fullerene/C96/C96-C1-88.xyz,96,1,OK,5752,16b65b16368ee777c2564ef102157a6cf20dbd2fff00e0c77fae5ed44a4452f0
96,C96-C1-90.xyz,https://nanotube.msu.edu/fullerene/C96/C96-C1-90.xyz,96,1,OK,5752,58d7b58048f515b26e7c8d41abfacaab010d9b19c9ad0a56f44ed19f1bb495ff
96,C96-C1-91.xyz,https://nanotube.msu.edu/fullerene/C96/C96-C1-91.xyz,96,1,OK,5752,2f0fefa05a420581f20f4fa7e728e70c4ffe574a1fdaae883e81830a2adab492
96,C96-C1-92.xyz,https://nanotube.msu.edu/fullerene/C96/C96-C1-92.xyz,96,1,OK,5752,3dc933e8604cec3e54c3b09efd0e188395abe499757b2c1efb7ed16a8b273b24
96,C96-C1-93.xyz,https://nanotube.msu.edu/fullerene/C96/C96-C1-93.xyz,96,1,OK,5752,b1f802b8e460fb449067d641a34496d65b43728f66f9e73b6c37674dadb14795
96,C96-C1-94.xyz,https://nanotube.msu.edu/fullerene/C96/C96-C1-94.xyz,96,1,OK,5752,ead00278a46bac1f5a8e8e218142834a96ee2ba1a3a160aa4b842728c4c5f3ba
96,C96-C1-95.xyz,https://nanotube.msu.edu/fullerene/C96/C96-C1-95.xyz,96,1,OK,5752,c5f58ab3e4dc85640c3e73b0bfd130c99c09f14121d9640eb9333cdeb12f429b
96,C96-C1-97.xyz,https://nanotube.msu.edu/fullerene/C96/C96-C1-97.xyz,96,1,OK,5752,92a50c4700af73395cf4e5ff97ed16df44d99fa41c9f566c8f353e7ba075be5a
96,C96-C1-98.xyz,https://nanotube.msu.edu/fullerene/C96/C96-C1-98.xyz,96,1,OK,5752,c4fc7a8b8d51208ca7c341768c45e59dcb6fcbac9f59ec0e083d700133a3eb34
96,C96-C2-105.xyz,https://nanotube.msu.edu/fullerene/C96/C96-C2-105.xyz,96,1,OK,5752,89d97df6f84b533d0161973252c12846b6c5265e51913b279974720bf6ebe6ac
96,C96-C2-115.xyz,https://nanotube.msu.edu/fullerene/C96/C96-C2-115.xyz,96,1,OK,5752,90bb751393207b945d1f478cf0962092f9b19599983173282341cc327b272da2
96,C96-C2-118.xyz,https://nanotube.msu.edu/fullerene/C96/C96-C2-118.xyz,96,1,OK,5752,193a03387d27d386b0a4fd9f6da77e0fdde3d84048637a1a864031349a28fddd
96,C96-C2-122.xyz,https://nanotube.msu.edu/fullerene/C96/C96-C2-122.xyz,96,1,OK,5752,1a60b43dacea9d36053ef1bdcb6aae47087a30e3158b7f85bdb1e586535188f7
96,C96-C2-124.xyz,https://nanotube.msu.edu/fullerene/C96/C96-C2-124.xyz,96,1,OK,5752,7dff2c43b4e3a7cce32b411c4c654f8a30577a52d27c5dfdee6ad8db405eea4a
96,C96-C2-126.xyz,https://nanotube.msu.edu/fullerene/C96/C96-C2-126.xyz,96,1,OK,5752,d60d68c068e0d914dffe71b0a67bb939cd005010db7bfd462ed172ddbca041db
96,C96-C2-127.xyz,https://nanotube.msu.edu/fullerene/C96/C96-C2-127.xyz,96,1,OK,5752,098626ab327962f0ab1799a045816aaaa9ae0d08d1b790cfa5c6e48efebe5e9f
96,C96-C2-13.xyz,https://nanotube.msu.edu/fullerene/C96/C96-C2-13.xyz,96,1,OK,5752,2becceeff77e71f4af4649a7eae18821153674c8c4ffd56981b660a2def15119
96,C96-C2-132.xyz,https://nanotube.msu.edu/fullerene/C96/C96-C2-132.xyz,96,1,OK,5752,4f628874bb3de6da79a05f5c55209a960361fc3185f0fcaa1ce9b1342ad134c7
96,C96-C2-14.xyz,https://nanotube.msu.edu/fullerene/C96/C96-C2-14.xyz,96,1,OK,5752,3dfea5d7dbfce125b34a34d5fb0377ddcbc36315425f622fbde36e56475a710d
96,C96-C2-142.xyz,https://nanotube.msu.edu/fullerene/C96/C96-C2-142.xyz,96,1,OK,5752,3a5741c2feaa2f078d2a22673f37bd640369fcf24502091b5da04320b7759d67
96,C96-C2-15.xyz,https://nanotube.msu.edu/fullerene/C96/C96-C2-15.xyz,96,1,OK,5752,d844bc4a6c328239d11157b628b4c925a4c9e3970b56e392b0de6592382ce161
96,C96-C2-151.xyz,https://nanotube.msu.edu/fullerene/C96/C96-C2-151.xyz,96,1,OK,5752,7b82644bd21139913299cfd7a49742af193004157609e6336fa80d2d588feef8
96,C96-C2-157.xyz,https://nanotube.msu.edu/fullerene/C96/C96-C2-157.xyz,96,1,OK,5752,c0121942b678b50ed258208fee29a72175781b5156c982fdc1d8bd186aac50f5
96,C96-C2-158.xyz,https://nanotube.msu.edu/fullerene/C96/C96-C2-158.xyz,96,1,OK,5752,9128765d29db9cbae974b77fae5ee2c75fcf520e61f884a22ea11bb136d042b8
96,C96-C2-165.xyz,https://nanotube.msu.edu/fullerene/C96/C96-C2-165.xyz,96,1,OK,5752,b220db84d4969a8cfae564d02bb3a0e299361b89284b10c622f3b5208343d5cb
96,C96-C2-167.xyz,https://nanotube.msu.edu/fullerene/C96/C96-C2-167.xyz,96,1,OK,5752,d0857160baacd7ef73688a6928ba96e099b5fc83dab87458fd07e5f956393830
96,C96-C2-168.xyz,https://nanotube.msu.edu/fullerene/C96/C96-C2-168.xyz,96,1,OK,5752,e9382f79ec0dae6f67c51ce70ab8532f32287ee35d7e1aae7bf1c7fa8497cb19
96,C96-C2-171.xyz,https://nanotube.msu.edu/fullerene/C96/C96-C2-171.xyz,96,1,OK,5752,56fc7643e9877bb2ed3af532d670273b25668238a809ace27d685f2d849ad7b9
96,C96-C2-173.xyz,https://nanotube.msu.edu/fullerene/C96/C96-C2-173.xyz,96,1,OK,5752,4ba963772277299eb6975b5abbd1de017102f71a36f9331a32957ce8a40faec0
96,C96-C2-174.xyz,https://nanotube.msu.edu/fullerene/C96/C96-C2-174.xyz,96,1,OK,5752,610198e872cb619775071e41415753b9eee428f632c5f2957d372f373fe73478
96,C96-C2-176.xyz,https://nanotube.msu.edu/fullerene/C96/C96-C2-176.xyz,96,1,OK,5752,d49d057129783708b3a01c855b5eca55001396c8f5b9786291f7dcb46e0eb76a
96,C96-C2-179.xyz,https://nanotube.msu.edu/fullerene/C96/C96-C2-179.xyz,96,1,OK,5752,622eaaa1a3e8606d03784b4c21ec387e93041ac3022cf59a19803b642cc2e161
96,C96-C2-181.xyz,https://nanotube.msu.edu/fullerene/C96/C96-C2-181.xyz,96,1,OK,5752,072461f054869b75e630c17b65f3e0cc3d0c3682966ba4105abdc4d6f4da42dc
96,C96-C2-182.xyz,https://nanotube.msu.edu/fullerene/C96/C96-C2-182.xyz,96,1,OK,5752,34f8c01f08f7b63acd4b627e04b13e58697b3e5b78fd579cb38fa842cd9a86ce
96,C96-C2-30.xyz,https://nanotube.msu.edu/fullerene/C96/C96-C2-30.xyz,96,1,OK,5752,d618086816fa84b4e20afbd99fdd51c4ff567232dcaac2bf448d8e40f3c78855
96,C96-C2-31.xyz,https://nanotube.msu.edu/fullerene/C96/C96-C2-31.xyz,96,1,OK,5752,1962935499e511efea45701eba923183e7b1f243128fa5dea83edbc069c5daae
96,C96-C2-4.xyz,https://nanotube.msu.edu/fullerene/C96/C96-C2-4.xyz,96,1,OK,5752,6b4584d1fe2025d2b1848c88b76abf6dcb418583fbd07a00bf92879089f0674a
96,C96-C2-40.xyz,https://nanotube.msu.edu/fullerene/C96/C96-C2-40.xyz,96,1,OK,5752,926c27b884d9807a21427216ff54817823baf98af2e0833c88180ca235edc86f
96,C96-C2-41.xyz,https://nanotube.msu.edu/fullerene/C96/C96-C2-41.xyz,96,1,OK,5752,b3153fe7f7670d62b4c866b3ffcdef464d898f56ec359df46891e221e05352b3
96,C96-C2-42.xyz,https://nanotube.msu.edu/fullerene/C96/C96-C2-42.xyz,96,1,OK,5752,6d1c03866a54f659de25d8df4da088ab168c0d2621259d1a84dd4eec8e4d9892
96,C96-C2-46.xyz,https://nanotube.msu.edu/fullerene/C96/C96-C2-46.xyz,96,1,OK,5752,2b81acb09011a7a8ee9c52514af10b2cfb05fa964cb808a48e7bebf17a2c1436
96,C96-C2-48.xyz,https://nanotube.msu.edu/fullerene/C96/C96-C2-48.xyz,96,1,OK,5752,96e16660da243cf19796acd2b11c49fdf2002696add40b54d04205c61ff8ce3d
96,C96-C2-52.xyz,https://nanotube.msu.edu/fullerene/C96/C96-C2-52.xyz,96,1,OK,5752,0d33a211a1b1789462dc26a88208d1c3a1f2e9bd3410f555078c7d7908264db3
96,C96-C2-55.xyz,https://nanotube.msu.edu/fullerene/C96/C96-C2-55.xyz,96,1,OK,5752,b40667e43a158bd89f81b43afed823150b2d7d13e623e92e058290d9b6cd7d53
96,C96-C2-6.xyz,https://nanotube.msu.edu/fullerene/C96/C96-C2-6.xyz,96,1,OK,5752,d1a46a26abf894e7fa75bba28d67ffd29aa704e3a5a1c9ff8935a96d6b3ac149
96,C96-C2-73.xyz,https://nanotube.msu.edu/fullerene/C96/C96-C2-73.xyz,96,1,OK,5752,de9342bca1801b0bec0d60a1f76ee43c280aa5778d0d607a98db3b053e638f9e
96,C96-C2-80.xyz,https://nanotube.msu.edu/fullerene/C96/C96-C2-80.xyz,96,1,OK,5752,d67bc840a074e1b66cf5cdf8da0f317c868c7bcfe9d2f8c00b4fa86d240e5f66
96,C96-C2-82.xyz,https://nanotube.msu.edu/fullerene/C96/C96-C2-82.xyz,96,1,OK,5752,10b175549a2463b7d0dfce082cf22eeb95bba13c3f0635a314d31f091011eb02
96,C96-C2-83.xyz,https://nanotube.msu.edu/fullerene/C96/C96-C2-83.xyz,96,1,OK,5752,5df3a52fb78cb4ef0706b76184cde76f8859a1ce83efa0f0253ffb7ec96f7064
96,C96-C2-9.xyz,https://nanotube.msu.edu/fullerene/C96/C96-C2-9.xyz,96,1,OK,5752,fdd8646fbd45b21e803efc85d65446ee5d93e2b1a40e2d27d68d236a6a0cee8b
96,C96-C2-96.xyz,https://nanotube.msu.edu/fullerene/C96/C96-C2-96.xyz,96,1,OK,5752,72411d1c2433ca6deac437c1de6e01002c2fcdb0e7c384408f457512f23ce258
96,C96-C2-99.xyz,https://nanotube.msu.edu/fullerene/C96/C96-C2-99.xyz,96,1,OK,5752,3708eca8d3019ca3a54e16cb3cd250d019700fb35861bcba8d6b0fb3fd6787e6
96,C96-C2v-110.xyz,https://nanotube.msu.edu/fullerene/C96/C96-C2v-110.xyz,96,1,OK,5752,5ac55ba10a69df6715c4fe3d62100f401d226abc2b35c4b95f3182d153b85082
96,C96-C2v-149.xyz,https://nanotube.msu.edu/fullerene/C96/C96-C2v-149.xyz,96,1,OK,5752,fed0466aa0df9bb84dce0eea217003bb1c55914a9229d2f68cfb92430dcdddc5
96,C96-C2v-162.xyz,https://nanotube.msu.edu/fullerene/C96/C96-C2v-162.xyz,96,1,OK,5752,54fb2f15acb782ac0bf483e9007e291b1941619939fea7a4842c3ff856dcc885
96,C96-C3v-137.xyz,https://nanotube.msu.edu/fullerene/C96/C96-C3v-137.xyz,96,1,OK,5752,d1aec502c7bc27c30748f63a9ac310061a10b9c3b01c7fd5a1bceb59e2f84f1a
96,C96-Cs-10.xyz,https://nanotube.msu.edu/fullerene/C96/C96-Cs-10.xyz,96,1,OK,5752,847513ba9ed2c1341d986aa57cd3ca192122532d4b31cc6281daaf819b346030
96,C96-Cs-11.xyz,https://nanotube.msu.edu/fullerene/C96/C96-Cs-11.xyz,96,1,OK,5752,0c88df888ef7ac4ce891ac37f2af55153e3968fc7a433723275410885faab1b2
96,C96-Cs-133.xyz,https://nanotube.msu.edu/fullerene/C96/C96-Cs-133.xyz,96,1,OK,5752,07f85e7f054b978f6cadf098afadcb84a74338e4edda24035ed8e7ca823e8b21
96,C96-Cs-146.xyz,https://nanotube.msu.edu/fullerene/C96/C96-Cs-146.xyz,96,1,OK,5752,4c25c70608ad16d33378eac278aba42a099c074db380bfcf2b7fb1a7aeacac83
96,C96-Cs-147.xyz,https://nanotube.msu.edu/fullerene/C96/C96-Cs-147.xyz,96,1,OK,5752,0b96a3a33bb31c7e79788832d3f3fcff5990b685ac408cf6eeecb972eb78e12f
96,C96-Cs-156.xyz,https://nanotube.msu.edu/fullerene/C96/C96-Cs-156.xyz,96,1,OK,5752,0a09949829bb2d045d6bbe6f43ff2dbba3d68bc1dad263740f80e73fbb592317
96,C96-Cs-161.xyz,https://nanotube.msu.edu/fullerene/C96/C96-Cs-161.xyz,96,1,OK,5752,220c20f78deda07d5b35b0557c59a5e8cedb5d3132d1e0e168e01085b17a9d03
96,C96-Cs-170.xyz,https://nanotube.msu.edu/fullerene/C96/C96-Cs-170.xyz,96,1,OK,5752,755979f37e708866fff44eace8e4c7ad1cf283661b0da5970d24db0b0a726784
96,C96-Cs-178.xyz,https://nanotube.msu.edu/fullerene/C96/C96-Cs-178.xyz,96,1,OK,5752,c99508039dd7f97db4fede86464f8fbca2f8058d4b123c65a00dd7266f3e7e0c
96,C96-Cs-180.xyz,https://nanotube.msu.edu/fullerene/C96/C96-Cs-180.xyz,96,1,OK,5752,dada437e3f4c3286cfd3bcf0aed3db02eb0642f8f34fbcfb5cbfd0245aabce3e
96,C96-Cs-50.xyz,https://nanotube.msu.edu/fullerene/C96/C96-Cs-50.xyz,96,1,OK,5752,c5d3c10ec42498526c2e12bee7d6551e97ce83d59938c57449b4625e789c45fb
96,C96-Cs-8.xyz,https://nanotube.msu.edu/fullerene/C96/C96-Cs-8.xyz,96,1,OK,5752,91a8b5834c985625a8225de38a282cea3667577c7dd5700b8c68f6748d990870
96,C96-Cs-81.xyz,https://nanotube.msu.edu/fullerene/C96/C96-Cs-81.xyz,96,1,OK,5752,f53fc793b84ba1360d6ed69abf584f0582c4f5ed7db407647aabc4af67b1495e
96,C96-Cs-89.xyz,https://nanotube.msu.edu/fullerene/C96/C96-Cs-89.xyz,96,1,OK,5752,dc7547ea4ad7637f171aeb2849997a140f22ffe2aed0fe176fea73480c5f4cbc
96,C96-D2-1.xyz,https://nanotube.msu.edu/fullerene/C96/C96-D2-1.xyz,96,1,OK,5752,f4e8d2f6799a9da1f165fa059eaf54a452d1acb82d2397b70f3d99f51a336641
96,C96-D2-109.xyz,https://nanotube.msu.edu/fullerene/C96/C96-D2-109.xyz,96,1,OK,5752,7e28c31af083afebd7586a2b7aadce8f3e5ac86b75f9bd4bbe80d47ee82f28e5
96,C96-D2-111.xyz,https://nanotube.msu.edu/fullerene/C96/C96-D2-111.xyz,96,1,OK,5752,19d9a27e7d508775c76914617626f43c6877954ac77fd7079cf7f14bc3134326
96,C96-D2-150.xyz,https://nanotube.msu.edu/fullerene/C96/C96-D2-150.xyz,96,1,OK,5752,c29fe995b365d94e8c626a631a9c44037092f87d749e46332cdd28b6d9e8aae0
96,C96-D2-154.xyz,https://nanotube.msu.edu/fullerene/C96/C96-D2-154.xyz,96,1,OK,5752,c4a6c3f0edd50874f1136b95350abe3067a0e7b2b8c1e39c0a5abfd5ab9cec96
96,C96-D2-183.xyz,https://nanotube.msu.edu/fullerene/C96/C96-D2-183.xyz,96,1,OK,5752,c7df2d559bda8987a9b8b1f2707b89f8f7cad8d327f23765849b7ee3735261a4
96,C96-D2-186.xyz,https://nanotube.msu.edu/fullerene/C96/C96-D2-186.xyz,96,1,OK,5752,665bb0b0e55968953fda7f5470216b8b94754b64ef286613baeb983e40c4ce09
96,C96-D2-21.xyz,https://nanotube.msu.edu/fullerene/C96/C96-D2-21.xyz,96,1,OK,5752,bbae8d2644ccdfd9a324421772465e26bf30cc9c11346f2052a7dd636e74ce9a
96,C96-D2d-163.xyz,https://nanotube.msu.edu/fullerene/C96/C96-D2d-163.xyz,96,1,OK,5752,f5592b7e0ab8cfaa4ed3fe048727093b6c98a70150833e6dc4bddcd69ede1679
96,C96-D2h-148.xyz,https://nanotube.msu.edu/fullerene/C96/C96-D2h-148.xyz,96,1,OK,5752,b2257197ec124c20948b7c2ed9d1c2101d341af72c35a183ad81815a316d3ff9
96,C96-D3-121.xyz,https://nanotube.msu.edu/fullerene/C96/C96-D3-121.xyz,96,1,OK,5752,98cd5c77a34279f84caf8ed95428c479d6e060bec326e754298d11db6bc44789
96,C96-D3-136.xyz,https://nanotube.msu.edu/fullerene/C96/C96-D3-136.xyz,96,1,OK,5752,f287d8718fb9b5d53ea5ec5662fb9057d6999289d57091daf23c512364af8a9e
96,C96-D3-2.xyz,https://nanotube.msu.edu/fullerene/C96/C96-D3-2.xyz,96,1,OK,5752,b2865ca0e8013d40079b52457a93f635b581ecd19157921120130f16f58bb80a
96,C96-D3d-3.xyz,https://nanotube.msu.edu/fullerene/C96/C96-D3d-3.xyz,96,1,OK,5752,6fd5e2f935f7d4ed1a616bf9c365181b4a72bad10f011ee1ed0ae72259ec62af
96,C96-D3h-33.xyz,https://nanotube.msu.edu/fullerene/C96/C96-D3h-33.xyz,96,1,OK,5752,7a00938dbd9f1d824087641baeb7365004b1cfa2b85c93fb2bdc5e5de5258dc3
96,C96-D6d-185.xyz,https://nanotube.msu.edu/fullerene/C96/C96-D6d-185.xyz,96,1,OK,5752,8c5020705df92e8fe6306cdd4359b84b2692f7231d1ec824a577db21af54016a
96,C96-D6d-187.xyz,https://nanotube.msu.edu/fullerene/C96/C96-D6d-187.xyz,96,1,OK,5752,8e79f8d8f27ba83d59fa06c0949231347f558ba90d515a75a4676bfc7553eb86
96,C96-D6h-184.xyz,https://nanotube.msu.edu/fullerene/C96/C96-D6h-184.xyz,96,1,OK,5752,a97fcc9c6c4cbe90399858da93215e5acb4ff457e7301edf7eb02bea9cd86d95
98,C98-C1-10.xyz,https://nanotube.msu.edu/fullerene/C98/C98-C1-10.xyz,98,1,OK,5870,d278e9a3dd6b50c5d20ba270487b13a05b07ce96a9bfb21f50202e6c1845d436
98,C98-C1-100.xyz,https://nanotube.msu.edu/fullerene/C98/C98-C1-100.xyz,98,1,OK,5870,97b40127da0e7436266616cf017d2f3a723fa982bffc82413cf7383c77718380
98,C98-C1-101.xyz,https://nanotube.msu.edu/fullerene/C98/C98-C1-101.xyz,98,1,OK,5870,155c0a14726d2ebd02f65996718091a6d20ec6a9c6db4e7e856f6a7c170f0430
98,C98-C1-102.xyz,https://nanotube.msu.edu/fullerene/C98/C98-C1-102.xyz,98,1,OK,5870,a62ea806c15e08cdb5eab140824172e53de631cd669282169e06cabe171da416
98,C98-C1-103.xyz,https://nanotube.msu.edu/fullerene/C98/C98-C1-103.xyz,98,1,OK,5870,6f148295b88a5b957fb64dab08e2be59e07ce3b4fc17f2eef42f45eaac241a67
98,C98-C1-104.xyz,https://nanotube.msu.edu/fullerene/C98/C98-C1-104.xyz,98,1,OK,5870,2a3896c6b097be50e8a3cc66258b2687912e4f4486bbb4b7d0b9a6bb220a3fc4
98,C98-C1-105.xyz,https://nanotube.msu.edu/fullerene/C98/C98-C1-105.xyz,98,1,OK,5870,41e2cd8a2431c2e5f9a2d6803b3e530652620677070c25d43f2e1231b05b5c40
98,C98-C1-106.xyz,https://nanotube.msu.edu/fullerene/C98/C98-C1-106.xyz,98,1,OK,5870,7f1c08234c09262a1683263847ddef9682ac3fcd0d2eec6d4920cedd53a2f38b
98,C98-C1-109.xyz,https://nanotube.msu.edu/fullerene/C98/C98-C1-109.xyz,98,1,OK,5870,51ae86f4fdb13725ba75a088bf99290830ff916181f5905b97a5874ddbd19a00
98,C98-C1-112.xyz,https://nanotube.msu.edu/fullerene/C98/C98-C1-112.xyz,98,1,OK,5870,0e00aabc19adde2c684e12c4ae18a69a71855ba11543393897df6b2ebd3d411d
98,C98-C1-114.xyz,https://nanotube.msu.edu/fullerene/C98/C98-C1-114.xyz,98,1,OK,5870,392e10389e78f26052d373ed462a8ed6129deea0e3db9d5e7a7ae8e4ae587f6b
98,C98-C1-115.xyz,https://nanotube.msu.edu/fullerene/C98/C98-C1-115.xyz,98,1,OK,5870,7974042a4f066ecf552e40258dfad77a53eb91d0f89ed31b73e456e3f0e91706
98,C98-C1-116.xyz,https://nanotube.msu.edu/fullerene/C98/C98-C1-116.xyz,98,1,OK,5870,4db02e236d6754aeacc292cbf6784c5debb234363f3270cb0e694230ad4de748
98,C98-C1-118.xyz,https://nanotube.msu.edu/fullerene/C98/C98-C1-118.xyz,98,1,OK,5870,bfd550862d64ea1604f8b787e9a9861455d8c910dc39fb34e5e3c0ba63032721
98,C98-C1-12.xyz,https://nanotube.msu.edu/fullerene/C98/C98-C1-12.xyz,98,1,OK,5870,b24e0e08eb889af20d764ddb6414253f280b9c45736f57356f105ceb829ac460
98,C98-C1-121.xyz,https://nanotube.msu.edu/fullerene/C98/C98-C1-121.xyz,98,1,OK,5870,89a9b955bc0b9af7075ee4bcea99d8ebbdc32f432ba72839f9be9de680257704
98,C98-C1-122.xyz,https://nanotube.msu.edu/fullerene/C98/C98-C1-122.xyz,98,1,OK,5870,373430f5446e0e79bb9878b95ca16aaf343c3e016164de7e9bd3a4de5d218112
98,C98-C1-123.xyz,https://nanotube.msu.edu/fullerene/C98/C98-C1-123.xyz,98,1,OK,5870,f4186fb70336fe9ef1747a8e62def5f2e22eee3156a47b3ccf47c3bef3697bbb
98,C98-C1-124.xyz,https://nanotube.msu.edu/fullerene/C98/C98-C1-124.xyz,98,1,OK,5870,85cad24e1ddfd2e88c28efe747ab909d10a78a13afa5f4c5681eed543d14c85d
98,C98-C1-125.xyz,https://nanotube.msu.edu/fullerene/C98/C98-C1-125.xyz,98,1,OK,5870,a3155fd57099c48ed9b6d6f0b31f5151129cbd16fa673613087b57f33ea34545
98,C98-C1-126.xyz,https://nanotube.msu.edu/fullerene/C98/C98-C1-126.xyz,98,1,OK,5870,1a40db873d2db86fc518106f76d42c8cb2a06b318bc1cc401c6d838b96d90e55
98,C98-C1-128.xyz,https://nanotube.msu.edu/fullerene/C98/C98-C1-128.xyz,98,1,OK,5870,da9a43fbb16a0d0b6dc86ef5ba1af9525fe0da548474605cdcf2d09059c91daa
98,C98-C1-129.xyz,https://nanotube.msu.edu/fullerene/C98/C98-C1-129.xyz,98,1,OK,5870,bb97e0b7931f6caa4c21528e7da1bacde1867f6cba52cd1cfea354f71c8d4498
98,C98-C1-131.xyz,https://nanotube.msu.edu/fullerene/C98/C98-C1-131.xyz,98,1,OK,5870,c3791d9b9b7b8f9a2a01efdf322216ef2421ace435a44f2018ec90edc84b70e7
98,C98-C1-132.xyz,https://nanotube.msu.edu/fullerene/C98/C98-C1-132.xyz,98,1,OK,5870,eec4d660043a70c8b326c2f853eb032570770918a4cac68c0d7d5d5e348e4510
98,C98-C1-133.xyz,https://nanotube.msu.edu/fullerene/C98/C98-C1-133.xyz,98,1,OK,5870,4d2b5a1adaebe9d70413e65dff5babfed11b8c0a3df976e6e8fba93a3b4e846c
98,C98-C1-134.xyz,https://nanotube.msu.edu/fullerene/C98/C98-C1-134.xyz,98,1,OK,5870,d47d0107d840f132950a9f8155f983ccd477de948b02a95b37e895de961f557f
98,C98-C1-135.xyz,https://nanotube.msu.edu/fullerene/C98/C98-C1-135.xyz,98,1,OK,5870,beffe7d86c978e882c01fdeaa30a6354b249c7385730e1107adb933b524b6f4d
98,C98-C1-136.xyz,https://nanotube.msu.edu/fullerene/C98/C98-C1-136.xyz,98,1,OK,5870,24743bf37caa20e67daebd87967b336ecbf4d0c1ea8fea41f23ab6f187ea6c44
98,C98-C1-137.xyz,https://nanotube.msu.edu/fullerene/C98/C98-C1-137.xyz,98,1,OK,5870,740585ec9265503feed041614570a7e62297d3c04e562b27bdc8e803e1ceb06d
98,C98-C1-138.xyz,https://nanotube.msu.edu/fullerene/C98/C98-C1-138.xyz,98,1,OK,5870,48d1d57deefe917b676424cc4ad3caa1eee177ac45c2f40205d486f8380ec421
98,C98-C1-139.xyz,https://nanotube.msu.edu/fullerene/C98/C98-C1-139.xyz,98,1,OK,5870,6153e83a3a042db5f4ca52e145de7a0b15f66fe52d6f162115da6f1c254e578b
98,C98-C1-14.xyz,https://nanotube.msu.edu/fullerene/C98/C98-C1-14.xyz,98,1,OK,5870,7a1c53681ec4f0b0d49f3853bb97141e49649a7e004f1e669011e1318bfaad5a
98,C98-C1-140.xyz,https://nanotube.msu.edu/fullerene/C98/C98-C1-140.xyz,98,1,OK,5870,b466ffc3cadca5d2d245050e28b9f7e21315febdffe66d9ea6015532684a800f
98,C98-C1-141.xyz,https://nanotube.msu.edu/fullerene/C98/C98-C1-141.xyz,98,1,OK,5870,820774d04be296f180ac5a0ec7c2270091160f652f67bd06f8bbfbb9ee496512
98,C98-C1-142.xyz,https://nanotube.msu.edu/fullerene/C98/C98-C1-142.xyz,98,1,OK,5870,741a156ff0102fec4bbbcc16a8a0a0ffbba89091d019fb7ae2060899b6d75992
98,C98-C1-143.xyz,https://nanotube.msu.edu/fullerene/C98/C98-C1-143.xyz,98,1,OK,5870,9c41f58d97f8778503ffd3c4f97165081ecf5bf4d1d5611c9e171d92fe57617e
98,C98-C1-144.xyz,https://nanotube.msu.edu/fullerene/C98/C98-C1-144.xyz,98,1,OK,5870,c526676f22b7e34eb01524910919e96e8e68358ac70223b29aa23b39f50c702d
98,C98-C1-145.xyz,https://nanotube.msu.edu/fullerene/C98/C98-C1-145.xyz,98,1,OK,5870,413311057b451d366c7c33325e9548c394d8facbf03e4afd16e6ada329f7b1d1
98,C98-C1-146.xyz,https://nanotube.msu.edu/fullerene/C98/C98-C1-146.xyz,98,1,OK,5870,dc5ea4e577eaa3d53c1c883b3aac27037e1cddb34c2255999a9e17fd43cecdaa
98,C98-C1-15.xyz,https://nanotube.msu.edu/fullerene/C98/C98-C1-15.xyz,98,1,OK,5870,52840d5ee579cc9e260f2d80c1215f4efb1703fce5be309b6dd7819bef0ab0cd
98,C98-C1-150.xyz,https://nanotube.msu.edu/fullerene/C98/C98-C1-150.xyz,98,1,OK,5870,3c3fd97755ff6391a1becb7cbd3816362b0cab9b41393faeda28c6b6fbc7c59f
98,C98-C1-152.xyz,https://nanotube.msu.edu/fullerene/C98/C98-C1-152.xyz,98,1,OK,5870,54cfce739bcb4e69bbc72786e56f4ec5374e05d2e3958efdf08aa113c818a71d
98,C98-C1-153.xyz,https://nanotube.msu.edu/fullerene/C98/C98-C1-153.xyz,98,1,OK,5870,503ad33092ed9b76d23ffbf170307d2b3628692454de8defd0350765fcbbcf93
98,C98-C1-154.xyz,https://nanotube.msu.edu/fullerene/C98/C98-C1-154.xyz,98,1,OK,5870,81f303ed930feceba5a3e5ca95ab8d083ff1cf9554b2571b45c6feafb9e2c381
98,C98-C1-155.xyz,https://nanotube.msu.edu/fullerene/C98/C98-C1-155.xyz,98,1,OK,5870,f25dbd7f80547fa0bd7fb484d01313e8ff893cc0df3632194883446a12f162c2
98,C98-C1-157.xyz,https://nanotube.msu.edu/fullerene/C98/C98-C1-157.xyz,98,1,OK,5870,9d55083d06882e0bf081e2b1b71348a0f78f870deb05a0a1a54b08f538e7a5c1
98,C98-C1-159.xyz,https://nanotube.msu.edu/fullerene/C98/C98-C1-159.xyz,98,1,OK,5870,a518a9dd9311c25dd48252a505c843727cc3f18776c16ec5b6f79f1a0d0399aa
98,C98-C1-16.xyz,https://nanotube.msu.edu/fullerene/C98/C98-C1-16.xyz,98,1,OK,5870,6780a5ba58459c5274bdb04191945d35497348871449dba50dff0ac554dc7e22
98,C98-C1-161.xyz,https://nanotube.msu.edu/fullerene/C98/C98-C1-161.xyz,98,1,OK,5870,0cb4fc766ae842f20b7ba824ab897a8ada1800481930a358ea535ae87f12498e
98,C98-C1-163.xyz,https://nanotube.msu.edu/fullerene/C98/C98-C1-163.xyz,98,1,OK,5870,d96706c1747369ae399596ab01e9f020b49e8bf616cb706d89352b016d52304e
98,C98-C1-164.xyz,https://nanotube.msu.edu/fullerene/C98/C98-C1-164.xyz,98,1,OK,5870,a2b66e399ccb8fdfe9769fab42f25ca2ee1cbcaf4473dd22b47ccd8c24a9089c
98,C98-C1-165.xyz,https://nanotube.msu.edu/fullerene/C98/C98-C1-165.xyz,98,1,OK,5870,12c2b500b01a3c0c3ecb82f823b5a2c03a7eedd8828379e92e0a4245654e8792
98,C98-C1-168.xyz,https://nanotube.msu.edu/fullerene/C98/C98-C1-168.xyz,98,1,OK,5870,1375cbf657e5c7d2a04e4b75f2b8ac88a3e279e8dd6c4a1ac32be0b50f00d2ad
98,C98-C1-169.xyz,https://nanotube.msu.edu/fullerene/C98/C98-C1-169.xyz,98,1,OK,5870,a41606c4600322400207fb2925cb5b47ab131b45724513d5265f6df5b3e98145
98,C98-C1-17.xyz,https://nanotube.msu.edu/fullerene/C98/C98-C1-17.xyz,98,1,OK,5870,478eb4308364e5a8138ab4d89088a8b27be65de5e7d754cbb0125ac7926b129d
98,C98-C1-170.xyz,https://nanotube.msu.edu/fullerene/C98/C98-C1-170.xyz,98,1,OK,5870,a2cae1794c9eb1ad943985649402cb54b55e0c969ba50c5635567b212ca08f9f
98,C98-C1-171.xyz,https://nanotube.msu.edu/fullerene/C98/C98-C1-171.xyz,98,1,OK,5870,d539e4f7606a3cb8062a709aa9a5a8423fd41fbdbffd2809d3bcfc4e30bada5d
98,C98-C1-172.xyz,https://nanotube.msu.edu/fullerene/C98/C98-C1-172.xyz,98,1,OK,5870,1960c29f5866104bf940c08ada2ca82841ba07fd0832fd769f57fd5dffc94068
98,C98-C1-173.xyz,https://nanotube.msu.edu/fullerene/C98/C98-C1-173.xyz,98,1,OK,5870,08778daf0141bd8249e7203d32b845e3a028fbe2e55ed6f6d6dcb79104c42844
98,C98-C1-175.xyz,https://nanotube.msu.edu/fullerene/C98/C98-C1-175.xyz,98,1,OK,5870,b52ca7514fe78b9ddf0eae14a17ce8c3092580fb579d6d9d6d0a08124b01d02a
98,C98-C1-177.xyz,https://nanotube.msu.edu/fullerene/C98/C98-C1-177.xyz,98,1,OK,5870,670df7f56fa8020d18d6bc2fc39b8386ff26cf4341b451b8a53b2113ee56bd39
98,C98-C1-178.xyz,https://nanotube.msu.edu/fullerene/C98/C98-C1-178.xyz,98,1,OK,5870,2d4d06ca70dcff48a21258d38dcd327bae364dc210bc5ae386d29abedfd223a7
98,C98-C1-179.xyz,https://nanotube.msu.edu/fullerene/C98/C98-C1-179.xyz,98,1,OK,5870,9f331e965592e85f9f3039199176fd420a570c7289582481ca6bd2d11a83dfac
98,C98-C1-180.xyz,https://nanotube.msu.edu/fullerene/C98/C98-C1-180.xyz,98,1,OK,5870,a04be13d4c7a425fbc0b9095145f355c342ce31499460a7c92d4551b825a739f
98,C98-C1-181.xyz,https://nanotube.msu.edu/fullerene/C98/C98-C1-181.xyz,98,1,OK,5870,e17eaf27f8cfcfd38049080c1f7082853fc278eb9f518a73796d9613e9e72bc3
98,C98-C1-184.xyz,https://nanotube.msu.edu/fullerene/C98/C98-C1-184.xyz,98,1,OK,5870,b7441bf85f2cd901e17ce25a34672943d17e67d27e1efd2b4dba7c316e63d020
98,C98-C1-186.xyz,https://nanotube.msu.edu/fullerene/C98/C98-C1-186.xyz,98,1,OK,5870,ab631b006c2851a3e35a4ad503adc8b6218542d2324fb6b07ba1b340a586a679
98,C98-C1-187.xyz,https://nanotube.msu.edu/fullerene/C98/C98-C1-187.xyz,98,1,OK,5870,b6b3d983a377503204cf39f6790e201a4558034778eea1290403b8235f94dc7a
98,C98-C1-19.xyz,https://nanotube.msu.edu/fullerene/C98/C98-C1-19.xyz,98,1,OK,5870,2b2c4a9a305ba8e9403731757d77298752db48093a574b16f9823570ef586775
98,C98-C1-190.xyz,https://nanotube.msu.edu/fullerene/C98/C98-C1-190.xyz,98,1,OK,5870,5da1c094b69890adc246c92617dc1ef4ca9d30109e5283e5ac8d86591edc95c5
98,C98-C1-195.xyz,https://nanotube.msu.edu/fullerene/C98/C98-C1-195.xyz,98,1,OK,5870,43b7d0f2f089bab077260ef0307bebc5edcf0b1d6bd3e81a2fd6d4694d19c909
98,C98-C1-197.xyz,https://nanotube.msu.edu/fullerene/C98/C98-C1-197.xyz,98,1,OK,5870,a8fd7363d8684f6b84a9bb571c591b9e8ba3b01dc7980c6123afd428723346ae
98,C98-C1-2.xyz,https://nanotube.msu.edu/fullerene/C98/C98-C1-2.xyz,98,1,OK,5870,d2ab8530ed656c24d341abc39b527ab90a5a5102d0839842712504b5db6e949f
98,C98-C1-20.xyz,https://nanotube.msu.edu/fullerene/C98/C98-C1-20.xyz,98,1,OK,5870,ef044a9155862a6d1bbc0e48fd479feb07a13a49ca648e2e136b79966616be3a
98,C98-C1-201.xyz,https://nanotube.msu.edu/fullerene/C98/C98-C1-201.xyz,98,1,OK,5870,2653578e9b92c6361ae8fe22c07d4dc9e5a5eb521af520fb0a0b423840d7e460
98,C98-C1-202.xyz,https://nanotube.msu.edu/fullerene/C98/C98-C1-202.xyz,98,1,OK,5870,6183239b520b79396bfe424986722629e3b82dd15b5c3c449c48753e55dee11e
98,C98-C1-204.xyz,https://nanotube.msu.edu/fullerene/C98/C98-C1-204.xyz,98,1,OK,5870,3d47cf5223df2cd99d386ca45aa0df81f3199ed08e8bf8dc599de1285df62d9b
98,C98-C1-207.xyz,https://nanotube.msu.edu/fullerene/C98/C98-C1-207.xyz,98,1,OK,5870,195f71bb95a42dae50b7cc4799e71cf161a17e26af0d559f5ee465417ccdb03f
98,C98-C1-208.xyz,https://nanotube.msu.edu/fullerene/C98/C98-C1-208.xyz,98,1,OK,5870,52ccd1a470b22c9db375d2dec86efb607ad6c5e5b0f5b07d3506a27b662bdbad
98,C98-C1-21.xyz,https://nanotube.msu.edu/fullerene/C98/C98-C1-21.xyz,98,1,OK,5870,1eef34dc6c420cf07102a7e24936fa62a1916094d7c434100005d897bcd5fdc6
98,C98-C1-210.xyz,https://nanotube.msu.edu/fullerene/C98/C98-C1-210.xyz,98,1,OK,5870,78e79041ba9b811286ab087a491ae961ab373019bf789ad9d09975fadb854186
98,C98-C1-212.xyz,https://nanotube.msu.edu/fullerene/C98/C98-C1-212.xyz,98,1,OK,5870,e16cb6971fd7fccc0e9fb38e97bfb5dd7ed19429c0a969b22f37653ced5de3d6
98,C98-C1-213.xyz,https://nanotube.msu.edu/fullerene/C98/C98-C1-213.xyz,98,1,OK,5870,9eab87a7a69dd17c392d18799e169e94a1b159bc62b5b3ee0abfba5dee10a24c
98,C98-C1-214.xyz,https://nanotube.msu.edu/fullerene/C98/C98-C1-214.xyz,98,1,OK,5870,56a6a3a0d3b0573895b772599486f1cbac5a6b2231a62ec8699eac393d2afbba
98,C98-C1-216.xyz,https://nanotube.msu.edu/fullerene/C98/C98-C1-216.xyz,98,1,OK,5870,494ab2e0561004e6dcf4702c1d8298036c11ab016bd7a2c3da3d8aeef219a4cb
98,C98-C1-217.xyz,https://nanotube.msu.edu/fullerene/C98/C98-C1-217.xyz,98,1,OK,5870,a929bf54a29c3a8cb9f25ede260b6afca2aa311d4d28d7b42b7a5cf70c2f4eca
98,C98-C1-219.xyz,https://nanotube.msu.edu/fullerene/C98/C98-C1-219.xyz,98,1,OK,5870,e56bd9f1f6c8afcfbf88f64a136fc1330ad0c6562eb886526b68cf0d39dbedf6
98,C98-C1-22.xyz,https://nanotube.msu.edu/fullerene/C98/C98-C1-22.xyz,98,1,OK,5870,5622b0467cfbf3491946715a46f79808e57fa94e75045bf53e9fbe3cb1b8fb70
98,C98-C1-223.xyz,https://nanotube.msu.edu/fullerene/C98/C98-C1-223.xyz,98,1,OK,5870,26b042b4c82b7b5f11a0b0c8b2d1b7eb390162898b8cab392ef0c8d59f3b001c
98,C98-C1-224.xyz,https://nanotube.msu.edu/fullerene/C98/C98-C1-224.xyz,98,1,OK,5870,17d730809d029005e5c61d571f7f45d8e3a2059b14c43e54ec7d14891a42ccd2
98,C98-C1-226.xyz,https://nanotube.msu.edu/fullerene/C98/C98-C1-226.xyz,98,1,OK,5870,32413503c331a7c35ba24c79bc625e97e8124e402f6cce30dfa89ea9393817b2
98,C98-C1-227.xyz,https://nanotube.msu.edu/fullerene/C98/C98-C1-227.xyz,98,1,OK,5870,01691ba758c75021dc6deb001c144861d8b70b2b82c78f8917202cb8255c210d
98,C98-C1-228.xyz,https://nanotube.msu.edu/fullerene/C98/C98-C1-228.xyz,98,1,OK,5870,618f2a7dd266dbd76fd3b91bfe12bd086061ac664b6ac38638bb5e6c32476f9c
98,C98-C1-229.xyz,https://nanotube.msu.edu/fullerene/C98/C98-C1-229.xyz,98,1,OK,5870,6fc4c5e7bba9c267a6f7d2a8802f5ed7af1d20c5e4760c7d9c924c2736e330a6
98,C98-C1-234.xyz,https://nanotube.msu.edu/fullerene/C98/C98-C1-234.xyz,98,1,OK,5870,a217151ef32587255e9dfdba34f08c0373e175372dfca61fdc3180bdc0e193d0
98,C98-C1-235.xyz,https://nanotube.msu.edu/fullerene/C98/C98-C1-235.xyz,98,1,OK,5870,dff51c9691c0a574b7ad81a00baf2d0d35fd8dc9e27c1a834ce420a0d45312c8
98,C98-C1-237.xyz,https://nanotube.msu.edu/fullerene/C98/C98-C1-237.xyz,98,1,OK,5870,b237573b6b259ab824388db620d234183c65e0c85f5f6f0df31e70cf9020c56d
98,C98-C1-238.xyz,https://nanotube.msu.edu/fullerene/C98/C98-C1-238.xyz,98,1,OK,5870,5530f0ad6a01d2173bd4196f91a194e5e788223244b5fd7e04ae46e053d7f131
98,C98-C1-240.xyz,https://nanotube.msu.edu/fullerene/C98/C98-C1-240.xyz,98,1,OK,5870,c084a81c6f520a400ab93768016f040b6da86870b8451d9139648d623c1a2333
98,C98-C1-244.xyz,https://nanotube.msu.edu/fullerene/C98/C98-C1-244.xyz,98,1,OK,5870,c341f01ed2d8964e4887a0c744702499f88a058e7ffbfc049bd1f0e5969f3f08
98,C98-C1-245.xyz,https://nanotube.msu.edu/fullerene/C98/C98-C1-245.xyz,98,1,OK,5870,14806cba7e03427462c6c6bd693a5cd5bd50a265f03abac983e5f759008f18aa
98,C98-C1-247.xyz,https://nanotube.msu.edu/fullerene/C98/C98-C1-247.xyz,98,1,OK,5870,e8773f8a53bc4b65adf1637887b9d85098e21c7acde127e1b5e8275d29eb5ca5
98,C98-C1-249.xyz,https://nanotube.msu.edu/fullerene/C98/C98-C1-249.xyz,98,1,OK,5870,173b68a9c1caa3e0294b88cacf31459365b33201e24db798ed5c878125ec1324
98,C98-C1-25.xyz,https://nanotube.msu.edu/fullerene/C98/C98-C1-25.xyz,98,1,OK,5870,195c9165d8ac4f2785dd3f412a50d0dcd1590c998c49ad7da91d6c95f305c376
98,C98-C1-250.xyz,https://nanotube.msu.edu/fullerene/C98/C98-C1-250.xyz,98,1,OK,5870,037de55c30bfdc111819d8517d14dda364872b6d2cbe042c18f5dc7b16eb138d
98,C98-C1-255.xyz,https://nanotube.msu.edu/fullerene/C98/C98-C1-255.xyz,98,1,OK,5870,215ff11c6ace7a956bcc5c98e1b2581670895f10dc5286aab9105ab5dc55d861
98,C98-C1-26.xyz,https://nanotube.msu.edu/fullerene/C98/C98-C1-26.xyz,98,1,OK,5870,ecd299a5c34f95c8e23cc8acc3fa3af6efa0c681eccfd77dc002058a88b89127
98,C98-C1-27.xyz,https://nanotube.msu.edu/fullerene/C98/C98-C1-27.xyz,98,1,OK,5870,2f74f84dffad8725dc062939739fca84850c1d1575fdcb8ada71a705e9b3223c
98,C98-C1-29.xyz,https://nanotube.msu.edu/fullerene/C98/C98-C1-29.xyz,98,1,OK,5870,c8a772576119428336fd9d0d084cf37314c243946932aca00ef424684ce0d889
98,C98-C1-30.xyz,https://nanotube.msu.edu/fullerene/C98/C98-C1-30.xyz,98,1,OK,5870,231fd78f41160783739b4921d9c7e20a10134a3686c43492818341b8f533cd80
98,C98-C1-31.xyz,https://nanotube.msu.edu/fullerene/C98/C98-C1-31.xyz,98,1,OK,5870,3fe163b15d90310e073a944c737b19caef46c76d64a0a0a2aca7a61568d6f4c0
98,C98-C1-32.xyz,https://nanotube.msu.edu/fullerene/C98/C98-C1-32.xyz,98,1,OK,5870,0a619d3f4cf3369a7745f3a6a90950e2cd7ca18860e1d820ad5fa1aefcd0563f
98,C98-C1-33.xyz,https://nanotube.msu.edu/fullerene/C98/C98-C1-33.xyz,98,1,OK,5870,8a814df476c57730e652eadff7542e3c6559f2d8f280f46d8d300051b72655ac
98,C98-C1-34.xyz,https://nanotube.msu.edu/fullerene/C98/C98-C1-34.xyz,98,1,OK,5870,81e5938da76f9df1224c3ea6e45bf4c53f90f4c5e9e9860f3e6128f6819d4246
98,C98-C1-35.xyz,https://nanotube.msu.edu/fullerene/C98/C98-C1-35.xyz,98,1,OK,5870,f5604e78b01c9cfb62a1b1b739718d12305c071b73ed89dcc78058658366ca63
98,C98-C1-36.xyz,https://nanotube.msu.edu/fullerene/C98/C98-C1-36.xyz,98,1,OK,5870,644cafad4eaea23afd5b6e96d5ad3b2872a6e4ee5fcfc8e555256002ddca1999
98,C98-C1-37.xyz,https://nanotube.msu.edu/fullerene/C98/C98-C1-37.xyz,98,1,OK,5870,26c04b97ad193ba47550cf0df694bd917ee90a03ce514c85df5e9fbf0fe681f6
98,C98-C1-38.xyz,https://nanotube.msu.edu/fullerene/C98/C98-C1-38.xyz,98,1,OK,5870,16bb52c57d7f5d5786913c1a204924ad2437e73d654e8d7cc9ef8e7a146dd2dd
98,C98-C1-39.xyz,https://nanotube.msu.edu/fullerene/C98/C98-C1-39.xyz,98,1,OK,5870,c460a0bb5da41fe6fbbba3d12b2886312db5618d38c0bbebccb1497c53de70c8
98,C98-C1-4.xyz,https://nanotube.msu.edu/fullerene/C98/C98-C1-4.xyz,98,1,OK,5870,2b9c2abd8fea99ac2d378c7112ad7bf636a9156ef34ad34733f95f4442c7c251
98,C98-C1-40.xyz,https://nanotube.msu.edu/fullerene/C98/C98-C1-40.xyz,98,1,OK,5870,537a92e134d8ea89d2658ecefd911b8f9893983be665bdb2178794297bebddcb
98,C98-C1-41.xyz,https://nanotube.msu.edu/fullerene/C98/C98-C1-41.xyz,98,1,OK,5870,cebc2bfd95c549cf513abdf70e8783004e121ae2fbfc535d6a2b98f198275386
98,C98-C1-42.xyz,https://nanotube.msu.edu/fullerene/C98/C98-C1-42.xyz,98,1,OK,5870,e02aa95ee5f668be52c5c55100398c30e57cd3623f231587a06080ddc1109dd5
98,C98-C1-43.xyz,https://nanotube.msu.edu/fullerene/C98/C98-C1-43.xyz,98,1,OK,5870,da3c1fb06ea701b9bb737eade4c2bb6c522bfb4c9a78c524ab1038cd0f4670a8
98,C98-C1-44.xyz,https://nanotube.msu.edu/fullerene/C98/C98-C1-44.xyz,98,1,OK,5870,7dc88c0040f6970e909e71db27be360d70a44c33aa0774dd2556adc92a925f4d
98,C98-C1-45.xyz,https://nanotube.msu.edu/fullerene/C98/C98-C1-45.xyz,98,1,OK,5870,eb66e8d484d37909761cbe17d388843042c78351a7d163313a913d58606e3b13
98,C98-C1-46.xyz,https://nanotube.msu.edu/fullerene/C98/C98-C1-46.xyz,98,1,OK,5870,f9835f4617cdd2503733a2c62fe66ee75ac2dce1e266ea6fbc18934f360fd6b5
98,C98-C1-48.xyz,https://nanotube.msu.edu/fullerene/C98/C98-C1-48.xyz,98,1,OK,5870,02adb1eb4236d524e7e5568ad1b82c701109f83888f63498a92a9ac143e67745
98,C98-C1-49.xyz,https://nanotube.msu.edu/fullerene/C98/C98-C1-49.xyz,98,1,OK,5870,65a7dcac997ce285d1d6715669563e6302918f43b68422b92e2bb478a7c331cf
98,C98-C1-5.xyz,https://nanotube.msu.edu/fullerene/C98/C98-C1-5.xyz,98,1,OK,5870,8249ad2ef4f225b6d71555a67caa6002693e3b4549242ecfc77c5d86e5aa4b5e
98,C98-C1-50.xyz,https://nanotube.msu.edu/fullerene/C98/C98-C1-50.xyz,98,1,OK,5870,43666a2d09a3f609dde59c146ef3ff384cbfdd1e879628cf624c9b88c9dbbdf0
98,C98-C1-51.xyz,https://nanotube.msu.edu/fullerene/C98/C98-C1-51.xyz,98,1,OK,5870,2820eff7affd488eacf87f7bcb6f0d6d4cbff16daa7cb0ce52962d315663c830
98,C98-C1-52.xyz,https://nanotube.msu.edu/fullerene/C98/C98-C1-52.xyz,98,1,OK,5870,4c4fcac917aa3139f0d644374984f3e6e281d58a6f88a5c02f515c36d714a0cf
98,C98-C1-53.xyz,https://nanotube.msu.edu/fullerene/C98/C98-C1-53.xyz,98,1,OK,5870,c96ffb1271e341ec764005a2489f17fd12b6951a850202388dabb8212801ca2a
98,C98-C1-54.xyz,https://nanotube.msu.edu/fullerene/C98/C98-C1-54.xyz,98,1,OK,5870,ee4ff7e19f2b6564bff1c8b10ce31559c5d1c54101c786ab7c307321acc8f24f
98,C98-C1-55.xyz,https://nanotube.msu.edu/fullerene/C98/C98-C1-55.xyz,98,1,OK,5870,e48adaef395beee504ba7bedea1c44680e57c6046ac631a2f24fbe2e5db3ba47
98,C98-C1-56.xyz,https://nanotube.msu.edu/fullerene/C98/C98-C1-56.xyz,98,1,OK,5870,3eb72d035a1fbfeb093e84f07bd9a8e8fd95c234b2bc3e22c597f7d518b2b62f
98,C98-C1-57.xyz,https://nanotube.msu.edu/fullerene/C98/C98-C1-57.xyz,98,1,OK,5870,79b7dcab1bb9fd0017c577e5ed4c9c54a881749113b3ad9e7b0d2bab292b36b8
98,C98-C1-58.xyz,https://nanotube.msu.edu/fullerene/C98/C98-C1-58.xyz,98,1,OK,5870,dc8c1f89c447df7c7fded9325520358fd9e09a172c4fec9ccd5fe697785195e8
98,C98-C1-59.xyz,https://nanotube.msu.edu/fullerene/C98/C98-C1-59.xyz,98,1,OK,5870,c270cf357fc2f6ec94159145c74740d6208d130a991e14715ad5cf3e81f9777a
98,C98-C1-6.xyz,https://nanotube.msu.edu/fullerene/C98/C98-C1-6.xyz,98,1,OK,5870,ad684cdafe7d2043c0eb0bc19d30ce52fe27de69e6ec5abe3873a13a0c5d3bab
98,C98-C1-60.xyz,https://nanotube.msu.edu/fullerene/C98/C98-C1-60.xyz,98,1,OK,5870,84b0ca64a50ff8a63a7dc64283109d94f8c638d8214aee8cab7d7f5f49d11561
98,C98-C1-63.xyz,https://nanotube.msu.edu/fullerene/C98/C98-C1-63.xyz,98,1,OK,5870,01485ad287c989c61eb28961252bd500d629cd025aa5eab40978ec340e9130d7
98,C98-C1-64.xyz,https://nanotube.msu.edu/fullerene/C98/C98-C1-64.xyz,98,1,OK,5870,8be9e4bd2bb2bf0259a9ed235f774e4066437056a98d812b02d8f93cf95c78ab
98,C98-C1-67.xyz,https://nanotube.msu.edu/fullerene/C98/C98-C1-67.xyz,98,1,OK,5870,f86801772d62d351fad77d0cc68c6151be4a238e5674296a9fccecdf91b1ff75
98,C98-C1-68.xyz,https://nanotube.msu.edu/fullerene/C98/C98-C1-68.xyz,98,1,OK,5870,bf80df0a0e81ed357d2ce386585ab26b1a1fa9b0ff12124fc6d9f8c195e2091c
98,C98-C1-69.xyz,https://nanotube.msu.edu/fullerene/C98/C98-C1-69.xyz,98,1,OK,5870,fda72cd19a1bf530d53bf8748bdf10f8c206b6f5618468e335c5970e18dfef35
98,C98-C1-70.xyz,https://nanotube.msu.edu/fullerene/C98/C98-C1-70.xyz,98,1,OK,5870,35d6b0bc6baab646ec512fd02e290d38b541ab7eda8e0a24534cd330f783e175
98,C98-C1-73.xyz,https://nanotube.msu.edu/fullerene/C98/C98-C1-73.xyz,98,1,OK,5870,c8103f5c449fcb946699cf641695b75394ef361a41e793e665a593e5d3daea31
98,C98-C1-75.xyz,https://nanotube.msu.edu/fullerene/C98/C98-C1-75.xyz,98,1,OK,5870,d138038c7c076d5193a3c72b8451d5bebc1fee20dab9a3adf331666e5085cf76
98,C98-C1-76.xyz,https://nanotube.msu.edu/fullerene/C98/C98-C1-76.xyz,98,1,OK,5870,38a5559350c640bf34c0b8e8f1350eb2499c643232615b4910c128ff874dcfae
98,C98-C1-77.xyz,https://nanotube.msu.edu/fullerene/C98/C98-C1-77.xyz,98,1,OK,5870,3abfc8796b93d7825568c2ec4433dc25250bdd64ba79bc7b66d77b59584b1a40
98,C98-C1-78.xyz,https://nanotube.msu.edu/fullerene/C98/C98-C1-78.xyz,98,1,OK,5870,e6ac15d938a0e3f88fa95a3204bd588db0fd1029cd7849f2f24bb7fcf16c876a
98,C98-C1-79.xyz,https://nanotube.msu.edu/fullerene/C98/C98-C1-79.xyz,98,1,OK,5870,91b5baa3c500331a72aae648a9ab676d1e30f43d77652dc99fe3a578fe8f750c
98,C98-C1-80.xyz,https://nanotube.msu.edu/fullerene/C98/C98-C1-80.xyz,98,1,OK,5870,485d2ef423a21f4ee51c98b197329b02ad5e7fdc789d2ec28948822cad0258bf
98,C98-C1-81.xyz,https://nanotube.msu.edu/fullerene/C98/C98-C1-81.xyz,98,1,OK,5870,2ee8013e1868371aedf1cec5804b56ea9643a53588482b76cbce5f4a54851615
98,C98-C1-82.xyz,https://nanotube.msu.edu/fullerene/C98/C98-C1-82.xyz,98,1,OK,5870,ec18d25c105c9ec0196b6050ff309a4e3a729985e5e9d168eecf4900342fc81c
98,C98-C1-83.xyz,https://nanotube.msu.edu/fullerene/C98/C98-C1-83.xyz,98,1,OK,5870,93e682d47b6479588de62616a934e2918c7e90a4258dbc4c1a1d520da7f607a1
98,C98-C1-84.xyz,https://nanotube.msu.edu/fullerene/C98/C98-C1-84.xyz,98,1,OK,5870,c0424cd0ec20a78ae954ceb6724880812eb38838c0c8dc498095c20d01367b4d
98,C98-C1-85.xyz,https://nanotube.msu.edu/fullerene/C98/C98-C1-85.xyz,98,1,OK,5870,bb9dfa9d7004f01d0c12a936c38ad28059089cf90b1d67f443fc8e2895cad14e
98,C98-C1-86.xyz,https://nanotube.msu.edu/fullerene/C98/C98-C1-86.xyz,98,1,OK,5870,6c9cef4c5bc5fdbf1ad3709e3f94974c2b006e6fa5a24664c1dccce9ab27a71c
98,C98-C1-87.xyz,https://nanotube.msu.edu/fullerene/C98/C98-C1-87.xyz,98,1,OK,5870,8f8e03c28c28b15c08c8dfcecafcb101e5acb77418f6c2f4a310baf7cd4f4f17
98,C98-C1-90.xyz,https://nanotube.msu.edu/fullerene/C98/C98-C1-90.xyz,98,1,OK,5870,c43ffa2e29968b9264239afc9428e40d1450cded7a82cfb5f3c2b6b63fcc7d2c
98,C98-C1-92.xyz,https://nanotube.msu.edu/fullerene/C98/C98-C1-92.xyz,98,1,OK,5870,f6dcf9b6d01699165ba0fd565e025fbc43cd71523f85919457f1af21b3ce7a92
98,C98-C1-93.xyz,https://nanotube.msu.edu/fullerene/C98/C98-C1-93.xyz,98,1,OK,5870,832755e15bd72db32e48e5d2f74077370075236d39b9de74d81efc411343bce4
98,C98-C1-94.xyz,https://nanotube.msu.edu/fullerene/C98/C98-C1-94.xyz,98,1,OK,5870,a9bb149fd78ac08b2f9c1e9c694c724fdb71c053f0b5edb3e0327fd3d6d9dd8b
98,C98-C1-95.xyz,https://nanotube.msu.edu/fullerene/C98/C98-C1-95.xyz,98,1,OK,5870,1747298f469e5e4cd3e080f524754850d65a828365f466c0e8cd5f3a346bbbdd
98,C98-C1-96.xyz,https://nanotube.msu.edu/fullerene/C98/C98-C1-96.xyz,98,1,OK,5870,618a50370e33e5e3665997b4a14753fe3a12f730cbd1fb40da98eee6210e7d22
98,C98-C2-1.xyz,https://nanotube.msu.edu/fullerene/C98/C98-C2-1.xyz,98,1,OK,5870,0b45d3ee91d9fec824d6269fa6beb63de83f1d5d1225ff50b2dd30006c696978
98,C98-C2-11.xyz,https://nanotube.msu.edu/fullerene/C98/C98-C2-11.xyz,98,1,OK,5870,1e38d037d66472d4fc7b0efcf1f1ebc2f3ee8f3063ba96da8c6d2daa4547d5c1
98,C98-C2-113.xyz,https://nanotube.msu.edu/fullerene/C98/C98-C2-113.xyz,98,1,OK,5870,30c130b5816fcf1377b876de2c988e68f049c50f139a7d50cb6a319aee093a29
98,C98-C2-127.xyz,https://nanotube.msu.edu/fullerene/C98/C98-C2-127.xyz,98,1,OK,5870,1b87b8aeb031471a39f1440aebf6295519ac0794352f432dfb45a30314bd8578
98,C98-C2-130.xyz,https://nanotube.msu.edu/fullerene/C98/C98-C2-130.xyz,98,1,OK,5870,19401c126d8c40e4a12d5a2842e6d3e61be2621eb666c828612444bc29bf1f2b
98,C98-C2-147.xyz,https://nanotube.msu.edu/fullerene/C98/C98-C2-147.xyz,98,1,OK,5870,962791e574674e0ee8767782d73c1e5f5d5afc92fc4fd3b44cb734f6bdbbc226
98,C98-C2-156.xyz,https://nanotube.msu.edu/fullerene/C98/C98-C2-156.xyz,98,1,OK,5870,611824c8e820aeea01acf242578f8e8d77b21547d8909c56fe493780ebe77c68
98,C98-C2-160.xyz,https://nanotube.msu.edu/fullerene/C98/C98-C2-160.xyz,98,1,OK,5870,a330a67576bfd1d4667451260ddc44ad779d891cffcb035e72c181f01229406f
98,C98-C2-162.xyz,https://nanotube.msu.edu/fullerene/C98/C98-C2-162.xyz,98,1,OK,5870,3b5b4f84317c29606eba9e0a4e369a5cbc6eb09578a884d57210528d7629c98c
98,C98-C2-166.xyz,https://nanotube.msu.edu/fullerene/C98/C98-C2-166.xyz,98,1,OK,5870,2700e147efbeccf1ab30234c40aebeca6f9a26f59d56404effb2a9ac3ae9f922
98,C98-C2-174.xyz,https://nanotube.msu.edu/fullerene/C98/C98-C2-174.xyz,98,1,OK,5870,45d182509a6c97579913d4717329ef2ef299b77472040135cf40c3374addd145
98,C98-C2-176.xyz,https://nanotube.msu.edu/fullerene/C98/C98-C2-176.xyz,98,1,OK,5870,9d96cd39ce04da176ef2ea92d01ff02ce5fbb3f8a5cc3430602a628843e01399
98,C98-C2-182.xyz,https://nanotube.msu.edu/fullerene/C98/C98-C2-182.xyz,98,1,OK,5870,6cb5847bb4f2920313394b25e31fb82995084109e031dbfc7122dc864aae017a
98,C98-C2-183.xyz,https://nanotube.msu.edu/fullerene/C98/C98-C2-183.xyz,98,1,OK,5870,c622d8b0a20440762eea935185174c1a598f97b7bc7ebaa350a2f9441736b93f
98,C98-C2-188.xyz,https://nanotube.msu.edu/fullerene/C98/C98-C2-188.xyz,98,1,OK,5870,767454bf46b3b19bc0b9def4b18a7f5d4320cd0f5b72aecf358b10e232b3a66f
98,C98-C2-189.xyz,https://nanotube.msu.edu/fullerene/C98/C98-C2-189.xyz,98,1,OK,5870,8f51b19a12341b5da7cc6c3c6d97ed03ac2297d98f84547b1e8f524b86235bfc
98,C98-C2-191.xyz,https://nanotube.msu.edu/fullerene/C98/C98-C2-191.xyz,98,1,OK,5870,fc9683ae313a010469b969276b09746112d168faf09635c114175e56e734b151
98,C98-C2-194.xyz,https://nanotube.msu.edu/fullerene/C98/C98-C2-194.xyz,98,1,OK,5870,e723ae102b7de4725d9967ac90fea2ec01870d1593d42a015088d4762ca2f2f1
98,C98-C2-196.xyz,https://nanotube.msu.edu/fullerene/C98/C98-C2-196.xyz,98,1,OK,5870,7d15612d470abf15741c8fe11fcce77159d679055cc5481c6883b5c22d7f1a78
98,C98-C2-200.xyz,https://nanotube.msu.edu/fullerene/C98/C98-C2-200.xyz,98,1,OK,5870,d09aebd535ad6dc31de87a242f70de6581599215fd39ff575ce8c2bef9bf344a
98,C98-C2-211.xyz,https://nanotube.msu.edu/fullerene/C98/C98-C2-211.xyz,98,1,OK,5870,b976cca0cda3748cd1b8718996c047f484630700bc6270b20d07ccb0fdbf940f
98,C98-C2-221.xyz,https://nanotube.msu.edu/fullerene/C98/C98-C2-221.xyz,98,1,OK,5870,332119ad353c112717f48211c3c0dc1120c94e69e67df0b88cdcf989f25dcbe8
98,C98-C2-222.xyz,https://nanotube.msu.edu/fullerene/C98/C98-C2-222.xyz,98,1,OK,5870,41f9fc406741e46d6896146f4bd1bf1d5ddce44acd67737f715f37d95c7aabe3
98,C98-C2-225.xyz,https://nanotube.msu.edu/fullerene/C98/C98-C2-225.xyz,98,1,OK,5870,68a4665246fd04968dc2292bc434abdf032d995c615c5f58044ed21a8c21f4c6
98,C98-C2-230.xyz,https://nanotube.msu.edu/fullerene/C98/C98-C2-230.xyz,98,1,OK,5870,8a3a4a09b2c8a50f4c4c6fab3e2df083014ae133e8b3c15c81b4a87908a3368b
98,C98-C2-231.xyz,https://nanotube.msu.edu/fullerene/C98/C98-C2-231.xyz,98,1,OK,5870,51be3d80086099c496da09660412c38a2187f6edcbdaaf9b5bc87f912cba8955
98,C98-C2-232.xyz,https://nanotube.msu.edu/fullerene/C98/C98-C2-232.xyz,98,1,OK,5870,b3a7a71869871869a8a8e9d3297aacb7851c527f7f581584e8ff7658082036df
98,C98-C2-233.xyz,https://nanotube.msu.edu/fullerene/C98/C98-C2-233.xyz,98,1,OK,5870,01baa066f52d6c0983568639b830dba362b261e85ef7c19fe3487faaeedb99a1
98,C98-C2-236.xyz,https://nanotube.msu.edu/fullerene/C98/C98-C2-236.xyz,98,1,OK,5870,a10aba85504aee89dfbfa66fc2cbc9dfe85970eb34e3a0cfb92cd9eb6e553122
98,C98-C2-242.xyz,https://nanotube.msu.edu/fullerene/C98/C98-C2-242.xyz,98,1,OK,5870,9287d57ad5922d6b15bf52df6518780a10eeafde0c164712f3f660c1a1d38a50
98,C98-C2-243.xyz,https://nanotube.msu.edu/fullerene/C98/C98-C2-243.xyz,98,1,OK,5870,b3fde8bf0502764f5dc0477e903d50f41171a0f7c1b9b840ca9ad5b3d12557d1
98,C98-C2-246.xyz,https://nanotube.msu.edu/fullerene/C98/C98-C2-246.xyz,98,1,OK,5870,91277cb0fa7a59315e511ab58776c08532ce496a1f6939416eca51fe1905f295
98,C98-C2-248.xyz,https://nanotube.msu.edu/fullerene/C98/C98-C2-248.xyz,98,1,OK,5870,186f427f1bd370e62bcd8f3d01989c265dbd40e092ec5258fc0550ebe6d2f8ab
98,C98-C2-251.xyz,https://nanotube.msu.edu/fullerene/C98/C98-C2-251.xyz,98,1,OK,5870,22c861e16d05cb973eaeb8ab80327ae5a23485584953ad950acb5e49af396160
98,C98-C2-252.xyz,https://nanotube.msu.edu/fullerene/C98/C98-C2-252.xyz,98,1,OK,5870,a98809fed434ba7bf6ecda2000c06a6a2104c9b91e9ab19d9fa749918c938e83
98,C98-C2-254.xyz,https://nanotube.msu.edu/fullerene/C98/C98-C2-254.xyz,98,1,OK,5870,d05b11ad836ea44e97606e954923d912ab42bcd778d9f7264fe1ff5e3471e89e
98,C98-C2-256.xyz,https://nanotube.msu.edu/fullerene/C98/C98-C2-256.xyz,98,1,OK,5870,41e139ab04f1dd208c6f0bdd3d843f1b5788de38fea81ac4151a29549649d83e
98,C98-C2-257.xyz,https://nanotube.msu.edu/fullerene/C98/C98-C2-257.xyz,98,1,OK,5870,bdc85c40acb6ab8b75178f3a786a28600bd069824048d78635d53ebf97825369
98,C98-C2-28.xyz,https://nanotube.msu.edu/fullerene/C98/C98-C2-28.xyz,98,1,OK,5870,0324c0c4ab1f77f606967384cad8ba285608422c8ca611b74b4528694066919a
98,C98-C2-3.xyz,https://nanotube.msu.edu/fullerene/C98/C98-C2-3.xyz,98,1,OK,5870,8583d949a23b7bb07eb51d0cf301dc4a22bf49336c1fc79ef14ee4c7b53f3a58
98,C98-C2-47.xyz,https://nanotube.msu.edu/fullerene/C98/C98-C2-47.xyz,98,1,OK,5870,a481b46a7505d41a3276c126ff45cd20eb522aa5a99878145b3c85ea68c3b99f
98,C98-C2-61.xyz,https://nanotube.msu.edu/fullerene/C98/C98-C2-61.xyz,98,1,OK,5870,f8757d2b9f88b675adf089b1c5bf8904018bd5cdd5e0cd3e065235af01202419
98,C98-C2-71.xyz,https://nanotube.msu.edu/fullerene/C98/C98-C2-71.xyz,98,1,OK,5870,037406df4127b8d9ba14f3670a1cd14837dcc496feeb5421dcf946be4f085f19
98,C98-C2-72.xyz,https://nanotube.msu.edu/fullerene/C98/C98-C2-72.xyz,98,1,OK,5870,ce88d4bec7e09671c7b38c1b8ce648170e8b71cce3ec31b8438a597446469785
98,C98-C2-74.xyz,https://nanotube.msu.edu/fullerene/C98/C98-C2-74.xyz,98,1,OK,5870,0c8edbbe534590c9661330ae6914adfdf443c522a0ebfb6b3df098b9647c6236
98,C98-C2-8.xyz,https://nanotube.msu.edu/fullerene/C98/C98-C2-8.xyz,98,1,OK,5870,34a9461d8283ece361fe8c121ef91b684f97d6acbaf5c1392b38b0469a492aca
98,C98-C2-89.xyz,https://nanotube.msu.edu/fullerene/C98/C98-C2-89.xyz,98,1,OK,5870,194d0bb6b20bac56f16b0c8196d45a0e127969f7d3099c3c2d72d92da0051751
98,C98-C2-9.xyz,https://nanotube.msu.edu/fullerene/C98/C98-C2-9.xyz,98,1,OK,5870,0c9d490d263587bcdd2adc7566aa9d26bd269e0868da24624e96052cb309e460
98,C98-C2-91.xyz,https://nanotube.msu.edu/fullerene/C98/C98-C2-91.xyz,98,1,OK,5870,cc2752b92fc06f0d3e392254008726822b965ee89adfc4f2bab45e1017a4d02a
98,C98-C2v-13.xyz,https://nanotube.msu.edu/fullerene/C98/C98-C2v-13.xyz,98,1,OK,5870,696fb7c9803732a2b925caef7aeb2012806700fb48a30f07f82e982aa41c89a6
98,C98-C2v-167.xyz,https://nanotube.msu.edu/fullerene/C98/C98-C2v-167.xyz,98,1,OK,5870,4b0cfb92446b59f17c90f5384db18856de471c514a95e01977f372b3f0443e24
98,C98-C2v-206.xyz,https://nanotube.msu.edu/fullerene/C98/C98-C2v-206.xyz,98,1,OK,5870,a55acc1036af742871b52dd7e98705530cbf3e5ed0856461c73719459f643808
98,C98-C2v-62.xyz,https://nanotube.msu.edu/fullerene/C98/C98-C2v-62.xyz,98,1,OK,5870,5dea85adea62d800d0d1020b2ed2925b42dbfc08065ed11cc3169c8fe7ec32a3
98,C98-C2v-88.xyz,https://nanotube.msu.edu/fullerene/C98/C98-C2v-88.xyz,98,1,OK,5870,17a4928cc290506efcf091e084fb328fe7652b6be63fd719a787343747dd9bf1
98,C98-C3-148.xyz,https://nanotube.msu.edu/fullerene/C98/C98-C3-148.xyz,98,1,OK,5870,1cfedc421895a61dc2f2e6f61c1b932b48b74be3eb4479d8dd31821dde85af83
98,C98-C3-220.xyz,https://nanotube.msu.edu/fullerene/C98/C98-C3-220.xyz,98,1,OK,5870,0fd2bc9af6a00bdaca4afa4db74378e74ed0aacd833ee83eac9042e0ad6d585a
98,C98-C3-253.xyz,https://nanotube.msu.edu/fullerene/C98/C98-C3-253.xyz,98,1,OK,5870,104012bafb4b89e119ca8557680b04dc8805e2caa9ac28f2b495085df8303409
98,C98-Cs-107.xyz,https://nanotube.msu.edu/fullerene/C98/C98-Cs-107.xyz,98,1,OK,5870,3fdcb7e1588335aa7d56c1fbe84c8d1cd4005ff6e5283b37f3b27f60a1cb50df
98,C98-Cs-108.xyz,https://nanotube.msu.edu/fullerene/C98/C98-Cs-108.xyz,98,1,OK,5870,a05917064088ec8cdcc99fcfe9322f4657f938277d1bea22bd08201970e30bcc
98,C98-Cs-110.xyz,https://nanotube.msu.edu/fullerene/C98/C98-Cs-110.xyz,98,1,OK,5870,70c2543234c63c9a6ddb1c46d01210dff73a72865eb70383b7c2a6d872a3ee71
98,C98-Cs-111.xyz,https://nanotube.msu.edu/fullerene/C98/C98-Cs-111.xyz,98,1,OK,5870,ce4e8878ed159a5ccfae1693b8e248c8a8a776bbfd7e80a0e7aef893fa0dcb4e
98,C98-Cs-117.xyz,https://nanotube.msu.edu/fullerene/C98/C98-Cs-117.xyz,98,1,OK,5870,35453cc4eb6291de1f0a978b4969ad1ff5b7d00619990f087a6035ae637da5c0
98,C98-Cs-119.xyz,https://nanotube.msu.edu/fullerene/C98/C98-Cs-119.xyz,98,1,OK,5870,479f9d45b13ac04f48ad17498c01e2121de7bfda3e211afb02d5b780ed903bf7
98,C98-Cs-120.xyz,https://nanotube.msu.edu/fullerene/C98/C98-Cs-120.xyz,98,1,OK,5870,b07b3b90645a0317cdc3d8f899281ba7da622c29a0255f6b6151528afb230c3f
98,C98-Cs-149.xyz,https://nanotube.msu.edu/fullerene/C98/C98-Cs-149.xyz,98,1,OK,5870,a0161c44369269c8fee28e729d55c83b8eb8c89302e27af019240915167120a0
98,C98-Cs-151.xyz,https://nanotube.msu.edu/fullerene/C98/C98-Cs-151.xyz,98,1,OK,5870,8f92590431e70a2064be113546ac4ffacb410b526c1e7755aec14ed553a58863
98,C98-Cs-158.xyz,https://nanotube.msu.edu/fullerene/C98/C98-Cs-158.xyz,98,1,OK,5870,c2a1f719773f2f2aed66e93666b77dc873b2fb86fced5ea0c0b2403951405bf2
98,C98-Cs-18.xyz,https://nanotube.msu.edu/fullerene/C98/C98-Cs-18.xyz,98,1,OK,5870,d95f4e9d3cd65d246c71bc60e22ae83318920484100a076366f9dda5bbe913c8
98,C98-Cs-185.xyz,https://nanotube.msu.edu/fullerene/C98/C98-Cs-185.xyz,98,1,OK,5870,b51b2d81eeb56f0bc8964dcbb6adc46648ec0d123bd896bebc5bb69c8d284e7b
98,C98-Cs-192.xyz,https://nanotube.msu.edu/fullerene/C98/C98-Cs-192.xyz,98,1,OK,5870,5d78833a0b856de3d845ac39e93f2ef9326e867ccd175a1a893fea261331ec6b
98,C98-Cs-193.xyz,https://nanotube.msu.edu/fullerene/C98/C98-Cs-193.xyz,98,1,OK,5870,7db4541418219a3627cd0a5f89421813fce6f450ea5f9c8fe5b075f8c0ba51ce
98,C98-Cs-198.xyz,https://nanotube.msu.edu/fullerene/C98/C98-Cs-198.xyz,98,1,OK,5870,d07063d0678eb37117aff6812beeeeb3b9508a38764ff5051ded400e54e3301f
98,C98-Cs-199.xyz,https://nanotube.msu.edu/fullerene/C98/C98-Cs-199.xyz,98,1,OK,5870,91db8e9fb917f542b709e8f04cce8da9929355d7e4ef95ef290e5ad9c67e2195
98,C98-Cs-203.xyz,https://nanotube.msu.edu/fullerene/C98/C98-Cs-203.xyz,98,1,OK,5870,17a4beeb140d8289cbcc5a5f91c5b535bdf9d0940893872ea5e1d196ac1fd3f0
98,C98-Cs-205.xyz,https://nanotube.msu.edu/fullerene/C98/C98-Cs-205.xyz,98,1,OK,5870,936868340d22effb37a98df34605181d5922022a6a86a8ef13df475a2f1829cd
98,C98-Cs-209.xyz,https://nanotube.msu.edu/fullerene/C98/C98-Cs-209.xyz,98,1,OK,5870,efa65041640505e03aa400d0178b947601bc4b65487a6b2ee583fb37a9cbb46f
98,C98-Cs-218.xyz,https://nanotube.msu.edu/fullerene/C98/C98-Cs-218.xyz,98,1,OK,5870,4f63a6c299962b742dd056565fcb759f4a5f666e42bc31bf68cd10d3f33af7de
98,C98-Cs-23.xyz,https://nanotube.msu.edu/fullerene/C98/C98-Cs-23.xyz,98,1,OK,5870,3ab5bd8cd844cd906b12284efd7dd1be340bbeeaad567998672b9cc2238b4208
98,C98-Cs-239.xyz,https://nanotube.msu.edu/fullerene/C98/C98-Cs-239.xyz,98,1,OK,5870,bf5632d0850f0c6334b44d8965d03357e3ed13c6b11fc50f279352156eb40e82
98,C98-Cs-24.xyz,https://nanotube.msu.edu/fullerene/C98/C98-Cs-24.xyz,98,1,OK,5870,bf26482a09744c62e2458e4df09cdb7350b5ab3a896a66ade2fd7265b5d5b3f5
98,C98-Cs-241.xyz,https://nanotube.msu.edu/fullerene/C98/C98-Cs-241.xyz,98,1,OK,5870,a24842560740f6a8761743e849ac0ac57559b21c395d42f1cc581a4cf674d7d8
98,C98-Cs-259.xyz,https://nanotube.msu.edu/fullerene/C98/C98-Cs-259.xyz,98,1,OK,5870,3d1fd377b89c5f28b013a2bad6609c82beedbe2cd04b0c5e2dd5825545dc38df
98,C98-Cs-65.xyz,https://nanotube.msu.edu/fullerene/C98/C98-Cs-65.xyz,98,1,OK,5870,f4dc779a45d69206e95f1b4136a907a659e5bf58dbc07541cf7ab080e7b030f7
98,C98-Cs-7.xyz,https://nanotube.msu.edu/fullerene/C98/C98-Cs-7.xyz,98,1,OK,5870,a2f3c0624bb13c778d071d611c7c927bf4608afdde5494d0c1ace5710f6e3bae
98,C98-Cs-97.xyz,https://nanotube.msu.edu/fullerene/C98/C98-Cs-97.xyz,98,1,OK,5870,f2b92ab261cc531132be3342605ee88b8eeb4fa4785a2a52b49f0c15614d67be
98,C98-Cs-98.xyz,https://nanotube.msu.edu/fullerene/C98/C98-Cs-98.xyz,98,1,OK,5870,714faa6eb29970e8de3a8ac6dcbc1115eae07b2bf70f1d8173d010fd1c8c809e
98,C98-Cs-99.xyz,https://nanotube.msu.edu/fullerene/C98/C98-Cs-99.xyz,98,1,OK,5870,9cd813c069dbe295c821763cd83ec57423908e7885937473cfcda9571ac990c5
98,C98-D3-215.xyz,https://nanotube.msu.edu/fullerene/C98/C98-D3-215.xyz,98,1,OK,5870,1eacf6f275124191ebfc2f901f1ea3f63abefd213465b88cf6f415c6e8143c4d
98,C98-D3-258.xyz,https://nanotube.msu.edu/fullerene/C98/C98-D3-258.xyz,98,1,OK,5870,956dd84c32048343c2e7a1643a5e3bab7a4c6a48bf68a9b35bfe5666f402cccc
98,C98-D3-66.xyz,https://nanotube.msu.edu/fullerene/C98/C98-D3-66.xyz,98,1,OK,5870,297296d66c7ac775ab488587f97ed2e93465cd35e4fe450937073448ce16c10a
100,C100-C1-10.xyz,https://nanotube.msu.edu/fullerene/C100/C100-C1-10.xyz,100,1,OK,5988,2711699a64decc45a44e1127efc50f812fd7534589fbf9349a8772400e057622
100,C100-C1-100.xyz,https://nanotube.msu.edu/fullerene/C100/C100-C1-100.xyz,100,1,OK,5988,88907316e427bd11c3dbdbf79111b172662e9dd0ca5bfffa07cd42310b0df8e0
100,C100-C1-101.xyz,https://nanotube.msu.edu/fullerene/C100/C100-C1-101.xyz,100,1,OK,5988,fd8bdc7d8adba536d54f9cae9f18eb8c9fa7ae21ae82ae7aeefaf1c54edc36ce
100,C100-C1-102.xyz,https://nanotube.msu.edu/fullerene/C100/C100-C1-102.xyz,100,1,OK,5988,657bef19f19ad950b1c5428f791eac7033e19e4307f517b4c6545ec4a4e2bd23
100,C100-C1-104.xyz,https://nanotube.msu.edu/fullerene/C100/C100-C1-104.xyz,100,1,OK,5988,e8d322d48b1a059d74d1e5e16df8d3e151cc3bf90c181d674b1a61de02775bcb
100,C100-C1-105.xyz,https://nanotube.msu.edu/fullerene/C100/C100-C1-105.xyz,100,1,OK,5988,6c8570b33027437fe53dbe9aadefccf3c952441e99b3e69863bd1034dae4cc39
100,C100-C1-106.xyz,https://nanotube.msu.edu/fullerene/C100/C100-C1-106.xyz,100,1,OK,5988,9cd6d128c4caea17eaa44a478b7a545787d5b449221ab8a1f5003fee2765ddf4
100,C100-C1-107.xyz,https://nanotube.msu.edu/fullerene/C100/C100-C1-107.xyz,100,1,OK,5988,95cde01b6c4324b9890ee77c4b5ff2fbf9407a6686c2de3d730d48cc0634b9aa
100,C100-C1-108.xyz,https://nanotube.msu.edu/fullerene/C100/C100-C1-108.xyz,100,1,OK,5988,e450179ae3b2ec3b0dfc9914ee230dea98b2e0eaae24c354b3562a398e500cb3
100,C100-C1-109.xyz,https://nanotube.msu.edu/fullerene/C100/C100-C1-109.xyz,100,1,OK,5988,0d02434dbe3f03c9bcc8f181f20d51861fd05ea2bcc95dff3ac2ac31f9a80441
100,C100-C1-11.xyz,https://nanotube.msu.edu/fullerene/C100/C100-C1-11.xyz,100,1,OK,5988,4760273f85ce26f703b598c13951054b58225350536cf8b4bd8bfb6a7302a98f
100,C100-C1-110.xyz,https://nanotube.msu.edu/fullerene/C100/C100-C1-110.xyz,100,1,OK,5988,27dd050cb7c912ee9effca49246b6ad9e472d53f7d70e37374e48c6b485246f3
100,C100-C1-111.xyz,https://nanotube.msu.edu/fullerene/C100/C100-C1-111.xyz,100,1,OK,5988,d83e29019faa68ce799140adb635a1cca21784c978f58e14ff912333b1f247c8
100,C100-C1-112.xyz,https://nanotube.msu.edu/fullerene/C100/C100-C1-112.xyz,100,1,OK,5988,e7c9cb17cd7203cd09ff1c9e590964c59cd4abf518b01b921c6adce1955d180f
100,C100-C1-113.xyz,https://nanotube.msu.edu/fullerene/C100/C100-C1-113.xyz,100,1,OK,5988,6981f5d0f53eb324e13767688ba8c22fccbe03caa4b358245e0317c579839e30
100,C100-C1-114.xyz,https://nanotube.msu.edu/fullerene/C100/C100-C1-114.xyz,100,1,OK,5988,6c92d7cc0dad43484d2f4621f4e67245953ce099c99c888c5c21d78e7cb5c170
100,C100-C1-116.xyz,https://nanotube.msu.edu/fullerene/C100/C100-C1-116.xyz,100,1,OK,5988,cab27e039948863b6deef93c539327c79f84aff6db24dd83cf307d6a023aa213
100,C100-C1-118.xyz,https://nanotube.msu.edu/fullerene/C100/C100-C1-118.xyz,100,1,OK,5988,4903ec3b8db0bd9a89384f11c5c97f6a850ae2e753605e2d4b9ec9148c7f7b37
100,C100-C1-119.xyz,https://nanotube.msu.edu/fullerene/C100/C100-C1-119.xyz,100,1,OK,5988,abc82a4908364f7dac29f87f1e0c7128c76fe2cec9e6d5b43690f0c79078f6db
100,C100-C1-12.xyz,https://nanotube.msu.edu/fullerene/C100/C100-C1-12.xyz,100,1,OK,5988,245830070f353166cd5930ba703200256c83004d9a40218185c6674612b83674
100,C100-C1-120.xyz,https://nanotube.msu.edu/fullerene/C100/C100-C1-120.xyz,100,1,OK,5988,d9896c0c4089cec7a37bca4ebaa10795b82f5ebd6d3914eaefc0d7f51d1a3f9c
100,C100-C1-121.xyz,https://nanotube.msu.edu/fullerene/C100/C100-C1-121.xyz,100,1,OK,5988,243695c5711861c7dc888f68b0177fdd6116259f350ca0123798c2bd85f43182
100,C100-C1-122.xyz,https://nanotube.msu.edu/fullerene/C100/C100-C1-122.xyz,100,1,OK,5988,6adc12cc96f080fc70fdaaaca238a96624c95000fb783a9a6dc0c49f64630eb3
100,C100-C1-123.xyz,https://nanotube.msu.edu/fullerene/C100/C100-C1-123.xyz,100,1,OK,5988,f623f23bdcf502714a1826d6fb2dd3b76603c5d2465bfbff0b841b2ebb9f77dd
100,C100-C1-124.xyz,https://nanotube.msu.edu/fullerene/C100/C100-C1-124.xyz,100,1,OK,5988,230f1355da4477ac82bee2c5445235bc65e32b5e3818532f2180c0b57ab44500
100,C100-C1-125.xyz,https://nanotube.msu.edu/fullerene/C100/C100-C1-125.xyz,100,1,OK,5988,deb3482c1d7e81e9ce143b063bf975835dc2bce3b106f0ed57f213bea0d7d94f
100,C100-C1-128.xyz,https://nanotube.msu.edu/fullerene/C100/C100-C1-128.xyz,100,1,OK,5988,80a665c5d78e88ce314afc88500bbb0ccb2af81097f09892e5c6e45f8564d42d
100,C100-C1-129.xyz,https://nanotube.msu.edu/fullerene/C100/C100-C1-129.xyz,100,1,OK,5988,9da91deb698daff5eea089cff76496d9b76dc74b7ca7a0e2d7965f5185dc753f
100,C100-C1-131.xyz,https://nanotube.msu.edu/fullerene/C100/C100-C1-131.xyz,100,1,OK,5988,18eaeca38e10122f771ecfc437ff2c9f4968affcfa58c5150b07a8059bdae7e1
100,C100-C1-133.xyz,https://nanotube.msu.edu/fullerene/C100/C100-C1-133.xyz,100,1,OK,5988,0c46ef17da25335fb13d22f90fe8d391e0938173808ebd372806a986222d61a0
100,C100-C1-134.xyz,https://nanotube.msu.edu/fullerene/C100/C100-C1-134.xyz,100,1,OK,5988,e1dd1d69ddb85313bb5182b9faa7d4613b0db4c97576735a511b94f2764b2d9c
100,C100-C1-135.xyz,https://nanotube.msu.edu/fullerene/C100/C100-C1-135.xyz,100,1,OK,5988,ed6177c9102bf620de3a6041a90d4023433e0e089c5c2f9e5e56dad39b8a41ff
100,C100-C1-136.xyz,https://nanotube.msu.edu/fullerene/C100/C100-C1-136.xyz,100,1,OK,5988,b9ad9f1cb38ca5ebd9495b264ca727a6c25f84bbf1065c2248bdb41f94afa3b4
100,C100-C1-137.xyz,https://nanotube.msu.edu/fullerene/C100/C100-C1-137.xyz,100,1,OK,5988,011cabece072c3c2f5fc5cec1e468a38a0f0916d4a875c3bb04350d2751680af
100,C100-C1-138.xyz,https://nanotube.msu.edu/fullerene/C100/C100-C1-138.xyz,100,1,OK,5988,a031b6663979c59b666856bcf306615c9261e3c1e45df97f169cc4913230d57e
100,C100-C1-140.xyz,https://nanotube.msu.edu/fullerene/C100/C100-C1-140.xyz,100,1,OK,5988,54c0a9265379fc4f09928b25f460aca384e287c35157aa495d9031ab8da0900d
100,C100-C1-141.xyz,https://nanotube.msu.edu/fullerene/C100/C100-C1-141.xyz,100,1,OK,5988,0f36db81f65de09e9e4e35875cf062461d5ee50e659c5c7fb48e2683d3d1462a
100,C100-C1-143.xyz,https://nanotube.msu.edu/fullerene/C100/C100-C1-143.xyz,100,1,OK,5988,ee724097f9efc638b050ffce4317cd73fddb4927f626974dcc85d0ed460eef7f
100,C100-C1-144.xyz,https://nanotube.msu.edu/fullerene/C100/C100-C1-144.xyz,100,1,OK,5988,0e816b07f4ae2eaf3f967302e7ad17341bc3c58176e24a64285d1050f29a1433
100,C100-C1-145.xyz,https://nanotube.msu.edu/fullerene/C100/C100-C1-145.xyz,100,1,OK,5988,06782b2b80b2b2ce0226a8722a82c47fcc9be4d34f5d259fc378ec64fce2560c
100,C100-C1-146.xyz,https://nanotube.msu.edu/fullerene/C100/C100-C1-146.xyz,100,1,OK,5988,2c4c78d92694e8797e23c561a204e3c8a615bc234ce80c7376eace8ca2b4ec06
100,C100-C1-147.xyz,https://nanotube.msu.edu/fullerene/C100/C100-C1-147.xyz,100,1,OK,5988,39d90999512893872d5386714a49a9b708113386ea3efc8b00cfdd6356838306
100,C100-C1-148.xyz,https://nanotube.msu.edu/fullerene/C100/C100-C1-148.xyz,100,1,OK,5988,7ad6be50408f7c3d8d9780e84963e036e59776c0a3a34e1e9dfaa90cbdba4677
100,C100-C1-152.xyz,https://nanotube.msu.edu/fullerene/C100/C100-C1-152.xyz,100,1,OK,5988,6000769c5b909f141a668cf45a7a351e128dca2a524c47913ed127b10b7f9105
100,C100-C1-153.xyz,https://nanotube.msu.edu/fullerene/C100/C100-C1-153.xyz,100,1,OK,5988,4e4d157ebb7e9c6b6bf5f8a441d6d3863f544b48a74ae1271d7362fa69c1c004
100,C100-C1-154.xyz,https://nanotube.msu.edu/fullerene/C100/C100-C1-154.xyz,100,1,OK,5988,f0d869619484815743760286b4154ed17a83c2d800a927f86d18f37bd3942624
100,C100-C1-155.xyz,https://nanotube.msu.edu/fullerene/C100/C100-C1-155.xyz,100,1,OK,5988,b367d8846b1a4ef1f45cba53ab6c51bd897ae49bfd23f1f5b52515099879eab7
100,C100-C1-156.xyz,https://nanotube.msu.edu/fullerene/C100/C100-C1-156.xyz,100,1,OK,5988,648d8c130b810f2230369ee291054cde9c25196a1ab896f0fec84728ea891551
100,C100-C1-157.xyz,https://nanotube.msu.edu/fullerene/C100/C100-C1-157.xyz,100,1,OK,5988,0d5ac143da5161b4f2567cae69b41327e23e3e78593ae5d333ea72c2a5ea6a24
100,C100-C1-158.xyz,https://nanotube.msu.edu/fullerene/C100/C100-C1-158.xyz,100,1,OK,5988,469230ed8370f418186686d78c9773974ef306c78bc23d9d26ec1211925dcd34
100,C100-C1-160.xyz,https://nanotube.msu.edu/fullerene/C100/C100-C1-160.xyz,100,1,OK,5988,519cfeaa8ae6b34a43cd3892a12159fe6d595cd7b045be8d16ebf3cb07c5b161
100,C100-C1-161.xyz,https://nanotube.msu.edu/fullerene/C100/C100-C1-161.xyz,100,1,OK,5988,819901a8576f48ac452a026d4a79d1b29043ae6461bf24ae618ced4f4919603c
100,C100-C1-162.xyz,https://nanotube.msu.edu/fullerene/C100/C100-C1-162.xyz,100,1,OK,5988,99bb4d38a349c3342f6397cace01af031a9b89fc73aefc8fd2e5229fce493a61
100,C100-C1-163.xyz,https://nanotube.msu.edu/fullerene/C100/C100-C1-163.xyz,100,1,OK,5988,94471605da8222fd903fedfb2a5e5cfa5f6caab8bc86b7b85db65abc2306c3cd
100,C100-C1-164.xyz,https://nanotube.msu.edu/fullerene/C100/C100-C1-164.xyz,100,1,OK,5988,99757b1b941e02be5f2c68c9ce6d3e2a0a8a29eaa6398782d89327bf447c10cd
100,C100-C1-165.xyz,https://nanotube.msu.edu/fullerene/C100/C100-C1-165.xyz,100,1,OK,5988,434638c124ccad95315fa962bd487411eb32deabcc32fc261b65adc2f0c2e0a3
100,C100-C1-166.xyz,https://nanotube.msu.edu/fullerene/C100/C100-C1-166.xyz,100,1,OK,5988,a15501d6dd62109326633708c5b3bb2ed2b1b71c8425a9281d996857bb3e7acf
100,C100-C1-167.xyz,https://nanotube.msu.edu/fullerene/C100/C100-C1-167.xyz,100,1,OK,5988,1958553f5df831d9ed4a8361c689184359a12e1ef8b680def75b57cd57d52a86
100,C100-C1-168.xyz,https://nanotube.msu.edu/fullerene/C100/C100-C1-168.xyz,100,1,OK,5988,ddad5da519ce3c39bd41b4dcb2fe0eafd9d049e137a96fcbc5c30a5eddece1ef
100,C100-C1-169.xyz,https://nanotube.msu.edu/fullerene/C100/C100-C1-169.xyz,100,1,OK,5988,d39d147cb95bea95f134eba95017d3a4b469cd19acd2fd3082965452bbdff8e7
100,C100-C1-17.xyz,https://nanotube.msu.edu/fullerene/C100/C100-C1-17.xyz,100,1,OK,5988,4de3c43941efcc12ea7d83e9fc447b6b05886cc22057c1536aab56ee4c7c93cf
100,C100-C1-170.xyz,https://nanotube.msu.edu/fullerene/C100/C100-C1-170.xyz,100,1,OK,5988,cf6d596e502148ad1c948b12843240cd4b6432bd81f064d4b175188094021848
100,C100-C1-171.xyz,https://nanotube.msu.edu/fullerene/C100/C100-C1-171.xyz,100,1,OK,5988,03210cdba3efa1af5c2d59ee4c6de129dbebae01adba10ffd236af29d18d18ab
100,C100-C1-172.xyz,https://nanotube.msu.edu/fullerene/C100/C100-C1-172.xyz,100,1,OK,5988,ff2d892be52757d783611979bcd1463d3dd0f2b1317f701d4aa66b682fae888e
100,C100-C1-173.xyz,https://nanotube.msu.edu/fullerene/C100/C100-C1-173.xyz,100,1,OK,5988,afd7cf9e3649e4b0b532d8a9c573bd03bdcfd212351fb5bac3d0db4099cf2b1d
100,C100-C1-175.xyz,https://nanotube.msu.edu/fullerene/C100/C100-C1-175.xyz,100,1,OK,5988,cfa7931d4950b0ac56f66c252a4c4d4e4b91b24f03d62a7737cdf70af4c14aef
100,C100-C1-176.xyz,https://nanotube.msu.edu/fullerene/C100/C100-C1-176.xyz,100,1,OK,5988,1c870da21030527e610c2aa55ae082d320b1c70d39b89ae3107ceac05b1de543
100,C100-C1-177.xyz,https://nanotube.msu.edu/fullerene/C100/C100-C1-177.xyz,100,1,OK,5988,95ad5d8764f573e1ad81dee94f0fc79719267e66f0460ace76c6a563510f4c42
100,C100-C1-178.xyz,https://nanotube.msu.edu/fullerene/C100/C100-C1-178.xyz,100,1,OK,5988,332975ae16b34d59675d8e973248ff8e1b42a40dc79290469ef974fd29e3eab2
100,C100-C1-179.xyz,https://nanotube.msu.edu/fullerene/C100/C100-C1-179.xyz,100,1,OK,5988,250073222f6eac3a26f33d87bc4f5d4b6548a4dede10b427e657f0fbd9f7444a
100,C100-C1-180.xyz,https://nanotube.msu.edu/fullerene/C100/C100-C1-180.xyz,100,1,OK,5988,1049a788f68d042a61090aaaa84268c534f7f02579ff470f88c2d7ef5e1eb634
100,C100-C1-181.xyz,https://nanotube.msu.edu/fullerene/C100/C100-C1-181.xyz,100,1,OK,5988,1db1e31f452a36e2e551ddb3d9082ad5b7c3acab05d9f30741c15c8e5a57cf52
100,C100-C1-182.xyz,https://nanotube.msu.edu/fullerene/C100/C100-C1-182.xyz,100,1,OK,5988,436308e5fab36af5800c7dc6a0ae8d02c474f855874d6852a47071cda96d1265
100,C100-C1-183.xyz,https://nanotube.msu.edu/fullerene/C100/C100-C1-183.xyz,100,1,OK,5988,813c30abcff803de6d2125ea5a5dc9535754267df7fcac2746ed19d6b805d80b
100,C100-C1-184.xyz,https://nanotube.msu.edu/fullerene/C100/C100-C1-184.xyz,100,1,OK,5988,b2891cf3a008fcd9f74c9b7cbc81061e878f580f1202a4540161c68901a46007
100,C100-C1-185.xyz,https://nanotube.msu.edu/fullerene/C100/C100-C1-185.xyz,100,1,OK,5988,991384205ad7072615adfbd3be87454420b5d01cf1558392b47b1161c8f5ce25
100,C100-C1-186.xyz,https://nanotube.msu.edu/fullerene/C100/C100-C1-186.xyz,100,1,OK,5988,ef3bbc6ca655beb180ef24bfe58f1a18ed45b13183265bd5191ec0681daea7f3
100,C100-C1-187.xyz,https://nanotube.msu.edu/fullerene/C100/C100-C1-187.xyz,100,1,OK,5988,29b4f7ea41f788e28be56aa4fddec356ca435af85d46aa0f0151d818f37e7897
100,C100-C1-188.xyz,https://nanotube.msu.edu/fullerene/C100/C100-C1-188.xyz,100,1,OK,5988,2c70bf93899b2b83b5dbb194aef80f8f9b76a54e964591bcb8059dcf4faef3a8
100,C100-C1-189.xyz,https://nanotube.msu.edu/fullerene/C100/C100-C1-189.xyz,100,1,OK,5988,e252b00277db51eda95f6e73e4c6cd7adc07a4e093305bd622d54423b5d27fff
100,C100-C1-19.xyz,https://nanotube.msu.edu/fullerene/C100/C100-C1-19.xyz,100,1,OK,5988,3afc6bb5abcbdf6ed40a700a42bf681c86542a5869b3209bb20763d7da970e9b
100,C100-C1-191.xyz,https://nanotube.msu.edu/fullerene/C100/C100-C1-191.xyz,100,1,OK,5988,6b457ca600758fe57fc2704f6e92b9317cf2be4b99e9d918f0fee7716a960351
100,C100-C1-192.xyz,https://nanotube.msu.edu/fullerene/C100/C100-C1-192.xyz,100,1,OK,5988,44a14b7d92ef46f3d47fe6fefed9adf02bab073773c23988e37b54f419fb3bee
100,C100-C1-193.xyz,https://nanotube.msu.edu/fullerene/C100/C100-C1-193.xyz,100,1,OK,5988,c597fd6d69de352ed82fa5f67ea1f69450b28bf01bea944bd02a6a9e681664b0
100,C100-C1-194.xyz,https://nanotube.msu.edu/fullerene/C100/C100-C1-194.xyz,100,1,OK,5988,330bd80e436265bd48503fdf943d6a40ea761a4d96be6323fb1000fb2447fb94
100,C100-C1-195.xyz,https://nanotube.msu.edu/fullerene/C100/C100-C1-195.xyz,100,1,OK,5988,03501165c790c90acaccadf5e77d6c24b9bb8a001d73607f0da51da39b270478
100,C100-C1-196.xyz,https://nanotube.msu.edu/fullerene/C100/C100-C1-196.xyz,100,1,OK,5988,322d94fe605119710842652b363bd6fb237782e83da3c2d0938caea561751534
100,C100-C1-197.xyz,https://nanotube.msu.edu/fullerene/C100/C100-C1-197.xyz,100,1,OK,5988,66721c35decc0682cffba2371a022fd27a1eb9dc7c350bbae7ba4257ee53aa29
100,C100-C1-198.xyz,https://nanotube.msu.edu/fullerene/C100/C100-C1-198.xyz,100,1,OK,5988,6355b935717d64bd7598d4d28b17fb90cc315ed5fec96b8f23c12818fb1a2f68
100,C100-C1-199.xyz,https://nanotube.msu.edu/fullerene/C100/C100-C1-199.xyz,100,1,OK,5988,ce4985b5ef96497006626a65b48d5421f554f597d442ee0f8b793892f8bdd07b
100,C100-C1-20.xyz,https://nanotube.msu.edu/fullerene/C100/C100-C1-20.xyz,100,1,OK,5988,ddf3809ed96b88c7375ebcba8efed1b9fdb1f40573c1d57d6a5fd8aea422c7f2
100,C100-C1-200.xyz,https://nanotube.msu.edu/fullerene/C100/C100-C1-200.xyz,100,1,OK,5988,df8a64cf0cd473acbeed34149ea5eb0dec924b1fdf87b2363dea13ba11c30497
100,C100-C1-201.xyz,https://nanotube.msu.edu/fullerene/C100/C100-C1-201.xyz,100,1,OK,5988,2b9c0a4c5d34f5cc135684b4b602b0aa6cccb4423336367d46523ed18431dd92
100,C100-C1-202.xyz,https://nanotube.msu.edu/fullerene/C100/C100-C1-202.xyz,100,1,OK,5988,4bb316890568bdf46bfbdb40e2e968d956e3e9f38e37d4a23230803ba14b3282
100,C100-C1-203.xyz,https://nanotube.msu.edu/fullerene/C100/C100-C1-203.xyz,100,1,OK,5988,8510d96da718001633d432c29d0d16fe15615fa2063c4ec9ba2e687d9f4a6bda
100,C100-C1-204.xyz,https://nanotube.msu.edu/fullerene/C100/C100-C1-204.xyz,100,1,OK,5988,7eee290b1dde1ac464a0910aaa1ddfc8a54efc9653efe99191c8dbbbeaa87b2d
100,C100-C1-205.xyz,https://nanotube.msu.edu/fullerene/C100/C100-C1-205.xyz,100,1,OK,5988,32c6f0c5d692a7c7c61871a258971a1ca82f059e850b1d138ae3fedf1e499110
100,C100-C1-206.xyz,https://nanotube.msu.edu/fullerene/C100/C100-C1-206.xyz,100,1,OK,5988,96f18fd180f5719c105e4f751f2a6e4f00328718c6694f0d2d6cc7adf73ff7c7
100,C100-C1-207.xyz,https://nanotube.msu.edu/fullerene/C100/C100-C1-207.xyz,100,1,OK,5988,187472b61d7a20f52c3f028682a726060e1782008848d83e66a37d86dcb5b77d
100,C100-C1-21.xyz,https://nanotube.msu.edu/fullerene/C100/C100-C1-21.xyz,100,1,OK,5988,371315374af4d8948d8ae230b7ba4fe6ddc5f3ab02bbd9b5fba000729beee578
100,C100-C1-210.xyz,https://nanotube.msu.edu/fullerene/C100/C100-C1-210.xyz,100,1,OK,5988,aaa720d60451bd0b28587c0ea068167d1fdc14d11cf3245040c7d721da6b31ab
100,C100-C1-211.xyz,https://nanotube.msu.edu/fullerene/C100/C100-C1-211.xyz,100,1,OK,5988,3375cfc3e4ea70f365db95535583ffd078a8fea4367a1d357ff1ae739bad8b88
100,C100-C1-213.xyz,https://nanotube.msu.edu/fullerene/C100/C100-C1-213.xyz,100,1,OK,5988,05ca018cbdf90a2dead5e92754f9f6196133e038724716d8588a3490cfb3f779
100,C100-C1-214.xyz,https://nanotube.msu.edu/fullerene/C100/C100-C1-214.xyz,100,1,OK,5988,7c22d277b222c2406b1c66c0536e996b7ae5bfb764514471fdd4b5b9d79609fd
100,C100-C1-215.xyz,https://nanotube.msu.edu/fullerene/C100/C100-C1-215.xyz,100,1,OK,5988,8c7a443a4598a3d3e00cbbf0fbc754c5a92dde5a0e1babdac60e01a694ce3606
100,C100-C1-216.xyz,https://nanotube.msu.edu/fullerene/C100/C100-C1-216.xyz,100,1,OK,5988,f3a07aa8aa8f5fb8f5f23461fa28491099fda5fd1da36de4919538b0a704d1c6
100,C100-C1-217.xyz,https://nanotube.msu.edu/fullerene/C100/C100-C1-217.xyz,100,1,OK,5988,c02290f88444b89ff83842261d9bd5a888ae8a503638eab35d740fa7f0ea7ca4
100,C100-C1-218.xyz,https://nanotube.msu.edu/fullerene/C100/C100-C1-218.xyz,100,1,OK,5988,5ebd7e0ab4bafddd2735db6d35656803b4e5baedd811bf903b8a1bc21dc4a74f
100,C100-C1-219.xyz,https://nanotube.msu.edu/fullerene/C100/C100-C1-219.xyz,100,1,OK,5988,023766ae901e364f587427ec86bc4d4b8e649b688c8545c1fe6e62ff60079c2e
100,C100-C1-22.xyz,https://nanotube.msu.edu/fullerene/C100/C100-C1-22.xyz,100,1,OK,5988,3942cc85e8d6812b0c6982fbb305606b242d68dc34cbd62bb488c79c11125fcd
100,C100-C1-220.xyz,https://nanotube.msu.edu/fullerene/C100/C100-C1-220.xyz,100,1,OK,5988,837eb294d1f4694110a5fd8243ac0425732efde38c68e77b2c26e2d6fdfe967f
100,C100-C1-222.xyz,https://nanotube.msu.edu/fullerene/C100/C100-C1-222.xyz,100,1,OK,5988,561ec56ab3d08cc091ad515b2306edffbb6608f9d62a106654ce9440492e0c81
100,C100-C1-223.xyz,https://nanotube.msu.edu/fullerene/C100/C100-C1-223.xyz,100,1,OK,5988,25e0c773f2edaf2992c443cf4dc0134f638c2ce925f57d0fec12663db9cfc500
100,C100-C1-224.xyz,https://nanotube.msu.edu/fullerene/C100/C100-C1-224.xyz,100,1,OK,5988,60fdc9a4841ca8036066834f8fbee8f705aedb792496e327ecf8ded2dc394b0c
100,C100-C1-225.xyz,https://nanotube.msu.edu/fullerene/C100/C100-C1-225.xyz,100,1,OK,5988,4c971c7994dd0b14ea016be60b2e3c3c331aba3a26102b43fe6a29994f9bdccc
100,C100-C1-226.xyz,https://nanotube.msu.edu/fullerene/C100/C100-C1-226.xyz,100,1,OK,5988,ee793c1a0cf4829787e06fa19c6dcbbebecc65b30d1ebc5f707bd3c19cd5a38b
100,C100-C1-227.xyz,https://nanotube.msu.edu/fullerene/C100/C100-C1-227.xyz,100,1,OK,5988,cb73beda345f1fdc571eb95f66ab1887321c33e7a4cdef312c2ac0a5ba7728c8
100,C100-C1-228.xyz,https://nanotube.msu.edu/fullerene/C100/C100-C1-228.xyz,100,1,OK,5988,b58a22e237cc2b666c7787fbf200fb7655246f829f926027accf4c64f6de88a1
100,C100-C1-229.xyz,https://nanotube.msu.edu/fullerene/C100/C100-C1-229.xyz,100,1,OK,5988,b3a11d7380c7dedc5057888565963e2fe37e3b914268508d6dfbd2d2076655a4
100,C100-C1-230.xyz,https://nanotube.msu.edu/fullerene/C100/C100-C1-230.xyz,100,1,OK,5988,aa602055aa857db79f66e2a5337471a41d46745e37153885318a7922ee0bfd49
100,C100-C1-231.xyz,https://nanotube.msu.edu/fullerene/C100/C100-C1-231.xyz,100,1,OK,5988,1272108120cf5bb97d2d0cd9db2350aad7420951d96813ce993b3478f0a99f14
100,C100-C1-232.xyz,https://nanotube.msu.edu/fullerene/C100/C100-C1-232.xyz,100,1,OK,5988,80b5f3055fefac9d5c4d9b47cd3cd3986db751716a4660e785f2f50cc3796293
100,C100-C1-233.xyz,https://nanotube.msu.edu/fullerene/C100/C100-C1-233.xyz,100,1,OK,5988,3630c864207e3abef75b54d50cd230500e3a17016ce50c82af7488c75ae14ecb
100,C100-C1-234.xyz,https://nanotube.msu.edu/fullerene/C100/C100-C1-234.xyz,100,1,OK,5988,30b67c9b224f1461e3176f755919bcc51a524513659a072824ead739ccfd525f
100,C100-C1-235.xyz,https://nanotube.msu.edu/fullerene/C100/C100-C1-235.xyz,100,1,OK,5988,a20484a9f1b90680e7af4e08c1b4eaef9c2b842cfcbe61f2a78d1e2210bd59c6
100,C100-C1-236.xyz,https://nanotube.msu.edu/fullerene/C100/C100-C1-236.xyz,100,1,OK,5988,bde2f969e59dccbcf268bc638a55d271eda07a020731e2c19278b43f968d2422
100,C100-C1-237.xyz,https://nanotube.msu.edu/fullerene/C100/C100-C1-237.xyz,100,1,OK,5988,50158789d8fec0aab0c149d19a20922155190369e150dab38e0f9d366d3fc51c
100,C100-C1-238.xyz,https://nanotube.msu.edu/fullerene/C100/C100-C1-238.xyz,100,1,OK,5988,ac5e005151466a0bfcf5ca972c8fce8d17220e7500c18416ab7e330412c7e051
100,C100-C1-239.xyz,https://nanotube.msu.edu/fullerene/C100/C100-C1-239.xyz,100,1,OK,5988,c8f353819f3512861bd8783396375b68d16aadb65b9d5d55199a720e3445efd9
100,C100-C1-24.xyz,https://nanotube.msu.edu/fullerene/C100/C100-C1-24.xyz,100,1,OK,5988,07b6b9e175389fbe82f62a58479378f1f3aecfe97ccd067e05da971cc3dc1b9e
100,C100-C1-240.xyz,https://nanotube.msu.edu/fullerene/C100/C100-C1-240.xyz,100,1,OK,5988,3df7919418ba3a204cccac72f22535e53976dd44f1194814b5447f8c324ed495
100,C100-C1-241.xyz,https://nanotube.msu.edu/fullerene/C100/C100-C1-241.xyz,100,1,OK,5988,47aa3fc66fd84a931744438320ebdceb70ca4a9c4d21fdd97eee5ea20779e71f
100,C100-C1-242.xyz,https://nanotube.msu.edu/fullerene/C100/C100-C1-242.xyz,100,1,OK,5988,2a549e07530c29af11ed6c42980edfc394df6f318cf881ed6d01488d0343e686
100,C100-C1-243.xyz,https://nanotube.msu.edu/fullerene/C100/C100-C1-243.xyz,100,1,OK,5988,fb7ab592937ee399825000c8ae0e5335226cc8bd962727f2b7072ff83a709941
100,C100-C1-245.xyz,https://nanotube.msu.edu/fullerene/C100/C100-C1-245.xyz,100,1,OK,5988,f9453f941710622a7a1708ae498c536203667c529a1a63275d523bf0316dab77
100,C100-C1-246.xyz,https://nanotube.msu.edu/fullerene/C100/C100-C1-246.xyz,100,1,OK,5988,f04d856a67c2388d82e8b8951211851790d92a4f24669a468e71262af2e4f9d1
100,C100-C1-247.xyz,https://nanotube.msu.edu/fullerene/C100/C100-C1-247.xyz,100,1,OK,5988,1004e2a2ad415d809f353ddf135fbf4dbcda8a2bea81f0c7cd7acb4a00281252
100,C100-C1-248.xyz,https://nanotube.msu.edu/fullerene/C100/C100-C1-248.xyz,100,1,OK,5988,70574c77a9aeb49daf43f179ab088bd6ab9e71666658b2eb1bb7a0948f72171a
100,C100-C1-249.xyz,https://nanotube.msu.edu/fullerene/C100/C100-C1-249.xyz,100,1,OK,5988,3bf09f1ae090d37c0f55ffd902b7bcdba598ae47cd0a2a22ab2d69bb4d142b84
100,C100-C1-250.xyz,https://nanotube.msu.edu/fullerene/C100/C100-C1-250.xyz,100,1,OK,5988,48bac61d76491e2cfec574345b573e634a8fba9203b2da8b517c81078e304063
100,C100-C1-251.xyz,https://nanotube.msu.edu/fullerene/C100/C100-C1-251.xyz,100,1,OK,5988,74ffca748506218650869cdf4ec9856ec8bd545ed2b6bc43c6e46a35da525db0
100,C100-C1-253.xyz,https://nanotube.msu.edu/fullerene/C100/C100-C1-253.xyz,100,1,OK,5988,f04e73a9e210e8376754237d231100ebe4ac6a0ac2835a04b6fea995c4ad1703
100,C100-C1-254.xyz,https://nanotube.msu.edu/fullerene/C100/C100-C1-254.xyz,100,1,OK,5988,25f90ecd0dcff1bb4e532645f0e6ba76b5591120c0806284e0d7bd010713daca
100,C100-C1-255.xyz,https://nanotube.msu.edu/fullerene/C100/C100-C1-255.xyz,100,1,OK,5988,8296223db8d0df19198626dad649319dd8ff879ef1c9dc0d993fec0ac3e865a9
100,C100-C1-256.xyz,https://nanotube.msu.edu/fullerene/C100/C100-C1-256.xyz,100,1,OK,5988,e7a4ee0c2ebf2720f774196a674e50e770c491925816358fa785dc36148a8946
100,C100-C1-257.xyz,https://nanotube.msu.edu/fullerene/C100/C100-C1-257.xyz,100,1,OK,5988,b7067dd39d339d99cef5a669b1ed32091c1cb47fd6737159e884275734d1b13d
100,C100-C1-258.xyz,https://nanotube.msu.edu/fullerene/C100/C100-C1-258.xyz,100,1,OK,5988,e0319118ae28aab5f87810bd05be034d23f7aafa394090719e5bf533fd8f5502
100,C100-C1-259.xyz,https://nanotube.msu.edu/fullerene/C100/C100-C1-259.xyz,100,1,OK,5988,630cd5d74fb4b606ffd5eefe4c3a967faf0f8b6388df45bd0a238118b0b0dfc0
100,C100-C1-26.xyz,https://nanotube.msu.edu/fullerene/C100/C100-C1-26.xyz,100,1,OK,5988,88a18f62cfa8665ba986beaf640866f91305738e73ee51c5d4d0bbba1621fe39
100,C100-C1-260.xyz,https://nanotube.msu.edu/fullerene/C100/C100-C1-260.xyz,100,1,OK,5988,858594d8e3a60952f76126f266eef0dc63d3cc82fe14ec1a6b7729bc95126a03
100,C100-C1-261.xyz,https://nanotube.msu.edu/fullerene/C100/C100-C1-261.xyz,100,1,OK,5988,d175988be78685f0d18d6eb756a6dc3c759a79445c62e0514181b0485a781854
100,C100-C1-262.xyz,https://nanotube.msu.edu/fullerene/C100/C100-C1-262.xyz,100,1,OK,5988,7c513776f96398421a88e6041331a15973499f5d381fb0e99dc1cd53992cc0c1
100,C100-C1-263.xyz,https://nanotube.msu.edu/fullerene/C100/C100-C1-263.xyz,100,1,OK,5988,cb33bfac20acfa0f3f9d7c6b39f5475c5907c91a1a7d3477c2b05c874ea3c61d
100,C100-C1-264.xyz,https://nanotube.msu.edu/fullerene/C100/C100-C1-264.xyz,100,1,OK,5988,fd78d4334a2ba8e212267c531dbccb626a2e3b1359797c041a113665dd806c35
100,C100-C1-265.xyz,https://nanotube.msu.edu/fullerene/C100/C100-C1-265.xyz,100,1,OK,5988,7a92fca06db203f3265049d552fa18370e573124157549c6cb56359d6a870f62
100,C100-C1-267.xyz,https://nanotube.msu.edu/fullerene/C100/C100-C1-267.xyz,100,1,OK,5988,4ac32ac1e01b801a47fe0c94447604a70d2ba3ca3bca3f73b4f6b684c9c0c3a6
100,C100-C1-268.xyz,https://nanotube.msu.edu/fullerene/C100/C100-C1-268.xyz,100,1,OK,5988,d017b0428a2a164db93bca12f1a660ef1e193160f91bb7cc61b5a53b847d4ec9
100,C100-C1-269.xyz,https://nanotube.msu.edu/fullerene/C100/C100-C1-269.xyz,100,1,OK,5988,de429154e908043f4524e1e234a2773bac62a2f727c0fc22ba8f1dbdf628fec4
100,C100-C1-27.xyz,https://nanotube.msu.edu/fullerene/C100/C100-C1-27.xyz,100,1,OK,5988,215584573fd1641f5d97a9988bb072d514ced42c25b314580e2d0156a6217630
100,C100-C1-270.xyz,https://nanotube.msu.edu/fullerene/C100/C100-C1-270.xyz,100,1,OK,5988,384f4ea661b3d9240707f702c699bb7035773200761d57c9df6fbd61a48b5515
100,C100-C1-272.xyz,https://nanotube.msu.edu/fullerene/C100/C100-C1-272.xyz,100,1,OK,5988,fc0ced7fe03e15f51c3908b9e9e2f9d718f574d51693e52ec51534109672cb40
100,C100-C1-274.xyz,https://nanotube.msu.edu/fullerene/C100/C100-C1-274.xyz,100,1,OK,5988,fd96b57828f91ee534cfcd5027adf5db379d6b116cd901d362bcdb7209ab10c6
100,C100-C1-275.xyz,https://nanotube.msu.edu/fullerene/C100/C100-C1-275.xyz,100,1,OK,5988,57136df15593788b5ec1279af3ed948f8376576e9be404410347089dd645f2d6
100,C100-C1-276.xyz,https://nanotube.msu.edu/fullerene/C100/C100-C1-276.xyz,100,1,OK,5988,9da14d2ac90ff4f4c1b4cc7fde99e1ce33139d338137a61a14ceb6619d894f30
100,C100-C1-277.xyz,https://nanotube.msu.edu/fullerene/C100/C100-C1-277.xyz,100,1,OK,5988,18725be77b9336e41bcca6f36f385c852e5b565f2785db8ad0589f5766017594
100,C100-C1-278.xyz,https://nanotube.msu.edu/fullerene/C100/C100-C1-278.xyz,100,1,OK,5988,53c41ae8255d74fccb8ba77b33da70842be8517de8f2febe8503345e927af84f
100,C100-C1-279.xyz,https://nanotube.msu.edu/fullerene/C100/C100-C1-279.xyz,100,1,OK,5988,1a269727090603d5efe7d89451fb071cc4dbb26e3ad20c52b9b94d9f2e01e8f4
100,C100-C1-28.xyz,https://nanotube.msu.edu/fullerene/C100/C100-C1-28.xyz,100,1,OK,5988,a74b31c099bd58dea7dcabb2bf4d8ab3116e1f64bf8694eb0118948a817b1bf2
100,C100-C1-280.xyz,https://nanotube.msu.edu/fullerene/C100/C100-C1-280.xyz,100,1,OK,5988,3c57c7e7027c94e1659cffe02c7f5f21508fa9f637a443b4adfbe5d3fc87233c
100,C100-C1-281.xyz,https://nanotube.msu.edu/fullerene/C100/C100-C1-281.xyz,100,1,OK,5988,ac4ecc4001ffd29703ecd7cb521a89b1c0e904a3a41fc174fefea716bfd34d47
100,C100-C1-282.xyz,https://nanotube.msu.edu/fullerene/C100/C100-C1-282.xyz,100,1,OK,5988,761edd995a77e114d0b27f46dcab231ed4ba8c5feefe57f2e0dfb38af541f76f
100,C100-C1-283.xyz,https://nanotube.msu.edu/fullerene/C100/C100-C1-283.xyz,100,1,OK,5988,b7ac74cfe0c3ed8bb9d5aa4a0654110078bf3c6157cc00501912d0f6aed71e6a
100,C100-C1-284.xyz,https://nanotube.msu.edu/fullerene/C100/C100-C1-284.xyz,100,1,OK,5988,9410dc9f175fd07e1d916e0410fe4b3e3da511becf0cf17e07b6c84a53d93d14
100,C100-C1-286.xyz,https://nanotube.msu.edu/fullerene/C100/C100-C1-286.xyz,100,1,OK,5988,8d2a30074b9a18edc9d9e4ba4f62428aa0bc20e13fc7e6ce385e1839f0256828
100,C100-C1-288.xyz,https://nanotube.msu.edu/fullerene/C100/C100-C1-288.xyz,100,1,OK,5988,0822bf4699f02fb5c9c72d4aa800dc10a21f8c8f54d620b4d835758ef5ec476d
100,C100-C1-289.xyz,https://nanotube.msu.edu/fullerene/C100/C100-C1-289.xyz,100,1,OK,5988,678afaa5da7ff236afadf85c85c5c78b23d03c7960e6bd1ef3e1ef0c59c3dc07
100,C100-C1-29.xyz,https://nanotube.msu.edu/fullerene/C100/C100-C1-29.xyz,100,1,OK,5988,9f8e06b084256c44a0644870ad2e4a6bf7819ef909ee315d181a89c46ba63f79
100,C100-C1-292.xyz,https://nanotube.msu.edu/fullerene/C100/C100-C1-292.xyz,100,1,OK,5988,6d01fe3948f2b2f5f1a8d8029a289f5e18bc14b901f904a4247a52c73193a450
100,C100-C1-296.xyz,https://nanotube.msu.edu/fullerene/C100/C100-C1-296.xyz,100,1,OK,5988,3593891924944f146a5ee2b294cbb01d78ad50868484c6e968b5fd1e753bef69
100,C100-C1-297.xyz,https://nanotube.msu.edu/fullerene/C100/C100-C1-297.xyz,100,1,OK,5988,9e2b67b61b6193ffdae265056f616985ff0e9ecb1f4d6efadb810b814e5e157b
100,C100-C1-298.xyz,https://nanotube.msu.edu/fullerene/C100/C100-C1-298.xyz,100,1,OK,5988,60370538f5d476b5718b8784f84e1d2c8a2ed3f244c239ae890024e3af606fa3
100,C100-C1-299.xyz,https://nanotube.msu.edu/fullerene/C100/C100-C1-299.xyz,100,1,OK,5988,d7bb13329a6d50252bdf564f423d3f953a6792b65c3836131afcd317c0a7535e
100,C100-C1-3.xyz,https://nanotube.msu.edu/fullerene/C100/C100-C1-3.xyz,100,1,OK,5988,be6d1729cdba9c535229ff4217ee87f350e733a29891e8bef512496564c15870
100,C100-C1-30.xyz,https://nanotube.msu.edu/fullerene/C100/C100-C1-30.xyz,100,1,OK,5988,11d5fea880370612a94071d80ab822c7642cbb4a1f2793e8418e89e89f9bed58
100,C100-C1-300.xyz,https://nanotube.msu.edu/fullerene/C100/C100-C1-300.xyz,100,1,OK,5988,6195ea892aa343fa752acc818433767276b1e2a57c5e43d5b555ba40d333dd4a
100,C100-C1-301.xyz,https://nanotube.msu.edu/fullerene/C100/C100-C1-301.xyz,100,1,OK,5988,560a018fc55c56f08926bf5ea5033dfa317381427f2b10b199fcea2e248ab3ce
100,C100-C1-302.xyz,https://nanotube.msu.edu/fullerene/C100/C100-C1-302.xyz,100,1,OK,5988,25951432cfae44945575b444b1325a319f9e8c09467fbd8767bed85f6f06ecbb
100,C100-C1-303.xyz,https://nanotube.msu.edu/fullerene/C100/C100-C1-303.xyz,100,1,OK,5988,ab79abaf1e697897d80fe43f306c787810262ac0d9f5de9467a526af11f8adf8
100,C100-C1-305.xyz,https://nanotube.msu.edu/fullerene/C100/C100-C1-305.xyz,100,1,OK,5988,4740939bd53b568843b27d5a1183576f52e46d5dd9df07d0d8050ec5dc4471b5
100,C100-C1-306.xyz,https://nanotube.msu.edu/fullerene/C100/C100-C1-306.xyz,100,1,OK,5988,e91458ad5b6159c1f440f9ee9e9ac792062c062a44f29302940958c98a0e7041
100,C100-C1-307.xyz,https://nanotube.msu.edu/fullerene/C100/C100-C1-307.xyz,100,1,OK,5988,c5e550b00135ae6b78d03f2337466e1a3f937053a72eb5b5a6afd30c24086fa9
100,C100-C1-308.xyz,https://nanotube.msu.edu/fullerene/C100/C100-C1-308.xyz,100,1,OK,5988,8f7367a849bdad4f689771b9227722d14ac5357334888899f14bf7a674f9baa9
100,C100-C1-309.xyz,https://nanotube.msu.edu/fullerene/C100/C100-C1-309.xyz,100,1,OK,5988,83ae3aadede6e430a55851f2abba2a566b5132a3c4d924c629787c33cfd7d2d9
100,C100-C1-31.xyz,https://nanotube.msu.edu/fullerene/C100/C100-C1-31.xyz,100,1,OK,5988,97aceeffe3c0e1649863bbd2db5959d4a320fc19c127d5ffa680b2b1d31f87e5
100,C100-C1-311.xyz,https://nanotube.msu.edu/fullerene/C100/C100-C1-311.xyz,100,1,OK,5988,86449d15d17d665798a91012ddad951f317406afdc07c5046582b214ad1d3b08
100,C100-C1-312.xyz,https://nanotube.msu.edu/fullerene/C100/C100-C1-312.xyz,100,1,OK,5988,f16ce4d1bcc59d72f114ea55a3ae777ad8fa9941344c95c4016d7f3fd90c6581
100,C100-C1-313.xyz,https://nanotube.msu.edu/fullerene/C100/C100-C1-313.xyz,100,1,OK,5988,390b28d14c1b7324621745edc862e618eb14fca2566b59ab13eae440e582419c
100,C100-C1-314.xyz,https://nanotube.msu.edu/fullerene/C100/C100-C1-314.xyz,100,1,OK,5988,471449c10a53609e9a2ba7e370df99ed62f52ec3bcb02c22b65a219aa32868fe
100,C100-C1-315.xyz,https://nanotube.msu.edu/fullerene/C100/C100-C1-315.xyz,100,1,OK,5988,cd78d1d50006098327fd429d60a3380b588b06a4aef5c32abf61b59b6e0f15fc
100,C100-C1-316.xyz,https://nanotube.msu.edu/fullerene/C100/C100-C1-316.xyz,100,1,OK,5988,f7e7e4255cb22d79ea422dae2bad37c82d9cafc0872dadab5e5bf15dd5b9df90
100,C100-C1-317.xyz,https://nanotube.msu.edu/fullerene/C100/C100-C1-317.xyz,100,1,OK,5988,ae7ace2483792e0c2d9ffc13bfeb3540b133222def2a53ab41054d31e2900c6b
100,C100-C1-32.xyz,https://nanotube.msu.edu/fullerene/C100/C100-C1-32.xyz,100,1,OK,5988,a58429b0608c8183a7b650f6c07be1ebaebea3555368acd2aa91e43b054fca6d
100,C100-C1-320.xyz,https://nanotube.msu.edu/fullerene/C100/C100-C1-320.xyz,100,1,OK,5988,d71ac729401f4fe55d036c520818c37793828939320ac5cb9310e9eca8038fb4
100,C100-C1-323.xyz,https://nanotube.msu.edu/fullerene/C100/C100-C1-323.xyz,100,1,OK,5988,9aece1e9d68acf13373432c91ea262f31533701b7d6cef468898b880922ec161
100,C100-C1-324.xyz,https://nanotube.msu.edu/fullerene/C100/C100-C1-324.xyz,100,1,OK,5988,bfbab93d1ae20c05300dc01f3f9ced8f697f94d12db9e7b202200794e772d881
100,C100-C1-325.xyz,https://nanotube.msu.edu/fullerene/C100/C100-C1-325.xyz,100,1,OK,5988,7e141519a2fcfbdc1d5d2c0d6003a75a4d77f2d236f54b45936aff1621e72bf9
100,C100-C1-327.xyz,https://nanotube.msu.edu/fullerene/C100/C100-C1-327.xyz,100,1,OK,5988,f1a741f81c8ddd8b3faa6968a7faa36e900267bb05541e45864e61843e46e13a
100,C100-C1-328.xyz,https://nanotube.msu.edu/fullerene/C100/C100-C1-328.xyz,100,1,OK,5988,55ce44ab30836bdc9039d1b5e00df55aa21bf0e47b09f13e24d24d8398012134
100,C100-C1-329.xyz,https://nanotube.msu.edu/fullerene/C100/C100-C1-329.xyz,100,1,OK,5988,7d43659b1d6c6d08db5f72c072c8ccd1e2f902ccd3b4a864baa700c97ed3032f
100,C100-C1-33.xyz,https://nanotube.msu.edu/fullerene/C100/C100-C1-33.xyz,100,1,OK,5988,927cd83ee29d94f2657051555be76861d2d814acbc75c4f1fcdf3ecc2f132743
100,C100-C1-331.xyz,https://nanotube.msu.edu/fullerene/C100/C100-C1-331.xyz,100,1,OK,5988,7b66129b231ef5a5491dd4decbe66113860b14fa0b1398e958c1596c719afc80
100,C100-C1-332.xyz,https://nanotube.msu.edu/fullerene/C100/C100-C1-332.xyz,100,1,OK,5988,a125622a1e9d9ab8d24e46e9e150d45e197b2068af02e2d2ee2d32a7c9b49e93
100,C100-C1-333.xyz,https://nanotube.msu.edu/fullerene/C100/C100-C1-333.xyz,100,1,OK,5988,be2a2e4d5f4d3131ad36026df9c54a3eb605aa9cc638f19ffae48366c47d1a0a
100,C100-C1-334.xyz,https://nanotube.msu.edu/fullerene/C100/C100-C1-334.xyz,100,1,OK,5988,300d04d6e21bb778d089879c1d2cc08e516be42b98b037c0e05acb22c30570f3
100,C100-C1-335.xyz,https://nanotube.msu.edu/fullerene/C100/C100-C1-335.xyz,100,1,OK,5988,b1083cc24c8dc836e9f1296ce6940578c9bab3a28259375702bf1b62d4cc25b7
100,C100-C1-336.xyz,https://nanotube.msu.edu/fullerene/C100/C100-C1-336.xyz,100,1,OK,5988,b5337c707655770235778c834651313590b5b3c7c96ad37e04d6fabfd311230f
100,C100-C1-337.xyz,https://nanotube.msu.edu/fullerene/C100/C100-C1-337.xyz,100,1,OK,5988,3e1dfa46e67889778fc15af6e636d98f8e7d2f869f91e286984594111804b9f1
100,C100-C1-339.xyz,https://nanotube.msu.edu/fullerene/C100/C100-C1-339.xyz,100,1,OK,5988,220335882c2c127807fac1a606193d18375b630b42831be11428291a48986e76
100,C100-C1-340.xyz,https://nanotube.msu.edu/fullerene/C100/C100-C1-340.xyz,100,1,OK,5988,72e770c095dd498465abcbc267ce6943c3fb44c233dc13d08daca5ba79d32f34
100,C100-C1-341.xyz,https://nanotube.msu.edu/fullerene/C100/C100-C1-341.xyz,100,1,OK,5988,4f515af02cb1c36e32466a8cc1526803e085908aa12295b5d1115947c2c93c9b
100,C100-C1-342.xyz,https://nanotube.msu.edu/fullerene/C100/C100-C1-342.xyz,100,1,OK,5988,80aec186ad9a954d2f12a63e8d367cb651ecfa2d52f116ed7b06875f539bd54d
100,C100-C1-344.xyz,https://nanotube.msu.edu/fullerene/C100/C100-C1-344.xyz,100,1,OK,5988,f3587283ecfa4b9194c60fb61e2aea3849840f3b664b0fe41727d219844e47d5
100,C100-C1-346.xyz,https://nanotube.msu.edu/fullerene/C100/C100-C1-346.xyz,100,1,OK,5988,2b379f978c1649564d23e6d90c3a4a09661f837c5ee662d17db81f25dbbd324a
100,C100-C1-348.xyz,https://nanotube.msu.edu/fullerene/C100/C100-C1-348.xyz,100,1,OK,5988,681c189e51f604e37f3d915ec410968f82544cc621182b3b1cf544fc72d30b4f
100,C100-C1-349.xyz,https://nanotube.msu.edu/fullerene/C100/C100-C1-349.xyz,100,1,OK,5988,d1b5aa59d387e7cd2a7dc6e5c523be6e5cc2e6cbd81fba36547e76bf656ea70c
100,C100-C1-351.xyz,https://nanotube.msu.edu/fullerene/C100/C100-C1-351.xyz,100,1,OK,5988,3af11e939ff5ecd1f5cbb9614cb90f60af0500d8444bfad2efe2b20bc0adc960
100,C100-C1-352.xyz,https://nanotube.msu.edu/fullerene/C100/C100-C1-352.xyz,100,1,OK,5988,1dacd0ac438f47c6618a4b730f7d9dff1489dffea312a2a7ba1c7f72302da666
100,C100-C1-353.xyz,https://nanotube.msu.edu/fullerene/C100/C100-C1-353.xyz,100,1,OK,5988,87212d2c1784381140e201761c9a2af4e48a19e7ae2b68727e59e0665a146ea5
100,C100-C1-355.xyz,https://nanotube.msu.edu/fullerene/C100/C100-C1-355.xyz,100,1,OK,5988,440740611e87aa21808ff4024a8aa8a11ccdb89f14abedd419c6080780a9d4e8
100,C100-C1-357.xyz,https://nanotube.msu.edu/fullerene/C100/C100-C1-357.xyz,100,1,OK,5988,4c119c1c7e7e564b719d9fb3df7eac619626a47e83513b07dd46db5bf48aa3ef
100,C100-C1-358.xyz,https://nanotube.msu.edu/fullerene/C100/C100-C1-358.xyz,100,1,OK,5988,d32725611a486cd46f4ba3ebdad3295b7d8c30cd7e4ae6a031f48f875f34e462
100,C100-C1-359.xyz,https://nanotube.msu.edu/fullerene/C100/C100-C1-359.xyz,100,1,OK,5988,fc3d2df8886cb2d873f4745ed92cca96b889c36b431d114d80ce07caf9745a0f
100,C100-C1-360.xyz,https://nanotube.msu.edu/fullerene/C100/C100-C1-360.xyz,100,1,OK,5988,7357802eb5f600c0770368e5b49c11287ef8be8af434afb9ddd324ee55c50ef6
100,C100-C1-361.xyz,https://nanotube.msu.edu/fullerene/C100/C100-C1-361.xyz,100,1,OK,5988,a5f194e2797ab73d2530f17867f23f27d6c53e996f1cd8e1c29a64f23e1ca2b2
100,C100-C1-362.xyz,https://nanotube.msu.edu/fullerene/C100/C100-C1-362.xyz,100,1,OK,5988,6e864205a79fd516f27caa5116eef39d3156f0a90d091b1f39e060c1c73f31e8
100,C100-C1-363.xyz,https://nanotube.msu.edu/fullerene/C100/C100-C1-363.xyz,100,1,OK,5988,dbec2ec2e86159e049258f07174b035731087e07edd543d2bf26296a0f19f1b4
100,C100-C1-365.xyz,https://nanotube.msu.edu/fullerene/C100/C100-C1-365.xyz,100,1,OK,5988,7012235e09d0c2e506a884d051660b1e513404fbbbdd74087b9a451c156d9a09
100,C100-C1-366.xyz,https://nanotube.msu.edu/fullerene/C100/C100-C1-366.xyz,100,1,OK,5988,ee65597d2108bbaf9101b44364f44181df18148132f5f5f1567cd785e8954956
100,C100-C1-367.xyz,https://nanotube.msu.edu/fullerene/C100/C100-C1-367.xyz,100,1,OK,5988,74c9bcf44fdc8fc1f419c40bfb34bffe54b662e12e797140b2ee49fd798b1056
100,C100-C1-368.xyz,https://nanotube.msu.edu/fullerene/C100/C100-C1-368.xyz,100,1,OK,5988,bae5cd66930b1327589c4fcf584cb2509cf1341f226bcdb53f9104a48d92c291
100,C100-C1-369.xyz,https://nanotube.msu.edu/fullerene/C100/C100-C1-369.xyz,100,1,OK,5988,9e32e6fe2aaf584ea969719e5f91eeba3295954d76f8ee7befe13ba0af23a3a6
100,C100-C1-370.xyz,https://nanotube.msu.edu/fullerene/C100/C100-C1-370.xyz,100,1,OK,5988,0552ce3db0134345bde1f769705887a5cda909f4c6db31bc209b906035bd9c36
100,C100-C1-371.xyz,https://nanotube.msu.edu/fullerene/C100/C100-C1-371.xyz,100,1,OK,5988,9409c724bf612633126f47cbd5723d008763fa9243ead6a9119366fd7e0a2604
100,C100-C1-373.xyz,https://nanotube.msu.edu/fullerene/C100/C100-C1-373.xyz,100,1,OK,5988,41aff5e1b33e796b199fc5a1567ad99abb6690c7def441cad17fa53ae9b53ad2
100,C100-C1-374.xyz,https://nanotube.msu.edu/fullerene/C100/C100-C1-374.xyz,100,1,OK,5988,2f6be3fb6bb0dabd4aa148ab713aed5ec2ef2d49a55e3780bcb8fbb4519226c9
100,C100-C1-375.xyz,https://nanotube.msu.edu/fullerene/C100/C100-C1-375.xyz,100,1,OK,5988,24d4fe635270d776225d9af6f00713dae67de749b7600fdde582539193e9a505
100,C100-C1-377.xyz,https://nanotube.msu.edu/fullerene/C100/C100-C1-377.xyz,100,1,OK,5988,811aae28333616a2619e4c35c130e614f37d590045f99a2f11a3a6f0840f1bb0
100,C100-C1-379.xyz,https://nanotube.msu.edu/fullerene/C100/C100-C1-379.xyz,100,1,OK,5988,8b0a9a7a3a1ca83aa68d41e69f7aa2b4d66f0d89b014fc945f32b7ceeedcfa00
100,C100-C1-380.xyz,https://nanotube.msu.edu/fullerene/C100/C100-C1-380.xyz,100,1,OK,5988,ae39e00af99ad796ff5d6ff1c2d0fb5595fe6319a8a331cbb79147796642df20
100,C100-C1-382.xyz,https://nanotube.msu.edu/fullerene/C100/C100-C1-382.xyz,100,1,OK,5988,e2702bd2d09fb21c4e90fa19b3b165f2c1ae394fff383eb6d0e1e7da56715dd4
100,C100-C1-383.xyz,https://nanotube.msu.edu/fullerene/C100/C100-C1-383.xyz,100,1,OK,5988,5aabf400cedb628afd9799fe21e894a6b782b06e706902b055667491bfc9e03c
100,C100-C1-384.xyz,https://nanotube.msu.edu/fullerene/C100/C100-C1-384.xyz,100,1,OK,5988,b5af4f18ba36de29e10c207d72ae32f2cbd3c77fd08aafb8599de29de3d2a995
100,C100-C1-385.xyz,https://nanotube.msu.edu/fullerene/C100/C100-C1-385.xyz,100,1,OK,5988,f949ac13fecf82a138316162849ade4b959d3157f9c207b3f4bea0d71309b255
100,C100-C1-386.xyz,https://nanotube.msu.edu/fullerene/C100/C100-C1-386.xyz,100,1,OK,5988,0e1284fadec522ce8610d84b8a1fd009dedf1a5d3766e31a1cb0a17f9def510b
100,C100-C1-389.xyz,https://nanotube.msu.edu/fullerene/C100/C100-C1-389.xyz,100,1,OK,5988,bf3c6f06bdd25b2bcf480f19a00a2b11f9d9694c04b4c5201c773d6be82f7f30
100,C100-C1-391.xyz,https://nanotube.msu.edu/fullerene/C100/C100-C1-391.xyz,100,1,OK,5988,2cd17054c006fc62fddd48a23e8b8892693ba3078ce311966f15a19d31ffe089
100,C100-C1-393.xyz,https://nanotube.msu.edu/fullerene/C100/C100-C1-393.xyz,100,1,OK,5988,ff20f64b753dcd443ccc7a21023bf0d748e580d974ae13649090cd97490146a6
100,C100-C1-397.xyz,https://nanotube.msu.edu/fullerene/C100/C100-C1-397.xyz,100,1,OK,5988,f1351e4ff5db40d0a25b2c6fec05fe9720db13403231852408d92c066335710e
100,C100-C1-398.xyz,https://nanotube.msu.edu/fullerene/C100/C100-C1-398.xyz,100,1,OK,5988,3823e9ef7ef8dae195ff1b50b801d7efeb0e3e65c2ef857f8d658df55b26469e
100,C100-C1-399.xyz,https://nanotube.msu.edu/fullerene/C100/C100-C1-399.xyz,100,1,OK,5988,b7af9e7db264e98b667ec2bd02a99f5a0a591e6967f654a5b6fa218e9b83840b
100,C100-C1-40.xyz,https://nanotube.msu.edu/fullerene/C100/C100-C1-40.xyz,100,1,OK,5988,35f768839fd0c444f6692e351f76d2d4ec7e8d8f0208f944435cc430c97964c4
100,C100-C1-400.xyz,https://nanotube.msu.edu/fullerene/C100/C100-C1-400.xyz,100,1,OK,5988,53a42bfe2863419464ca52e039789d13c3e3d352b92bc3434861810357fcae04
100,C100-C1-403.xyz,https://nanotube.msu.edu/fullerene/C100/C100-C1-403.xyz,100,1,OK,5988,cd51d925ac58c9866788ded2845fa926db68b46e5e84b69ba2ad93e5477d33d5
100,C100-C1-404.xyz,https://nanotube.msu.edu/fullerene/C100/C100-C1-404.xyz,100,1,OK,5988,44626788e57684311352c81a33677d1f2580089065959efb049a4afcf68b4c73
100,C100-C1-405.xyz,https://nanotube.msu.edu/fullerene/C100/C100-C1-405.xyz,100,1,OK,5988,2494825e28559a77127cc842d89dff0070aef40a909917342bc67267d7317313
100,C100-C1-407.xyz,https://nanotube.msu.edu/fullerene/C100/C100-C1-407.xyz,100,1,OK,5988,93bcca215e41b44e54cb874af597c299461e24ece2895a1e2bc7e4a31e0d7083
100,C100-C1-408.xyz,https://nanotube.msu.edu/fullerene/C100/C100-C1-408.xyz,100,1,OK,5988,d4cb12296f52bc575b69923c5553718e5a84ad84b66eadd638558cf2f2fe653b
100,C100-C1-409.xyz,https://nanotube.msu.edu/fullerene/C100/C100-C1-409.xyz,100,1,OK,5988,ed6626c1de14741a4f71a0e84e9325aa2378b56713e8aa0226174c2cf9aad380
100,C100-C1-410.xyz,https://nanotube.msu.edu/fullerene/C100/C100-C1-410.xyz,100,1,OK,5988,63b8b1506001127cae43e22264d59bb912901f5b5c7274160aeb1b65da04eb82
100,C100-C1-412.xyz,https://nanotube.msu.edu/fullerene/C100/C100-C1-412.xyz,100,1,OK,5988,8678f90402a031e58f29e0ac8596d53e990c7bcc945091c318b922f7c9ca7402
100,C100-C1-415.xyz,https://nanotube.msu.edu/fullerene/C100/C100-C1-415.xyz,100,1,OK,5988,0645e3d78eaaa7821fc4a86a4844659fc92493fe4a6ef884643839af6e18deee
100,C100-C1-416.xyz,https://nanotube.msu.edu/fullerene/C100/C100-C1-416.xyz,100,1,OK,5988,b5c801011055e85c9ba4bf58b52d9ce01f7f151c633733b71d526be60e6e462b
100,C100-C1-418.xyz,https://nanotube.msu.edu/fullerene/C100/C100-C1-418.xyz,100,1,OK,5988,2c58983ecfa4bc194f7428d31b02085f2661d87e1be8cb1146baeff7d6e63025
100,C100-C1-419.xyz,https://nanotube.msu.edu/fullerene/C100/C100-C1-419.xyz,100,1,OK,5988,a5bbb635b733efc04c4b4d11845d1440869c0a027fe39bedf2d0212aa33d3607
100,C100-C1-42.xyz,https://nanotube.msu.edu/fullerene/C100/C100-C1-42.xyz,100,1,OK,5988,6eb4899274a6e30e5cc6be13a42879aa7ed08cf63bac466442e14df73765d5d3
100,C100-C1-420.xyz,https://nanotube.msu.edu/fullerene/C100/C100-C1-420.xyz,100,1,OK,5988,c59de1bbdfca59abf0df5d412e4bf40414f03fcc43b793aaca27c03521f834bc
100,C100-C1-423.xyz,https://nanotube.msu.edu/fullerene/C100/C100-C1-423.xyz,100,1,OK,5988,75ef2b9be37df23a6459040aa31ac72fe343b353442b336d9868f649872efb80
100,C100-C1-424.xyz,https://nanotube.msu.edu/fullerene/C100/C100-C1-424.xyz,100,1,OK,5988,cef4a85043f60287320318fda9d2e37b1f2c16738c5b6d5d1bdf945d7a5fb739
100,C100-C1-425.xyz,https://nanotube.msu.edu/fullerene/C100/C100-C1-425.xyz,100,1,OK,5988,c933ea76b9d5fbcd88777b1c49e16254f5b32694a18ebd2563b5acb816d6e1fc
100,C100-C1-426.xyz,https://nanotube.msu.edu/fullerene/C100/C100-C1-426.xyz,100,1,OK,5988,13a30edd237c3fa3f307ec7ce0e3433e392f524f63bb93d2ff72588ec06c70a6
100,C100-C1-427.xyz,https://nanotube.msu.edu/fullerene/C100/C100-C1-427.xyz,100,1,OK,5988,27a26ad304f14a106c081f85f4fd2c326c233696099239440f3c21ccb839f009
100,C100-C1-428.xyz,https://nanotube.msu.edu/fullerene/C100/C100-C1-428.xyz,100,1,OK,5988,c6ad5ae2bc30601ddeaeb85718f928828688aa8f2cf2fd904e8a4f469cb0a814
100,C100-C1-43.xyz,https://nanotube.msu.edu/fullerene/C100/C100-C1-43.xyz,100,1,OK,5988,0ca08d270cc0f68457fb7dcef63c35cade51e9082f44f8619ce83ea8ce1df86e
100,C100-C1-434.xyz,https://nanotube.msu.edu/fullerene/C100/C100-C1-434.xyz,100,1,OK,5988,9d2c2a06be44e7f07110ee6e805ec55aa3ec72f81e04544bf4486adfc40b1cdd
100,C100-C1-436.xyz,https://nanotube.msu.edu/fullerene/C100/C100-C1-436.xyz,100,1,OK,5988,76364107ac9a4f7f6ba2f56426c654e0ef85c14939b5e017c74057aee79f8c4c
100,C100-C1-437.xyz,https://nanotube.msu.edu/fullerene/C100/C100-C1-437.xyz,100,1,OK,5988,e6979b7a8cf9df7ab2cb1572835dbf88f79ce1e34212cf3fa7195115a9e3074e
100,C100-C1-44.xyz,https://nanotube.msu.edu/fullerene/C100/C100-C1-44.xyz,100,1,OK,5988,e6925ddab8964ceefad35c8e87b1eafbca4461c0d1879d729cac126bc48e1ea4
100,C100-C1-441.xyz,https://nanotube.msu.edu/fullerene/C100/C100-C1-441.xyz,100,1,OK,5988,6c98212ccaf2af5d32fa3fd16a8f0e6aac346cfdef90fd25499ec4ed32b0e3f9
100,C100-C1-45.xyz,https://nanotube.msu.edu/fullerene/C100/C100-C1-45.xyz,100,1,OK,5988,835b43ab3823948822d6de8298d22891bcef2636d8148eecdf8bba0099ea790d
100,C100-C1-46.xyz,https://nanotube.msu.edu/fullerene/C100/C100-C1-46.xyz,100,1,OK,5988,250ee47619e192b754782e22a084ec6307950432c576a61b66c74028ffce0d56
100,C100-C1-47.xyz,https://nanotube.msu.edu/fullerene/C100/C100-C1-47.xyz,100,1,OK,5988,e9d39f917022a9fd79ce0fe729c5a66642613f93942b07ed864d2eee9741be80
100,C100-C1-49.xyz,https://nanotube.msu.edu/fullerene/C100/C100-C1-49.xyz,100,1,OK,5988,61d256623684b155608645076b5269e7c4cdb797a4964e71ed4e55869935fff3
100,C100-C1-50.xyz,https://nanotube.msu.edu/fullerene/C100/C100-C1-50.xyz,100,1,OK,5988,64851c035d21b7c49242550f6510a55e029d25a8278d22372ca9bfb8b50fe7eb
100,C100-C1-51.xyz,https://nanotube.msu.edu/fullerene/C100/C100-C1-51.xyz,100,1,OK,5988,13740a931db530c1ffb2eece826ce0fd2cc2e2c7e6f38ce80d4c310d74bec7c4
100,C100-C1-52.xyz,https://nanotube.msu.edu/fullerene/C100/C100-C1-52.xyz,100,1,OK,5988,fa9630879a64b5af3b1d7f4a979462541bb09f1b62eacff564689105d37f242d
100,C100-C1-53.xyz,https://nanotube.msu.edu/fullerene/C100/C100-C1-53.xyz,100,1,OK,5988,e0ea815750bf53650af4c640c6504eb4ddb1cd0b02e5369462b94764dbd66c24
100,C100-C1-54.xyz,https://nanotube.msu.edu/fullerene/C100/C100-C1-54.xyz,100,1,OK,5988,b185fd21fddcf71b5fe287c36e3194d5ab5b4918a2a3a3e5218a6ebbc4f01f76
100,C100-C1-55.xyz,https://nanotube.msu.edu/fullerene/C100/C100-C1-55.xyz,100,1,OK,5988,4d7b6f0258bfb2ed7a7d9c257d291c12b4bf804a45637ec49d8da3eb0eab01fe
100,C100-C1-56.xyz,https://nanotube.msu.edu/fullerene/C100/C100-C1-56.xyz,100,1,OK,5988,b13e107e2a3b0d52aac3d23794ef1ca8a18f6eacccb231ad950d94aa57da40d4
100,C100-C1-57.xyz,https://nanotube.msu.edu/fullerene/C100/C100-C1-57.xyz,100,1,OK,5988,a7ce8c563034c698268b85a4cc7334c92cdb23970bd0df2ff2e5f9c59678c2a6
100,C100-C1-58.xyz,https://nanotube.msu.edu/fullerene/C100/C100-C1-58.xyz,100,1,OK,5988,295a1e1763a9bd4cab9d1102ff4c665a010d3d3c5af9a6ca414969b235617b83
100,C100-C1-59.xyz,https://nanotube.msu.edu/fullerene/C100/C100-C1-59.xyz,100,1,OK,5988,3a39c2e41eb24e53d876eeb0bfab5d976de3d11058407dbee5eaef6f2496f351
100,C100-C1-6.xyz,https://nanotube.msu.edu/fullerene/C100/C100-C1-6.xyz,100,1,OK,5988,f8153b255f51f2c16ddbd5d14b8ea2327231d8807f0859d665281561baff9546
100,C100-C1-60.xyz,https://nanotube.msu.edu/fullerene/C100/C100-C1-60.xyz,100,1,OK,5988,94314dd06f874fbc58d7c82de043f0bd62e57cec46077e0b7d60e1f71bbebb95
100,C100-C1-61.xyz,https://nanotube.msu.edu/fullerene/C100/C100-C1-61.xyz,100,1,OK,5988,2c31f36f2e573f0bda9beb0f172af08671ace4e66d123f2fb1e6fd6316ddfa6d
100,C100-C1-62.xyz,https://nanotube.msu.edu/fullerene/C100/C100-C1-62.xyz,100,1,OK,5988,11d21b35fcb9043c570bd1e5e1f48e84c931081ed087652e20f91b746be3c609
100,C100-C1-63.xyz,https://nanotube.msu.edu/fullerene/C100/C100-C1-63.xyz,100,1,OK,5988,fd6c9d64911178cbb36dc961a59aaae2567f36cdec01eb36175a12d7c1c9617d
100,C100-C1-65.xyz,https://nanotube.msu.edu/fullerene/C100/C100-C1-65.xyz,100,1,OK,5988,70935f01c1e6bbb95592d3a2fd74f8a1a5060be020839c91f0e8041c436526ba
100,C100-C1-68.xyz,https://nanotube.msu.edu/fullerene/C100/C100-C1-68.xyz,100,1,OK,5988,2406ba41d628d80c9635fff69afeafaf489896b43c171ed0f5682aed2e232ece
100,C100-C1-69.xyz,https://nanotube.msu.edu/fullerene/C100/C100-C1-69.xyz,100,1,OK,5988,c7292e16ad23dd06e528194f8a88ea6185330d448f8ffb6b61a823aa54dbb9f3
100,C100-C1-7.xyz,https://nanotube.msu.edu/fullerene/C100/C100-C1-7.xyz,100,1,OK,5988,aa3b138197e7982b707d579365728a57b0d8c1b093019cc120d0a27f092d6ee8
100,C100-C1-70.xyz,https://nanotube.msu.edu/fullerene/C100/C100-C1-70.xyz,100,1,OK,5988,43f7f1070b32c369bfc6f8cb5b4d9c37715b5fc795798e215e41d0703eda9881
100,C100-C1-71.xyz,https://nanotube.msu.edu/fullerene/C100/C100-C1-71.xyz,100,1,OK,5988,2127fd088ed999e2959f1a52a9f3f4b20cd47f8d698a7eb1bf7fe440d82775e0
100,C100-C1-72.xyz,https://nanotube.msu.edu/fullerene/C100/C100-C1-72.xyz,100,1,OK,5988,bfdf512bad465199eb20cf7287ef441aa59b669e71640bf264573534a374b7e9
100,C100-C1-73.xyz,https://nanotube.msu.edu/fullerene/C100/C100-C1-73.xyz,100,1,OK,5988,27c5d2196256e1a78d349530341adc3d80b25f7885536078d15adc6b76379c32
100,C100-C1-74.xyz,https://nanotube.msu.edu/fullerene/C100/C100-C1-74.xyz,100,1,OK,5988,6f804d5fc7dd1456a08f4fb9cd25da3c9f7c2a35de2304b111f6f6780debd897
100,C100-C1-75.xyz,https://nanotube.msu.edu/fullerene/C100/C100-C1-75.xyz,100,1,OK,5988,2ef13cc6c545e8746c33b7a5d870932d9c7e2210cbdb29cdae118cae336bf6d7
100,C100-C1-76.xyz,https://nanotube.msu.edu/fullerene/C100/C100-C1-76.xyz,100,1,OK,5988,285410281a56b9d2d37d515b12b2f6a9b59fe60d6eed583fc6c87b303f92c673
100,C100-C1-77.xyz,https://nanotube.msu.edu/fullerene/C100/C100-C1-77.xyz,100,1,OK,5988,6a6fb5090a38b51e10282561674785a3c00c24127ab62cc24d9faa6e392b3b5d
100,C100-C1-78.xyz,https://nanotube.msu.edu/fullerene/C100/C100-C1-78.xyz,100,1,OK,5988,3a4feb5150aa2d88fc9743e67d098399f23fd33b733825aa86e9d638675215e9
100,C100-C1-79.xyz,https://nanotube.msu.edu/fullerene/C100/C100-C1-79.xyz,100,1,OK,5988,dd3b9f89e0b24ab408224d9966c8d2016aa90d06979ac98d56824839f7cf3a84
100,C100-C1-80.xyz,https://nanotube.msu.edu/fullerene/C100/C100-C1-80.xyz,100,1,OK,5988,647bb54c4a6d8bff6b1cd133d55be04d7b934677441ffb76a6718ad79dfb43d3
100,C100-C1-81.xyz,https://nanotube.msu.edu/fullerene/C100/C100-C1-81.xyz,100,1,OK,5988,666b96e8979710a24a7f533645300970c41145381987f39908821675d7871786
100,C100-C1-82.xyz,https://nanotube.msu.edu/fullerene/C100/C100-C1-82.xyz,100,1,OK,5988,c036047e0f220d684fc328f6641c8866588bd71d1a5b782f8f02dbade6e32b12
100,C100-C1-83.xyz,https://nanotube.msu.edu/fullerene/C100/C100-C1-83.xyz,100,1,OK,5988,7cec697769a8d2fd883650f12c91a5da6653d6db11e9b8e00447d18277bc5ca1
100,C100-C1-84.xyz,https://nanotube.msu.edu/fullerene/C100/C100-C1-84.xyz,100,1,OK,5988,4e78248884d17d60eba8633c1995b21db8f33fdeb69b65d3f6d870d7bdefa255
100,C100-C1-86.xyz,https://nanotube.msu.edu/fullerene/C100/C100-C1-86.xyz,100,1,OK,5988,11c183c4acd9f1da7a10af4fac4185b5e03782d4bb0cdc823073191f1caad535
100,C100-C1-87.xyz,https://nanotube.msu.edu/fullerene/C100/C100-C1-87.xyz,100,1,OK,5988,804c095478c693613e2735d404506b2738819ef6fa547a2e6d2a6a93fce54f77
100,C100-C1-88.xyz,https://nanotube.msu.edu/fullerene/C100/C100-C1-88.xyz,100,1,OK,5988,78b5829caf3d152663ec0628539f5a6800587d9a373a95e5f71b184f4b8d92ae
100,C100-C1-89.xyz,https://nanotube.msu.edu/fullerene/C100/C100-C1-89.xyz,100,1,OK,5988,b9b3d9f20af9aafbe60c7c9980c0d2597213387b26d7ed867a95e215ed7d0084
100,C100-C1-9.xyz,https://nanotube.msu.edu/fullerene/C100/C100-C1-9.xyz,100,1,OK,5988,12ed71228c47c5d1a2c748e0001b874bf4f737980291630d60fd6aaa1af8a51f
100,C100-C1-91.xyz,https://nanotube.msu.edu/fullerene/C100/C100-C1-91.xyz,100,1,OK,5988,55fb21442231df897443aebd3e33579b4abe60b08f56bc9ed49f81b177e9047a
100,C100-C1-92.xyz,https://nanotube.msu.edu/fullerene/C100/C100-C1-92.xyz,100,1,OK,5988,3c37b0be63d5fe7f7a2369d5e9d2e2223e09fb8ed3d6710ae8933c98456e6f1d
100,C100-C1-95.xyz,https://nanotube.msu.edu/fullerene/C100/C100-C1-95.xyz,100,1,OK,5988,cbb03cf83b6dd3abf37741e2c27ce9b999d83a256b6ccded18629541a617cb25
100,C100-C1-96.xyz,https://nanotube.msu.edu/fullerene/C100/C100-C1-96.xyz,100,1,OK,5988,58f5f4266e6c76775af358de2022a8aac832bcf3ca82ef00c37e3fccccf092f1
100,C100-C1-97.xyz,https://nanotube.msu.edu/fullerene/C100/C100-C1-97.xyz,100,1,OK,5988,796f6d41582957f1ef546b233b057cc4acf057327d27f1cc72a2fff0ffe6da1d
100,C100-C2-103.xyz,https://nanotube.msu.edu/fullerene/C100/C100-C2-103.xyz,100,1,OK,5988,493179aded4854ce2d40d2268833dceb4fb1362f077700b881bcbd2235a46e76
100,C100-C2-115.xyz,https://nanotube.msu.edu/fullerene/C100/C100-C2-115.xyz,100,1,OK,5988,d89aa9ecb51ab6b04f95a5b582ac4db2a9e35d1882bfdb96c2a390551398b840
100,C100-C2-117.xyz,https://nanotube.msu.edu/fullerene/C100/C100-C2-117.xyz,100,1,OK,5988,b445d9de6108babaedc9eb7e6b1b62f92f667d044d6a10a51c7c5459a1e8004d
100,C100-C2-13.xyz,https://nanotube.msu.edu/fullerene/C100/C100-C2-13.xyz,100,1,OK,5988,0bba923533f90554627e81774e2ba0c2b39f3552b4790f3b691c8f225b19f7ae
100,C100-C2-130.xyz,https://nanotube.msu.edu/fullerene/C100/C100-C2-130.xyz,100,1,OK,5988,484c638193cbf1ed49209c4d0610dd6e479f5d75165c35c15b1f4734f1b31ba0
100,C100-C2-132.xyz,https://nanotube.msu.edu/fullerene/C100/C100-C2-132.xyz,100,1,OK,5988,029ab45c43add06d3392943ff95074d4ed1523f0d3c2cf624a024b2c962fcfd7
100,C100-C2-139.xyz,https://nanotube.msu.edu/fullerene/C100/C100-C2-139.xyz,100,1,OK,5988,2956f8c71eab51d278a8e20798e349a59c8b5a514b453e2437f4b594cdd4d23f
100,C100-C2-142.xyz,https://nanotube.msu.edu/fullerene/C100/C100-C2-142.xyz,100,1,OK,5988,27b5e9f42d9bff60a0210066a73b1c45b413da0e9a491fd197f3be448a8a420c
100,C100-C2-149.xyz,https://nanotube.msu.edu/fullerene/C100/C100-C2-149.xyz,100,1,OK,5988,e13526b2980fa6f3a687375ff002ff26c33a312c24417c64757def25bc2a56cd
100,C100-C2-151.xyz,https://nanotube.msu.edu/fullerene/C100/C100-C2-151.xyz,100,1,OK,5988,98c0970bc72ac77893ce9bcd5d5a45b61a32ce17378ec1742aa0c5152080c72e
100,C100-C2-159.xyz,https://nanotube.msu.edu/fullerene/C100/C100-C2-159.xyz,100,1,OK,5988,0996c0f9bc157d047641f6f024ec4db4fe18458ccce7a1ee1425836c4c75f7e0
100,C100-C2-16.xyz,https://nanotube.msu.edu/fullerene/C100/C100-C2-16.xyz,100,1,OK,5988,3ddd5d41a0f4792552484713ddf13961ac1fead79553445a1042d58099e3643f
100,C100-C2-174.xyz,https://nanotube.msu.edu/fullerene/C100/C100-C2-174.xyz,100,1,OK,5988,aa13b062a38dc029a1d25e39abed98625891d4ac0a286232da640a2d795d03cc
100,C100-C2-18.xyz,https://nanotube.msu.edu/fullerene/C100/C100-C2-18.xyz,100,1,OK,5988,379dd9daf8d6dc14a56174184ca35843beaec3fd14219677ffc1e258d0acf1f7
100,C100-C2-190.xyz,https://nanotube.msu.edu/fullerene/C100/C100-C2-190.xyz,100,1,OK,5988,78981b6c5fb8e0341357baee12766cbce96702f6bd3ea8861579dc86dea216d2
100,C100-C2-212.xyz,https://nanotube.msu.edu/fullerene/C100/C100-C2-212.xyz,100,1,OK,5988,611ec76ee051558633e6ecfeff9bbe8002d1f032d18bc3d34237db77e270fee0
100,C100-C2-23.xyz,https://nanotube.msu.edu/fullerene/C100/C100-C2-23.xyz,100,1,OK,5988,21f17d519ea4c8b8c1c79b122b1eff419b93465641bbac813c59b0a197cd0489
100,C100-C2-271.xyz,https://nanotube.msu.edu/fullerene/C100/C100-C2-271.xyz,100,1,OK,5988,45cf869f5cf686ac81166cdd7524e71964b1cbbd991bfeccaa78b828e8c9625a
100,C100-C2-273.xyz,https://nanotube.msu.edu/fullerene/C100/C100-C2-273.xyz,100,1,OK,5988,1d043ab7426ce32a789845779ffaf4f9c59244feb817a7ae1b756fa4423c0ee1
100,C100-C2-293.xyz,https://nanotube.msu.edu/fullerene/C100/C100-C2-293.xyz,100,1,OK,5988,5c1d7674c67187feeab0290c4e7afd2cb92805f2b2ac9e7de7a4a72fdeca9360
100,C100-C2-304.xyz,https://nanotube.msu.edu/fullerene/C100/C100-C2-304.xyz,100,1,OK,5988,20e8140db7a07df05cf02a112c488fceaca2708e50c4edaaa0061a786a5a4b42
100,C100-C2-310.xyz,https://nanotube.msu.edu/fullerene/C100/C100-C2-310.xyz,100,1,OK,5988,fdf4f74c49059baefbe73b4c4413800bd00a0c7b19eb38be765046344533ad38
100,C100-C2-318.xyz,https://nanotube.msu.edu/fullerene/C100/C100-C2-318.xyz,100,1,OK,5988,51dfc77f2b5662c7673b70a4ea39137302fa9254a6523db49699eaa18e433373
100,C100-C2-326.xyz,https://nanotube.msu.edu/fullerene/C100/C100-C2-326.xyz,100,1,OK,5988,79f0e69f3d4a3240b3a422e11c9dbe0e93903df4d8f02948272294fac5170f83
100,C100-C2-330.xyz,https://nanotube.msu.edu/fullerene/C100/C100-C2-330.xyz,100,1,OK,5988,a93984c7660a2e2fea7f8a8effe1d1d4ad7449dac7c76f36427a0fb6815b9c24
100,C100-C2-338.xyz,https://nanotube.msu.edu/fullerene/C100/C100-C2-338.xyz,100,1,OK,5988,1da543cf2247490cb2328e354da6e4fb3611de5878b92d35ee8e5b04ce42143c
100,C100-C2-34.xyz,https://nanotube.msu.edu/fullerene/C100/C100-C2-34.xyz,100,1,OK,5988,0f80eddf2c8b735c656365d936224c38c6a486571d4bd3a06c1f5671b230dc05
100,C100-C2-343.xyz,https://nanotube.msu.edu/fullerene/C100/C100-C2-343.xyz,100,1,OK,5988,3c3096d6b2930ad169e9ca0af15046be4a7583cc65f418bc45a58908e02e80c0
100,C100-C2-35.xyz,https://nanotube.msu.edu/fullerene/C100/C100-C2-35.xyz,100,1,OK,5988,f5f391355f22d12d75ad4b6e380640b03a88b56a4c13ece75016e0db09e50912
100,C100-C2-350.xyz,https://nanotube.msu.edu/fullerene/C100/C100-C2-350.xyz,100,1,OK,5988,d690ce9a15d22f05ecce3e2ba96720caa75eab8d5116dcca445aa0971ed24c53
100,C100-C2-364.xyz,https://nanotube.msu.edu/fullerene/C100/C100-C2-364.xyz,100,1,OK,5988,07fecab09bdfbf4de2146c93777bc0ec9bf204421246b0be3ae5782f26767fa4
100,C100-C2-37.xyz,https://nanotube.msu.edu/fullerene/C100/C100-C2-37.xyz,100,1,OK,5988,e1c0b5a98d0595dd225a5f5458bf632e727eaa0643f2f091e9124b104df1eacc
100,C100-C2-372.xyz,https://nanotube.msu.edu/fullerene/C100/C100-C2-372.xyz,100,1,OK,5988,8dfc897454f806475baa073a9843e5a370faa56bebb47712c1c995bd966a6101
100,C100-C2-376.xyz,https://nanotube.msu.edu/fullerene/C100/C100-C2-376.xyz,100,1,OK,5988,db964c1030077069f56e02bfe244018eb239a85c74f6b1ac4965173481f7f089
100,C100-C2-378.xyz,https://nanotube.msu.edu/fullerene/C100/C100-C2-378.xyz,100,1,OK,5988,2748332c6b5361c92f6eccfe493e4c1ebc0216c086d2d3f39de831edbf4959dd
100,C100-C2-381.xyz,https://nanotube.msu.edu/fullerene/C100/C100-C2-381.xyz,100,1,OK,5988,d596717e3a4b548f1eb4a48aae0250ed2bad6352c764dbff111068aeb526b919
100,C100-C2-387.xyz,https://nanotube.msu.edu/fullerene/C100/C100-C2-387.xyz,100,1,OK,5988,0511860d8a2d8f7b25499cc58be58e5ebc95a686a4579658aa4358a835fddd10
100,C100-C2-392.xyz,https://nanotube.msu.edu/fullerene/C100/C100-C2-392.xyz,100,1,OK,5988,efda7aff56a844af0322248c4fe59467215f82a1d229055e9a0cf2314bb2ca88
100,C100-C2-396.xyz,https://nanotube.msu.edu/fullerene/C100/C100-C2-396.xyz,100,1,OK,5988,ad91f17dc00bfc7b833c90e6514dc819ec099d69a620a146885e9c24448156da
100,C100-C2-4.xyz,https://nanotube.msu.edu/fullerene/C100/C100-C2-4.xyz,100,1,OK,5988,a58aea73ebba78d14e19986efbc06cb7861e78fe32f2b67ffee2c87af38a8921
100,C100-C2-401.xyz,https://nanotube.msu.edu/fullerene/C100/C100-C2-401.xyz,100,1,OK,5988,7e1d3955de30b79faceeb3c0e0cfd63736413541c855d98b96f4ad419053d2ec
100,C100-C2-402.xyz,https://nanotube.msu.edu/fullerene/C100/C100-C2-402.xyz,100,1,OK,5988,0be39ef6346728df064fc3f1f743108da6b3d74f95908fe0cf87b9d9a4ec636c
100,C100-C2-41.xyz,https://nanotube.msu.edu/fullerene/C100/C100-C2-41.xyz,100,1,OK,5988,4370adda4b6046258c7042ebf0493acf0f05fbd40443fe5e9cf8ef890f8198ac
100,C100-C2-411.xyz,https://nanotube.msu.edu/fullerene/C100/C100-C2-411.xyz,100,1,OK,5988,f0d07508e1c41dcb7d681de3d9c74446da1a22330766f0006325828f9b24cfde
100,C100-C2-413.xyz,https://nanotube.msu.edu/fullerene/C100/C100-C2-413.xyz,100,1,OK,5988,45128f45d9c0d5168cadb825b1d8e9c0f18e9be0e06acaf4a5834673163c7b26
100,C100-C2-421.xyz,https://nanotube.msu.edu/fullerene/C100/C100-C2-421.xyz,100,1,OK,5988,91366ee8b0dbe71a7b2601042faf8288300772258d1bfed45175029e42fcc85a
100,C100-C2-422.xyz,https://nanotube.msu.edu/fullerene/C100/C100-C2-422.xyz,100,1,OK,5988,373be9b1d5f50f1f350128afd9c14d6fd7e8a0a11a358210df78268f5a289345
100,C100-C2-429.xyz,https://nanotube.msu.edu/fullerene/C100/C100-C2-429.xyz,100,1,OK,5988,399074dd8c412b5d09136b55a06c40f52a1546b8fd8aad410d92f235540b9d4d
100,C100-C2-430.xyz,https://nanotube.msu.edu/fullerene/C100/C100-C2-430.xyz,100,1,OK,5988,eeee67e55b29f4278ec7006563b78f01c9680f2187a12edd20256296096a1406
100,C100-C2-433.xyz,https://nanotube.msu.edu/fullerene/C100/C100-C2-433.xyz,100,1,OK,5988,981e878e02264f2056981774581d45b78d85a0c70f2aecd4327141a7bfc8e60c
100,C100-C2-435.xyz,https://nanotube.msu.edu/fullerene/C100/C100-C2-435.xyz,100,1,OK,5988,c6797883c04af84fde3aa33ed0898ed7c51e0b3e58be06de57cd04387efb0f6f
100,C100-C2-439.xyz,https://nanotube.msu.edu/fullerene/C100/C100-C2-439.xyz,100,1,OK,5988,658f6e3cf9f122ab961245dfcd723660da2e18505a4848d163e86f6d8da57038
100,C100-C2-440.xyz,https://nanotube.msu.edu/fullerene/C100/C100-C2-440.xyz,100,1,OK,5988,0fcb002c314e490b4508f46438d919451f0ac79a697a0389bd9d1a484242be15
100,C100-C2-442.xyz,https://nanotube.msu.edu/fullerene/C100/C100-C2-442.xyz,100,1,OK,5988,d641c8f4d9855fd51a92eda4c23d714a98a6503768f9784a8188b6b83ab86fbe
100,C100-C2-443.xyz,https://nanotube.msu.edu/fullerene/C100/C100-C2-443.xyz,100,1,OK,5988,88992523f8b0a74ebe3c5f1ad4e5b7d1847864a7c5fcd1f97d6c556c56a24eb9
100,C100-C2-446.xyz,https://nanotube.msu.edu/fullerene/C100/C100-C2-446.xyz,100,1,OK,5988,c82deab3cb663e0b9c5a37217e6521bfb5e69b55c203572a6472dfa035d0352b
100,C100-C2-448.xyz,https://nanotube.msu.edu/fullerene/C100/C100-C2-448.xyz,100,1,OK,5988,56a941d69b61181cc58560a92f530ffba0a194260073d63ec1a9693dd1043e94
100,C100-C2-5.xyz,https://nanotube.msu.edu/fullerene/C100/C100-C2-5.xyz,100,1,OK,5988,1810b815fb72ab77ee9978f4004fe333c28aa1b4410fb41259bbf728e48a0e9e
100,C100-C2-66.xyz,https://nanotube.msu.edu/fullerene/C100/C100-C2-66.xyz,100,1,OK,5988,306fb20b38aad90e7ffd60433a6cc9c20032d35e5737346cc5ad9314bbf67283
100,C100-C2-8.xyz,https://nanotube.msu.edu/fullerene/C100/C100-C2-8.xyz,100,1,OK,5988,8fda1064bb230cae520b705a88158bc593580b27bbc26b9c9505f9c6bb58cd03
100,C100-C2-98.xyz,https://nanotube.msu.edu/fullerene/C100/C100-C2-98.xyz,100,1,OK,5988,e1abfdd43b34e7466bc27b2f5c0e7422889ca6de050e0a3b3d285a4926d06bf8
100,C100-C2-99.xyz,https://nanotube.msu.edu/fullerene/C100/C100-C2-99.xyz,100,1,OK,5988,ffded886b0aee2f9553ea886b1ce019ea4b157f8f7e21d5244dcf730899350dc
100,C100-C2v-295.xyz,https://nanotube.msu.edu/fullerene/C100/C100-C2v-295.xyz,100,1,OK,5988,c70779e1e7fc4de5d0984ea22716f8e61d1889ec67f2564a8bdd443c2b377fa2
100,C100-C2v-347.xyz,https://nanotube.msu.edu/fullerene/C100/C100-C2v-347.xyz,100,1,OK,5988,44476ccf67bab5fd42a2303540f73d476b1b01774fc2d5c52be6514c4f0142c4
100,C100-C2v-36.xyz,https://nanotube.msu.edu/fullerene/C100/C100-C2v-36.xyz,100,1,OK,5988,96504fca1ad97dc252a4fc04fb3ddb32cbeadbdb067ddb02c15392340ace1eb3
100,C100-C2v-417.xyz,https://nanotube.msu.edu/fullerene/C100/C100-C2v-417.xyz,100,1,OK,5988,76d61d3008aa80c72759ed7a3b17401f7631da4c42e4089d9ec7d6fabc48fd9d
100,C100-C2v-94.xyz,https://nanotube.msu.edu/fullerene/C100/C100-C2v-94.xyz,100,1,OK,5988,af3d7863fc4a01eb1b606edcb132945f693927b69fbff2084b29462c14578bd1
100,C100-C3-221.xyz,https://nanotube.msu.edu/fullerene/C100/C100-C3-221.xyz,100,1,OK,5988,21e726ae76a9bb0bb42360fb14ea72ebbf89b6e5d577de263c61a119b40e6b83
100,C100-C3-266.xyz,https://nanotube.msu.edu/fullerene/C100/C100-C3-266.xyz,100,1,OK,5988,83ba600264a430e5d8a1cd4bcf20779b5f551e89f53a6c8867e37b116f963931
100,C100-C3-322.xyz,https://nanotube.msu.edu/fullerene/C100/C100-C3-322.xyz,100,1,OK,5988,d3d42a7155f82d2bd201f2c2c2de27402e604b7fe56ba77fae787b08687772ab
100,C100-Cs-126.xyz,https://nanotube.msu.edu/fullerene/C100/C100-Cs-126.xyz,100,1,OK,5988,2d649d57f2691de704ee019023469585ea20c955ee009e4c133450e91e49caa4
100,C100-Cs-127.xyz,https://nanotube.msu.edu/fullerene/C100/C100-Cs-127.xyz,100,1,OK,5988,870f6de279401f04ab012ae85422943d0153e6ad9febd1703b36b0379139b7f5
100,C100-Cs-14.xyz,https://nanotube.msu.edu/fullerene/C100/C100-Cs-14.xyz,100,1,OK,5988,39760deda048185cffd70fe931fd21e263003e36c3327578186c5161c444988c
100,C100-Cs-15.xyz,https://nanotube.msu.edu/fullerene/C100/C100-Cs-15.xyz,100,1,OK,5988,92acf6deb6cc6ea511f38eac0f259f6fbda535e3f66a7c55614e1942ff2273df
100,C100-Cs-150.xyz,https://nanotube.msu.edu/fullerene/C100/C100-Cs-150.xyz,100,1,OK,5988,379bd1bab8727d22334930bae9353cacf1990e59a687b591f207df22c2e5e3b6
100,C100-Cs-208.xyz,https://nanotube.msu.edu/fullerene/C100/C100-Cs-208.xyz,100,1,OK,5988,9d035169fdbc3de5fac7f4f7fa59b3b5ef42f4ca6136f7c1dd50a6b34ee687e4
100,C100-Cs-209.xyz,https://nanotube.msu.edu/fullerene/C100/C100-Cs-209.xyz,100,1,OK,5988,4fb5d9e44351973b80319e4be34e2266225fc58c8140aa29022026faf06b7ed1
100,C100-Cs-244.xyz,https://nanotube.msu.edu/fullerene/C100/C100-Cs-244.xyz,100,1,OK,5988,35adb7bf6c5f6cdd70f7f4460f42d70d12d3d5e9b2b8eca435e7d74e6ebb0d18
100,C100-Cs-25.xyz,https://nanotube.msu.edu/fullerene/C100/C100-Cs-25.xyz,100,1,OK,5988,da366a55ce431bbb6d05552d3a1c8a57bcc2df6230492a30b51a82ab7770b743
100,C100-Cs-252.xyz,https://nanotube.msu.edu/fullerene/C100/C100-Cs-252.xyz,100,1,OK,5988,413b9811d69843e7b164a279544fdb0890b42ee6161193f3037302f4ea60aaa9
100,C100-Cs-285.xyz,https://nanotube.msu.edu/fullerene/C100/C100-Cs-285.xyz,100,1,OK,5988,fa097f5620c13f7a01380f663c241fcc116774221c956a4f5368e6bcb08d8495
100,C100-Cs-287.xyz,https://nanotube.msu.edu/fullerene/C100/C100-Cs-287.xyz,100,1,OK,5988,a0d3c02d56a13f29d437d090ffd51cdb2665d1ca8b56436c646566774d667ad7
100,C100-Cs-290.xyz,https://nanotube.msu.edu/fullerene/C100/C100-Cs-290.xyz,100,1,OK,5988,317b1afb89e28fb3733893c718b6db225a79c760fb2727f53c333c1ae396f167
100,C100-Cs-291.xyz,https://nanotube.msu.edu/fullerene/C100/C100-Cs-291.xyz,100,1,OK,5988,a56abe099b4f830b4e08203339ac41ce150aa39604ebabc2bc3574d0efcf7cb1
100,C100-Cs-294.xyz,https://nanotube.msu.edu/fullerene/C100/C100-Cs-294.xyz,100,1,OK,5988,0e0f0deb2fa759812f7a5cc84c6c518e76f16253fc45f57e6b35dfae5fbb096e
100,C100-Cs-319.xyz,https://nanotube.msu.edu/fullerene/C100/C100-Cs-319.xyz,100,1,OK,5988,9df22e2815da28b1d7f9c2f7a1790bcdde7ed245ee75b152b5b497f0478da4aa
100,C100-Cs-345.xyz,https://nanotube.msu.edu/fullerene/C100/C100-Cs-345.xyz,100,1,OK,5988,f10d934a74190018260461ee0dbc56a47b633e5cc61140a0036154ebf44a66f7
100,C100-Cs-354.xyz,https://nanotube.msu.edu/fullerene/C100/C100-Cs-354.xyz,100,1,OK,5988,2501c12381db60d6d8459701ae16c59f1f09d586af1f12b0fb45d3782f3df371
100,C100-Cs-356.xyz,https://nanotube.msu.edu/fullerene/C100/C100-Cs-356.xyz,100,1,OK,5988,bc79e38ce6f7fdbee2961e20617cbbee3db0b6d98c064966cb49c0a38410a0fe
100,C100-Cs-38.xyz,https://nanotube.msu.edu/fullerene/C100/C100-Cs-38.xyz,100,1,OK,5988,cb9be0f79782f9c7530891b010d04235fa889f4997002dd4670cb40e18a8f8e7
100,C100-Cs-388.xyz,https://nanotube.msu.edu/fullerene/C100/C100-Cs-388.xyz,100,1,OK,5988,7a5312bd5cdc3f6c97a013433a06ad2011b2a453341e4412fef6d32366da4d6c
100,C100-Cs-39.xyz,https://nanotube.msu.edu/fullerene/C100/C100-Cs-39.xyz,100,1,OK,5988,4ecaa4ff81fcdcce5820ef4ddee37b4645afb92f3ce275b66905d4ae80fa90d4
100,C100-Cs-394.xyz,https://nanotube.msu.edu/fullerene/C100/C100-Cs-394.xyz,100,1,OK,5988,958d59e7cdd854beaf9d990cd9d4478c3776d31eab82ac4ff8a59c42fd78469e
100,C100-Cs-414.xyz,https://nanotube.msu.edu/fullerene/C100/C100-Cs-414.xyz,100,1,OK,5988,3abf2c83f84576757e2839f55373a3318861480d2de0e89a2c5d8192a63efa8b
100,C100-Cs-444.xyz,https://nanotube.msu.edu/fullerene/C100/C100-Cs-444.xyz,100,1,OK,5988,38b1be926ab72d124cd4965b15522dfe6f23cfe94a9f652ed48e411c738bf6c4
100,C100-Cs-447.xyz,https://nanotube.msu.edu/fullerene/C100/C100-Cs-447.xyz,100,1,OK,5988,e0b7e1b1e566aa0efa5fdafa1cfceaae16c42c59cf1d7c4e8d4fe9c910883a9b
100,C100-Cs-48.xyz,https://nanotube.msu.edu/fullerene/C100/C100-Cs-48.xyz,100,1,OK,5988,b9b39987557d958832468d900cb77ab2f18225e391fa56b39bf7a6b8908e8d60
100,C100-Cs-64.xyz,https://nanotube.msu.edu/fullerene/C100/C100-Cs-64.xyz,100,1,OK,5988,73fdd6199409ddbe9e13e21880753d0edb96413dd894b0d55bb749a823f6d0b0
100,C100-Cs-85.xyz,https://nanotube.msu.edu/fullerene/C100/C100-Cs-85.xyz,100,1,OK,5988,621fd454141a0a07379d55a9615abd4f835ae311691a24d3c12c970137749ef1
100,C100-Cs-90.xyz,https://nanotube.msu.edu/fullerene/C100/C100-Cs-90.xyz,100,1,OK,5988,0db808cba73bf68647f332edacd649d1ff49d20b2e1539b35b8da259072086d4
100,C100-Cs-93.xyz,https://nanotube.msu.edu/fullerene/C100/C100-Cs-93.xyz,100,1,OK,5988,d9521d024cfbd174d1a8042413b0e811ffadf8ea4d2c3cf7e4df4e5e6dda7990
100,C100-D2-2.xyz,https://nanotube.msu.edu/fullerene/C100/C100-D2-2.xyz,100,1,OK,5988,1d169a6676118209c71dfc68cdddb3d5e57b8f9c1eeb1c907b3fc0fb7b06523c
100,C100-D2-390.xyz,https://nanotube.msu.edu/fullerene/C100/C100-D2-390.xyz,100,1,OK,5988,826dc0673c14070c398606fcd5fa88069eff404f8226bd7e4fb0e7e0b79565bc
100,C100-D2-406.xyz,https://nanotube.msu.edu/fullerene/C100/C100-D2-406.xyz,100,1,OK,5988,fcc8cafbc418ff6825842ae34395f663d46b050522d2d01cf20a12497bde711d
100,C100-D2-431.xyz,https://nanotube.msu.edu/fullerene/C100/C100-D2-431.xyz,100,1,OK,5988,84b513ef1a363e53b0d8a9f2a6957a9f651316346f9f9e18a863a2bd1a254c6e
100,C100-D2-432.xyz,https://nanotube.msu.edu/fullerene/C100/C100-D2-432.xyz,100,1,OK,5988,1b507b2e228a5cae5843687e9c5164ca28aea882be07189f873f44dbf149c174
100,C100-D2-438.xyz,https://nanotube.msu.edu/fullerene/C100/C100-D2-438.xyz,100,1,OK,5988,482697e2d8cc4514005a4ccb13f604b9e7f8d0ad797ae5c08f4ecee04aec1824
100,C100-D2-445.xyz,https://nanotube.msu.edu/fullerene/C100/C100-D2-445.xyz,100,1,OK,5988,5f592262de017d5dc1c3a147212fed74f30feffa21528fb0c8cb885a8c0c5829
100,C100-D2-449.xyz,https://nanotube.msu.edu/fullerene/C100/C100-D2-449.xyz,100,1,OK,5988,10a6596e7601d92d063b74f3eb8231b4ceea0801428dbea9bd438fac58ac8a3e
100,C100-D2-67.xyz,https://nanotube.msu.edu/fullerene/C100/C100-D2-67.xyz,100,1,OK,5988,129f7f20616f3a588b612f43c24245daf774131f0bf82a20dd857a78ef859d6d
100,C100-D2d-395.xyz,https://nanotube.msu.edu/fullerene/C100/C100-D2d-395.xyz,100,1,OK,5988,d1f8bb6163d8c3ce55b2e0632b66800491f3a9d61b71fde7896776e2149ab07e
100,C100-D5-450.xyz,https://nanotube.msu.edu/fullerene/C100/C100-D5-450.xyz,100,1,OK,5988,b8e88130ff3295fc406203ae5c4c5295b342f516621dff73f878621f620fa2b4
100,C100-D5d-1.xyz,https://nanotube.msu.edu/fullerene/C100/C100-D5d-1.xyz,100,1,OK,5988,2ef967ccea66b977eda20da9bfdab679bbbb3c12add2aae35ba86a3f0a8e3c81
100,C100-T-321.xyz,https://nanotube.msu.edu/fullerene/C100/C100-T-321.xyz,100,1,OK,5988,64c6a73bc62c880da96bc9cd615f45bd9fa76897574c31b5e1d8d9043c03101f
180,C180-0.xyz,https://nanotube.msu.edu/fullerene/C180/C180-0.xyz,180,1,OK,10708,b58d673aa20a7fe74f75f5b21dacc5a8b8cd161da37822f1a18801f8ca6923b9
240,C240-0.xyz,https://nanotube.msu.edu/fullerene/C240/C240-0.xyz,240,1,OK,14248,b7d21e2d945202c5fdb16752ac0b384575ea2bfbc89d227d5305f47d15a38b96
260,C260-0.xyz,https://nanotube.msu.edu/fullerene/C260/C260-0.xyz,260,1,OK,15428,f802eb0dc1d2f0a56eab1d1e2537b2d512116ee1d9792077d0be0765decf9cd6
320,C320-0.xyz,https://nanotube.msu.edu/fullerene/C320/C320-0.xyz,320,1,OK,18968,e137ce6dded42d0904b8167da917aec41e47409a882201c0f7ad2207c599de2c
500,C500-0.xyz,https://nanotube.msu.edu/fullerene/C500/C500-0.xyz,500,1,OK,29588,cd964bb1a7c5d414f0da0d8172508504ae5e5261dda3bc05aa1ca2f11e030ffb
540,C540-0.xyz,https://nanotube.msu.edu/fullerene/C540/C540-0.xyz,540,1,OK,31948,c0d8f1a00f4aef9813b06d4e659461d29ad77a0652ae59a54d1583349635a60a
720,C720-0.xyz,https://nanotube.msu.edu/fullerene/C720/C720-0.xyz,720,1,OK,42568,ba2f9a412156e9ade6ec59002a371c95022cdc42337b2b784db8cf0dd37f0061
