C,filename,name,symmetry,isomer_id,n_atoms,n_edges,components,deg_min,deg_max,deg_mean,bond_mean,bond_std,bond_min,bond_max,r_mean,r_std,r_min,r_max,rg,rg2,gyr_e1,gyr_e2,gyr_e3,asphericity,pentagons_expected,hexagons_expected,bytes,sha256
20,C20-Ih.xyz,C20-Ih,Ih,,20,30,1,3,3,3.0,1.3914339988883309,0.005049924517149345,1.3826860308833673,1.4037835873096678,1.9494896952042609,0.019197653955555435,1.913823950596031,1.980969188522376,1.9495842176282103,3.800878621625001,1.2909415861356686,1.2686602844372716,1.2412767510520604,0.00012850393958243746,12,0,1268,b1aa005331f0df9bcf5360693d1202282bda01034e3f08649b480e99c44c9d44
24,C24-D6d.xyz,C24-D6d,D6d,,24,36,1,3,3,3.0,1.3919961561588097,0.008107463309847135,1.374548507692617,1.4066527858714815,2.157669502258235,0.19056352482427064,1.944143708666599,2.391195593550344,2.166068359486549,4.691852137968749,1.8634244076980089,1.808801282313812,1.0196264479569281,0.03038537785729453,12,2,1504,af3a93f1bdb8fda1c9c26f41cf703fa58ea30ce6410c7a114096c1c2b96fc03e
26,C26-D3h.xyz,C26-D3h,D3h,,26,39,1,3,3,3.0,1.3908079770207442,0.009649725867170259,1.3654388488687437,1.4086390346714093,2.2487142304897354,0.1426391391968821,2.0320621352990114,2.5608583430667218,2.253233590739733,5.077061614437871,2.1516829492398224,1.5084533877391544,1.416925277458894,0.018660183906568623,12,3,1622,518a7ed688262405051a7bbdfa49af0255ad69b6ba3f4bd4ee4307373f190225
28,C28-D2.xyz,C28-D2,D2,,28,42,1,3,3,3.0,1.3905139543497187,0.019897401042158643,1.3515583931151474,1.4283354017876893,2.3433001259348543,0.19609542234877228,1.966527983015928,2.6895667554962097,2.3514907813709263,5.52950889487245,2.423217419869017,1.8124915547299434,1.293799920273489,0.03135865236156974,12,4,1740,e5888e7218b874a6c76c581a7deb19f1e3e69edd671b796370f2ad7a48c51c93
28,C28-Td.xyz,C28-Td,Td,,28,42,1,3,3,3.0,1.4200313882054825,2.5806441687454247e-05,1.419995684042737,1.4201074990647715,2.377077373945833,0.09764197775841588,2.321345661420008,2.614906682019851,2.379081923252285,5.660030797545792,1.8878401382771395,1.8865840225718638,1.8856066366967883,1.173937318094675e-07,12,4,1740,ab5a5e02399d037c5eb29493da7526f85d619dbdfed9dbdfddc7127ea2d011a5
30,C30-C2v-2.xyz,C30-C2v-2,C2v,2,30,45,1,3,3,3.0,1.3904585701510557,0.017180642341288136,1.356723310037828,1.4222261177464013,2.4279949459514607,0.2204582483292128,2.120760833249342,2.8311976638596685,2.4379830386658194,5.943761296822222,2.6765082391250123,1.8334558645215544,1.4337971931756552,0.03417649895646404,12,5,1858,b62471219c101722b44a05313346e0e67141775a46377eb7fc88281597445bd4
30,C30-C2v-3.xyz,C30-C2v-3,C2v,3,30,45,1,3,3,3.0,1.3900869917389476,0.017694388889222253,1.3324798347442262,1.4250521008019321,2.421192763619987,0.1374805801833255,2.116664617458326,2.6338400743907493,2.425092845342902,5.881075308533332,2.2186172468784258,2.1417077946847978,1.5207502669701087,0.01270015393593471,12,5,1858,73efc3726d8a23ca1e8ef2fc5b804a08227da993fc56e0bee1c597352d14ca65
30,C30-D5h-1.xyz,C30-D5h-1,D5h,1,30,45,1,3,3,3.0,1.39090862660839,0.015092131273015664,1.3645698113324944,1.413539734142624,2.4428569236504227,0.3113352294658054,2.0960594166514777,2.895097799061948,2.4626164083213067,6.064479574533333,3.114465282704535,1.4971751938111144,1.452839098017684,0.07312261805516511,12,5,1858,89bf14129d71daa09e836f667af59826d22c2cbd5b9d2971d111df9f5ff13560
32,C32-C2-1.xyz,C32-C2-1,C2,1,32,48,1,3,3,3.0,1.39018774522006,0.019972317257443004,1.349036563626057,1.4389041976448607,2.514053129785509,0.25689306408972024,2.155203849955563,3.023993134890237,2.527144076969439,6.386457185761718,3.002992231744334,1.8236603521711778,1.5598046018462066,0.04343600135623493,12,6,1976,92e76203b736b97f4a0d5e03a047bbe7f3f3ecc5dd8271aebf63fe2860ace086
32,C32-C2-4.xyz,C32-C2-4,C2,4,32,48,1,3,3,3.0,1.389804640897313,0.023141875254417077,1.3386531925782719,1.438754999991312,2.5060380614379367,0.17490973329168485,2.2018334046197086,2.863022829078423,2.5121345863977473,6.3108201801757815,2.5748604541213114,2.177197574234705,1.5587621518197654,0.019748858415614676,12,6,1976,a20d133799b83415948a39acd092e102d8e587b3b997c2457b5ed5c72948c38f
32,C32-D2-2.xyz,C32-D2-2,D2,2,32,48,1,3,3,3.0,1.390362220490184,0.020672798156146553,1.3458908833928551,1.4332434336148205,2.5224318933088785,0.3059937635397483,2.110300724788524,3.099773662147443,2.5409240129738304,6.456294839707034,3.2435934294310518,1.6648574685859001,1.547843941690082,0.06455353250459689,12,6,1976,db12f2293b4f9e39b56a64c21b01293f0bbc04e272ebf299ba925324a4c492e5
32,C32-D3-6.xyz,C32-D3-6,D3,6,32,48,1,3,3,3.0,1.3899431580786255,0.01609181397740862,1.3653105470917595,1.4262082316408078,2.503332697276222,0.15279386443660836,2.3131740614604173,2.82457949345797,2.5079913393514177,6.290020558261718,2.621324932422219,1.8495873591699887,1.8191082666695102,0.015671420932984285,12,6,1976,bb6c9ea46c1df1e5e42f72a73b470b52e206febaf2e47e2581edc84eec97abc3
32,C32-D3d-3.xyz,C32-D3d-3,D3d,3,32,48,1,3,3,3.0,1.390786896124533,0.018546444671518635,1.36018446910704,1.4350851960772226,2.527961326897563,0.34099587517746566,2.098051525674421,3.2565552949028467,2.550856063594678,6.506866657177735,3.3959023790266993,1.6094979577071975,1.5014663204438377,0.08020677449165148,12,6,1976,c723c1862cc840d1937120f9d680d8947bb1aad61db5f192cf11bb92401e679c
32,C32-D3h-5.xyz,C32-D3h-5,D3h,5,32,48,1,3,3,3.0,1.3899498306833085,0.03265502220346683,1.3234476415786154,1.4528374513344566,2.515906409367139,0.25685153930022814,1.9064748400521716,2.894687463289768,2.5289835456039538,6.3957577739355465,2.5706585221325122,2.5509268232285294,1.2741724285745046,0.04047560484384646,12,6,1976,3ed2d98c7fcde9ab56cdf952d356b631ae937d470b0d41a41a98d4e8e7bdabee
34,C34-C2-1.xyz,C34-C2-1,C2,1,34,51,1,3,3,3.0,1.390217665385083,0.02587685975648431,1.3413959221646679,1.4420880763670436,2.602037067886858,0.32398488338362647,2.0535725735981676,3.1761150181572475,2.622129498579035,6.875563107318341,3.400090535716604,2.049212294221321,1.4262602773804165,0.06461298803413888,12,7,2094,befafc3593e5f1feabffa4d3bb9f59dad3ab926c3d64ee6d7ae61be11e94c69a
34,C34-C2-4.xyz,C34-C2-4,C2,4,34,51,1,3,3,3.0,1.3896336102901015,0.022036723697385473,1.3365988029322786,1.4357230930788847,2.5857707794444775,0.19204686559429354,2.3246062409637642,3.007086721533285,2.592892693964309,6.723092522413493,2.880741738052176,2.0195915967474045,1.8227591876139133,0.021013835975714212,12,7,2094,5361f6fff077d8cbfeab9b98473f78094af41bbbe5f96e6e7ce80ec60173bdf3
34,C34-C2-5.xyz,C34-C2-5,C2,5,34,51,1,3,3,3.0,1.3897248549034478,0.01945885596214402,1.3502778454821807,1.4378815632728585,2.5835110784154667,0.16810582115936773,2.3093180389475703,2.886656520706622,2.588974518878684,6.702789059403113,2.7562822182768243,2.163423515505129,1.7830833256211591,0.016062100087052455,12,7,2094,37695282ee8be988954f601327aa6f5b18e7e7a2ef7d93cc99728bbd8f784eb9
34,C34-C3v-6.xyz,C34-C3v-6,C3v,6,34,51,1,3,3,3.0,1.3897258361735163,0.025338590990608766,1.3495094442055604,1.4496679240432961,2.588070108426703,0.2063144825730997,2.147875522854665,2.87810739711451,2.5962805225651584,6.740672551851211,2.6173787696035813,2.590425086929931,1.5328686953176984,0.025258390447044463,12,7,2094,599947d51de3cbd7d4c6765b7a3a61ccb5c703270988754940e1ddd50080e980
34,C34-Cs-2.xyz,C34-Cs-2,Cs,2,34,51,1,3,3,3.0,1.3899049614527852,0.018260476217163146,1.34958721466973,1.4349419604987512,2.5890099663699755,0.22922861768700448,2.3066897461870246,3.1332417462523505,2.5991380042486694,6.755518365129757,3.057350920207316,1.8995642653988842,1.7986031795235566,0.032157099812102644,12,7,2094,8293c281a7fd70a1663df04fd820439064bf4f70a96a1f06311fa77834f3b1b6
34,C34-Cs-3.xyz,C34-Cs-3,Cs,3,34,51,1,3,3,3.0,1.389825170503295,0.024516963798946998,1.3390979165094687,1.450519272536563,2.5906770658245146,0.24158978450244187,2.1360550888990244,3.068069488991735,2.601917232228007,6.769973283365051,3.031411652286444,2.1844679610649336,1.5540936700136732,0.03596957433540055,12,7,2094,1de76f50c7aebab332607fdde0c8600f46b0b775321eb5bac7a3ae6bc9fd4b6c
36,C36-C1-3.xyz,C36-C1-3,C1,3,36,54,1,3,3,3.0,1.3898136352007482,0.024017855296508638,1.3328401592088979,1.4411004614529828,2.673697111624628,0.30048416751547413,2.1644584243270724,3.293482984551358,2.6905291263313513,7.238946979637344,3.4608291876381956,2.138830376326849,1.6392874156722996,0.05071564644940099,12,8,2212,34746e29101b33cf31c949559516d1207d82d9dbc28894de9880456773545efb
36,C36-C1-7.xyz,C36-C1-7,C1,7,36,54,1,3,3,3.0,1.3895702934348788,0.0254156041958049,1.3398070532729702,1.4477769545064598,2.665607440747678,0.23689713991857925,2.236726763409253,3.2076874087860503,2.676113466030727,7.161583283070989,3.1763078820261383,2.232726448021716,1.752548953023134,0.03068933230674153,12,8,2212,4eeb100e6d213f05cae7c3dd35db2b0620ad91c2e5faa7a29f4c27ac2b2943ba
36,C36-C2-1.xyz,C36-C2-1,C2,1,36,54,1,3,3,3.0,1.3903625502628638,0.02219966492634513,1.3576314153701659,1.434015080115966,2.6859604950305185,0.3847113942915615,2.1328167411023724,3.4002770775194664,2.713371820772514,7.362386637762347,3.8722120195689342,1.9393455528278463,1.5508290653655659,0.08556204837485434,12,8,2212,17663cca000e04d2f05ded10c4e83b942a6e0a93f1e737f63a1d30f7d668708a
36,C36-C2-10.xyz,C36-C2-10,C2,10,36,54,1,3,3,3.0,1.3895651653187624,0.02823354714685042,1.3366531674297564,1.4481103341941872,2.666635924529322,0.23917908860583334,2.2209164450051793,3.037647829530277,2.6773408058027774,7.168153790416665,3.096211140121799,2.4523432065133735,1.6195994437814925,0.03199936506729357,12,8,2212,6f395469ac0d72f31b59e2ea5bb2a9d36f13b0fe3b782366b679ad0741022e33
36,C36-C2-11.xyz,C36-C2-11,C2,11,36,54,1,3,3,3.0,1.3896588774448138,0.02132612912049247,1.3497719733347557,1.4399840624118034,2.662703318980057,0.21448651506935917,2.2943765974179833,3.06937552772934,2.6713280274152056,7.135993430054013,3.0803109063157255,2.259082442803576,1.7966000809347118,0.02490278832368789,12,8,2212,91a7bee34f2c65677278c32b39ae1755f6fe8e7c11046eb4e8f698f9d200dab9
36,C36-C2-12.xyz,C36-C2-12,C2,12,36,54,1,3,3,3.0,1.3893403886691744,0.023853405797545166,1.3369325375650036,1.4434359182173624,2.6583647928434635,0.14084567461472033,2.4460488840739307,2.904571403160387,2.6620933259161568,7.086740875887345,2.80724399806214,2.2369698772983817,2.0425270005268223,0.009436249548333287,12,8,2212,6add1919f96e6ef7ac6d222d37a85aa5c2352bd9409bec402b71267a33f51468
36,C36-C2v-9.xyz,C36-C2v-9,C2v,9,36,54,1,3,3,3.0,1.3893738294705618,0.02155607976647407,1.3328648431105083,1.4430347362416474,2.6573557024471315,0.12061578734262565,2.502028231647252,3.004255209932126,2.660091633287201,7.0760874974845684,2.716525671655972,2.2240165506343454,2.135545275194251,0.0058709677693548415,12,8,2212,ed1d6eae55c469dd2a47d3e3beef634d6a26c978217c21e7aa366227bf0943bc
36,C36-Cs-4.xyz,C36-Cs-4,Cs,4,36,54,1,3,3,3.0,1.389752396671369,0.02765206143746592,1.3257483697896821,1.442126339819088,2.675524605437202,0.3123657696373837,2.150600478740519,3.337906254882119,2.6936971411688155,7.25600428834105,3.4759325238522703,2.1994524227838776,1.5806193417049015,0.053225172434757,12,8,2212,b11b40c6a762eac451af506f36d6b327092d6d19413dde4f880f67c297dc063b
36,C36-Cs-8.xyz,C36-Cs-8,Cs,8,36,54,1,3,3,3.0,1.3895431293589848,0.024037493539976636,1.3383850342857246,1.4410545791190563,2.663993864722421,0.22417507249282637,2.277577684559902,3.2119636174403965,2.6734093914710977,7.147117774405865,3.0897628121212843,2.2773619708420787,1.7799929914425023,0.025673469526098405,12,8,2212,22f4f0f003f3af356f0c7f40f3e98ff37faf5101821c03a71c1ea54da0671dde
36,C36-D2-2.xyz,C36-D2-2,D2,2,36,54,1,3,3,3.0,1.3934894603823091,0.022623404541551,1.3567209366704711,1.4589127355671414,2.7016625899023015,0.507781001955948,1.8747513063774324,3.6087103475383775,2.748967496283832,7.556822295625001,4.286272341658247,2.1238612714274816,1.146688682539273,0.13560739609045436,12,8,2212,4a2761e2c9dcbd14f53cda2e04f2ea3ed914fd3f9aeac6709a50cbf4d21eb6c4
36,C36-D2-5.xyz,C36-D2-5,D2,5,36,54,1,3,3,3.0,1.3896382954399,0.03646371705824599,1.330436266793716,1.4835243038117036,2.6780645315894827,0.32596213893006465,2.0556839068148722,3.2731679250067836,2.6978289329335645,7.278280951373454,3.445155065176035,2.4413102283143524,1.3918156578830672,0.05970306968093488,12,8,2212,c6c2a83ddbf31fe866f828b8c23cf0332926121e8c4710bbb6b0a7442a5e268b
36,C36-D2d-14.xyz,C36-D2d-14,D2d,14,36,54,1,3,3,3.0,1.3895294583053268,0.016895146734692723,1.3569539417386283,1.417631274344637,2.6556254140966775,0.09335465226506985,2.4733162733045706,2.800584823154282,2.6572657810417986,7.061061431095679,2.519931200380985,2.4768949222332166,2.064235308481478,0.003808760287065381,12,8,2212,75761fb3f4fd78a531330a4f5df4ba3193b82483f387bcc9ed2818578d2cfc02
36,C36-D2d-6.xyz,C36-D2d-6,D2d,6,36,54,1,3,3,3.0,1.3898546788310802,0.020913319118209216,1.3447361414046997,1.4280958161131905,2.6716137886156215,0.29338476619880693,2.329999935407062,3.2768910719354474,2.687674618803147,7.223594856558641,3.482243606223149,1.8841547531110123,1.8571964972244799,0.04978306545884622,12,8,2212,b45dbf73edbc0654db41d458c3b1f82f88a5240accbb682060e13e12c8228060
36,C36-D3h-13.xyz,C36-D3h-13,D3h,13,36,54,1,3,3,3.0,1.389572834573739,0.022608094418220828,1.3334925309127157,1.4196973691600616,2.661973097743975,0.21099438872285545,2.373839426104033,3.0527286871899695,2.670321966577286,7.130619405185184,2.7055771987318926,2.6761258014808273,1.748916404972464,0.017462473405008897,12,8,2212,f6fba67b36b9164c0a798a0cbf70381aaab728ac5d8f9873f30a2b6c9772a4a9
36,C36-D6h-15.xyz,C36-D6h-15,D6h,15,36,54,1,3,3,3.0,1.3897320565846694,0.01044133403841726,1.372525966967474,1.405283067570374,2.658260136257956,0.14055817354405914,2.49021418396058,2.8771242670606996,2.661973619735592,7.086103552168209,2.877552150609869,2.126408680640305,2.0821427209180348,0.01193769946288767,12,8,2212,0019152e79b835d7bc35529dc8f5399b0b7809d9bfc70776110cd427b381a97b
38,C38-C1-11.xyz,C38-C1-11,C1,11,38,57,1,3,3,3.0,1.3894096861148926,0.02765331914871303,1.3365945533332089,1.446689164955624,2.7403923483464583,0.2478067689171127,2.28245983570655,3.205376145187938,2.7515738074049465,7.571158417596953,3.3003250896352387,2.5036749557343505,1.767158372227364,0.03077074449608056,12,9,2330,61a20f6b2d6afc1720f3dceac1faa4cfbfc1e12b7e0022f4afa018440e4b62ee
38,C38-C1-14.xyz,C38-C1-14,C1,14,38,57,1,3,3,3.0,1.3892262731000589,0.025802733884017177,1.3336194509679287,1.4490590533170136,2.7337447662766947,0.1640198328118101,2.4122597968086206,3.0006067643297207,2.7386607954803077,7.500262952700831,2.9871092391498073,2.5147053874323855,1.9984483261186385,0.013040304730005446,12,9,2330,0f4f8f90b50ab3da3600f1e69ecf1be49b1e76a543e08d420190bdbde9311b87
38,C38-C1-3.xyz,C38-C1-3,C1,3,38,57,1,3,3,3.0,1.389971269026536,0.021054800262504746,1.3521554089674754,1.4363960839545615,2.7547087246993063,0.3596751640832597,2.2744343449437783,3.493051057454808,2.7780904199814658,7.717786381592798,3.9354518550107285,1.9555097696422992,1.8268247569397698,0.07036974377618296,12,9,2330,ae3ae12e28116e47cc2ab7ea3839ed07c3488e119bb8115d7b20a2ddf354a796
38,C38-C1-4.xyz,C38-C1-4,C1,4,38,57,1,3,3,3.0,1.3904404931831236,0.024065517388950165,1.3331638984010934,1.4686417194128731,2.753944356335392,0.38354151360521715,2.0976374321257536,3.55936436923377,2.7805239812758558,7.731313610450136,3.886657142788069,2.339200539416267,1.5054559282457998,0.0732758975060582,12,9,2330,e3a26e636fed93fa6b959c398dc409a5e8d4ce78491babadb576ef9987df768c
38,C38-C1-5.xyz,C38-C1-5,C1,5,38,57,1,3,3,3.0,1.3897239850901726,0.02207934658887984,1.3473309355908074,1.44192161021326,2.744448994595644,0.28963371109580077,2.295632249910306,3.398101584629252,2.7596898323072767,7.615887970540165,3.5692763569276407,2.2617813144901597,1.7848302991223655,0.0441475759556888,12,9,2330,966b16dd6cc2bd6cf249cb177a7a4553965bb65a8bd741cafb5e027425477623
38,C38-C1-7.xyz,C38-C1-7,C1,7,38,57,1,3,3,3.0,1.3899714516763784,0.0277653011097301,1.331144804294409,1.4704170938886694,2.7463303900561975,0.32630852086137935,2.1199386908894775,3.3830757766415185,2.76564781961351,7.64880786213296,3.559329697754818,2.545937281425741,1.5435408829524024,0.05209165192999912,12,9,2330,0632c40b6d07917076edac99b44f4652ee2c369d8346890318a043e87d694eff
38,C38-C1-8.xyz,C38-C1-8,C1,8,38,57,1,3,3,3.0,1.3893961702359217,0.024206919274694618,1.3318301017772498,1.4417036345934624,2.73733622024265,0.2182175015706223,2.297540670996331,3.181807738681723,2.7460204770984578,7.540628460644041,3.1112629600162203,2.5838749888143715,1.8454905118134497,0.02132855814417232,12,9,2330,39973f9d9091c91d1588f4060b37e6f54f67f52d1a31cc1f735cae0f2f174a50
38,C38-C2-1.xyz,C38-C2-1,C2,1,38,57,1,3,3,3.0,1.3902194183025387,0.02578714882893871,1.349290973066966,1.4682860790731487,2.771654551903967,0.44587079191371976,2.1752324060314354,3.5901738714289886,2.8072886773845944,7.880869718171746,4.355010248955942,1.8928009200422602,1.6330585491735434,0.10899512540562344,12,9,2330,6262eddd153013431826346cdc27716100634a1e7f7c2703b3f2a115c2556d1e
38,C38-C2-10.xyz,C38-C2-10,C2,10,38,57,1,3,3,3.0,1.389730930435305,0.017667691054867728,1.3534242276536945,1.4274531901256866,2.742600329102852,0.2675393453062977,2.3833967118693407,3.2636662652431894,2.755618599603725,7.593433866481995,3.5173700510972563,2.1725980373547467,1.9034657780299924,0.03889622302247153,12,9,2330,3ced07f9a1b6b422a5a6c83584bd5f94d4926376cd347ec7d7e397f7c143946f
38,C38-C2-13.xyz,C38-C2-13,C2,13,38,57,1,3,3,3.0,1.3894192754765122,0.02185763155355358,1.336302080369555,1.4305804171733931,2.737316470766796,0.21067857539528348,2.378910466369297,3.124210411684058,2.7454119769648,7.537286923261772,3.236565144892391,2.3660515214893256,1.934670256880055,0.023224624362281534,12,9,2330,c2058e45f29d48dd65b4f40e12064c6373993928818122ae96637175de99338a
38,C38-C2-17.xyz,C38-C2-17,C2,17,38,57,1,3,3,3.0,1.3893483288684896,0.020095055256792685,1.3516252624155853,1.435224393605404,2.7314016250878956,0.12078061171092408,2.501616451624585,2.9554138057375394,2.7340707367765855,7.47514279369806,2.833360135388478,2.5327822647824525,2.10900039352713,0.0071104780271519065,12,9,2330,c1f672f6a1fd79d4b4245391da8c1140275d0c48e5e81b52ae90120a0ed83f85
38,C38-C2-6.xyz,C38-C2-6,C2,6,38,57,1,3,3,3.0,1.4200299478957825,2.6059574786842582e-05,1.419997428377953,1.4201195464114984,2.777949892105813,0.2540609549133584,2.3376633106837175,3.3444256952586393,2.789543434302859,7.781552571862189,3.2929142789353136,2.3582378561873667,2.1304004367395084,0.01880158594549613,12,9,2330,d59a6c993868b82dc849c26b14965c5274e9d4d600dd65aeda1feb8b1b83d322
38,C38-C2v-12.xyz,C38-C2v-12,C2v,12,38,57,1,3,3,3.0,1.3892342373936357,0.03549753098392283,1.3255029611434295,1.489086273524808,2.7463727871958548,0.28680218176428324,2.252389393083441,3.2215386621549342,2.761307476126967,7.624818977714682,3.4748963578389147,2.5282037622856928,1.6217188575900747,0.0443102670670291,12,9,2330,e5d0a235844a3c33fc4c7f382b9fbe6e6dd8a3922bf677cbfc8d7759d7b27e36
38,C38-C2v-15.xyz,C38-C2v-15,C2v,15,38,57,1,3,3,3.0,1.3894003262159804,0.026218816104951352,1.32447247612021,1.4442395022987011,2.741086335430063,0.24558828085288045,2.3212519159360627,3.1919232914993096,2.7520661151167287,7.573867901973684,3.3864432208123816,2.346657245213927,1.8407674359473758,0.032478794270337626,12,9,2330,f61bc480a47c70cecde3a6542aa20afdce8b381d20bbd5296a54a63d288015b0
38,C38-C3v-16.xyz,C38-C3v-16,C3v,16,38,57,1,3,3,3.0,1.3888915241801352,0.029529857460428424,1.3289852896100844,1.4515226281391551,2.730527343154337,0.0647884963783593,2.522976921337667,2.859276370972644,2.731295868443486,7.459977120976456,2.5694910048774773,2.5370455293243928,2.353440586774586,0.0007317109168528645,12,9,2330,c1f4503bd0bf5a6e6dd63caa46af025497a3487e18166ca36edc4d07191e88ed
38,C38-D3-9.xyz,C38-D3-9,D3,9,38,57,1,3,3,3.0,1.389809407663592,0.02373223475077761,1.3348637870584399,1.425534499757898,2.7404075634876754,0.27966853001184766,2.1785621114046583,3.2100866716591487,2.75464119273263,7.588048100699447,2.9889164674437483,2.967142170593011,1.631989462662687,0.03147320100175527,12,9,2330,c55ccfb0bc8dcdfa0325b193c1713c4fd999170ee76bf0853c8002f4cd32adf6
38,C38-D3h-2.xyz,C38-D3h-2,D3h,2,38,57,1,3,3,3.0,1.3910427396581122,0.0235552680940014,1.357767715774683,1.4613394745917183,2.797881948072467,0.5427076231907294,2.0320302274771618,3.8907191544159003,2.85003069450473,8.122674959619115,4.874154119401994,1.6958948919065817,1.5526259483105382,0.1603144659895492,12,9,2330,2195f018912bd9595e1825482c4150b6fbfa450036a7f2a791b359217bc111bf
40,C40-C1-10.xyz,C40-C1-10,C1,10,40,60,1,3,3,3.0,1.3894716141408514,0.027927471483907954,1.3302774635390917,1.474970430212077,2.823786565890269,0.34121481258716163,2.327010579739325,3.590821956699991,2.844327357747566,8.09019811803125,3.998343786752752,2.186471195803379,1.9053831354751178,0.05914608579321327,12,10,2448,1cfd849f9d6e0cc0d1e3e19ca8eef5e28dfe0ea1aaae8881b6175a0c6371ef08
40,C40-C1-12.xyz,C40-C1-12,C1,12,40,60,1,3,3,3.0,1.3895421838885818,0.0271912307092625,1.3297193613691576,1.47295790163874,2.817945676502769,0.3125882716899397,2.2940204968420073,3.549414264626101,2.8352300194726268,8.03852926331875,3.768953858371464,2.4642009764458996,1.8053744285013873,0.046365417261049466,12,10,2448,d267d92d3e45cf172d312f9ad0980d31075e7349cfd536df0533bee3933322b0
40,C40-C1-17.xyz,C40-C1-17,C1,17,40,60,1,3,3,3.0,1.3891908866171625,0.027979603401195104,1.329794724760179,1.442055879638511,2.8109397065899357,0.24422095959107704,2.3599986912734723,3.326633173392056,2.821529002365118,7.961025911187498,3.396654477565956,2.6021881514641385,1.9621832821574028,0.02444455358928715,12,10,2448,d77e164d44856783964dde7bd7b44960f34df8fbfc2b39a4ba9f6d2743d68045
40,C40-C1-22.xyz,C40-C1-22,C1,22,40,60,1,3,3,3.0,1.3893362712641752,0.025868501111537035,1.3351360417575429,1.4465154959418858,2.816288445012293,0.28119890811975573,2.449728074003827,3.4140796722634494,2.830292110619945,8.0105534314375,3.7403752768971765,2.2132167039971433,2.056961450543182,0.040444091769327985,12,10,2448,df9fe86e9125618331243f7fa7ff7cbde8ce7f1e7618fad939abefc4318a1356
40,C40-C1-26.xyz,C40-C1-26,C1,26,40,60,1,3,3,3.0,1.389232868510977,0.02422740284806301,1.335677554651571,1.4443010524125501,2.808601081690084,0.1985872170906048,2.478815495178594,3.185599007429764,2.815613062702775,7.9276769188625,3.3207900160163986,2.5375421613925337,2.0693447414535675,0.019084131238715933,12,10,2448,5a9c862746822d794730cf3f69c02a51c997bcab735a092a41660997dacd59a6
40,C40-C1-34.xyz,C40-C1-34,C1,34,40,60,1,3,3,3.0,1.3890665792532224,0.031342456323933794,1.3288576071197393,1.4828156089008504,2.810872494419599,0.22627067714154436,2.302084818817771,3.1712830645546686,2.8199649996442777,7.952202599218751,3.252882028386261,2.8332703424891506,1.8660502283433393,0.023995966802752178,12,10,2448,575f464176fb6d71975a6cadb0e79a638244546f7dd0a7dfbd982c9c9e773ba6
40,C40-C1-4.xyz,C40-C1-4,C1,4,40,60,1,3,3,3.0,1.3898117414268212,0.03207855553918589,1.3342857752370743,1.4670458752199946,2.838088803920268,0.4333083690051719,2.158001155910835,3.711646925680365,2.8709761757262107,8.242504201587497,4.3954141841990575,2.2270465955113936,1.6200434218770472,0.09400327591781997,12,10,2448,95344a7a8c3f5e4dd11fef6d09dcd22dff5377c5ba2491048cead7377e77493a
40,C40-C1-6.xyz,C40-C1-6,C1,6,40,60,1,3,3,3.0,1.3896862855665453,0.026590431391594616,1.3413893133613375,1.4679213126050048,2.8307226318582868,0.3858282892172294,2.251794710386584,3.6897513097395875,2.8568958831702282,8.161854087275,4.212060770762918,2.0957857035541068,1.8540076129579763,0.07578894256968914,12,10,2448,ec257df611bd9fa8707e90eb6341aeaec2971aed278dd2f26216d4a1cc342985
40,C40-C2-11.xyz,C40-C2-11,C2,11,40,60,1,3,3,3.0,1.389594660264561,0.0376581221547138,1.3193422831092771,1.4731371999919087,2.8288955997402185,0.384438986131645,2.1355362620926153,3.5784180511383106,2.854898185275178,8.150443648287503,3.9806797291268983,2.6622082936001035,1.5075556255605014,0.06915527363738971,12,10,2448,6b40a33ca0cc96a51f5ce46d0e6f6dacb6de24bb9e9a9079a13385dee8917982
40,C40-C2-15.xyz,C40-C2-15,C2,15,40,60,1,3,3,3.0,1.3894354857805942,0.023659117769771486,1.3377817161256167,1.4375651776528258,2.8127260511291636,0.25400768861264855,2.344400855319969,3.378316625247699,2.8241720458525537,7.975947744574999,3.4488598680000253,2.6754628542382584,1.851625022336715,0.030086977849316777,12,10,2448,d8451b62d63ff2fc39dc8f707e9ed946ba85c54932f9c032ec246f1db41a2b8a
40,C40-C2-16.xyz,C40-C2-16,C2,16,40,60,1,3,3,3.0,1.389533532125475,0.025423609740460842,1.3357348277259227,1.438327563526473,2.8125308367811472,0.2874244221945822,2.2941186200655035,3.397133441658018,2.827179249060581,7.992942506318752,3.4997391972656113,2.692733012849224,1.800470296203916,0.03392628954744134,12,10,2448,8387170f21af378eeede5d4836ddef619a8a5c92c24d353c65da402264bf3491
40,C40-C2-18.xyz,C40-C2-18,C2,18,40,60,1,3,3,3.0,1.3893978173289938,0.032292246769584115,1.3291306557295262,1.462994056720669,2.8172388644949775,0.3050133564150068,2.192344346877903,3.3927922971038913,2.833702166285741,8.029867967212502,3.4006054550976708,3.0004954970662356,1.6287670150485947,0.0401770822820518,12,10,2448,a54528b224382cbd1e3fc98beb59576d6fd87fd2816a4159874b9ade91bd3826
40,C40-C2-19.xyz,C40-C2-19,C2,19,40,60,1,3,3,3.0,1.3895927685984029,0.025688926778402378,1.3255933501643706,1.4338234096289542,2.8105795689074724,0.27882289956374984,2.2811410577315794,3.3726722211428655,2.824375988157606,7.977099722481252,3.237470876334025,2.9777689998470853,1.761859846300141,0.029255594697600355,12,10,2448,534eabfb2b8f0173d8467d1a63bb6dd4fe1803a55336d209c5fdb96a1338e777
40,C40-C2-2.xyz,C40-C2-2,C2,2,40,60,1,3,3,3.0,1.3903506052949477,0.028022110721812783,1.3484049651347327,1.4554390712084104,2.8553076023649204,0.5104901103984176,2.0906878312083084,3.813579009154327,2.9005829857008916,8.4133816569375,4.828077533898285,2.023287252500757,1.562016870538458,0.1324205237924419,12,10,2448,c364c40fdc2a5d48dfde23d7d17d4c40e79e8b89f8e5f5380b3173835eb43491
40,C40-C2-21.xyz,C40-C2-21,C2,21,40,60,1,3,3,3.0,1.3895029483704435,0.024749642485865763,1.3497665946377544,1.4735816841967058,2.82047407983565,0.31045594419779393,2.3420250340650717,3.440324275949507,2.837508930085066,8.051456928312497,3.874783732442584,2.2470069530453087,1.929666242824605,0.05039527800692509,12,10,2448,a287c1317f9aaac208b4a0aebda17a52057615cf9fd779a70f6297e5b51af10f
40,C40-C2-23.xyz,C40-C2-23,C2,23,40,60,1,3,3,3.0,1.3893438444042778,0.03352463048677704,1.322820131385972,1.4672117536334013,2.8219063317041844,0.3245216325903175,2.295783870123395,3.397493861851519,2.8405051724880295,8.068469634931251,3.7864706056248467,2.621147336222678,1.6608516930837258,0.05221490541386452,12,10,2448,2727fc27ad38d610d1b5fe1e1a0be389267587cb621c620b838d600534983f7b
40,C40-C2-25.xyz,C40-C2-25,C2,25,40,60,1,3,3,3.0,1.389328595559942,0.02710782591993443,1.3344082171509588,1.4756301907998495,2.8140984425037336,0.26612610574793705,2.299011455003541,3.3012752243243066,2.826654055285595,7.989973148262501,3.567618530510865,2.568490957603912,1.8538636601477239,0.03482085491305786,12,10,2448,393de375f9aa1ca4e8d02cd819ca83dd261911d1a10b0588cf73d90c20d415b3
40,C40-C2-27.xyz,C40-C2-27,C2,27,40,60,1,3,3,3.0,1.3890408133920928,0.029507195128759326,1.334344610660979,1.4448866149286592,2.810969394822265,0.22580738980666246,2.473498850177871,3.183911928325162,2.8200244530710634,7.952537915918749,3.4602449207113217,2.3653607938220316,2.126932201385396,0.023981697585294573,12,10,2448,54a4f7f200164dacf5f179850a4a1256c5c5453a385435e25c3d8b1794ac7f88
40,C40-C2-29.xyz,C40-C2-29,C2,29,40,60,1,3,3,3.0,1.3892834029068313,0.022313517747813975,1.350897497962003,1.440205808209368,2.806869662152348,0.19226519062550668,2.481979628273064,3.223817133021428,2.813446854631788,7.9154832038375,3.2023195013212575,2.642456573509498,2.070707129006745,0.015329138445517292,12,10,2448,5f1f5e11c86bb8782adb823e739bc0ac1d172573f4e12893ec6227b6fc24929f
40,C40-C2-35.xyz,C40-C2-35,C2,35,40,60,1,3,3,3.0,1.3893267485887024,0.025079739285154674,1.3394002949081354,1.442561915482313,2.8089724237067384,0.21494808644785096,2.346722548680926,3.1576047908957032,2.8171845443656154,7.936528757012501,3.207397480055918,2.8410395225391722,1.888091754417411,0.022090506189789434,12,10,2448,8df1b1fd1a56357e5a852016de8561cd76db1926b2a9ab0d74104281829a20bb
40,C40-C2-36.xyz,C40-C2-36,C2,36,40,60,1,3,3,3.0,1.3889746991148717,0.02849021853347503,1.3351409663402587,1.4531746969996415,2.8059579951244498,0.15092703385139092,2.4852475407995076,3.0006494818705503,2.810014099599858,7.89617923995,2.9951455993951415,2.793980856166085,2.1070527843887743,0.010433469545927361,12,10,2448,48e22a595d761c71daef41960e36697df43700695948281c65f51236c6591d46
40,C40-C2-9.xyz,C40-C2-9,C2,9,40,60,1,3,3,3.0,1.3896351294473064,0.024188857751057113,1.3431068237485801,1.4668772988904013,2.8227326189733035,0.34618561149023064,2.3408866188756874,3.5735832982359947,2.8438818392856535,8.087663915818752,4.0150322431972665,2.0848003252474427,1.9878313473740414,0.0599656384274609,12,10,2448,8e5f9a4bf9683bb652c744a799ce6c2c6156543521b10ead0f13cef44e2ec183
40,C40-C2v-37.xyz,C40-C2v-37,C2v,37,40,60,1,3,3,3.0,1.3889949127064152,0.030198070728091535,1.3261006522885055,1.4827205333440283,2.806867893196739,0.17898089368365944,2.408165230281656,3.0778040170448633,2.8125684934170936,7.910541530162501,3.0619316367308436,2.853571962481077,1.9950379309505806,0.015331246448226608,12,10,2448,f980d9030902ac4c71ff76985dbc89509a748a1943d83a5cf8422c7d7ea12d77
40,C40-C2v-8.xyz,C40-C2v-8,C2v,8,40,60,1,3,3,3.0,1.3899732163796399,0.025156713760728987,1.3431121993340693,1.4687356637598203,2.8406684125919286,0.44219484316441793,2.2427179874275875,3.78190820031783,2.8748797035039138,8.264933309618751,4.482404069627297,1.9995369737408284,1.7829922662506263,0.0988033822873878,12,10,2448,742a0f7bc967f644b1e794db7b13a4caa6404a408de7472c147a0308999e6fee
40,C40-C3-30.xyz,C40-C3-30,C3,30,40,60,1,3,3,3.0,1.3893369289651594,0.02447246371592068,1.347196028794622,1.4372506566357865,2.8084046386398094,0.22197061954547742,2.3312067894601287,3.1659173302891217,2.8171630357994903,7.936407570275001,3.0280902613143716,2.9912935645564436,1.9170237444041858,0.01897133494873439,12,10,2448,0afcdecdf2d8763dc26a439b70b5b9acfc699fcb41dd61cd83e584520457f358
40,C40-C3v-20.xyz,C40-C3v-20,C3v,20,40,60,1,3,3,3.0,1.3897364553597185,0.020531231758898406,1.3624143936409363,1.4395960752933443,2.8201879368498957,0.31901400618166914,2.41194820559154,3.5843586800090543,2.8381736971675555,8.05522993529375,3.9206305362218297,2.0773517714989422,2.0572476275729787,0.0529405374437578,12,10,2448,1bfc39d38eb43364124e6ea07642ebc60fb702fb6f7d7ec0fc96a198f680ce37
40,C40-Cs-13.xyz,C40-Cs-13,Cs,13,40,60,1,3,3,3.0,1.389538673880339,0.027227696515398452,1.338353514584245,1.444040757735044,2.8237295088153926,0.34349415194466154,2.348577278401756,3.620749772992467,2.8445450552548817,8.091436571374997,4.002517261966931,2.2177337026770916,1.8711856067309747,0.05993555246495624,12,10,2448,148dd991fea683297346c15e6c1ae395713cc4089d88ccc8ecf422a7f69306cc
40,C40-Cs-14.xyz,C40-Cs-14,Cs,14,40,60,1,3,3,3.0,1.3893538445096498,0.023721205272691483,1.332923531189993,1.4377751319312768,2.8133360491051533,0.2621894889658164,2.4596429043524286,3.3870319568807217,2.8255270399199417,7.983603053318749,3.6165250898313985,2.2515315117505086,2.1155464517368423,0.0324346670327798,12,10,2448,84f43c0d42c89af80678a746443d6c4e27d92408e84acffbf807146f915a1e31
40,C40-Cs-24.xyz,C40-Cs-24,Cs,24,40,60,1,3,3,3.0,1.3894386959867628,0.02165229613544732,1.3563924579560298,1.4435575118435706,2.8107080937701743,0.23237386696030102,2.455890759850435,3.4034007339452033,2.8202974315542058,7.95407760243125,3.4870966913410903,2.4123677430619765,2.054613168028183,0.02635672006290083,12,10,2448,913b72fae3a99db23e9377b8b81e3b483b89a9b0ecb96a05334a7c75db08bf96
40,C40-Cs-28.xyz,C40-Cs-28,Cs,28,40,60,1,3,3,3.0,1.389237296513883,0.030068161036724928,1.3290257183365564,1.468834452891135,2.8146632977289316,0.27284929893660376,2.2863330946053115,3.2758123448982084,2.8278571780612434,7.996776219512499,3.4619727401940374,2.7824081038302784,1.7523953754881831,0.03475760928035475,12,10,2448,99a8170e037b519a1b7dce6543229415d35b6c696cd2238e169592d6b2f80151
40,C40-Cs-31.xyz,C40-Cs-31,Cs,31,40,60,1,3,3,3.0,1.3891402760398577,0.024029523172709743,1.3300639495903948,1.4350951640919147,2.8050926862287886,0.15330271682037147,2.5508967433887344,3.2309815499212076,2.809278679896096,7.89204670131875,3.0668913554225528,2.6193866254401423,2.2057687204560548,0.0089337974423592,12,10,2448,4cff04d74376c942e1d63b7859228664397a4491ba9ff61c94894f6f36e897a4
40,C40-Cs-5.xyz,C40-Cs-5,Cs,5,40,60,1,3,3,3.0,1.3898862769324194,0.02522553326039794,1.3405549485194557,1.4612771537254663,2.83619453317005,0.4250711388301008,2.2306893647368295,3.644622469879425,2.8678711447779515,8.224684903049997,4.3900100544057885,2.0849568178240854,1.749718030820124,0.09163069318547748,12,10,2448,942992d72d185803a71bbadc63f93de723956139054849eb182a35382bd28a51
40,C40-Cs-7.xyz,C40-Cs-7,Cs,7,40,60,1,3,3,3.0,1.3904119661763539,0.028560954937466156,1.3399604247887322,1.457395478241922,2.8291293466906207,0.41418488014128557,2.113099343264829,3.708935766969583,2.8592869697258005,8.17552197524375,4.111703668760109,2.5745305857929037,1.489287720690738,0.0779312504475147,12,10,2448,d9b7951738b8d7af8b9d5752328c0f66f068f8a1339195b6712aef8270e85f36
40,C40-D2-3.xyz,C40-D2-3,D2,3,40,60,1,3,3,3.0,1.3912249123624256,0.025874892376490724,1.3513270995580604,1.4507383292654812,2.8772791746357718,0.5957480644542971,2.0670559368716295,3.9789055918249994,2.9383075409313015,8.633651205093752,5.2853756437289245,1.8379040347838689,1.5103715265809579,0.1760331209091575,12,10,2448,33fc4ada5451816736edc9ea0356f04983b7b113cf5283693f19a2a1501888e8
40,C40-D2-32.xyz,C40-D2-32,D2,32,40,60,1,3,3,3.0,1.389088243368371,0.03332288206482737,1.3242194870941904,1.4419150737820863,2.8222414993101888,0.31827277622171285,2.40256497872326,3.3714312094402135,2.8401310956560617,8.0663446405125,3.863825126110984,2.357566902746014,1.844952611655502,0.05077492101067066,12,10,2448,42ccc291728b0e58924d37888a9f3d8b4c15a6676da0bacaf276e34010373d9e
40,C40-D2-38.xyz,C40-D2-38,D2,38,40,60,1,3,3,3.0,1.3891499713280744,0.022917904046337454,1.3516796809895457,1.4370703044736537,2.803490445391843,0.11414693684193956,2.6358557664743816,3.0064503351388074,2.8058132868374814,7.872588200593752,3.0058804989871266,2.4979726942689577,2.368735007337668,0.00549090801698232,12,10,2448,201051754184e9a355eecfb439e18bacbc8f10045713845ccc6f8fe4eb0560a1
40,C40-D2h-33.xyz,C40-D2h-33,D2h,33,40,60,1,3,3,3.0,1.3894049033088742,0.032764876945569725,1.327954140774447,1.4516824032824813,2.8248625771795384,0.3454346052356749,2.2258614174755467,3.3652644550326576,2.8459047149270034,8.099173646443749,3.87520630650046,2.6219021682964385,1.6020651716468501,0.059286668444190484,12,10,2448,ee7d4a29934a4f80ce47572f3aa641c9607cdd4284103baf6f185706311353be
40,C40-D5d-1.xyz,C40-D5d-1,D5d,1,40,60,1,3,3,3.0,1.3914174387494036,0.022033568572738145,1.3626031924225042,1.4418099354630622,2.9084123829346558,0.6838600457731521,2.0001676547448466,3.919889341752839,2.9877294307571596,8.9265271514125,5.824431635389928,1.5799455096349142,1.5221500063876585,0.2292125159451926,12,10,2448,bab1401bdcea7e893d7298809653cbb4863f7a85c013eb02523ea72edd1fc651
40,C40-D5d-39.xyz,C40-D5d-39,D5d,39,40,60,1,3,3,3.0,1.389284062455234,0.023310272582748332,1.3464507863267785,1.4231143629378493,2.808463171839528,0.2020099653694338,2.4544027522622485,3.0193997052911854,2.815718986988492,7.928273413687502,3.024456198432812,3.00124767617217,1.90256953908252,0.019617875374713177,12,10,2448,c0149831e8cce64a8c1b973d7179855da8d776f4d65f6fd0bf45e34ad8bdc365
40,C40-Td-40.xyz,C40-Td-40,Td,40,40,60,1,3,3,3.0,1.388844133032951,0.02842210067214419,1.328946710745017,1.4274926339564769,2.803142092344323,0.08782880401661816,2.710569374285133,3.0203774690943015,2.804517692703596,7.865319488687501,2.64487608941597,2.6284137965201064,2.592029602751425,3.5461827091402465e-05,12,10,2448,473572120be1e9911e4dfb30a14a844b1741a409fa0912add8dbceca4c148c65
42,C42-C1-10.xyz,C42-C1-10,C1,10,42,63,1,3,3,3.0,1.3893929736224042,0.031104898166748374,1.3256910575243388,1.4680230141247785,2.8980277900012026,0.37862638598067944,2.3408197120689223,3.7513380357808526,2.9226568412627656,8.541923011780048,4.294951919512013,2.3874039229957917,1.8595671692722424,0.06748800305817201,12,11,2566,f7ad30bca71c884f1b5130e22933011dce16cff62adaf589046e4320b23e45bc
42,C42-C1-14.xyz,C42-C1-14,C1,14,42,63,1,3,3,3.0,1.3892947049088407,0.023976510817615912,1.32935553558858,1.4342301488952183,2.8838088170780645,0.2691865740848419,2.518135837823771,3.537307674882134,2.896345059747667,8.388814705124718,3.814732672911549,2.4006185271572376,2.173463505055931,0.033714178915259393,12,11,2566,4dab3c089e982ada46ac05159904a91fe7074f86186309d8bc88cfd6b6627cbc
42,C42-C1-15.xyz,C42-C1-15,C1,15,42,63,1,3,3,3.0,1.3891398640999324,0.03384456346826716,1.3185725539385384,1.474622575440916,2.8876878182123376,0.3096958890918655,2.279147785878591,3.4910071920741403,2.90424731714989,8.434652479172335,3.7116702094575764,2.9409736697145856,1.7820086000001745,0.03978422527208387,12,11,2566,19f4362dff44e71fb1724b126f73dbc670b58454e206211a54b317b1ab4dcce3
42,C42-C1-17.xyz,C42-C1-17,C1,17,42,63,1,3,3,3.0,1.3891723675142105,0.028026147117742504,1.3324793919607163,1.4405153973491571,2.8861145625897353,0.28597401009111967,2.3929440581620787,3.5329977591231767,2.9002479898864055,8.411438402840135,3.8315583633671184,2.5329269487864194,2.046953090686597,0.03609374118846124,12,11,2566,1c39f074025a1adad8337867d8d847060219ab93f327d009c224cd4330cac6d3
42,C42-C1-18.xyz,C42-C1-18,C1,18,42,63,1,3,3,3.0,1.3892915422150605,0.029411153799113146,1.3291258969713893,1.4567399699328634,2.888893516417807,0.31553513817619677,2.341227425842723,3.5434934296799265,2.906074357724646,8.445268172624715,3.8498954816588657,2.7378066850095664,1.8575660059562835,0.041928825500869016,12,11,2566,6c505ae9e90fefc1ad2d9cfc09295e6f8cdb5960da92b4c826a5e7f8533bc33b
42,C42-C1-2.xyz,C42-C1-2,C1,2,42,63,1,3,3,3.0,1.3899483128980035,0.029564473729693272,1.3448557915256192,1.468701504731305,2.9092229773574987,0.45062579569830363,2.167419098732904,3.887458144564727,2.9439160891121814,8.66664193973356,4.603607065438008,2.416581264688558,1.6464536096069944,0.09400084347141524,12,11,2566,38270804f945e82692e7e385958ea87d02a970cbb2321516ab5244745feb64c8
42,C42-C1-20.xyz,C42-C1-20,C1,20,42,63,1,3,3,3.0,1.3890141444832396,0.029825155784302924,1.331108613149205,1.4417116493945659,2.8809462704748934,0.24470498165825472,2.477876799325595,3.489119600069398,2.891320103587904,8.359731941411567,3.5912391115043714,2.6402268283319175,2.1282660015752777,0.0236589610179646,12,11,2566,901add1c85b4d8f26f6fc9ad494436307f0cbb8d5d31d288c940aa75d5a1394f
42,C42-C1-24.xyz,C42-C1-24,C1,24,42,63,1,3,3,3.0,1.3893860569771286,0.02476959051046245,1.3313245584755056,1.4326281059646988,2.8887794728999814,0.3109236281124291,2.435687664736058,3.6161737070654114,2.9054638778630335,8.441720345566896,3.984767407716407,2.4600073545367356,1.9969455833137524,0.04554107742412137,12,11,2566,dcf66475c5165fced71e3e900e3fd17c7b445dad6704df634666fef4d0e982c4
42,C42-C1-25.xyz,C42-C1-25,C1,25,42,63,1,3,3,3.0,1.3892783473408685,0.026939178237470964,1.33700690349751,1.4743725919861643,2.884087821118654,0.2748932070856075,2.4442642422057452,3.543392354525049,2.897158752161634,8.393528835226757,3.8061254523194337,2.5054698828628967,2.081933500044427,0.0343778188437315,12,11,2566,2f3d2a8fed34850135a708a9e0fd91a3e60d5c1ccc6406462a49d96efe02fb9f
42,C42-C1-26.xyz,C42-C1-26,C1,26,42,63,1,3,3,3.0,1.3891839237744135,0.029497248562466206,1.3358699263027072,1.472561204160968,2.8907886281226745,0.3190142525456857,2.387205251643657,3.4995895976594866,2.908337839008848,8.458428985810656,4.0601105033008205,2.2987756815827924,2.099542800927044,0.04882114591527594,12,11,2566,8acc44f4e1be036cddef54f475f670be517ae24466662c3ca7dc27dca3133c3f
42,C42-C1-29.xyz,C42-C1-29,C1,29,42,63,1,3,3,3.0,1.3890872242239114,0.028079179534069888,1.3298152089670203,1.4431905106395342,2.8826942126268755,0.2482933578106126,2.5083728892693196,3.346552326713395,2.8933675043183418,8.37157551504535,3.711777040764467,2.5025077449068878,2.1572907293739956,0.028522743967876924,12,11,2566,830956440873f4dcb82ad274b7016a87c790b41ac2ecd57764779c4fd571279a
42,C42-C1-3.xyz,C42-C1-3,C1,3,42,63,1,3,3,3.0,1.3898085471798285,0.02639361626502397,1.3390586357587184,1.4680597876108452,2.9133461594924452,0.4624523246606047,2.222010506652103,3.9043937940852462,2.9498216891217983,8.701447997613379,4.743305875183335,2.1646892999404863,1.7934528224895563,0.10228272234829687,12,11,2566,2155af1ddc4a0995b1216e786ac8748f4ef888575455b7fdd1708fbae04a9073
42,C42-C1-30.xyz,C42-C1-30,C1,30,42,63,1,3,3,3.0,1.389082172390891,0.031684680536874364,1.3267238559700356,1.4594913428999845,2.886531601289435,0.28934542751548364,2.3809579466196853,3.389753995674388,2.900997321899258,8.415785461666669,3.7538191232111346,2.7800129864049,1.8819533520506337,0.037124305882390185,12,11,2566,17c720707860865ba30c933e80c94fc40d9e00c2f9d69ade102b1896b35c72c3
42,C42-C1-32.xyz,C42-C1-32,C1,32,42,63,1,3,3,3.0,1.3892408713714326,0.02226221533850827,1.3460465742313676,1.4406295464136505,2.87921593861473,0.21116019531216393,2.5078323873188753,3.335489179591384,2.886948743787699,8.334473049257372,3.4961448184879567,2.6799969397204717,2.1583312910489427,0.01963606613494625,12,11,2566,91f81469990d230886c997a8077cdc267e65bc9e55abc97e97786b6e32317fae
42,C42-C1-33.xyz,C42-C1-33,C1,33,42,63,1,3,3,3.0,1.3891383217239277,0.024002637565343113,1.345760885150107,1.4352209760172823,2.877467320512401,0.187751530835374,2.5529841242590643,3.36148757194458,2.883586103786021,8.315068817947845,3.4161191014394316,2.6048944733843564,2.294055243124057,0.014562648004846586,12,11,2566,5e555ef23da2f00961da69a82a5bf23dbeaa9c9acf1c4677b27b28f5376c279b
42,C42-C1-34.xyz,C42-C1-34,C1,34,42,63,1,3,3,3.0,1.3892735885794065,0.025232176726629064,1.3286500705603412,1.4354789374978651,2.879057479080345,0.23624383510090194,2.4665829773102947,3.3622032328809355,2.888733825999144,8.344783117471653,3.4644885808753303,2.8453143536333663,2.034980182962958,0.022140407162453187,12,11,2566,c66288cdea49075868f78ee3a3d344a97e4322d0532a62bb76ea3546078dfb32
42,C42-C1-36.xyz,C42-C1-36,C1,36,42,63,1,3,3,3.0,1.388933044409451,0.031029710108212306,1.3257579341644539,1.4769052982503652,2.8790448505613804,0.21223868865423517,2.4500544745875983,3.3285599598123152,2.886857203345131,8.33394451250567,3.358927402752827,2.899067031826433,2.0759500779264095,0.0182494950663945,12,11,2566,acb7b9922b393adb9f34d127cee978e9697386d7fa5933b0cb41ed4c79f321fe
42,C42-C1-37.xyz,C42-C1-37,C1,37,42,63,1,3,3,3.0,1.3889566572878633,0.035973853615903384,1.3157292464637245,1.4769255296053352,2.887374394652877,0.28886936902200244,2.3110885007844355,3.3464290404465125,2.901788484237994,8.420376407256233,3.628187745373909,3.015690675114266,1.7764979867680584,0.03765373686136138,12,11,2566,234f6cf7d6c1ce539ec36bd447612f9878aaa700ac04f44fdd86c1f5889d13ee
42,C42-C1-39.xyz,C42-C1-39,C1,39,42,63,1,3,3,3.0,1.3891207331810613,0.02440793025246587,1.3339126545617594,1.4426361218269839,2.8771877826833885,0.18085292922606222,2.503226831459592,3.2080695337770897,2.8828661638779205,8.310917318832196,3.239173676520967,2.932398888120285,2.1393447541909447,0.013990383722176095,12,11,2566,17303aeee925496500d9243c538807d46458db4a5acf1c3d90b4822f8fbcf1c9
42,C42-C1-4.xyz,C42-C1-4,C1,4,42,63,1,3,3,3.0,1.3897416932752023,0.02820362361953663,1.3331753598083038,1.4703422492739573,2.907014847855949,0.4327528244723738,2.2363795716927855,3.8788729922637812,2.939049222579262,8.638010332743765,4.565592205838943,2.2564851727062374,1.8159329541985834,0.08769448852290238,12,11,2566,47adb0dc9894c129e58e7cf80ce3f65cb50095d662646f43d9d755651b8f631d
42,C42-C1-44.xyz,C42-C1-44,C1,44,42,63,1,3,3,3.0,1.3891074338220306,0.0259131822565029,1.333806185320791,1.4479551581454448,2.877094392459745,0.18737098911686118,2.5234847951705426,3.1981415415876056,2.8831892117386153,8.31278003068594,3.336827298775491,2.809622259451194,2.1663304724592547,0.014918692604186809,12,11,2566,86a26e561197ffdccd74c027b70bcf187ed3524dec1e871fa32fa0269c39af27
42,C42-C1-8.xyz,C42-C1-8,C1,8,42,63,1,3,3,3.0,1.3896983756557686,0.029296417810787415,1.3323927874316943,1.4643442115841478,2.902643000243158,0.40941134761724246,2.1964024499840455,3.780158208066192,2.931374087082433,8.592954038418368,4.4148200321764195,2.4732222896578544,1.704911716584094,0.07925167148443117,12,11,2566,dfb13bd744352c18efd88ef1fc5ec54ddcdd69b168686b51cc0b31d2a8bd1045
42,C42-C1-9.xyz,C42-C1-9,C1,9,42,63,1,3,3,3.0,1.3895530265120002,0.024670331199633695,1.337144618207021,1.4532402829539237,2.896572343646846,0.368862356238949,2.34615494863984,3.753966459014806,2.9199641744086406,8.526190779829934,4.255768412632117,2.400304062786809,1.8701183044110086,0.06475721152874539,12,11,2566,45adce1453c52e753c54d805034df4a219a461ec0377d2ecac4cd4dc60fb5ecb
42,C42-C2-1.xyz,C42-C2-1,C2,1,42,63,1,3,3,3.0,1.390376780226377,0.025729554207452314,1.3501317787534668,1.4579688474038117,2.936194088974371,0.5649901861177571,2.0976996420196223,3.9908144167677895,2.9900584674112,8.940449638537414,5.294669167240601,1.9163583223667515,1.7294221489300619,0.15112235704110308,12,11,2566,d11637a72e376f4ea8966f001ad8ef36de107fad660f574304e9efcfacf8a176
42,C42-C2-23.xyz,C42-C2-23,C2,23,42,63,1,3,3,3.0,1.3894411708740504,0.02872219949169553,1.3310711663919401,1.4473925832337267,2.8965482419678943,0.36415475296485694,2.364212180417883,3.5975764803727968,2.919349311431264,8.522600402154195,4.242689726800803,2.4428458904858363,1.8370647848675554,0.06466219084179775,12,11,2566,1a151e76545ebae925b48ed690343be046750abdc0d7975c204fdb7ee72ffc55
42,C42-C2-27.xyz,C42-C2-27,C2,27,42,63,1,3,3,3.0,1.3895370232072615,0.025702989631262586,1.3482468542518466,1.4668372165990335,2.8964471229277176,0.3635679864524499,2.387465488751057,3.6567318488321017,2.9191758454552446,8.521587616689342,4.2821210557316665,2.1522782976565877,2.087188263301088,0.06443489918781113,12,11,2566,460500e35024ce6be25493b2a75093c59b5554b6f32de1b2831fc605707461d4
42,C42-C2-28.xyz,C42-C2-28,C2,28,42,63,1,3,3,3.0,1.389322390720927,0.029341947440200408,1.3330912346872588,1.4561452880808288,2.891115442799684,0.3232042443750695,2.3390343071374535,3.4668550683874977,2.90912520995176,8.46300948717687,3.948688433839896,2.7233783645606984,1.7909426887762767,0.04905361341531253,12,11,2566,66706d0b9c5c2766aace3d8aea6a07d12e624fe5254e0c2bc59d5ae65d69d185
42,C42-C2-31.xyz,C42-C2-31,C2,31,42,63,1,3,3,3.0,1.3891575113327561,0.026609473963401575,1.3323805950253103,1.439307576579794,2.884009184584187,0.2624689573210153,2.509679143580806,3.340685235441364,2.8959279912185534,8.386398930323127,3.7911554180199727,2.332382495616886,2.262861016686269,0.03176758330238904,12,11,2566,4eb402d58aaeb789d408a4ff0f16e2aa96394412b53f33d0b6f47f40436ef179
42,C42-C2-38.xyz,C42-C2-38,C2,38,42,63,1,3,3,3.0,1.3894822962695335,0.035717964061785394,1.3295504089728978,1.478499952654717,2.8904335214029055,0.3499160234048042,2.1638158951283732,3.3876307233129785,2.9115369077318998,8.477047165085033,3.7242650951329974,3.1711585062154577,1.5816235637365765,0.05165201095457701,12,11,2566,f23e5b3d4b11cc0d5016d43f79dc80780fafa326fe8fc0683f886b5402c5d2ab
42,C42-C2-40.xyz,C42-C2-40,C2,40,42,63,1,3,3,3.0,1.3887800968401247,0.03053092502101863,1.329042019651749,1.4444256782541636,2.8760995211906932,0.14724024637773023,2.595016417602154,3.13695232260412,2.8798659944425737,8.293628145946714,3.143621410660075,2.8513078885043193,2.2986988467823197,0.008030310724660558,12,11,2566,da7663b3eece183428cde993c446e71cee74e0a803558d25d43181dd477ed4f4
42,C42-C2-41.xyz,C42-C2-41,C2,41,42,63,1,3,3,3.0,1.389303923789646,0.023108997282248522,1.3528108589156134,1.4415211757029447,2.8805662723886747,0.2273883154687945,2.4650570466852684,3.303426079748884,2.889527209706619,8.349367495634919,3.566819603774917,2.7220512167307316,2.0604966751292695,0.024531643528343985,12,11,2566,0beeb074180343154b33f215414dd6b345c3131c9bf7e342015a455e5de74561
42,C42-C2-43.xyz,C42-C2-43,C2,43,42,63,1,3,3,3.0,1.3887263371550485,0.035260702752345253,1.326237373172691,1.4837844890684093,2.879521811681023,0.20739962581708404,2.446281770667939,3.2007721106569598,2.886981203391499,8.334660468735828,3.33108122294333,2.964546468851718,2.03903277694078,0.019148150637251674,12,11,2566,75c6e44bf7fa2fe39130a1bd1e39b866f5757bea18e50f0e31fff62219803365
42,C42-C2-5.xyz,C42-C2-5,C2,5,42,63,1,3,3,3.0,1.3900306354104628,0.027361534546976273,1.3271811858220413,1.4591082859061562,2.919678759328486,0.4969216297609283,2.1832941738426244,3.9580787632640426,2.9616642557518547,8.771455163798187,4.902637040828904,2.1510849126956995,1.7177332102735823,0.11634267962359604,12,11,2566,c251f74e235631756803765305e6c0049b7cc82f39192d35cd9c503748b12fa9
42,C42-C2-7.xyz,C42-C2-7,C2,7,42,63,1,3,3,3.0,1.3893806480404152,0.033347386466254646,1.3268620350285103,1.4663405504861413,2.904757283158418,0.4166792040935896,2.2177500804182175,3.767011049215186,2.934490830312124,8.61123643318594,4.472488385514114,2.36230514412772,1.7764429035441074,0.0813500815326933,12,11,2566,aa424886d1698c5ec3cc00729f200a44932f3cff5edf2cfb898e8ca972c2c9a9
42,C42-C2v-13.xyz,C42-C2v-13,C2v,13,42,63,1,3,3,3.0,1.3898525481112318,0.019517690001682738,1.3410324119871226,1.4366004106918528,2.903306373277305,0.4163917848608774,2.335630576852986,3.801203112437798,2.93301381101628,8.602570015612242,4.516671668340627,2.173750349392591,1.9121479978790246,0.08338214475516324,12,11,2566,f03afce0eb9323a2934ff933c1053d8f58f55a11307e2f5fc9f1d3dd064ccc2c
42,C42-C2v-16.xyz,C42-C2v-16,C2v,16,42,63,1,3,3,3.0,1.3892760602884267,0.025470154802399492,1.334083130843052,1.437266436677626,2.8897472145514698,0.3154071208666365,2.433131345769337,3.6000570906258287,2.9069091172414314,8.450120615901358,4.030133341371085,2.2816695516429504,2.138317722887323,0.04661217516509276,12,11,2566,219336e6a9db048c8ee34a9186f1b1d14fbe85d89fb9fd4735cb60a39522ca62
42,C42-C2v-21.xyz,C42-C2v-21,C2v,21,42,63,1,3,3,3.0,1.3891417361299916,0.02513505025411542,1.323204583577309,1.4401431248316952,2.8796678925348496,0.2208314538023964,2.6017584894600274,3.47605732792213,2.8881228682804654,8.341253702284583,3.5526861005354027,2.4721571091027603,2.316410492646418,0.019548100059173686,12,11,2566,fc05363b15ad97bd97d149131489a443f3c3b63d942e8cc10f108f0a89b98320
42,C42-C2v-6.xyz,C42-C2v-6,C2v,6,42,63,1,3,3,3.0,1.3893594190057397,0.03295412483806999,1.325479343482953,1.4716011042398682,2.9022278107089896,0.39513044594977426,2.338475677750538,3.7940658056148155,2.9290022762997574,8.57905433456916,4.4090552375004135,2.3275428097933704,1.8424562872753754,0.0757840137860021,12,11,2566,76f19e8a7b6fff3bde6954f9e3ec35b2a5bc8abf7deee444d75d84d683a73bfa
42,C42-Cs-11.xyz,C42-Cs-11,Cs,11,42,63,1,3,3,3.0,1.3893420261335117,0.0291719664331547,1.3388204846057592,1.4602002533899248,2.8942529165700064,0.35207042729595045,2.381597364036952,3.6801983703142884,2.915588024884575,8.500653530850338,4.110824313573411,2.5518725095430908,1.8379567077338361,0.05608780160160449,12,11,2566,fd0ca7b7a56db1718caa41f76c61e57b3a61332664e8974c5596abbe341fea3e
42,C42-Cs-12.xyz,C42-Cs-12,Cs,12,42,63,1,3,3,3.0,1.3891335762107757,0.0299758312601069,1.3326687360330773,1.4751068096920983,2.888839297063653,0.30616740053824054,2.4741853091602954,3.6512487875830275,2.9050182377072202,8.439130961411564,3.9904985617000532,2.3001647445517373,2.1484676551597737,0.04404249094361518,12,11,2566,dfe6e65623cef014077e20c8c4f7760af36fa19c997da8465eeaa2126d8b5e3e
42,C42-Cs-19.xyz,C42-Cs-19,Cs,19,42,63,1,3,3,3.0,1.3892625750684249,0.024193021228342278,1.328102981699838,1.439653215187602,2.8823475433951407,0.25320377425086377,2.499455499499759,3.537700602581202,2.893447686102322,8.372039512210883,3.683735037988716,2.576723958375096,2.1115805158470704,0.027917273603480383,12,11,2566,b3f91aa831379605b88dfe858e9722091737a3e3a6a690a26573f03caac6f8d1
42,C42-Cs-22.xyz,C42-Cs-22,Cs,22,42,63,1,3,3,3.0,1.3897448578745302,0.026467491504493512,1.318507038282314,1.4353459687476047,2.901765717708515,0.40791830544772334,2.265088870514031,3.8169411659940296,2.9302971904548785,8.586641624387754,4.4435152433495215,2.351635522274153,1.7914908587640792,0.07949878110423088,12,11,2566,1d97fdbe2c63d82ae46051e96a5e89f04991cf9293465ed5a5d4c327925c4ceb
42,C42-Cs-35.xyz,C42-Cs-35,Cs,35,42,63,1,3,3,3.0,1.389186524211611,0.02440099522377649,1.3416978050216821,1.4325355353358602,2.8790246300970685,0.21651590010293773,2.5447529304736434,3.426677913777897,2.8871546470016027,8.33566195570295,3.574566022699137,2.5146710540586996,2.2464248789451124,0.021295001432960464,12,11,2566,f7acaad65232e22c23633d3b6987dc7bb95a8f2fa1935bbfde9c39e3b5239612
42,C42-Cs-42.xyz,C42-Cs-42,Cs,42,42,63,1,3,3,3.0,1.3890298668434538,0.033507726676341505,1.324271531824195,1.4810307829346423,2.88333251059901,0.26327973216795275,2.31781156127314,3.206632979243404,2.8953277161743918,8.38292258404762,3.33095707330222,3.2370975324152913,1.8148679783301087,0.03080876415038065,12,11,2566,a26dd570190946894f4b4fa5d16be0a9ea069930ac306f36467d4662eb97f52c
42,C42-D3-45.xyz,C42-D3-45,D3,45,42,63,1,3,3,3.0,1.3892017398450485,0.019820807859124653,1.3560204202002266,1.4304508170503452,2.8747137864008745,0.1335731192749692,2.652089028795099,3.0993200278813995,2.8778153401349607,8.281821131916098,3.019124653464639,2.9769689546437483,2.285727523807712,0.007417149082365382,12,11,2566,e137a8b15e978b7eb3c1b1a91b9d0b53c691d322459388ad03d22957a20c9082
44,C44-C1-10.xyz,C44-C1-10,C1,10,44,66,1,3,3,3.0,1.4200277773828391,2.535687973107114e-05,1.4199977255615588,1.4201156872945246,2.992519699769728,0.37727378863338373,2.415081979904492,3.914191793903232,3.0162078285654803,9.09750966509969,4.203347044779287,2.6262905917821455,2.2678720285382568,0.03843206002240546,12,12,2684,688ed48adce388501f38dd6fb6be49934601e9a7eef0289a9ddb97b318f0a365
44,C44-C1-15.xyz,C44-C1-15,C1,15,44,66,1,3,3,3.0,1.389638670302904,0.027952637409932722,1.337137031122839,1.4686559433713533,2.975521295300092,0.4450845255720268,2.343608172909918,3.9632959984477543,3.0086254691616268,9.051827213688018,4.811751819148602,2.369799468913211,1.8702759256262043,0.09071111857602149,12,12,2684,04d08d1f40396e8a9f970d8181726322f462f43ce2e584320015f37f858b5818
44,C44-C1-16.xyz,C44-C1-16,C1,16,44,66,1,3,3,3.0,1.3895050769591273,0.02935096480718209,1.336049018561819,1.4734852120058757,2.9676369210366973,0.4067510137898184,2.295470141426541,3.892819833091182,2.9953823265685493,8.972315282319215,4.535125748048082,2.6023811780041246,1.8348083562670088,0.07214926284194031,12,12,2684,d5d2e3a580f813294fbf44144b68b6e7e45e0a5fdacb97d5c5e99492d24ca8c5
44,C44-C1-17.xyz,C44-C1-17,C1,17,44,66,1,3,3,3.0,1.3895917995663556,0.03269538892146725,1.334895864852386,1.4707889889443693,2.9658866579831353,0.4085062838436829,2.19043607123074,3.8519507599000034,2.993887281101636,8.963361051942147,4.3636368186072705,2.88481425977913,1.7149099735557471,0.06578979222917632,12,12,2684,d88e9f9a565a79b822e8268728bb6a833777e8b4ca03943e57f399dcf92cacea
44,C44-C1-18.xyz,C44-C1-18,C1,18,44,66,1,3,3,3.0,1.3893044616337755,0.03166957730865453,1.3217190019062297,1.4673346925633568,2.9632458741576273,0.37155638504561656,2.2995324390310286,3.869528022073304,2.9864494400509063,8.918880257980373,4.338164729698233,2.693087368757342,1.8876281595247975,0.05883465873144566,12,12,2684,24dc130a2e4e25d180bbd28f4d4cef90c180d595fad794e60155e1cae2c05389
44,C44-C1-19.xyz,C44-C1-19,C1,19,44,66,1,3,3,3.0,1.3894342796771773,0.027813682654627636,1.334427944851276,1.4672247305712918,2.9695302384899667,0.40540507443494567,2.3242860167934523,3.8992448257378487,2.997075760084133,8.982463111683884,4.584358781760679,2.4290223481659177,1.9690819817572864,0.07248401001871141,12,12,2684,20176e0b6713c629d0716245f3eb1819df6c1f9782601556eab4f59c1e2c0748
44,C44-C1-21.xyz,C44-C1-21,C1,21,44,66,1,3,3,3.0,1.3894287946600175,0.03162105684946552,1.317448435423565,1.469250029777097,2.977006013674267,0.4427507362315901,2.306994946328744,3.929334249893532,3.009749660667207,9.058593019886366,4.790580110640013,2.378455968469514,1.8895569407768391,0.08818933929603011,12,12,2684,c53777679493d938ce246ea43ce657d317a5df3ab2225b3a6b1efe697fa09940
44,C44-C1-22.xyz,C44-C1-22,C1,22,44,66,1,3,3,3.0,1.3892222089479427,0.027088299761723635,1.3262697915582637,1.4622997127812067,2.9582801622281165,0.3202000527514827,2.4989086524801345,3.7300008789036365,2.9755587024984846,8.853949592014466,4.1888257872808365,2.567149904540844,2.0979739001927853,0.04606070391930912,12,12,2684,e5a7358c9e7860adb0c04b40dd48c26ebc7db0e5c6c003cb8aa81375927ed54d
44,C44-C1-23.xyz,C44-C1-23,C1,23,44,66,1,3,3,3.0,1.3888648936655734,0.03303215867834822,1.323771611721599,1.4747098731614976,2.9583055522476887,0.3159277440294258,2.47769405039559,3.701549642637683,2.9751272375996,8.851382079907026,4.163129540930363,2.42923488062465,2.259017658352012,0.04250966633228129,12,12,2684,6be3a80644456acb4ee206f6ad05d8732ced5ac30c893b7e6841e3c7433e74d8
44,C44-C1-25.xyz,C44-C1-25,C1,25,44,66,1,3,3,3.0,1.389323963699662,0.025915151976831606,1.3303850344918946,1.4465078257652118,2.9618890257320034,0.35594492493815766,2.4055172279054666,3.736159659770371,2.983200192803177,8.899483390340913,4.34404199880883,2.5372345576020883,2.0182068339299946,0.05646061403799582,12,12,2684,3a9a5b18ffb07c2637c79e6e0b29128b62a02e559a9ccf783ef508f7e8fde049
44,C44-C1-26.xyz,C44-C1-26,C1,26,44,66,1,3,3,3.0,1.3893870322440027,0.02932387478152022,1.3420967513558775,1.467222583659344,2.9620605109492972,0.3608346707486019,2.319496975658259,3.7180541571556427,2.9839577963066874,8.904004130139462,4.247087408883451,2.7876452778700833,1.8692714433859292,0.054410004229471266,12,12,2684,a0ea21b2c00b8c7c4dc19e7456642395d693a43d300a0f7b79c61c932912659f
44,C44-C1-27.xyz,C44-C1-27,C1,27,44,66,1,3,3,3.0,1.3890796005381785,0.03141830250554812,1.3317699388407893,1.4700839227744786,2.95859047085832,0.326225956449877,2.3551097694342635,3.6841346232797125,2.9765216190908625,8.85968094891529,4.083757084797821,2.8333621185888798,1.94256174552859,0.04421825290443047,12,12,2684,7c2183bf228661ee7b5549213112f6294b2963fddf527e96988ca9a06d665634
44,C44-C1-29.xyz,C44-C1-29,C1,29,44,66,1,3,3,3.0,1.3890539031969462,0.02889774157047803,1.331202685544166,1.4574784423791658,2.9534348300772155,0.28519201247680404,2.572758223201639,3.6898725982018328,2.9671723541941075,8.804111779493804,4.021159839201119,2.5335778750366225,2.249374065256062,0.035045346550864595,12,12,2684,1461741f0ad4e7a52633103035d6534efe54f2d7b292edd26e3b24f57a9941fd
44,C44-C1-30.xyz,C44-C1-30,C1,30,44,66,1,3,3,3.0,1.3890895158022523,0.029512290153128482,1.3217031474578549,1.4676137298349319,2.9526348954610597,0.2841316571945497,2.4552335544402233,3.7025107713960423,2.9662743677068146,8.798783624514463,3.9381900112846173,2.7079089252603863,2.152684687969461,0.03235588863228613,12,12,2684,b557fad03922c1d2cc93c596000077d8565c0ea73aac1e0ee646b63f06af3c39
44,C44-C1-31.xyz,C44-C1-31,C1,31,44,66,1,3,3,3.0,1.3892300978800969,0.029034989213055064,1.3269143793025984,1.4668221330481757,2.9555601894470924,0.32465644794115006,2.334697105544621,3.649115743835917,2.9733378285412333,8.840737842634296,3.931798621475689,3.0000885230501657,1.9088506981084414,0.03935074585386274,12,12,2684,9af618e1091cd4d2ecd764da79c4c92ec18f43bc53922b2bcbb3d6511d14e467
44,C44-C1-40.xyz,C44-C1-40,C1,40,44,66,1,3,3,3.0,1.3892277151957646,0.028014331264516808,1.3299519577789267,1.4559661980966452,2.9607052457753866,0.3377479393051019,2.4985229082029807,3.73112409957796,2.979907586296383,8.879849222866735,4.2906414880041455,2.497388610515652,2.0918191243469364,0.05209183798574713,12,12,2684,2bf9bff3d291ccb9cd63b0545c359661d57dad8dd7544d3f734d474157f98c04
44,C44-C1-41.xyz,C44-C1-41,C1,41,44,66,1,3,3,3.0,1.3891946969667224,0.03331898828209764,1.330463426780308,1.4765097155115505,2.9625463425899823,0.3619874377778799,2.2931424604751647,3.739548705141438,2.984579658361002,8.907715737102274,4.2650143622197465,2.7968928840630607,1.8458084908194665,0.05616125597617449,12,12,2684,a713e752a1ddd09577eec0d977fd0cb2db43cf9e8182bb9ca20ee936eff50bc3
44,C44-C1-42.xyz,C44-C1-42,C1,42,44,66,1,3,3,3.0,1.3891736118963274,0.030524599300031905,1.3334386900041562,1.4734065358888564,2.9597329022136605,0.32788832669874934,2.3573317655282624,3.679857198198353,2.9778397551297826,8.867529607231404,4.171705874419821,2.72969431214544,1.9661294206661435,0.04786151105096728,12,12,2684,75541bce83dc94663498f548dd2c67035e4964e4d8405b7e9bf2072109416e2e
44,C44-C1-43.xyz,C44-C1-43,C1,43,44,66,1,3,3,3.0,1.3893682163590881,0.03060358428626052,1.3237517025484804,1.4662843926060185,2.968232901850676,0.39878948926104185,2.3595745999474023,3.7213044931104755,2.9949022715898375,8.969439616373968,4.547538487102555,2.5291775937692957,1.8927235355021168,0.07163937557245237,12,12,2684,f187f1ee20a90cd48bbf81e85cb1bae9136f5744e60ed504f60fad9f999471d3
44,C44-C1-47.xyz,C44-C1-47,C1,47,44,66,1,3,3,3.0,1.389319912636863,0.02432118827656209,1.3421195066014053,1.4433970278478474,2.956733671655637,0.31129699531706445,2.4705878866843842,3.5518404316910477,2.973075818810489,8.839179824395659,4.1454211037803255,2.5985504590424013,2.0952082615729326,0.043833600579426715,12,12,2684,e67c36e168a5de878e2e4a5a674513d5351e35256ef5b0f1a89ef95d925f5847
44,C44-C1-48.xyz,C44-C1-48,C1,48,44,66,1,3,3,3.0,1.388865317405966,0.03593828402053444,1.3212208369534595,1.4718707382103906,2.9586955967498088,0.32556822091630366,2.3752531055529746,3.5466981428292064,2.9765540983992405,8.859874300697316,4.1240120982352,2.7513978029616593,1.9844643995004558,0.0449054596887582,12,12,2684,1b1cc72b6d3fedce1abd8e7686e34ee7321a8f262b5e4c643c48e8b366356e77
44,C44-C1-50.xyz,C44-C1-50,C1,50,44,66,1,3,3,3.0,1.3891030592393514,0.030333780445528397,1.3210740403171957,1.4535170759230867,2.9564450072113657,0.3055917622857862,2.378488471568725,3.5845219828798602,2.9721967306761417,8.833953405841944,3.9904266751459723,2.8954494052165836,1.948077325479388,0.04015749437625141,12,12,2684,3e688f0836e8b88d325e6ed7dafaddeafe5bd00576c611f8acf81b2adc9e9a0e
44,C44-C1-51.xyz,C44-C1-51,C1,51,44,66,1,3,3,3.0,1.3891595299825994,0.028055212626055984,1.3353596968607373,1.4614885186001292,2.9522359578847155,0.2794543478299622,2.4210801199326846,3.5391061662190393,2.9654328324122523,8.793791883548554,3.8577426282784586,2.9175147631550327,2.0185344921150628,0.03281281280864693,12,12,2684,86dc63c31b9f90266dcd12ca961b75df5dac22fbec7a1b39c7fa7b3dcdd95e9b
44,C44-C1-52.xyz,C44-C1-52,C1,52,44,66,1,3,3,3.0,1.389264476468407,0.021016047950267944,1.341975953584862,1.4280375905416498,2.9499635022844926,0.24628436285047153,2.601393620618699,3.498395286067239,2.960226452857154,8.762940652195248,3.856926995171345,2.60056314146897,2.305450515554933,0.026518212417507674,12,12,2684,7abb46a69082c96c0b86ffc014b994a789307b70623aa27e96ca8143791627f8
44,C44-C1-53.xyz,C44-C1-53,C1,53,44,66,1,3,3,3.0,1.389161194617999,0.03204228367722604,1.325699309798417,1.4701460947810596,2.95650765075443,0.3196844563063234,2.334569221820614,3.596590095508309,2.973741017737312,8.843135640573344,3.9077961732373576,3.0758434951739475,1.8594959721620394,0.040710325726410077,12,12,2684,72f0db42d8753a858c16cfa40306674195825944b77c75c72256d35adf1e8369
44,C44-C1-56.xyz,C44-C1-56,C1,56,44,66,1,3,3,3.0,1.3891921609964406,0.025125068526550533,1.3375349303849975,1.455397468047818,2.952680878920083,0.27488287735473993,2.4981430578707475,3.543949124833198,2.965448527458047,8.793884969003098,3.8827332732324304,2.816809910245894,2.094341785524774,0.03140013832133845,12,12,2684,a6db1cb86c2c8b5cc50f4bae4bf84de0b6390e4d58651451beb45aeda2f13668
44,C44-C1-57.xyz,C44-C1-57,C1,57,44,66,1,3,3,3.0,1.3890667108996675,0.028231619454890153,1.328561680916622,1.4585012101469097,2.950556987078961,0.25512317366773024,2.4683692114122926,3.5014096891282045,2.9615662018166615,8.770874367742767,3.8438277104672958,2.734231868971417,2.192814788304054,0.02762431073391097,12,12,2684,ae847211eb82acc28a8aa25005dd267905cf04dd49cf6ceb32eb695862506fcc
44,C44-C1-58.xyz,C44-C1-58,C1,58,44,66,1,3,3,3.0,1.3889373921847716,0.032395114905706186,1.3292622954105031,1.4712177439114849,2.952983959166785,0.28538805111417104,2.484548078470282,3.5353048931975777,2.9667424227281822,8.801560602815085,3.8531854040633435,2.8796788540733105,2.068696344678431,0.030914969183376616,12,12,2684,785e6baa22250efdbd93f09fd94c01d3867032e7801a27dfb7657bf79f247cea
44,C44-C1-59.xyz,C44-C1-59,C1,59,44,66,1,3,3,3.0,1.388828906800534,0.03025472763593865,1.3312045560318668,1.474625742349563,2.9469209461115837,0.19672422443184273,2.637067626271056,3.44768218611228,2.953479893804849,8.723043483109503,3.5991195191822016,2.7063178723465797,2.417606091580722,0.014958462004770273,12,12,2684,6e87eeac9914f642cb1173c2d8739bd4df28c455740cf5bfee0bf78fa5346789
44,C44-C1-60.xyz,C44-C1-60,C1,60,44,66,1,3,3,3.0,1.388822901275816,0.030919224396469526,1.3290040857725007,1.4595978076168792,2.9482528150549827,0.22029919611427087,2.5080369574145496,3.4686544723924495,2.956471951040331,8.740726397288222,3.5971143384467834,2.904287839230501,2.239324219610938,0.018100578494933767,12,12,2684,a830440647308ff52d674fe34010374fddfe758d9bce1297b29c6c874ef943f5
44,C44-C1-62.xyz,C44-C1-62,C1,62,44,66,1,3,3,3.0,1.3888449507682217,0.0315644506335384,1.3182750471733888,1.4736245417337483,2.9516003134858164,0.25540985017977924,2.5417201451965425,3.4859284902627032,2.9626303519235115,8.77717860213843,3.867207529640351,2.5572912804485224,2.352679792049557,0.026295433807069505,12,12,2684,8ebea01db86496ae17e997c5d81a5eba385c0a67edc4638be3e68d2e68d9d5ba
44,C44-C1-63.xyz,C44-C1-63,C1,63,44,66,1,3,3,3.0,1.3887779940641631,0.03245003184522135,1.3224350418829653,1.4725353000862154,2.9500026855999466,0.23610081180793696,2.5504628639681015,3.4712341955679644,2.959435662146293,8.758259438383266,3.7601105737511213,2.679652012108803,2.318496852523342,0.0220062647700615,12,12,2684,3a4c827b60016f6c62021a9828cc2fe013afcf384bdedea075ca8b951a6bc31f
44,C44-C1-64.xyz,C44-C1-64,C1,64,44,66,1,3,3,3.0,1.3889743666651793,0.030696759108925015,1.3288929264617222,1.4584040695225722,2.951946259063621,0.26752287779685674,2.4853905490707335,3.4477566459354327,2.9640437254778176,8.78555520654442,3.7716565155068356,2.9651350944648946,2.048763596572689,0.028882016645186158,12,12,2684,73a506b80ccc51de5cbc57f4c8c622af32083484dfec969892916c96cb237b21
44,C44-C1-65.xyz,C44-C1-65,C1,65,44,66,1,3,3,3.0,1.3891146367577716,0.0310963172308762,1.3269381937377491,1.4705426005389983,2.955898454311372,0.3093675516593213,2.460345750297553,3.5179448349088385,2.972043733564505,8.833043954220042,4.070953223885405,2.7397345378392233,2.0223561924954128,0.04154898218454675,12,12,2684,fd4a5aa54962c72c9adf01ce8bbd418bf4c7af9189a5cda9e98dab6b120fe217
44,C44-C1-67.xyz,C44-C1-67,C1,67,44,66,1,3,3,3.0,1.3887988292191682,0.029690307908646966,1.3265371951061153,1.4446103730764224,2.9450040875147905,0.16393269931105178,2.64465314877869,3.2495354952081645,2.949563188911577,8.699923005382232,3.394788757067834,2.8799458188556737,2.4251884294587245,0.0093276345753051,12,12,2684,204d66e693abff39aca2ab016221c7b1fab5b57ef25931de365c7063c80bc72b
44,C44-C1-69.xyz,C44-C1-69,C1,69,44,66,1,3,3,3.0,1.3890673307949915,0.02343071481764577,1.3325780127257092,1.4286227948622405,2.944594743969887,0.165217493251279,2.639182231484102,3.304200441872786,2.9492261741499797,8.697935026291326,3.4464818124065095,2.8528485945792594,2.3986046193055555,0.01094973817469935,12,12,2684,d9c7897bcb3c73506585528bdef047d76e2187feebdd0eba2b95285334e1bfb4
44,C44-C1-7.xyz,C44-C1-7,C1,7,44,66,1,3,3,3.0,1.389769633996509,0.028162037041031072,1.3325010544085885,1.4589650646948336,2.984760516693689,0.49343740190945984,2.231151205089914,4.025886093539656,3.0252728491190237,9.152275811616736,5.039661245600354,2.239159399311896,1.873455166704485,0.10745295312331052,12,12,2684,25eda7dda17cf2f848615b7332bceeca5e4c90a2f263654f08dedd86b59f7925
44,C44-C1-77.xyz,C44-C1-77,C1,77,44,66,1,3,3,3.0,1.3889888673761617,0.025920305055642412,1.3410936917307454,1.4391615232488673,2.9452226815156406,0.16871859015813792,2.6478411866570153,3.270918513650111,2.9500512887709482,8.702802606379134,3.4576672657108665,2.8672348620565797,2.3779004786116875,0.011578976014488596,12,12,2684,ea79b7ff20a3481ffa9c466e7009a73b7107ca8cb157ab3b9e4b7c8a6ec4d653
44,C44-C1-78.xyz,C44-C1-78,C1,78,44,66,1,3,3,3.0,1.3891425003564792,0.023137832858977022,1.3355729631884588,1.4380518036566,2.947725258871222,0.20880664093940224,2.652243667873641,3.4107921672715973,2.955111574050599,8.73268441508781,3.7200281375857633,2.5951147148182723,2.4175415626837746,0.019626556914862953,12,12,2684,5b6e18a7b962a81aa5ed8633a4c777ba75c99ddaf2dc399261ce25c0f73db0b2
44,C44-C1-8.xyz,C44-C1-8,C1,8,44,66,1,3,3,3.0,1.3900091056630317,0.02280235815645386,1.3489950111101228,1.4580172186911922,2.9873399384138732,0.5047445749250635,2.3084867411230925,4.068899744384249,3.0296810052477285,9.178966993558886,5.135560315120751,2.15468572234576,1.8887209560923748,0.11571229352336446,12,12,2684,294441eb4147e48738eba631ce4b68d0ef33c1da1cde432f15e5d31679d4d8dd
44,C44-C1-88.xyz,C44-C1-88,C1,88,44,66,1,3,3,3.0,1.3891260784708992,0.023305830781687402,1.3440651993114023,1.4434688843199914,2.946438150357483,0.19229682755738434,2.6456678566276937,3.3763932260155785,2.9527065285548884,8.718475843770658,3.612560480489907,2.730127022909144,2.3757883403716074,0.016009681141195352,12,12,2684,6beef57ec71d92a1bd19ed36f3b575cf263fb5873824dc49bf6369af4361b732
44,C44-C1-9.xyz,C44-C1-9,C1,9,44,66,1,3,3,3.0,1.3899739059870673,0.034218262126163086,1.3267918827005234,1.4700894564617488,2.988434904771589,0.5181481868319168,2.138097668185049,4.080547496751362,3.0330217149856313,9.19922072357438,5.079684256082102,2.5226059000733843,1.5969305674188938,0.11536156617816619,12,12,2684,26e88b3fe14ced52421e6e817f5048503fc1f41da0c141fef58d5eb99432c292
44,C44-C2-1.xyz,C44-C2-1,C2,1,44,66,1,3,3,3.0,1.390361012771678,0.028276458475350923,1.3362576884718005,1.456022681828824,3.0196749995243906,0.6277887342495669,2.1364538582206225,4.181011408970579,3.084243148262359,9.512555797603309,5.825780974708212,2.002993178053188,1.6837816448419078,0.176109031953353,12,12,2684,04b4d4a536ccf495c28494fc235094a741a1c57c47c09d534df19b2f34df0884
44,C44-C2-12.xyz,C44-C2-12,C2,12,44,66,1,3,3,3.0,1.389427256484371,0.03682678741958902,1.3269544604092487,1.4698574284603252,2.9839568018058826,0.48406837897613986,2.206147712720277,3.998903347495865,3.022965496092898,9.13832039056818,4.9601881297125265,2.512231125499961,1.665901135355693,0.10514504945140822,12,12,2684,42b561525d589c8f81a05ec7d9f11dbf5a9958bd74548332211e3672dba82f39
44,C44-C2-14.xyz,C44-C2-14,C2,14,44,66,1,3,3,3.0,1.3893282814098757,0.036017917958642356,1.330563497169526,1.4725526985476614,2.983064270107823,0.47403813981478143,2.236162536405886,3.9718775907105752,3.0204940982549484,9.123384597592974,4.946296758321682,2.390485778025261,1.786602061246032,0.1014013538334561,12,12,2684,b7bdb0d8d64e60964ecc479fcbd66ee7eed0e6304ad02a6563a8819bed473b73
44,C44-C2-20.xyz,C44-C2-20,C2,20,44,66,1,3,3,3.0,1.3895439970837813,0.028019030631329166,1.3334835057097634,1.4641440298003474,2.9735594663179143,0.4345742516578397,2.376608954108556,3.9382787844349956,3.0051473640959525,9.030910679932852,4.744411025926272,2.194108141094401,2.0923915129121786,0.08305565932936444,12,12,2684,806fd26dd3bdd6c7ba15f73d4124469c613d5390cc4da137ec58455507972d8c
44,C44-C2-32.xyz,C44-C2-32,C2,32,44,66,1,3,3,3.0,1.3893306136184655,0.0227351183852733,1.3275248622907219,1.4417128216118495,2.9555609030977306,0.30991448180023307,2.450687607499295,3.696252927997817,2.9717650038233807,8.831387237949377,4.083777961285181,2.667968871680392,2.0796404049838046,0.04081892226064173,12,12,2684,a3e2ed91b0ea74d6a749e1c413285694ef1ea2677019acdaa14fab5a0a76da2c
44,C44-C2-34.xyz,C44-C2-34,C2,34,44,66,1,3,3,3.0,1.3896555970256455,0.030773643103186914,1.3310726388894034,1.4691316278672921,2.9563943906068655,0.3587632848754497,2.24842963924016,3.624137322538101,2.9780830894027055,8.868978887386362,3.7054155595669056,3.4501726518064797,1.713390676012977,0.044812054846928094,12,12,2684,870031a095cf7dec1b45b02ef46672a102653e76dd2ca094381eb766ad8ac3f0
44,C44-C2-36.xyz,C44-C2-36,C2,36,44,66,1,3,3,3.0,1.3892904098420191,0.025694746540534955,1.3399918059450961,1.4439887811198533,2.952686374232046,0.28963777559119275,2.495690239294805,3.659984215075561,2.966858079791651,8.802246865625001,3.909715721541413,2.8152252430399574,2.0773059010436308,0.032912943613858825,12,12,2684,6fcaff2922cb96feb3712260ec6472301f5b79b5af45fa2094a3edb037b11d14
44,C44-C2-4.xyz,C44-C2-4,C2,4,44,66,1,3,3,3.0,1.389972175107361,0.026834523840300953,1.3408628453350477,1.4539628949873515,2.995327004421283,0.5419356837286733,2.21303224890539,4.024913715299291,3.0439576456833044,9.265678148713846,5.28916015553321,2.1813011065638634,1.7952168866167715,0.12821649745258204,12,12,2684,014db7bdf99942325140d4bcff97b31aba529e66c5c58f46c37de49f9434f872
44,C44-C2-44.xyz,C44-C2-44,C2,44,44,66,1,3,3,3.0,1.389487421026847,0.02786437916665333,1.3350217001981652,1.4663297105357989,2.969502009527194,0.40771059081576,2.401484195764187,3.7821693157445653,2.9973605239359147,8.98417011044938,4.633584605950237,2.340740253207825,2.0098452512913187,0.07588792348557018,12,12,2684,289125af3ebcc5d6e659deabbc3ee035f7cd11d0ab01f5cec470acac3144ed77
44,C44-C2-45.xyz,C44-C2-45,C2,45,44,66,1,3,3,3.0,1.3896853333099468,0.025729378118655163,1.3488623984676866,1.4622305871510142,2.974366543649048,0.4318873078254068,2.354473575277225,3.843026067418817,3.0055586806182086,9.033382982639466,4.757106848084547,2.362932648997891,1.9133434855570277,0.08591204369891307,12,12,2684,c604b5dd262f5a307591690f95462825bab62e989b22d4b40a7b71570d5060cc
44,C44-C2-46.xyz,C44-C2-46,C2,46,44,66,1,3,3,3.0,1.3893936356536154,0.03143901107462055,1.3435761645697653,1.4698959997224295,2.9663878459309063,0.3877013127272921,2.32537544453192,3.6502576776833946,2.9916164794934974,8.949769160377068,4.438526019217202,2.698250665895279,1.8129924752645867,0.06682824521884279,12,12,2684,1949038e764de66e45fb9c9f703254aa63836a8709b5a72ac9526db6f69cc161
44,C44-C2-49.xyz,C44-C2-49,C2,49,44,66,1,3,3,3.0,1.3890977597838297,0.02913971266940556,1.3325150655808737,1.4427126498371046,2.9581806023621593,0.3206730183000889,2.5258111629654234,3.5258993342842615,2.9755106554770454,8.853663660857436,4.2233294358943745,2.404522562993165,2.225811661969896,0.046755454346642134,12,12,2684,8bd3781f7e52224e15ee52688c9a938e95d6e6dbe8493303305289a047fe9fb0
44,C44-C2-5.xyz,C44-C2-5,C2,5,44,66,1,3,3,3.0,1.390050602267797,0.022385539469908653,1.3500619170986194,1.4540711983943566,2.998470955202748,0.5524956528518485,2.2332992286329665,4.0473739200503225,3.0489472799008297,9.296079515614668,5.3871384270004095,1.9804089037940575,1.928532184820201,0.13637611025396412,12,12,2684,a0dd6f4c63e329e188fd0e7b3286b0c3a5d9530e0ac0a0fb5e0a9d8d9e7c29ea
44,C44-C2-6.xyz,C44-C2-6,C2,6,44,66,1,3,3,3.0,1.390214163417836,0.023491709995366036,1.3525952166113853,1.4583452437608866,3.003103812557072,0.5771972720756249,2.263733330770413,4.138693429104605,3.05806952175492,9.351789199886365,5.533364927748809,1.9647205205648435,1.853703751572713,0.1502896636600254,12,12,2684,f3dca50d7b06fc9ed6d6de41243182893d8cdb3066cf301280c983f87b674e57
44,C44-C2-61.xyz,C44-C2-61,C2,61,44,66,1,3,3,3.0,1.3891153270961487,0.030196063799510387,1.337713429700098,1.4587735053804616,2.9514933543990427,0.27506305633620554,2.427054666739278,3.419497938876009,2.964282831651313,8.786972706022727,3.593356758261865,3.222761664443354,1.9708542833175091,0.028086239732225553,12,12,2684,fcbd0b576e5d664b3d12a647c1510c3632438fc2a6882b338e42b119e6a3b029
44,C44-C2-66.xyz,C44-C2-66,C2,66,44,66,1,3,3,3.0,1.3884724100835935,0.04438947200109301,1.30855575349314,1.4797410212601392,2.9645856356451863,0.3430495707418159,2.352715871949246,3.475559362048345,2.984367772085055,8.906450999059917,4.0201236671142855,3.15719871632828,1.729128615617352,0.05063154890837517,12,12,2684,de98813ae8f5450e9c9b684758a1614f4cb8d78f1ad08b5b48a4e9f7a5e62fd9
44,C44-C2-68.xyz,C44-C2-68,C2,68,44,66,1,3,3,3.0,1.3887493803517763,0.02955379168330559,1.3249299755081396,1.4384772608560765,2.9440257988886382,0.1358623201592925,2.68502301026757,3.246622663593235,2.947159051452932,8.685746474560947,3.2666310618297354,2.9144686683190417,2.504646744412171,0.005783186037238576,12,12,2684,18ac3cb75577fb1566ae4223afdf90d3a93d4ee967b029e4a2d1f5969144426a
44,C44-C2-74.xyz,C44-C2-74,C2,74,44,66,1,3,3,3.0,1.3890628331674502,0.028079892473098538,1.3326386081755248,1.4730944063433273,2.9522070955223523,0.2631678368926395,2.6101714668075666,3.5050264275686347,2.963913636600647,8.784784045227273,3.974587469364539,2.4566479629923546,2.35354861287038,0.03202268445525347,12,12,2684,fec35d7f7bc8ceec294862623aff51459b1e4895865effe67170db0c0c68e4d8
44,C44-C2-76.xyz,C44-C2-76,C2,76,44,66,1,3,3,3.0,1.3887968181084693,0.033236801613392965,1.3212987587975704,1.4659692868542642,2.950824040885327,0.22929163064087438,2.5111028323566162,3.267914737139706,2.959719103588846,8.759937172148762,3.4548607247518865,3.262427498500942,2.0426489488959323,0.02293062877799807,12,12,2684,d3b2bfabb36cd8c565e828aac48c2a4fe71e0f9fd18ab52956a586829f94eaba
44,C44-C2-79.xyz,C44-C2-79,C2,79,44,66,1,3,3,3.0,1.3887866671595426,0.03227520530476891,1.3255268348849072,1.4806960018855997,2.9480330367915872,0.21502354022061806,2.6013988797550653,3.392533621693112,2.955864325178617,8.73713390886364,3.6961727571415812,2.70764150294781,2.333319648774249,0.019483734321873523,12,12,2684,41002829394d45a4c27538212f72297449ca389e7b670a413c35f78d255d7f01
44,C44-C2-81.xyz,C44-C2-81,C2,81,44,66,1,3,3,3.0,1.3885323694255898,0.039572803598307574,1.31350830221967,1.4821533625101013,2.9530575864278585,0.25459793175817647,2.4686209711411866,3.3528387564019217,2.9640123507864593,8.785369215614672,3.6310985352635194,3.1724833537541177,1.9817873265970345,0.02816895292875879,12,12,2684,f482e6ab160699b87a7f345a36580c3adf447c066ce1f6a54ab08a44799a689a
44,C44-C2-87.xyz,C44-C2-87,C2,87,44,66,1,3,3,3.0,1.389202923354657,0.022650165906719002,1.3295585583192642,1.4379821904321346,2.949924677854076,0.2324767271808217,2.638852456292232,3.4648288743900206,2.959070974764408,8.756101033693183,3.8420918685256096,2.5412649306565815,2.3727442345109915,0.025300427603326445,12,12,2684,a669e3a567f7d2040b9a1783db0095f2ad616613bb2f92207230444a4f70fc71
44,C44-C2v-13.xyz,C44-C2v-13,C2v,13,44,66,1,3,3,3.0,1.3892830890465468,0.03388125438019085,1.3286388297803131,1.4652422973692782,2.9819967483784637,0.472533677540839,2.3794762673127354,3.9837727399442264,3.019203981805469,9.11559268375,4.966553252713222,2.103834889226334,2.0452045418104445,0.10068636845391941,12,12,2684,06d4aded323219ba3da95492a8336202b6309ea21acfe01c6bcc8144c6850534
44,C44-C2v-39.xyz,C44-C2v-39,C2v,39,44,66,1,3,3,3.0,1.3896919265246075,0.019746552155305946,1.358151972350664,1.437382068205945,2.9665432263078073,0.3928598611555812,2.4808200741862634,3.8134396266880413,2.992443413677177,8.954717584059917,4.564957688733527,2.3557329532551896,2.034026942071202,0.0710201392978421,12,12,2684,46cb05c0b719318417f1c747ddedc542a45dd5847fa68600728716583cd30e3e
44,C44-C2v-55.xyz,C44-C2v-55,C2v,55,44,66,1,3,3,3.0,1.3893611408912647,0.01926703573910423,1.3398203536295452,1.4192980553780803,2.9545637970200573,0.2946925494617325,2.5469583125926323,3.597774548395815,2.9692239607968,8.816290929369837,4.078193451351705,2.5566379790399063,2.1814594989782248,0.038940720361134815,12,12,2684,65ff315e8a96aed82a63ed4682c7bc63ddde94786b87e12f375eb292923b2310
44,C44-Cs-11.xyz,C44-Cs-11,Cs,11,44,66,1,3,3,3.0,1.3897948663697488,0.034137458589638764,1.3288382331946955,1.4746688102757173,2.9887503681527274,0.5079565038575165,2.187084043415999,4.072651385183565,3.0316082485941704,9.190648572944214,5.088449342693521,2.467767076546994,1.634432153703699,0.11538483499809862,12,12,2684,d0bf6dfe71188ae4d11417adf86e7882e354c29612581ccf9e90b1d2ccb783b6
44,C44-Cs-28.xyz,C44-Cs-28,Cs,28,44,66,1,3,3,3.0,1.389226825088354,0.027224456481080062,1.335469849903022,1.4509602234382581,2.9557033708571905,0.3158787058741449,2.4531919188156386,3.698385552089721,2.972534570584719,8.83596177332128,4.058445495770647,2.764529636974448,2.0129866405761865,0.04113353303794444,12,12,2684,eb4fa4a565dfc38e0db53fabe06bf2ae5e6fb74ba8969efceafee83cbc5239b0
44,C44-Cs-33.xyz,C44-Cs-33,Cs,33,44,66,1,3,3,3.0,1.389131445187269,0.030308524020360317,1.3324501379038545,1.455765867164085,2.9541384099216144,0.306166159243779,2.467860402068171,3.648578162107147,2.9699615253468,8.820671462040291,3.9051670030479064,2.9208716744200727,1.9946327845723113,0.03519664493940707,12,12,2684,87617a7d4b193c35a5473ab97037fa1b91bb00844d6fad8acebcc96e4361e052
44,C44-Cs-54.xyz,C44-Cs-54,Cs,54,44,66,1,3,3,3.0,1.3890283733884725,0.029750256641908876,1.3248292795677488,1.4710418416890798,2.9516087580627275,0.2627910456650722,2.445927458777182,3.420409627310771,2.963284224362276,8.781053394354338,3.7815205886347516,2.9383796236694226,2.061153182050163,0.02879169700986932,12,12,2684,bfdf32c0e56086f5cde64c9c1623239e3406d5da41bdd8c5067a8b8cac2b4ca3
44,C44-Cs-70.xyz,C44-Cs-70,Cs,70,44,66,1,3,3,3.0,1.3890674055951504,0.026078343235059746,1.3262454599356788,1.4408014054684983,2.9467795725578765,0.21086883320096592,2.6187033513370155,3.420370328106977,2.954314728335476,8.727975514059917,3.595935144682861,2.8337199452534008,2.298320424123656,0.016746590040596226,12,12,2684,74f0b2c0668e28b958b0c8ee42c7350ffc235dd43de0f73fbaeda2801c1c7c6d
44,C44-Cs-71.xyz,C44-Cs-71,Cs,71,44,66,1,3,3,3.0,1.3885545305304443,0.03775807540817958,1.3144653704072995,1.4826718079197434,2.9511331750998533,0.23525524460313968,2.45668523638384,3.3082107620465884,2.960495236829173,8.764532047288222,3.3942642868563144,3.3353887465234484,2.034879013908459,0.023059473809184015,12,12,2684,e337874cea2624939fe87617274e7f1429634c203949df9a4cb7e104d46b2c5a
44,C44-Cs-84.xyz,C44-Cs-84,Cs,84,44,66,1,3,3,3.0,1.3890235316982,0.029538381208472596,1.3229499045693303,1.4643194665099553,2.9522288129808114,0.2536263760051307,2.4876813063976693,3.3956377472923664,2.9631033230043773,8.779981302799584,3.694386284915195,3.0752535313304232,2.0103414865539664,0.028236339409103438,12,12,2684,549f9979b982c9cf0c04b0c66eba22e0031a60b93b3a0174d16b3a85005bf761
44,C44-D2-2.xyz,C44-D2-2,D2,2,44,66,1,3,3,3.0,1.3921447392616417,0.0248971753433087,1.3530885262982613,1.4496550244799622,3.050562154427379,0.7327762090916431,2.0489314499050773,4.396426809978875,3.1373381122593926,9.842890430635329,6.427200456721781,1.9553244277037432,1.4603655462098044,0.23178650549102542,12,12,2684,b8ccc8d818cc385e8f5aa7b0b307923b1a542b016aee8cde419f19a0ecce9226
44,C44-D2-24.xyz,C44-D2-24,D2,24,44,66,1,3,3,3.0,1.3893517366707895,0.02807269228779168,1.3253299551432465,1.449953278557623,2.9669929916693705,0.3847596934356457,2.4015705038126733,3.7585441194649922,2.991836799410665,8.951087434307851,4.490293967162864,2.5499622429904596,1.910831224154528,0.0675657638440763,12,12,2684,648d232680cd42b16eb8e7be01003bb9430fb401fb406f996a2ae12e8fc0b49f
44,C44-D2-75.xyz,C44-D2-75,D2,75,44,66,1,3,3,3.0,1.3892002344937395,0.019570463152244016,1.34061629857316,1.428683064923778,2.9449917416462514,0.1670344450393109,2.7029949092519856,3.2915580910436435,2.949724879407267,8.700876864194214,3.5406880922171897,2.699224880057216,2.4609638919198087,0.012750983421419157,12,12,2684,dfeff0672f803b31c761e330041e2d49f7981b497b11fae890a723585aeba61d
44,C44-D2-83.xyz,C44-D2-83,D2,83,44,66,1,3,3,3.0,1.3889423163244046,0.030152405036052612,1.3320962540297154,1.439400378629935,2.9512915854624855,0.24145441919839045,2.5353749475948386,3.303604795093423,2.9611521843654223,8.76842225897211,3.664917074598982,3.037234856777644,2.066270327595484,0.0253132400091921,12,12,2684,c3a96e5d1182c1e92a872d7907ed47fde7f701a8d8a695317b71d6a809c23d48
44,C44-D2-85.xyz,C44-D2-85,D2,85,44,66,1,3,3,3.0,1.3885441890823411,0.04303039231326967,1.319305154238397,1.4843570527336072,2.9569868653494926,0.30100929250325215,2.3341492247760693,3.3329859705504856,2.9722681433583227,8.834377916022731,3.599632755620222,3.435721480132596,1.7990236802699138,0.03810459131391214,12,12,2684,955e82c60160eb27f30a598c42e4435cd855c92fffd14dd6dbd0120fdcc6772a
44,C44-D2-89.xyz,C44-D2-89,D2,89,44,66,1,3,3,3.0,1.3890826584743852,0.02130731240908448,1.3538856598694,1.4322461450463047,2.943302085790739,0.12537602356943783,2.694819662956584,3.1569867852465068,2.9459712007258654,8.678746315506197,3.277731968388852,2.9459477430589427,2.455066604058403,0.006822986362714803,12,12,2684,7db24f5f2ad187d20d94978dfe41b587ed267f0f52a92792a406c47f4da88a3e
44,C44-D3-35.xyz,C44-D3-35,D3,35,44,66,1,3,3,3.0,1.392370182216374,0.029836428957294766,1.345264067014354,1.4560854095828308,2.960411235477055,0.48480464883037117,1.990475170203666,3.6965886428038495,2.999845034441999,8.99907023066632,3.8395025448616975,3.8164385323796286,1.343129153424994,0.07624829240744431,12,12,2684,8cc2b56833cf4582a85f5095435aad1c0a4c39dea446024dc6bde80b765dcd24
44,C44-D3-80.xyz,C44-D3-80,D3,80,44,66,1,3,3,3.0,1.3891567732460213,0.02376760169130126,1.3530342974219094,1.4292170793829744,2.944995541047379,0.18187906504304177,2.5753653519366098,3.2401768981662284,2.950606502244899,8.706078731089878,3.250654859406063,3.2149420022515898,2.2404818694322253,0.013004000548630965,12,12,2684,10ccd3a1ad2f2c1cfc011443e79dc497561b667b17123bbfef21050855067456
44,C44-D3d-3.xyz,C44-D3d-3,D3d,3,44,66,1,3,3,3.0,1.3920356026076826,0.0231423823437562,1.3576505036274984,1.455253400614477,3.063620241736374,0.7623607278523123,2.0181098698707745,4.563918304837793,3.157049708976459,9.966962864948346,6.661129308116668,1.6844363859075795,1.621397170924099,0.252517466618051,12,12,2684,37da62f8603356c1fa827cf7d0ab13b10d10bc58836c5ee7d966140a1ac1b872
44,C44-D3d-38.xyz,C44-D3d-38,D3d,38,44,66,1,3,3,3.0,1.3900114068212746,0.019902012934954215,1.358803433171995,1.4221155438289816,2.983104181514629,0.4800835860080141,2.432088443170374,4.019400205304629,3.0214881775913636,9.129390807324379,5.041957198893284,2.0827298874095423,2.004703721021552,0.10791202509068458,12,12,2684,ee054ec0fee805296802d8ac9e60e9e732c340c3c2c90bf6dc085b82c0c712a9
44,C44-D3d-86.xyz,C44-D3d-86,D3d,86,44,66,1,3,3,3.0,1.3902067308545636,0.03715324165472788,1.3384814492550876,1.4717140686967696,2.958630252156723,0.4055323578262529,2.097588362870955,3.440374598929707,2.986293599467587,8.917949462221076,3.721571272263069,3.7109111204868745,1.485467069471132,0.06257323694469236,12,12,2684,840b9e172fefcd542625261d8b4276607d4c860fb6c27268495fe9651cd23ab2
44,C44-D3h-37.xyz,C44-D3h-37,D3h,37,44,66,1,3,3,3.0,1.3900316685309815,0.023190731476828156,1.3529638169589013,1.43136598743997,2.981627909854908,0.48249152771613,2.4206002590251803,4.026811584457366,3.0204143866601476,9.122903067143596,5.045480033083947,2.058581143542662,2.0188418905169874,0.10864025093237735,12,12,2684,1da9e944ec5ae118306af4b4e65b647760ad1691bb1e2f216e2e03b46f9ef43b
44,C44-D3h-72.xyz,C44-D3h-72,D3h,72,44,66,1,3,3,3.0,1.389079848691445,0.022787058168146274,1.330700075148416,1.42289425116556,2.9454531064076064,0.1798141322541925,2.72515629316175,3.3919609249967113,2.9509366520148386,8.708027124204545,3.596202964050218,2.580865617453335,2.5309585427009913,0.014296148343449375,12,12,2684,daec3054f249c6c44b93bcffcc1578173c9dd72759a6ba4f60ad5e7d5df0763e
44,C44-S4-82.xyz,C44-S4-82,S4,82,44,66,1,3,3,3.0,1.388819212511337,0.030178920327216495,1.339811650942027,1.4459899031459382,2.947352234896755,0.19632680376815673,2.6854525710133466,3.3211108600585066,2.9538837841778274,8.72542941042872,3.6470218502589846,2.5440838500021576,2.534323710167578,0.016120872856692857,12,12,2684,e7858fc99cbffcfc4e46bfa52e4c8fac4dcb50db6a1c35364ef0132b89bf1923
44,C44-T-73.xyz,C44-T-73,T,73,44,66,1,3,3,3.0,1.388272902589219,0.0376640842120815,1.318013937710827,1.4407072186950407,2.9435071950744627,0.12011114540479365,2.7338432556441097,3.2099895461559975,2.9459567706783445,8.678661294705579,2.915735269263027,2.8921921665993984,2.870733858843153,2.017988197935901e-05,12,12,2684,21a291a7c6d5d37c30b838f902ad6b6524eb3867b2f6acdec6a6bc1ee19963e5
46,C46-C1-100.xyz,C46-C1-100,C1,100,46,69,1,3,3,3.0,1.3889342463185657,0.02964671666940129,1.3230193876130463,1.4716082528988481,3.019330191302348,0.26597363213000114,2.5952011277233376,3.566927540656385,3.0310223979869066,9.187096777098299,4.074014505790622,2.827755302947683,2.2853269683599944,0.029897093242280404,12,13,2802,260c2e4c3b6555ce0ecdeaee8dde92f213d73dd891539ca724afae31e3526aea
46,C46-C1-101.xyz,C46-C1-101,C1,101,46,69,1,3,3,3.0,1.3889364115196212,0.02866118622070259,1.3245234426011492,1.472203970243254,3.017120946984112,0.23747187538845432,2.6069920203209316,3.541778708946601,3.02645199868275,9.159411700330812,3.98124452865073,2.754236173851301,2.423930997828781,0.024077030712415185,12,13,2802,549704909937ebb7429de083f95e5465ce7ec0b512f659bf5598feddd1b0c681
46,C46-C1-102.xyz,C46-C1-102,C1,102,46,69,1,3,3,3.0,1.3888521585155542,0.030922203289089813,1.3216024856211492,1.4642142261294966,3.017069993407273,0.2361067995795859,2.616815264148851,3.4715692562003517,3.0262943951186037,9.158457765926276,3.8766884756725646,3.029769825808568,2.2519994644451433,0.023616699749449722,12,13,2802,efa62b4572bbad5991512e7bcbf30ed5413d5d590e446ecb80b61c08ceb9c554
46,C46-C1-103.xyz,C46-C1-103,C1,103,46,69,1,3,3,3.0,1.3890520914307276,0.02407833927736501,1.3378719034347049,1.4428330603365034,3.0148806223250744,0.2119262106091037,2.6675821142234337,3.444774805291086,3.022319950901024,9.134417885614369,3.87349498695093,2.7328028036096987,2.5281200950537386,0.018895004421536264,12,13,2802,5931876833e295210e261a179c15dba8c08b1f642b469a1288669668733392dc
46,C46-C1-105.xyz,C46-C1-105,C1,105,46,69,1,3,3,3.0,1.3886058081525519,0.03595689044947635,1.317587044562901,1.4813328120311113,3.0177409413850826,0.24369338830386764,2.5993695211595216,3.4395485844060416,3.0275645091087235,9.166146856814745,3.8908817392538584,3.0237973833312166,2.25146773422967,0.024018631270409978,12,13,2802,0387190f7fae979a10ca7d444a60a33f6c3541a3bc095178f6e57c30fc2cebdc
46,C46-C1-110.xyz,C46-C1-110,C1,110,46,69,1,3,3,3.0,1.3887383341721378,0.030574680453825415,1.3305151370803716,1.4818647779065404,3.012278916774048,0.17179290362601815,2.7645557491521364,3.4253206435368497,3.0171736897596224,9.103337074177695,3.6400203189357034,2.8596357914283232,2.6036809638136678,0.010549634402531914,12,13,2802,dec250fadaee1b4a30253ba5f98bef6d6012b822397c278b41980873b48bb170
46,C46-C1-111.xyz,C46-C1-111,C1,111,46,69,1,3,3,3.0,1.388985135931559,0.02877445755465838,1.3257061929402005,1.4635414411624976,3.016211947135148,0.23086430511046824,2.571162381986324,3.430871628916886,3.0250343530966615,9.150832837414937,3.725322539115158,3.2183256737137644,2.2071846245860147,0.021401310215805495,12,13,2802,91a67ea3f42c0f2fb885726702ed205d9a0c3743a462073e45e469512dac700a
46,C46-C1-114.xyz,C46-C1-114,C1,114,46,69,1,3,3,3.0,1.3888551172186212,0.026375664816074163,1.3345304642457587,1.4446037138260444,3.0105996270385145,0.12503472515675917,2.8327668344950863,3.3281137878237077,3.013194948359543,9.079343796819469,3.450772972086923,2.925205141351707,2.7033656833808384,0.005362148851309622,12,13,2802,d76b3152d10892faeb1e74f9468e27afb7970d51aefeabf720bb845441589116
46,C46-C1-14.xyz,C46-C1-14,C1,14,46,69,1,3,3,3.0,1.389347355877146,0.03056654548177604,1.3244515468676081,1.461112086733937,3.038321593963635,0.4319306921887543,2.3454075974902184,4.070750732451711,3.068869862213186,9.417962231200379,4.8651217543821925,2.534659526836236,2.0181809499819505,0.07780826117374068,12,13,2802,f67927e13062fd9e5be6ec39dbbf03e9b56618c8aa927f422d8788cf633b95fc
46,C46-C1-15.xyz,C46-C1-15,C1,15,46,69,1,3,3,3.0,1.3893941852701428,0.03733961599994762,1.3258369168189577,1.4646019425086123,3.0410881914947177,0.456311937320491,2.20032583190323,4.047019855294677,3.0751321878237676,9.456437972589793,4.812809165496741,2.959889637407538,1.683739169685514,0.08304769097859525,12,13,2802,96b433f3ff32c92a5234e78802f268ab8af1c5cbf96d1b7fcdf9471313e1f3e3
46,C46-C1-16.xyz,C46-C1-16,C1,16,46,69,1,3,3,3.0,1.3892551872037084,0.03199652904719268,1.3348212801719936,1.47131561875758,3.0364250142637452,0.4217170861149415,2.326270790592224,4.04038214075556,3.065570447399287,9.397722167967865,4.760149192912751,2.590714450281401,2.0468585247737137,0.06999868172634838,12,13,2802,2834be702e4ea7674c36c862c0eb3e2438ac230674f8d44304001aeb671d22f6
46,C46-C1-17.xyz,C46-C1-17,C1,17,46,69,1,3,3,3.0,1.389309357063634,0.03350618283951598,1.3293206498057573,1.4692279673352262,3.0358716531938037,0.4177904874370921,2.3042040830003128,4.0712623918229385,3.0644845547104,9.3910655860586,4.742666908349546,2.7100053159069697,1.9383933618020848,0.0713842081523855,12,13,2802,9681aa893f45de0fb8d7e833197879fae9ede8635f8174a8e0b99d667156c5c6
46,C46-C1-18.xyz,C46-C1-18,C1,18,46,69,1,3,3,3.0,1.3894306992684908,0.02767074874429768,1.3415740829339244,1.459406252556155,3.0445142011850916,0.45658814856176894,2.37948512951702,4.057049900865698,3.0785612643936067,9.477539458624763,5.04344514171672,2.378697990950352,2.0553963259576906,0.08980829856751547,12,13,2802,796f049ccf399515b80463d4173dbdc46baa5cbd84326e2a27ab62f29d20d1d3
46,C46-C1-19.xyz,C46-C1-19,C1,19,46,69,1,3,3,3.0,1.389542971490908,0.028740350928997325,1.3277272762130028,1.4661137813962464,3.0484130875962876,0.4795941368839731,2.358155105608567,4.093039094335641,3.085908762222534,9.522832888761812,5.151970045536668,2.411979813443653,1.9588830297814914,0.09874167153738804,12,13,2802,c66c9023c89d463a5b431005bba229649ec334a734856947178003d4ed64c494
46,C46-C1-21.xyz,C46-C1-21,C1,21,46,69,1,3,3,3.0,1.3893971576129613,0.033095308300666,1.3209534927468114,1.468431173055108,3.053929599434999,0.49810589922353155,2.357663613729845,4.085842434163366,3.094284325194842,9.5745954851465,5.257537048871927,2.440335670949464,1.8767227653251095,0.10736102437944678,12,13,2802,7f6f20454ee87eac8cbab669d17bc8b903db2a6c6f2261b00436b70918c89e63
46,C46-C1-23.xyz,C46-C1-23,C1,23,46,69,1,3,3,3.0,1.389350132061487,0.02648803867603448,1.3303876239652863,1.4417142227223814,3.0339650147813,0.4030235285092809,2.471506102778785,3.9082062822691985,3.060616224790191,9.367371675448961,4.757866985353845,2.4964722700314534,2.1130324200636634,0.06983709398844719,12,13,2802,f20787dea7629622f41c912929c4569754e748c45f04ac81127ec7fbadf5994b
46,C46-C1-24.xyz,C46-C1-24,C1,24,46,69,1,3,3,3.0,1.3893721749166423,0.02591250611570971,1.3371688375070665,1.4678854485279156,3.0339975329367945,0.40059217155049565,2.4370227692126063,3.8728601942469365,3.060329249896831,9.365615117774102,4.72964287177668,2.4714407781180316,2.16453146787939,0.06711224167032356,12,13,2802,e06dc015c64b1c85afea015efd460c6ebb8ca366144bfdb321d00486c6b22dc1
46,C46-C1-25.xyz,C46-C1-25,C1,25,46,69,1,3,3,3.0,1.3892001003780325,0.030206474631520028,1.3301909374221432,1.469641337197617,3.029829378872051,0.3665984511170562,2.370803322559261,3.811122130645096,3.0519273401307605,9.314260489437618,4.5057452724536855,2.802602976214843,2.0059122407690895,0.056391703164444466,12,13,2802,8bcdb5527fed41ecf7ed4f2259d9a198234869ad3240c80640fa5be793751794
46,C46-C1-26.xyz,C46-C1-26,C1,26,46,69,1,3,3,3.0,1.3890671108142423,0.03538506893379915,1.3203702662510997,1.4756338570255156,3.035897981494589,0.40726139902837966,2.3673003317191625,3.8943517457021404,3.063092946872731,9.382538401181472,4.6890849112790285,2.8104254810616616,1.8830280088407823,0.06965296100073322,12,13,2802,f33cc8c29dd87827a39d845d98e40291d46d00bfd1083468f382fd559e85dc3e
46,C46-C1-27.xyz,C46-C1-27,C1,27,46,69,1,3,3,3.0,1.3893798843261158,0.030216320349384655,1.3321770565506674,1.4721602766003437,3.0281067530717025,0.38155949597346706,2.288396451949464,3.870612560664417,3.0520514669589005,9.315018156965976,4.412898590114521,3.0402591642791577,1.8618604025722982,0.05635938514189913,12,13,2802,b52068bcf0128167f8630134023a13619584a59ccb7c1a45663c14e7c0d09fbb
46,C46-C1-29.xyz,C46-C1-29,C1,29,46,69,1,3,3,3.0,1.3890621120227045,0.03125047409927244,1.321991127050405,1.4679185467865716,3.0255200897945227,0.3417334934293183,2.3811826020727573,3.85081188013036,3.0447583802794043,9.270553594281662,4.316895302981629,2.89696576703156,2.056692524268474,0.045557873663641474,12,13,2802,1b9f6ed0a67cb8848fce89125f640f357bf33d66df6e281b920a39c8ac09bc93
46,C46-C1-3.xyz,C46-C1-3,C1,3,46,69,1,3,3,3.0,1.389854032266498,0.028617892570277043,1.3248830703122443,1.4625956139685363,3.0669744832391985,0.5700247778424707,2.252483894084404,4.2688552552764,3.1194968710025512,9.731260728194709,5.645691686568858,2.215693835734723,1.869875205891128,0.13802520510626404,12,13,2802,c8b11ded429d8ea35cd81aa001b18c40b9d39b8feec0c1e2bd53d08be9d22201
46,C46-C1-30.xyz,C46-C1-30,C1,30,46,69,1,3,3,3.0,1.3890690073491478,0.0319702159221859,1.3207461754629464,1.4784549807146645,3.0273306621429033,0.3564645661120552,2.439670374595243,3.8224308714060085,3.048245056560257,9.291797924844044,4.43265627193566,2.819510503606339,2.0396311493020445,0.05175630181911149,12,13,2802,55608c12f3b1739359d27707d4eed5628fd5c55b1dcd513a528e3ba5b015025f
46,C46-C1-31.xyz,C46-C1-31,C1,31,46,69,1,3,3,3.0,1.3894912639813801,0.0321785834441173,1.32805140713754,1.4688286625743658,3.026405538084154,0.3797667279209552,2.26080018560771,3.8117526698050064,3.050139873609443,9.30335324858223,4.1897410195996105,3.3407069040487474,1.7729053249338729,0.05210691677130033,12,13,2802,da25d9d0ced9f8308f16297313384f7cfc5851e9597b90f084d35c813d439bea
46,C46-C1-34.xyz,C46-C1-34,C1,34,46,69,1,3,3,3.0,1.3893568279390112,0.026541376363124595,1.3340003223387917,1.4682220336175316,3.023890691292125,0.34960493856847547,2.393882564616695,3.8332126359936023,3.044033266236529,9.26613852595463,4.278140996122202,2.957056476057093,2.030941053775336,0.04456524417396692,12,13,2802,a82c1f28d8f9b467cd4a7eaf98950b2311149f75868109fbc347516eaad8a4ed
46,C46-C1-35.xyz,C46-C1-35,C1,35,46,69,1,3,3,3.0,1.3889924729437482,0.030200450444656184,1.3301837241524195,1.4746372909973489,3.0250533426673347,0.3291226484062379,2.4945806604599183,3.8275226470544306,3.0429047707210204,9.259269443676745,4.373809361400063,2.515798427546237,2.369661654730445,0.043682567278944685,12,13,2802,083e6cf5fccadc3cf4c5109b3d8e3bb565513d412f14d13850bf4c339aa0a14a
46,C46-C1-36.xyz,C46-C1-36,C1,36,46,69,1,3,3,3.0,1.38886270880027,0.03271599156339574,1.3299862029359553,1.4741981040552186,3.0220185523610166,0.297017829082079,2.501759477656749,3.742406082833339,3.036579608969079,9.220815721606805,4.159777659221226,2.819659866006565,2.2413781963790145,0.03417046941637322,12,13,2802,88131dcf4ff60466f82237243d205354b60ae5090b1578891d443c282cacdd21
46,C46-C1-37.xyz,C46-C1-37,C1,37,46,69,1,3,3,3.0,1.3891343047066909,0.03293014138590817,1.329933092302015,1.4767550812507808,3.0250369409808333,0.3523556257881728,2.362143339257482,3.822811199943816,3.0454889560337026,9.27500298132325,4.205014769167011,3.1107769872860205,1.9592112248702196,0.04398159689838234,12,13,2802,405a10d073abe288c9dea4a3d77101feb4db735d3dbcd8676d31998888154f32
46,C46-C1-4.xyz,C46-C1-4,C1,4,46,69,1,3,3,3.0,1.3900178210663734,0.02593343237969992,1.34367246380954,1.4614716145036823,3.065585141668773,0.5625253287320412,2.3007094499914094,4.298209088149818,3.1167686802657406,9.714247006285445,5.6183754376296715,2.2489514939665938,1.8469200746891805,0.1363751789305439,12,13,2802,e302d66d5eeec7b2137659e45de6eb097cd82e63ac621b1040b15c44813ae113
46,C46-C1-44.xyz,C46-C1-44,C1,44,46,69,1,3,3,3.0,1.3892425679926308,0.028881575323781116,1.3301797810822416,1.4696317804130392,3.033584425011786,0.3919223656026273,2.4850168605440266,3.906468157429954,3.0587967576048016,9.356237604333646,4.708002861480641,2.4811043093543894,2.1671304334986154,0.0657630627457662,12,13,2802,03d2ebba8c0b6c291a49327a7f62c7b8fa447de085c23e80c16857987e3d594c
46,C46-C1-45.xyz,C46-C1-45,C1,45,46,69,1,3,3,3.0,1.3889300949811871,0.03877482311661566,1.3112836878418033,1.4740098574975677,3.037590203818587,0.4079369556910417,2.341961702695063,3.8935562270772586,3.0648599978062814,9.393366806153118,4.639468118156689,2.946866942461236,1.8070317455351923,0.0690586041108356,12,13,2802,deabf47297c1aff9931870c24314c9a6e4ec2ecbee53a43592c16b744ffddb53
46,C46-C1-46.xyz,C46-C1-46,C1,46,46,69,1,3,3,3.0,1.389309905760716,0.02679959633735385,1.3471032328667318,1.464446468806559,3.0314979722561493,0.3743760801535864,2.4771333325453027,3.8602374614712662,3.0545273619963385,9.33013740518431,4.610058818926855,2.6224535073218656,2.0976250789355904,0.060529384387236394,12,13,2802,648386065af408ac862b9b83a172f573c9d698e01f87a8a6204bcac5d993203c
46,C46-C1-48.xyz,C46-C1-48,C1,48,46,69,1,3,3,3.0,1.3894451857534742,0.03338075234433025,1.325214118548395,1.4655952681419249,3.0431826019044026,0.45873827486022467,2.3069939540527447,3.8978834653249073,3.0775641590965064,9.471401153355385,4.982424973709926,2.668102948804611,1.8208732308408486,0.08956500200670846,12,13,2802,11011361e69121de69f46c2e7217ac314d637492a93224ceaba557e169d86099
46,C46-C1-5.xyz,C46-C1-5,C1,5,46,69,1,3,3,3.0,1.3895981123656975,0.0278317880943845,1.332749777715232,1.4617684187312299,3.0561751719842305,0.5173583664247907,2.3228895910730865,4.183129126535805,3.0996558456000516,9.60786636116257,5.367734578309593,2.2108724596414846,2.0292593232114924,0.11452674548090372,12,13,2802,d447733ff5b92333969551b67967b2227101063bc6fc2e1a0259f82599b8bde6
46,C46-C1-50.xyz,C46-C1-50,C1,50,46,69,1,3,3,3.0,1.3890001379892984,0.03137069386904237,1.3285205643873186,1.473915377489495,3.024359979567231,0.3232241134093512,2.489333101014644,3.8055960967088245,3.041582994675168,9.251227113497164,4.264523734561209,2.8443331152870823,2.142370263648873,0.04097220278611712,12,13,2802,ec7533520b97fa5df605f472f81ccb882bda5055ad939ceab66f42abb0ba877b
46,C46-C1-51.xyz,C46-C1-51,C1,51,46,69,1,3,3,3.0,1.3891658057138154,0.029077403510391567,1.3397211986081283,1.4679059506657774,3.0264830061446553,0.3441909021234695,2.4759675560888,3.8058038781319703,3.045991917846625,9.27806676358696,4.373390554182647,2.793263851255964,2.1114123581483484,0.04692164533519154,12,13,2802,7e90d3e2b6928a0329a5eae481a2ae298da30f4b8dc4ce1fdfe189098c13a2c4
46,C46-C1-52.xyz,C46-C1-52,C1,52,46,69,1,3,3,3.0,1.3890807628451245,0.03207438281148715,1.3302871494530795,1.4700330098334526,3.0260565002575484,0.3448443415380611,2.400120455801797,3.799559664500263,3.045642060820966,9.27593556264178,4.274733002767446,2.962761858812983,2.0384407010613517,0.04402823504249754,12,13,2802,7e166110c5cb59039ef618975257d67a5c8855e0a825415d39132914439b920c
46,C46-C1-55.xyz,C46-C1-55,C1,55,46,69,1,3,3,3.0,1.389258792666032,0.02712903760324336,1.3324532149385206,1.449981896438711,3.02880383987705,0.3624320934110526,2.4535013726249657,3.7096690626211175,3.0504114022190976,9.30500972278828,4.548045976674303,2.6447377248792114,2.1122260212347657,0.056820313848570746,12,13,2802,ff7f997d38bb0879c1ce785387a7e3b4dd8fb95ff679f7b41133dcde16bf3b0b
46,C46-C1-56.xyz,C46-C1-56,C1,56,46,69,1,3,3,3.0,1.389035436220378,0.03320653152103821,1.3208860700302656,1.4738064255525554,3.032674435437285,0.3812672699445468,2.391378289068298,3.7405237223568277,3.056546901731728,9.342478962485826,4.585302454615409,2.7890663737523234,1.968110134118094,0.06158279796066875,12,13,2802,78276ca6c59c06fe2befd65513311afffffdd988d84ef1cb1c72790cc8ccddb2
46,C46-C1-58.xyz,C46-C1-58,C1,58,46,69,1,3,3,3.0,1.3888336818476095,0.03690572152871744,1.3177939064967632,1.4825897982921643,3.0241169067125178,0.32242763061426777,2.3555485399527907,3.570615509012999,3.041256753785846,9.24924264244802,4.120820166000977,3.1580268708229196,1.9703956056241236,0.04068899863238294,12,13,2802,3011c585f2e8f57b3334d587c650ce877dc6a6ab59625ce167962f758a1f1814
46,C46-C1-59.xyz,C46-C1-59,C1,59,46,69,1,3,3,3.0,1.3891186201861974,0.03151872794728676,1.315506123132842,1.4792103501530809,3.023727570868011,0.3336606262224532,2.4374200948300793,3.6932116833789386,3.042081168594705,9.254257836318526,4.2479278422208635,3.0148116355534382,1.991518358544225,0.04471609802800791,12,13,2802,8dbcfafcfb6bd4399f0d18463fe8e1bd7c0f78fafce673459f2e1f15814292b4
46,C46-C1-6.xyz,C46-C1-6,C1,6,46,69,1,3,3,3.0,1.389503086800769,0.03531248951946794,1.318066876148551,1.46381906668823,3.0596521377195383,0.5325404745393048,2.2078265426401997,4.186989829973274,3.105651390751108,9.645070560874291,5.391331268194439,2.515971412965766,1.7377678797140865,0.11943698192375014,12,13,2802,b5cfb96946635a316cb41a216427bff12f3a3dd01e5aa452dc9f6f09061e396a
46,C46-C1-60.xyz,C46-C1-60,C1,60,46,69,1,3,3,3.0,1.3891627667288575,0.025351334144802208,1.3275781182288293,1.454742069921675,3.021948878165543,0.3046679708641247,2.5115115617589283,3.651365279450853,3.0372681137358364,9.224997594716445,4.233551093424009,2.791744524235459,2.199701977056976,0.038577073979645514,12,13,2802,1f9fdce253587897a4a39acc6de0fc78f0f4c59bb4e26ead6bf331b4a676e166
46,C46-C1-61.xyz,C46-C1-61,C1,61,46,69,1,3,3,3.0,1.3888558362171621,0.03239619502201353,1.3294879991936746,1.4799513944721292,3.0209995512960557,0.28255500245963877,2.4799226946931356,3.655922468365206,3.0341845063123527,9.206275618345936,4.077081529367643,2.972894002989803,2.15630008598849,0.032891413324420825,12,13,2802,d1dfeff1907e05c384bf5ab2d648a43cd1572b3a97a053e7dd9880fdb348d083
46,C46-C1-62.xyz,C46-C1-62,C1,62,46,69,1,3,3,3.0,1.3890971518402802,0.02978430179270399,1.3384140241345353,1.476663922495569,3.022170559569214,0.3022489310269659,2.4537166538877635,3.592888894348304,3.0372469948020093,9.224869307433837,4.043787997564495,3.1593257044241647,2.0217556054451773,0.03622258330679573,12,13,2802,5e65fc724fda7b8ed07cdf8cd60d55bc477fd7c61d4c098218465b8b3c8f5d3c
46,C46-C1-63.xyz,C46-C1-63,C1,63,46,69,1,3,3,3.0,1.388931675025894,0.03060859630457283,1.332259103928361,1.4746434552121404,3.018567159855466,0.2628872627507529,2.5243135563355503,3.615940066392543,3.029992972182358,9.18085741147448,3.8484773604087392,3.1732678620196775,2.1591121890460654,0.025735377084657146,12,13,2802,6b409acc3b9455ebf6ba62e84127324cda6bd7602f4aa1b43a987913443a86c9
46,C46-C1-64.xyz,C46-C1-64,C1,64,46,69,1,3,3,3.0,1.3889698562827941,0.03359257278700188,1.3203540964453437,1.477257259247691,3.020640160427217,0.30657546956562526,2.414178952532055,3.643049756618292,3.036158015868928,9.218255497325144,3.9312512155217814,3.2910221297659006,1.9959821520374617,0.03431717240981714,12,13,2802,4d2c94edff49191e6450360d54faf284d1ab2dc5bf67c7a26c26978f92ae24e1
46,C46-C1-67.xyz,C46-C1-67,C1,67,46,69,1,3,3,3.0,1.3889554303542202,0.027198793605242667,1.3298232438937136,1.4765649901037208,3.016750293609189,0.2384836834474968,2.6490904816229173,3.590225121898639,3.0261620579971944,9.157656801261815,3.8868609216694825,2.9052778074920504,2.3655180721002833,0.02128080171793553,12,13,2802,d6785afe5156839d10b2408b444c6c179977cf19098823e2ef7cab6e9f03409e
46,C46-C1-68.xyz,C46-C1-68,C1,68,46,69,1,3,3,3.0,1.3889993997677854,0.02875352371260312,1.3224609294795822,1.4648142066487477,3.018028645769015,0.2681465852681963,2.5262036471569873,3.6110397469843183,3.0299174077643345,9.180399497873344,3.8930402695604696,3.097889145855373,2.1894700824575013,0.02586411721474485,12,13,2802,6aa227930e869a2bd5a16d7c428b5e3f65a03544e6aea9de9e4159032aa5316e
46,C46-C1-69.xyz,C46-C1-69,C1,69,46,69,1,3,3,3.0,1.3890344978718843,0.02737878338739017,1.3359705872510819,1.4766690522930315,3.022271258870576,0.28828846615647524,2.4975957875262003,3.6576474533026317,3.035989756556169,9.217233801913988,4.180472802566563,2.8101522415318003,2.2266087578156246,0.03552301633937302,12,13,2802,324e79ea68aa7390f42e0cc4416c2210f70a23ce285dbe1bed2265385789baaa
46,C46-C1-70.xyz,C46-C1-70,C1,70,46,69,1,3,3,3.0,1.3887261755238418,0.03298141541458904,1.332683435779105,1.481684612189787,3.0192182868966784,0.25756029105076106,2.5296892517399487,3.5636794819306963,3.030184213452619,9.182016367457468,4.038948158421109,2.763290277126565,2.379777931909794,0.026848899826757363,12,13,2802,4123d3d65eae68293fd3248f4f88e0e14ac83a4930965609d5ca5a4d9864e4f6
46,C46-C1-71.xyz,C46-C1-71,C1,71,46,69,1,3,3,3.0,1.3888649625995664,0.0354714256848581,1.3216421073800577,1.4778527193194861,3.0241558344866095,0.32652704401055943,2.453245316613834,3.659961966660413,3.0417327992001,9.252138421729676,4.226300133082178,2.998585822161107,2.027252466486391,0.04256078124481905,12,13,2802,385250fb30be645877963ef7d25de4eac18536f744193c280254b30dbd28ba36
46,C46-C1-72.xyz,C46-C1-72,C1,72,46,69,1,3,3,3.0,1.3889494379480638,0.03015844843758085,1.3319700409543753,1.451160480443152,3.0229287827341333,0.3028342601421248,2.573174626707666,3.6654212820287833,3.038059745067286,9.229807014598304,4.287030770177297,2.6364818991335524,2.3062943452874536,0.03965667756944438,12,13,2802,eba2416ce4825babd93e5383af951a5372314ed11d8b63d99c2d663bae0d0708
46,C46-C1-73.xyz,C46-C1-73,C1,73,46,69,1,3,3,3.0,1.389067111927325,0.028750967411512687,1.3271468456806126,1.4565071747162797,3.0249779959582823,0.3243719247565973,2.5324133516929463,3.6754565351930872,3.0423196777462556,9.25570902160208,4.353464609936559,2.7158560749503997,2.1863883367151207,0.04469757674826025,12,13,2802,55a37a242392a5e959a3b0858daa664a8d04516cb66cf582b9d9f04b16c842d5
46,C46-C1-74.xyz,C46-C1-74,C1,74,46,69,1,3,3,3.0,1.3889003878801243,0.030819264092340495,1.3282654930397009,1.4749833219396076,3.0209386264760476,0.28178266848374967,2.6201386097964963,3.5955686464734384,3.034052019526497,9.205471657192813,4.16002309350524,2.699877414111832,2.3455711495757425,0.03274573869927166,12,13,2802,d07b45c5d93409de4cc0d88ada701c2c35b3384f95f8cdc7cee82af0966ac450
46,C46-C1-75.xyz,C46-C1-75,C1,75,46,69,1,3,3,3.0,1.3890659342905376,0.029425150278595907,1.3249623579558782,1.4606744880362634,3.022204788076177,0.30096461781903633,2.483394523440611,3.608488420547963,3.0371535164113,9.224301482249524,4.154965181385922,2.9574148494956085,2.111921451367994,0.037155844821512164,12,13,2802,c066ae0b9201db75de13a7b6914e9d2cafe85ba64a225f5b3e5db5466f615397
46,C46-C1-76.xyz,C46-C1-76,C1,76,46,69,1,3,3,3.0,1.3888175781930912,0.035261676168683274,1.316772467057236,1.477262945450132,3.028381259228052,0.3432563493716004,2.482747004652615,3.698838096822141,3.0477726248241686,9.288917972627601,4.466570787723498,2.676148253746577,2.1461989311575262,0.05140341769819187,12,13,2802,e01137abecc4e6e2d97c76c1e77d5ff01362c24256471176c26c243d9515124c
46,C46-C1-78.xyz,C46-C1-78,C1,78,46,69,1,3,3,3.0,1.3889750301892176,0.03128789881586665,1.3290304962641002,1.4759241443922517,3.0262913268823914,0.32436226244525296,2.51580333326519,3.7047381458740545,3.043624495968942,9.263650072462195,4.371655050383181,2.7441027981816912,2.147892223897322,0.04631762973090305,12,13,2802,d3755d2f41822471e3e4710c97e9ce6e710139c5c3ef68504d71c39690cad484
46,C46-C1-79.xyz,C46-C1-79,C1,79,46,69,1,3,3,3.0,1.3888985818001616,0.03134275536834,1.334877616113178,1.4730072776466516,3.0223026802270283,0.2947791226385722,2.554788939660149,3.638612415664414,3.0366442369910636,9.22120822205104,4.225723705975195,2.6964146902741963,2.2990698258016478,0.03650837616707328,12,13,2802,f5984bd34b1db0db20a35dbe4f27df9543b8400478869dff1a94f3f085fd5b4f
46,C46-C1-80.xyz,C46-C1-80,C1,80,46,69,1,3,3,3.0,1.388921645272798,0.03257507431483694,1.323479708949102,1.4738856468532422,3.0224404177595874,0.3075319439455582,2.481446786300679,3.6239050692682406,3.0380457494010336,9.229721975453687,4.146170210964906,2.978396841211269,2.105154923277513,0.03693012307712714,12,13,2802,42885471052497f5970790118ee9a57a160616b52f0b3aedf98bc77c6fc1c362
46,C46-C1-81.xyz,C46-C1-81,C1,81,46,69,1,3,3,3.0,1.388920006185722,0.03107953862914966,1.3322373399661191,1.4735302813311981,3.020293331175179,0.277096961996646,2.5132773525830006,3.601847957725566,3.0329778325416483,9.198954532689035,4.0056987686603325,3.0387498953607905,2.1545058686679117,0.03039320671485526,12,13,2802,5abdfc04b3bf5f1f5c56f43e3938f3b6e6f118b66628ae9ba9c3efa5dd92eafe
46,C46-C1-82.xyz,C46-C1-82,C1,82,46,69,1,3,3,3.0,1.3886254676349308,0.035089455838355904,1.3272801173829134,1.4791251806388803,3.015820315749885,0.24002716275806002,2.600518173805378,3.521096176604774,3.0253570393841813,9.152785215751418,3.6800129242857103,3.19499451616178,2.277777775303927,0.018160836343813068,12,13,2802,607d13ee1e0fec3361f60e3852b347a3bb78d28bb8f0e4f830b166e22ef82caa
46,C46-C1-85.xyz,C46-C1-85,C1,85,46,69,1,3,3,3.0,1.3889246054636384,0.027586491994731125,1.3251038940400108,1.439925435569495,3.0160188542282986,0.2250351707943299,2.6304937863899798,3.4191716972124846,3.0244025124237366,9.14701055715501,3.779856584523536,3.0803365500549837,2.28681742257649,0.020008693535980164,12,13,2802,75bbd6a7b07da590ebffb578b9a151de06ed7759cf9659dc78c4a5e509d87b63
46,C46-C1-86.xyz,C46-C1-86,C1,86,46,69,1,3,3,3.0,1.3888906381035595,0.02821476943685351,1.3208486438649962,1.4554306373029255,3.013303882060267,0.19485679191601496,2.6345218603407754,3.421051003839944,3.01959756507308,9.117969454995272,3.6545363376728526,3.0665382115367725,2.3968949057856475,0.01428855646212637,12,13,2802,c5254a726d46e31f642ff1d26f802db5237139ce5da085dfa96456d1611eac82
46,C46-C1-87.xyz,C46-C1-87,C1,87,46,69,1,3,3,3.0,1.3885279438899083,0.034896196699778025,1.3206842696117795,1.4774054352140444,3.014862077070155,0.2005650802820461,2.683823823963965,3.4521462122403297,3.021526054030365,9.129619695184306,3.7877355264431283,2.7513213219225707,2.5905628468186075,0.015196289499031351,12,13,2802,b7b08f88fded58b890de2713dffa7ba2c59e9326acdce636b238e3eaeb966498
46,C46-C1-88.xyz,C46-C1-88,C1,88,46,69,1,3,3,3.0,1.3888305810182644,0.029162781214770308,1.3242420549129226,1.4632699306689794,3.014591674092224,0.20808727450394635,2.6625186805037053,3.476795689453884,3.0217649272100293,9.131063275316635,3.817555202431457,2.859056626123089,2.4544514467620893,0.017633764855373907,12,13,2802,e7bb552a9a5baf3c3d52b8de3e96354db734743fb2b32d19f8ed7cb20727a97c
46,C46-C1-90.xyz,C46-C1-90,C1,90,46,69,1,3,3,3.0,1.3888185168153664,0.028637622766615314,1.323102135135455,1.446498994123397,3.012601875433114,0.1707944747184573,2.6786658968799655,3.367112245087888,3.0174394463613465,9.10494081245747,3.55137455555658,3.0636075700994736,2.4899586868014154,0.010214682741619019,12,13,2802,e6b11f39c80dfe5368101152575e81ad53cda907edf26a5997cf9984c3970078
46,C46-C1-93.xyz,C46-C1-93,C1,93,46,69,1,3,3,3.0,1.3886796174070937,0.031838952459838574,1.3190384907196606,1.4404182517588424,3.0117454246641926,0.1739261402300511,2.676658011518944,3.3890243766969186,3.0167632995051203,9.10086080524102,3.426681488576959,3.1837497876830847,2.4904295289809766,0.008549744111903767,12,13,2802,f7e7f232a7ae6e39b653a499a300b92bb3383a707d552645980822b890be0559
46,C46-C1-98.xyz,C46-C1-98,C1,98,46,69,1,3,3,3.0,1.3890763379956557,0.026815417969313412,1.3268753257182833,1.4551407938752867,3.020227056566834,0.28042986049771207,2.5959248084242423,3.5929379742273055,3.033218155668518,9.200412379877125,4.150783086315471,2.775340447713229,2.2742888458484263,0.0334571009690942,12,13,2802,f0d208b0ca308d76848531657e14f315b791a7ac373eab0e2e695043840188d4
46,C46-C2-1.xyz,C46-C2-1,C2,1,46,69,1,3,3,3.0,1.3904315237293432,0.027611927573700915,1.352587121038789,1.4529369738567464,3.1024140481142903,0.6911376252359496,2.0985069150424773,4.358777085261741,3.1784656900702397,10.102644142953684,6.379595428710991,2.084529582553984,1.6385191316887093,0.20146454494420368,12,13,2802,19e968d381cef252cb54ee9dbca442af2ff6d4a0d1998e02136deabfcb4b3c42
46,C46-C2-104.xyz,C46-C2-104,C2,104,46,69,1,3,3,3.0,1.3889207463665936,0.028467808302817386,1.3404469180090646,1.4348382766012342,3.0157745608132918,0.22960214068341464,2.6955851203800925,3.4838376734755587,3.0245021647628247,9.147613344655014,3.9571353046722413,2.6830366515904593,2.5074413883923117,0.022441599204250418,12,13,2802,4423c36a546a930cadaa3b681cf1cd8ba95541d669c67083b2505620888c308a
46,C46-C2-109.xyz,C46-C2-109,C2,109,46,69,1,3,3,3.0,1.3889310100375847,0.025690159273767228,1.3285517566131926,1.4768369544401305,3.0117411874633873,0.15957054565902254,2.7593834996794855,3.385774397970954,3.0159654738251387,9.096047739305293,3.636203877429154,2.7557625222598836,2.704081339616256,0.009951283985271127,12,13,2802,84910ef58dc1828c82da7a2e2a0a16a50f5638c090dedb51e3fd8c746ba951a9
46,C46-C2-112.xyz,C46-C2-112,C2,112,46,69,1,3,3,3.0,1.3889329599000038,0.02865800855152246,1.3324952907984329,1.445299851241949,3.015294491353128,0.21381258485178392,2.6264463513620786,3.419354888568088,3.0228656422384246,9.137716691025524,3.5760434930434393,3.308298025697297,2.2533751722847875,0.017569319299963675,12,13,2802,3444d446354d303efaee713421969e48d178a2330d68e1afd7d2cd3ad2868de1
46,C46-C2-113.xyz,C46-C2-113,C2,113,46,69,1,3,3,3.0,1.388273182799597,0.04455118607114853,1.303112389627234,1.482431758969026,3.0265900636229763,0.30452849285435474,2.4926663702516914,3.408464274916746,3.041871959202339,9.252985016181476,3.858806422750051,3.514794425723588,1.8793841677078367,0.039191784784921004,12,13,2802,08abd12896a4bb300c96e92d322f5ff804dcef729884eb92235b6d45d69bc631
46,C46-C2-116.xyz,C46-C2-116,C2,116,46,69,1,3,3,3.0,1.3887918613130368,0.02755180643128468,1.3473828372070056,1.4422584927813737,3.010149067250209,0.10490034958877595,2.800522560286884,3.178803756170082,3.0119763429368356,9.072001490411154,3.298122054641536,3.073478827882726,2.7004006078868916,0.0033226902651230855,12,13,2802,83b83b0ce698ef63ac9a0015c69b6d88aac8960d5dd4c168edb073517f3c7905
46,C46-C2-12.xyz,C46-C2-12,C2,12,46,69,1,3,3,3.0,1.3897947789290626,0.02426064680213146,1.3386438660076847,1.4502214727413187,3.0531663722214906,0.5164416508378981,2.421809506706135,4.141442531322929,3.0965362706069355,9.588536875184309,5.364503374587635,2.1744330826780596,2.049600417918614,0.11518764517784476,12,13,2802,9a9c7f13900fc88875629d2a6b3d087aad7504b153f8253d4b435fc7b2ff6f1f
46,C46-C2-20.xyz,C46-C2-20,C2,20,46,69,1,3,3,3.0,1.389643150588745,0.035314838098207624,1.3188464277541947,1.4637465627628303,3.057865366396837,0.5303521822609234,2.199305006592465,4.130246197296663,3.103516398577295,9.631814036238184,5.3365957723889235,2.6172028819442583,1.678015381905002,0.116750842422475,12,13,2802,64810ddca3c6bedbbcd460c958dc701660909354fd4e05c96b0798c4ce5ca3b4
46,C46-C2-22.xyz,C46-C2-22,C2,22,46,69,1,3,3,3.0,1.3891786577532044,0.030806363959375013,1.3236773247283493,1.471947189949422,3.0338168351696972,0.4003777237862454,2.3551635171750442,3.899588437540241,3.060122041857698,9.364346911063326,4.7117066294565335,2.5806806890684895,2.0719595925383025,0.06710115098187203,12,13,2802,fad5a4f9dab427dcaf09e91e7442b03713697db357f25e4adffaea87cfdb1d8f
46,C46-C2-32.xyz,C46-C2-32,C2,32,46,69,1,3,3,3.0,1.3890493615779118,0.03209999681693349,1.3217926539363123,1.469528526432883,3.0225593426944646,0.3160503820103021,2.4223546532535116,3.7684085531601066,3.0390381412674716,9.235752824078448,4.073626375539025,3.135375287965923,2.0267511605735007,0.03692335835084568,12,13,2802,614f684d5e6e3ea4aa1e0f4511c58d34bb806e2cb4eda78f56ae39a8b8482653
46,C46-C2-43.xyz,C46-C2-43,C2,43,46,69,1,3,3,3.0,1.3894116094941005,0.027537444548967113,1.3368406636544237,1.4592343231982996,3.037398365217358,0.42193450949064615,2.442748811683295,3.9340497309611893,3.0665644554328537,9.403817559324196,4.861182003380052,2.4584809502279694,2.084154605716175,0.07703663212439933,12,13,2802,a452b0d45bdd7973b8ecee6717b51194808cd1173ea9e7cca27c23362e36fa57
46,C46-C2-47.xyz,C46-C2-47,C2,47,46,69,1,3,3,3.0,1.3893087375134359,0.03173914260293947,1.336354342979436,1.4688820953364503,3.04500553668338,0.4611228335297824,2.478413362689189,3.952461267286475,3.0797228748760768,9.484692986034968,5.093260966004547,2.232694426234971,2.1587375937954514,0.09337399854523477,12,13,2802,bccfa86d15e8f87ef6d518ab0f42a17cc34d0fc5410fe15f46d634b325be669c
46,C46-C2-49.xyz,C46-C2-49,C2,49,46,69,1,3,3,3.0,1.3896299611495992,0.026958006581370104,1.3491250016214211,1.4644076481635846,3.0505080476069697,0.48707117678378814,2.4416271723401652,4.03695771439834,3.0891483745149615,9.542837679768429,5.23628558116808,2.2592558339598163,2.047296264640533,0.1047445698844622,12,13,2802,393100cea2b789f8e0a562d167d8cde8e0b397cf60a18cc62f0f9c9d76867993
46,C46-C2-53.xyz,C46-C2-53,C2,53,46,69,1,3,3,3.0,1.389074756703419,0.03396684017342097,1.328650153351137,1.469475505069751,3.0388716660617403,0.41432454290411075,2.3636808759180097,3.819414779570022,3.0669864410599468,9.406405829645557,4.8013325882785365,2.620320039624368,1.984753201742653,0.07399305343843132,12,13,2802,d2efd27ce967fc3546d0552590099fcb3f1d0d7e874c4b42cbf63a565eb97f54
46,C46-C2-54.xyz,C46-C2-54,C2,54,46,69,1,3,3,3.0,1.3893497823855148,0.024353498926450428,1.3294112606714295,1.4356488289271858,3.0323775636547405,0.38529819963726786,2.559292293502684,3.7386516723359633,3.0567578234463353,9.343768391200378,4.700873286484261,2.3635644365914135,2.2793306681247025,0.06490948866160653,12,13,2802,986fc93be8dfd66219e7839ecb40c0cd41aa6984ef967856a5643bdf243ee9c6
46,C46-C2-66.xyz,C46-C2-66,C2,66,46,69,1,3,3,3.0,1.3890591093057965,0.027645920884333285,1.338780553339493,1.4740609044405186,3.0189379263510387,0.27714656640197266,2.6337070565544685,3.6234680544312696,3.0316326331581,9.190796422429113,4.101713111011812,2.7065752914538797,2.38250801996342,0.029638045929128012,12,13,2802,137ff25bdca70beafed538a92babfdba86c952ded7046f1a0ce0ecefc7a448e8
46,C46-C2-77.xyz,C46-C2-77,C2,77,46,69,1,3,3,3.0,1.3886504205821946,0.03741557061091367,1.325480573226179,1.471646007027505,3.0287004047267247,0.3462532647725375,2.512126156058962,3.6966172762992158,3.0484286878582982,9.292917464957466,4.460074375367782,2.5941698956933426,2.2386731938963407,0.0494602091313419,12,13,2802,d1e9bef9909cc955eff5dc4bf4a43ba1265214a8b852c4e099bdd3661e005f2b
46,C46-C2-84.xyz,C46-C2-84,C2,84,46,69,1,3,3,3.0,1.388873743135433,0.03089581332712733,1.3191994845359818,1.4481187140562752,3.017550181293458,0.24797501028246544,2.490071527617476,3.4556133210799413,3.0277220318828424,9.167100702348769,3.6975412121467093,3.342286144661209,2.1272733455408517,0.024205199276244684,12,13,2802,bdd0aa76cd180827a0660353229e781d8e388d6be911972eb644cbd1304f6f7d
46,C46-C2-9.xyz,C46-C2-9,C2,9,46,69,1,3,3,3.0,1.3901130972733995,0.024611956101843514,1.3489107086831211,1.4638566084149087,3.0778937247884306,0.6114352478091115,2.2658172355478015,4.318364372440838,3.1380380563905517,9.84728284335539,5.904182101467394,2.052808714659788,1.8902920272282087,0.1596943804037006,12,13,2802,93f35747474f4cf79ef177ee522b695719a63b3b507b4f68713807c0d210b7d1
46,C46-C2-95.xyz,C46-C2-95,C2,95,46,69,1,3,3,3.0,1.3885480589863586,0.03342057512576578,1.3152334127446732,1.4429667425134927,3.0119790508570192,0.1550523765886314,2.7317561638225016,3.3343045733274974,3.015967347682553,9.096059042287333,3.498360705376721,2.959195526590416,2.638502810320197,0.0068462770175427776,12,13,2802,e9ec405574b82a65f1c2853271df1f6687bb16e1dd2d775a2a983e3968530804
46,C46-C2-96.xyz,C46-C2-96,C2,96,46,69,1,3,3,3.0,1.3887054205075051,0.03171165576006512,1.3199620979406947,1.439198526958668,3.014289266640366,0.19727548737572986,2.6593362396285474,3.3950447777942174,3.0207378901358934,9.124857400902648,3.468856807146163,3.3055325822459327,2.350468011510553,0.01314879382761807,12,13,2802,6ae2ef3654630faf26992b057b0dd609b2a9f318ca37d271f26c4f9927e6a731
46,C46-C2-97.xyz,C46-C2-97,C2,97,46,69,1,3,3,3.0,1.3890340574191495,0.03059385553277418,1.3285983516473292,1.4711853214330273,3.024913071031045,0.3147303604360438,2.484009720735396,3.6162578078923966,3.041242227622566,9.249154287074667,4.323007590205467,2.767755687652874,2.1583910092163268,0.043693591845841824,12,13,2802,6007b81c462bb074efded93126da812dcc2b3af36189a45b94958d47cbe4d2ef
46,C46-C2v-39.xyz,C46-C2v-39,C2v,39,46,69,1,3,3,3.0,1.3892702922839808,0.024615864280652218,1.3319417592372425,1.4320690974949495,3.0227103899846606,0.3349344621852355,2.5384080460462837,3.8380009339065166,3.041210153159516,9.248959195680527,4.253968300829937,2.8529055974729984,2.142085297377592,0.040495844648949446,12,13,2802,c1b789408b424ec0ad0087f3ac13dc13a21be7e8ecd8ad19f659bc362ed6992a
46,C46-C2v-42.xyz,C46-C2v-42,C2v,42,46,69,1,3,3,3.0,1.3892613507953564,0.035848247759422004,1.3260254522444126,1.4581340336196806,3.029449434625189,0.38730798046945264,2.32186697377832,3.7995206663942853,3.05410729161341,9.327571348686199,4.200675819650272,3.352112909539941,1.774782619495987,0.052256395171279287,12,13,2802,7a4f611c62e90edd53b210e6518f2970f948f55c975f208270bc714f5e458ac2
46,C46-C2v-91.xyz,C46-C2v-91,C2v,91,46,69,1,3,3,3.0,1.3889967007547546,0.02937847116118975,1.32197038544742,1.4450250862874319,3.0182361313471877,0.2606445044477195,2.4883863929814134,3.4694075476433452,3.0294694093633674,9.17768490226843,3.621122438107516,3.490853197842369,2.0657092663185446,0.02651858441435081,12,13,2802,1bfb8cbb99369fd29a9c0d6e197f25f95518a04849e9c7ca4d8d0599a180e597
46,C46-C2v-92.xyz,C46-C2v-92,C2v,92,46,69,1,3,3,3.0,1.388751740424975,0.031428801338262286,1.3130352813233923,1.4585165237322475,3.013974554023564,0.20201518482709319,2.6145020434055213,3.4163258586964056,3.020737119843808,9.124852747202267,3.6173978904106274,3.1354209070596255,2.372033949732014,0.014207958969423493,12,13,2802,46dee8fc70fb7be6d58570ef600952225d1690d0b19698f91818a8af205e4826
46,C46-C3-115.xyz,C46-C3-115,C3,115,46,69,1,3,3,3.0,1.3887763218079958,0.029405274346054965,1.335681477748344,1.4449878165576346,3.010702945844713,0.14391711269736648,2.74286459607914,3.3212332010719523,3.014140733848567,9.085044363445178,3.2586645335925266,3.2481114605488997,2.5782683693037516,0.005523151343839238,12,13,2802,3fae76f0ca25b5f8c5b32ec4b0c1e18a8dfe23fb6ca98e6773e4217447353d57
46,C46-C3-94.xyz,C46-C3-94,C3,94,46,69,1,3,3,3.0,1.3886173044311154,0.030906689060226707,1.3239491115598063,1.4413130853496057,3.009776746193617,0.10457749618473584,2.833747860346094,3.368899019279596,3.011593019422795,9.069692514636106,3.2757161135155988,2.9088408368608363,2.885135564259671,0.0017488143954203738,12,13,2802,1c900c3177d33059a6937d3c584621cd09b101832b9e9af9da63f726ee9a83a6
46,C46-Cs-10.xyz,C46-Cs-10,Cs,10,46,69,1,3,3,3.0,1.389948743588892,0.025494325455740714,1.3445950654379186,1.466130625149069,3.067703960378784,0.5706237406183144,2.3362776862456927,4.269832592313188,3.120323547627859,9.736419041880907,5.675022124866104,2.1517243453402384,1.9096725716745637,0.1405626390421166,12,13,2802,c3cdd2f732efcb58a2674c65a84170a67d7c44cfaa819807822af99361b81d92
46,C46-Cs-106.xyz,C46-Cs-106,Cs,106,46,69,1,3,3,3.0,1.3889593666523339,0.02817563893380138,1.3369216469187715,1.459908640977236,3.017152577265452,0.2403341788590438,2.654662339769407,3.527975755538612,3.026709466074901,9.160970192027413,4.007837905830872,2.7333711087433064,2.419761177453234,0.025288571320073443,12,13,2802,40acf92d75ea1ac7b7d0e7b213463e5218b29019f2df6eba2a771c2eb776970c
46,C46-Cs-107.xyz,C46-Cs-107,Cs,107,46,69,1,3,3,3.0,1.3890113863987388,0.025412262637054137,1.3318011075231917,1.460824072227727,3.0155600690619164,0.2153009007882536,2.6225840416009407,3.4045122889622097,3.023236181313155,9.139957008000946,3.7625181035735706,3.086644622329962,2.2907942820974134,0.01948886734963277,12,13,2802,ddfad50d22e9da69277467a199f989d2cc342072ea1aaef6ad5e1f212cf29cac
46,C46-Cs-108.xyz,C46-Cs-108,Cs,108,46,69,1,3,3,3.0,1.3889498281212997,0.025819724053856494,1.3304174382501155,1.4728053910819312,3.01347761609384,0.1854868310023744,2.7457030805859417,3.386225815263436,3.0191808006765535,9.115452707173915,3.7535334765183506,2.749627814210348,2.6122914164452173,0.01401540422144804,12,13,2802,e8a0782e1ee8b27042e12b0f7acc6fca7a5ba8bd63df34f1de082034b12aa003
46,C46-Cs-11.xyz,C46-Cs-11,Cs,11,46,69,1,3,3,3.0,1.3896165693252271,0.03169937084326653,1.3299249377314497,1.464315550009628,3.0638164483510666,0.5495646232158634,2.374186333175243,4.179972825409018,3.1127146519199185,9.68899250427694,5.571635887987515,2.2520314940063773,1.8653251222830467,0.13265319087331048,12,13,2802,03f09961190a5639dd93a2a78ef4c28a3b26982e7150b25c2a30c1c991b32aa5
46,C46-Cs-13.xyz,C46-Cs-13,Cs,13,46,69,1,3,3,3.0,1.3895930169432746,0.023782261417717134,1.3311321309321626,1.4541169588447829,3.0455028360961207,0.46896976133937546,2.485319637219595,4.064411222082827,3.0813990591483327,9.49502016172023,5.122561458941446,2.2780561862419253,2.0944025165368587,0.09591596281130373,12,13,2802,a073f3efab2ceac9c750d0b10ec1e0c288a4d061bc3d50412d52d0c420e1e087
46,C46-Cs-2.xyz,C46-Cs-2,Cs,2,46,69,1,3,3,3.0,1.3896839413161934,0.026725012467135892,1.3503586708722983,1.4604803079809054,3.060387483995408,0.5336118271386917,2.3115159687498257,4.153355904132722,3.106559694301404,9.650713134258034,5.470835172909414,2.1102443667600195,2.0696335945886006,0.12274162069474832,12,13,2802,b05bc65a494e993ee94859fe35b1c54e99daca30ed475f65a96e0c1320bc3b42
46,C46-Cs-28.xyz,C46-Cs-28,Cs,28,46,69,1,3,3,3.0,1.38873916974674,0.03815207942902289,1.3189953297870314,1.4831454042001408,3.024400250019005,0.33460752321117726,2.3755235648643644,3.7668071334048117,3.042853770213833,9.258959066904538,4.205358840500833,3.017340991181025,2.03625923522268,0.041286827222660034,12,13,2802,007960aa0723ade44772d5e68891791d904518c94fd8b88e76a9fc094a84ea0c
46,C46-Cs-33.xyz,C46-Cs-33,Cs,33,46,69,1,3,3,3.0,1.3896822943160965,0.029765391741243798,1.3308542256761258,1.4625703743751959,3.028676768092726,0.41891424523360155,2.2124876315034543,3.872740092985409,3.0575107702907984,9.348372110444233,4.439294196102849,3.1358574900875595,1.7732204242538243,0.06101055542471049,12,13,2802,0dbd586b34c3ceb092baf120ecdd9fb9124d5ecea1723a0da31c368e65a688b8
46,C46-Cs-38.xyz,C46-Cs-38,Cs,38,46,69,1,3,3,3.0,1.3891434178545203,0.031141584009960022,1.3214664203073796,1.4674938807368159,3.0287264188953693,0.36698143082748885,2.4148917961627,3.820503719435095,3.050878413029099,9.307859091086954,4.421091736846723,2.8551259736900274,2.0316413805502025,0.05101703723535214,12,13,2802,03a497c9fa33d928642de5e14ccbf1d1c7f2683f1515035381fb0feb44894736
46,C46-Cs-40.xyz,C46-Cs-40,Cs,40,46,69,1,3,3,3.0,1.3892303654913682,0.02486711645483423,1.3419270956352285,1.4354212134422426,3.024395067637951,0.32730978186095655,2.5946763418043646,3.8270530963389495,3.0420547691411857,9.254097218454632,4.383472549065168,2.4634637446623904,2.407160924727073,0.044345871493768646,12,13,2802,278e9ad27caac1ef3fd1cd06eb31b6d569313e90cc4222b9ffe4419758019ee8
46,C46-Cs-41.xyz,C46-Cs-41,Cs,41,46,69,1,3,3,3.0,1.3890052173108427,0.03301304826463663,1.3192113515278738,1.4727558996656576,3.02788554716222,0.3497229116063238,2.450253735510619,3.821983475909187,3.0480152561324654,9.290397001616258,4.343457689583991,2.9713840803862923,1.9755552316459744,0.04913149145637764,12,13,2802,f6d2c8c84e6b5f0e6b65dec1ee5120b1381e78d5e900e15b3b92d08dd5624612
46,C46-Cs-57.xyz,C46-Cs-57,Cs,57,46,69,1,3,3,3.0,1.3892802501235872,0.034796498770525305,1.3311089437007024,1.4766369459010567,3.0262957060354436,0.36756837371108414,2.2708789533858917,3.653305271355462,3.048536076499862,9.293572209721173,4.215410959048111,3.286855867620158,1.7913053830529049,0.05195741180467008,12,13,2802,81ccc07398cf723ce6b8eed593e1099c3dc9eec4185efdaff7f3d6d5f5b183fb
46,C46-Cs-65.xyz,C46-Cs-65,Cs,65,46,69,1,3,3,3.0,1.3892240864224308,0.02584262896608795,1.3371424942765073,1.469037916460974,3.0192769043905123,0.2996489962385041,2.5001519658538656,3.645362036140836,3.0341098441441936,9.205822546332703,4.082404299663686,2.954061554487181,2.1693566921818355,0.03273661115499558,12,13,2802,fb9e00fed6268e93f97c46c8a3e6902ed2c2e15b3f17f87fa8bdf26aa00013d9
46,C46-Cs-7.xyz,C46-Cs-7,Cs,7,46,69,1,3,3,3.0,1.389627290726739,0.027729400986271923,1.3296956757092955,1.4615950909879247,3.0490962443115346,0.4942471305421086,2.3627056911897704,4.164087310214998,3.0888943221035943,9.541268133123822,5.149112125621399,2.405304179190164,1.9868518283122574,0.09723358873001088,12,13,2802,e73d1848282fa830dcbc09f56d169dc00cfc6335d6cd127169bde919caaabcf8
46,C46-Cs-8.xyz,C46-Cs-8,Cs,8,46,69,1,3,3,3.0,1.389455423068955,0.029544163452804986,1.3288126052984295,1.4609410768405413,3.0470175055219526,0.4700679400863614,2.3439717564717055,4.152180714464609,3.0830633381839974,9.505279547254252,5.090940046642393,2.325626907563387,2.0887125930484727,0.09250908722365117,12,13,2802,f3198f26db82ea760cbe8f6a20c05cfe3d2a3c01ac36ad4a6a6b33ac06451f66
46,C46-Cs-83.xyz,C46-Cs-83,Cs,83,46,69,1,3,3,3.0,1.3889890480136968,0.032360391418943056,1.3298001127989123,1.4705820140338997,3.020730494126129,0.2997908310096562,2.470331564337047,3.6426357728775027,3.035570335291368,9.214687260500948,3.9709443668645164,3.1938292694222126,2.0499136242142186,0.032992459974120585,12,13,2802,d934a88ab5a6a69cc7c0f22b15d22b662a50a6b7da6b4e0175683f77ef908194
46,C46-Cs-89.xyz,C46-Cs-89,Cs,89,46,69,1,3,3,3.0,1.3890310840687188,0.027959931701188795,1.3310921305454404,1.441013036027086,3.019167105902791,0.27532489761731477,2.511166835962667,3.5721915434724583,3.031694874589694,9.191173812613421,3.939158144297572,3.1241843094507904,2.127831358865059,0.02922550967260235,12,13,2802,4c37e33f4c98fa386b419b2eead3a794888098f9fe7b607b90cf094b00e850bf
46,C46-Cs-99.xyz,C46-Cs-99,Cs,99,46,69,1,3,3,3.0,1.389214602934895,0.021284900573936463,1.3477229314662567,1.4430195736718197,3.019374839443592,0.2646906738969606,2.6152011222848617,3.5510048276631445,3.0309545648051284,9.186685573913046,4.110997313923995,2.7309037415110518,2.3447845184779994,0.030648985145903442,12,13,2802,e7366ea63d1e1585a3819c72917b98c2f74fa16216e1ff7d338abc5c86be518e
48,C48-C1-10.xyz,C48-C1-10,C1,10,48,72,1,3,3,3.0,1.3893307052807906,0.03204000715395315,1.3218906876137677,1.4699697751994767,3.119253665600491,0.5127227659893441,2.374768556284127,4.29625804796055,3.1611118400217775,9.992628065125867,5.466274313747256,2.4461391856518944,2.0802145657267173,0.10375550756549021,12,14,2920,5ee40abff52e6b20a88f9cf18d22085181cf8f4918129650066a2519e0e11b31
48,C48-C1-100.xyz,C48-C1-100,C1,100,48,72,1,3,3,3.0,1.3889946619897926,0.030050539697047973,1.3245789557440506,1.4637019949429597,3.0943994690258987,0.36424572478432576,2.534345640961438,3.877410651929142,3.1157636338354395,9.707983021931424,4.696336196836863,2.7196181822373635,2.292028642857198,0.052368553308472156,12,14,2920,57cf083a328068e4bdc3295fbd341b2dce2465ccd47abea96918df951bf4ae94
48,C48-C1-101.xyz,C48-C1-101,C1,101,48,72,1,3,3,3.0,1.388989366145678,0.03557344961569824,1.3272381323635936,1.4725293341730072,3.094964856212307,0.38081120255601886,2.41088934851372,3.805777784767118,3.118304769130404,9.723824633181422,4.5940376993012455,3.1362522067266068,1.993534727153569,0.05390406845884178,12,14,2920,90a290f4287f28f41b9fe7f9ab270b2f57e5209fb7eb79f295b6b5da17fd05ff
48,C48-C1-102.xyz,C48-C1-102,C1,102,48,72,1,3,3,3.0,1.388776418532807,0.034530015436985605,1.3168426823276953,1.476976841389194,3.0874977062196614,0.30641444726663314,2.5643283136888466,3.7636007848716213,3.102665289618811,9.626531899405382,4.329936258531449,3.040195620451141,2.2564000204227916,0.0354878101035844,12,14,2920,ab0da228f9c2b94121cfca8c5240debfb133634dd58afb56bc708ed3353f4985
48,C48-C1-103.xyz,C48-C1-103,C1,103,48,72,1,3,3,3.0,1.3887257243047253,0.03302785674219029,1.322892217831823,1.4734820154993409,3.0851943670976865,0.2780093124680943,2.637736544968,3.7356599591852206,3.0976948624082192,9.595713460590277,4.273212980471274,2.824203112171298,2.498297367947705,0.029085047768559816,12,14,2920,04c058ea8b3b8ddaec5e482c1a3bad899f7b6849ed0d76402e0d425cac5ee8ab
48,C48-C1-104.xyz,C48-C1-104,C1,104,48,72,1,3,3,3.0,1.3888410348745537,0.030828907136732336,1.3266393971234232,1.4733125296419631,3.085074380638344,0.2769965480633463,2.6038549197052556,3.776646115266374,3.097484628163645,9.594411021710073,4.188078491451982,3.0674903923589505,2.33884213789914,0.028279017157063147,12,14,2920,119a289521c26b3e4ee75de1b0f9b2af611f98482f9af6a5669c05c9f3ea225e
48,C48-C1-105.xyz,C48-C1-105,C1,105,48,72,1,3,3,3.0,1.3890103600472672,0.03281100278234324,1.319549305634314,1.45795587381786,3.0894863817794174,0.35134234430532174,2.4430957248910454,3.740523027563245,3.109399869123048,9.668367546102429,4.239316307404531,3.4251623521113577,2.003888886586541,0.041079482040053024,12,14,2920,25be0f4caf8a074009296de197212b6f00f29c5e562c5ae4f031d2c99678cd9d
48,C48-C1-106.xyz,C48-C1-106,C1,106,48,72,1,3,3,3.0,1.3886207452095891,0.03698773447161676,1.3106394202830922,1.4797730940924694,3.090343186382072,0.3212359310242761,2.506160390692477,3.7296568953179245,3.1069942923988663,9.653413532999132,4.335821398539039,3.1744281203688614,2.1431640140912305,0.0387391937401258,12,14,2920,3059eff844a7857c9d87e9e50ee6e8db4c3dccd00582beb89969f587ec43d063
48,C48-C1-108.xyz,C48-C1-108,C1,108,48,72,1,3,3,3.0,1.3891139142376459,0.02722763749553162,1.3351410749430186,1.4515191834764019,3.094059165857901,0.35684038116246997,2.5677563966267387,3.819259318943164,3.1145685382501163,9.700537179457465,4.692507471511433,2.7016744756140274,2.3063552323320033,0.052143314910125256,12,14,2920,5446aee81bbc6ceb548948ab74ebe6846035adebe8c3c2de4e77ad4b63782b3c
48,C48-C1-109.xyz,C48-C1-109,C1,109,48,72,1,3,3,3.0,1.3888082030394544,0.03379542051964191,1.3212675353614043,1.4677087040690329,3.091042128739731,0.34074648806513197,2.512445098748912,3.8016457179833,3.109766809709784,9.67064961077257,4.4894125855145,2.9700827775899965,2.2111542476680732,0.043170820347013354,12,14,2920,f6a91254872a5bfb33ce0db3bfe0823837b6cb745fa14ba415ae02e70fc85cfd
48,C48-C1-11.xyz,C48-C1-11,C1,11,48,72,1,3,3,3.0,1.3895832111003659,0.029392860720406238,1.3345987786597142,1.4659727862412726,3.1294076181744384,0.5620448004437778,2.3659268328231473,4.364597838902904,3.179478950770723,10.109086398394098,5.777645631158136,2.2607117840933704,2.0707289831425926,0.12792455236633107,12,14,2920,8ecd2ecc73bd49fb58f1b4655b58df3350ffa435c0f5ee55549a5c49f9a33391
48,C48-C1-110.xyz,C48-C1-110,C1,110,48,72,1,3,3,3.0,1.388762081082308,0.03412006876284005,1.3284006436312803,1.4768984731524368,3.091107080240585,0.32996071863019977,2.61698730137619,3.7787618204332802,3.1086680519721672,9.66381705735243,4.55457017444974,2.735848069008283,2.3733988138944073,0.04388416439038812,12,14,2920,ccde893ab217433a96615f5dfa63eefec6decb862de253a2967b9cc625d4f15b
48,C48-C1-111.xyz,C48-C1-111,C1,111,48,72,1,3,3,3.0,1.3888599647537172,0.03423607744394962,1.310128718866967,1.475433366845145,3.0952879658046584,0.36226857202972046,2.470753841072142,3.776496738414595,3.116415586781646,9.71204610953559,4.625737617705688,3.009321574779983,2.0769869170499193,0.052893197046845516,12,14,2920,771d473ce17e81ab4bcb53a11fe134f99497f415c4d22924c24ee7dd79944c0d
48,C48-C1-112.xyz,C48-C1-112,C1,112,48,72,1,3,3,3.0,1.388792495456484,0.03388862858077301,1.3282474204755674,1.4735945745014127,3.092247053744129,0.34547719442866626,2.5202770510465946,3.816281447882059,3.111486193647587,9.68134633325955,4.565561647514598,2.818074296578693,2.2977103891662582,0.04517112172369201,12,14,2920,f9310f2475ecc808c10614b3e5fcf9458aa452a9f2568ef611db3c9c11767622
48,C48-C1-113.xyz,C48-C1-113,C1,113,48,72,1,3,3,3.0,1.3888686635057728,0.032122856236635376,1.3283756509361349,1.4673394631100194,3.090281400878922,0.3285883136548256,2.6420333941498453,3.795005005537272,3.1077016292573383,9.657809416488714,4.549778545743554,2.6538202648474463,2.4542106058977144,0.04302361069996062,12,14,2920,45f0585d3b6316b34c47006e02dd5a9137732e8e1a256ad155bd47970ed21043
48,C48-C1-114.xyz,C48-C1-114,C1,114,48,72,1,3,3,3.0,1.3887959512273351,0.03651176970216086,1.3178673984889375,1.4761220647358402,3.1003628882489345,0.39874804244705353,2.5034433610739097,3.8809149180665767,3.1258998768653212,9.77125004018663,4.8631055197829545,2.8043437667859545,2.103800753617721,0.06463850426246033,12,14,2920,9a17e346a1162e6067cc54abba761c933a09373a5a3d3d7fa25dcc36e09b66d7
48,C48-C1-116.xyz,C48-C1-116,C1,116,48,72,1,3,3,3.0,1.3888711636524915,0.03265439092673048,1.3240685103120606,1.4700070101873666,3.0939668502812876,0.35793897660178225,2.5808672537569146,3.8024591095563527,3.114602893084485,9.700751181610244,4.685802197348377,2.693429672108607,2.32151931215326,0.05152618410031807,12,14,2920,873dcc123983dcccfe4f67c84ae0c50e626a3b76cc6dcd829e57c3f382b937ed
48,C48-C1-117.xyz,C48-C1-117,C1,117,48,72,1,3,3,3.0,1.3888947407551773,0.033974844735936906,1.3146354133370968,1.4617133234666775,3.0968145175009583,0.37558241976257817,2.4593730225646784,3.806756268842139,3.1195067414319544,9.73132230983941,4.701826611744746,2.976383151735821,2.053112546358843,0.05726201898697823,12,14,2920,74b061b192e74b25cf68b4aed817a4a76708327a1a423633d8702ead9211475b
48,C48-C1-118.xyz,C48-C1-118,C1,118,48,72,1,3,3,3.0,1.3887790049301616,0.035035996071846806,1.3169094008321154,1.4709654618650978,3.0924395443506536,0.3402798176529845,2.469760677808893,3.75999201963706,3.1111047378327887,9.678972689765624,4.550451404556911,2.936109084038147,2.1924122011705656,0.046537688034393676,12,14,2920,b3dc537445f9869b1de6fbeb18f050e5c70f9b29c22d53a9904b1c223340dac1
48,C48-C1-119.xyz,C48-C1-119,C1,119,48,72,1,3,3,3.0,1.38887709051942,0.036878969651184354,1.3212613821647856,1.4593796798640168,3.0964360578137438,0.3781227641878969,2.35407663167156,3.8276114537265644,3.1194379437530433,9.730893084926215,4.547000454982378,3.2567557854836195,1.9271368444602193,0.05436832137468663,12,14,2920,0404f54e992d34a8d0ad83be72e8e49da4b692ae1e65a424a13699ff18925283
48,C48-C1-12.xyz,C48-C1-12,C1,12,48,72,1,3,3,3.0,1.390437349649712,0.02920022648648895,1.3360440224783015,1.4596414799532111,3.1330238010787745,0.6036088381557829,2.252552487660565,4.416065759917508,3.19063971134722,10.18018176762587,5.909385329084829,2.525281527367261,1.745514911173779,0.14183287069147904,12,14,2920,0bc76a5c693d0baa9d64796baf3dcc3a306c0b0c6a0a891dd05e01170148890f
48,C48-C1-120.xyz,C48-C1-120,C1,120,48,72,1,3,3,3.0,1.388962414049923,0.03757250207486907,1.3165563945384184,1.4756505887234959,3.101471798328365,0.4155233404267988,2.3139920964250735,3.9043266484953643,3.1291831142113793,9.791786962265626,4.872694190075445,2.9959315912043225,1.9231611809858575,0.06973793196336632,12,14,2920,d594d452b9223aac90ed05dda547a9275a63efac2d6d52bd27430adf06dd85ea
48,C48-C1-121.xyz,C48-C1-121,C1,121,48,72,1,3,3,3.0,1.3888092007146053,0.03496334762469268,1.3158409706343699,1.47780137704632,3.09397937923544,0.35263760967387864,2.482583001219236,3.745530527957204,3.114010546367919,9.697061682890624,4.58274987756326,2.9781584588741508,2.1361533464532134,0.04928865555522646,12,14,2920,cfbea916a69d2f139e4b425a62322d3e25fcf1ee49441009537c83e7f0833dc2
48,C48-C1-123.xyz,C48-C1-123,C1,123,48,72,1,3,3,3.0,1.3888557912075277,0.037755440835005066,1.3246840264757478,1.4756251319356146,3.096132822037749,0.3813992414147937,2.37108053507758,3.7909877275573516,3.1195358361543493,9.731503833051214,4.51695862034749,3.2852972729956704,1.929247939708054,0.053072207160802264,12,14,2920,cdbcc39ce6a75fe6e8a8a99ab0df29b32e72609d79d5a8e13f2bfbf208a904cd
48,C48-C1-124.xyz,C48-C1-124,C1,124,48,72,1,3,3,3.0,1.3887073471953622,0.03453845217945497,1.32697299897172,1.4768719815881133,3.083192557929267,0.2704305521609621,2.586324250202882,3.713097647812067,3.095029730521582,9.579209032812498,3.9638377753492344,3.3320220239660086,2.283349233497255,0.02355540986694024,12,14,2920,5e37e4035227abca1389f8c70c264c8c020673788ce5135f3a510c26ba58637f
48,C48-C1-126.xyz,C48-C1-126,C1,126,48,72,1,3,3,3.0,1.3884204102768694,0.03749907434337502,1.3195554895494161,1.4795078708813953,3.0820816017629653,0.23974617828122255,2.613625757901359,3.685219857511731,3.0913921184356754,9.556705229926214,3.9342315650676114,3.1498870807070354,2.472586584151568,0.017575367735293845,12,14,2920,35b3fa5062a78b50c622966003531db7d5ea5fb8dd0b34febbb1c19741b67017
48,C48-C1-127.xyz,C48-C1-127,C1,127,48,72,1,3,3,3.0,1.3888385295389045,0.030356504087849668,1.3221677654518733,1.4629731132184214,3.0818177322040192,0.24604097445527615,2.6557042664461554,3.7727506735784933,3.0916236342152037,9.558136695638023,4.027194388911595,3.1009065598071692,2.4300357469192586,0.021120172755770186,12,14,2920,4dfb1f5d5c626fdcc053556ad1d913585fc7d4c52317cce8e0c18a667ca23926
48,C48-C1-128.xyz,C48-C1-128,C1,128,48,72,1,3,3,3.0,1.3886784554032927,0.03370945093083299,1.3274478106501966,1.4709972263739997,3.082958197628256,0.2612748726972192,2.625020979255617,3.722902819411503,3.0940096650505495,9.572895807426214,4.004511644205288,3.220126465977923,2.348257697243002,0.022471504677522874,12,14,2920,101a51720d1e39ad29e75e8e7580f48c00b1eb6f77d615318af1a28f99c7d918
48,C48-C1-129.xyz,C48-C1-129,C1,129,48,72,1,3,3,3.0,1.3888101203414926,0.03307796217261886,1.3351621399665288,1.4763792771506923,3.0821718531136164,0.26376009464464356,2.559811103124712,3.689972294658487,3.0934370398721187,9.569352719652775,3.8332417091220776,3.4622301374230853,2.2738808731076117,0.021739219079941145,12,14,2920,e49edead686e682cc6a5c34396868be4ae3cbb79524f9f9d5239ab2ac547bbb6
48,C48-C1-13.xyz,C48-C1-13,C1,13,48,72,1,3,3,3.0,1.3898528800890675,0.02736361203641192,1.3432515401070642,1.463675927246192,3.138250169814247,0.5965735124873316,2.366938377336718,4.463020554468619,3.194450513647163,10.204514084140623,5.991658505818869,2.1180866663200284,2.0947689120017263,0.14496417910175308,12,14,2920,62930d041f996b0af6115dba653c37136b255633a66d27b0407743f913eb34d8
48,C48-C1-130.xyz,C48-C1-130,C1,130,48,72,1,3,3,3.0,1.38861670873043,0.03623685755938323,1.3236098707700843,1.4729794839032895,3.085551684325811,0.28105257647157234,2.4859112802007868,3.5718816227859764,3.098325313356742,9.599619747387152,4.095650487955438,3.2892515949755827,2.214717664456132,0.02898889923931393,12,14,2920,54af614a83f0e17ce99395bef7678b253dfbd9857b3f3c3483935366068698c8
48,C48-C1-131.xyz,C48-C1-131,C1,131,48,72,1,3,3,3.0,1.3890430131295168,0.028951466254675602,1.331595081096352,1.4555549525868132,3.086143788109966,0.29951955076270065,2.4804490593750383,3.5944094704931966,3.100644359190331,9.613995442178819,4.178725114870375,3.30088805852305,2.134382268785395,0.0341379739258355,12,14,2920,e3dbad1dfaa32b9aa6d5b2b595d20ad5f9a257a4c5e1e537f3b3ef0fdf4a0e05
48,C48-C1-132.xyz,C48-C1-132,C1,132,48,72,1,3,3,3.0,1.389164555210934,0.03198197740823805,1.3298094186762253,1.4722762240829674,3.0882343819273523,0.34324695520243526,2.375479703753056,3.7406699440665316,3.1072512080573658,9.655010069973958,4.281989063021524,3.383601408371695,1.9894195985807386,0.042945639821885394,12,14,2920,da4fc6b166372f4ec5736a5c3abe4ca17e81e3530ab0be5cccda200911c4f6a2
48,C48-C1-133.xyz,C48-C1-133,C1,133,48,72,1,3,3,3.0,1.3888620851517384,0.03130893482999182,1.322348535749936,1.4756621767870854,3.0834833510653517,0.26151210272246284,2.555727242937086,3.548690880609937,3.094552981638469,9.576258156167537,3.9986251664324173,3.333108594184088,2.2445243955510312,0.025651882290368938,12,14,2920,448f41065de61051326a7d485fad8ffea00c9da5643a39308d1536b9c8bb9174
48,C48-C1-135.xyz,C48-C1-135,C1,135,48,72,1,3,3,3.0,1.38892388859639,0.026720934731962093,1.325459682525274,1.4431073037026734,3.080957369921696,0.21833489193825253,2.6359831445662736,3.58383174759979,3.0886839333788267,9.5399684403125,3.8341585360379122,3.318312531234293,2.387497373040294,0.017719520477706155,12,14,2920,8fe0e9b420782dee8c42ed653adea81db8891b425b34f6de410c40a89425960a
48,C48-C1-139.xyz,C48-C1-139,C1,139,48,72,1,3,3,3.0,1.388958968352455,0.02572144176785749,1.3265032340706902,1.439420237456734,3.0807481164010433,0.2227281444488252,2.769725990261216,3.553443242283247,3.0887888861231994,9.540616783038194,4.073420921741941,2.744861433924208,2.7223344273720453,0.01972577234376428,12,14,2920,eb7bb4c4f3175075f815fc0f41adddd82414f369079da0c356ad229719294a51
48,C48-C1-140.xyz,C48-C1-140,C1,140,48,72,1,3,3,3.0,1.388577464058476,0.03347419699540611,1.3258699823134998,1.462269321978684,3.0793307433772825,0.19039063471086642,2.765982756548307,3.5092714422449434,3.08521092000111,9.518526420894094,3.8645682582627625,3.000836877158184,2.653121285473148,0.012883451269846236,12,14,2920,213c60dcbae3e8cb1a2c7b40bcb7da8d30da7ddcf3a99e9807b7d705c97e40c1
48,C48-C1-143.xyz,C48-C1-143,C1,143,48,72,1,3,3,3.0,1.3887703669151186,0.03371020584996695,1.3216452511926187,1.475692010549627,3.0863610918286803,0.29181699683102247,2.481459435232943,3.5940824478634226,3.100126118207678,9.610781948793404,4.1182217289624585,3.317158713382177,2.175401506448769,0.030962648250132604,12,14,2920,f6babd177f74861de9e9a9c82f7df5f0180276c489224368a47a5292b1d21f04
48,C48-C1-145.xyz,C48-C1-145,C1,145,48,72,1,3,3,3.0,1.38860489146517,0.03251243751931723,1.3213137628890423,1.4460608942917998,3.0783496324223534,0.1727668939371286,2.6992260155087937,3.5069734467984612,3.0831939379603615,9.506084859075521,3.653753801812411,3.2285489698692444,2.6237820873938658,0.008893776979126185,12,14,2920,2f1a91f73549e3065f7f6cfaa2c2101b788fc23abb7be5ebdf08e63f0045017c
48,C48-C1-146.xyz,C48-C1-146,C1,146,48,72,1,3,3,3.0,1.3885717812759468,0.0349593123777108,1.315929956342662,1.477324080897621,3.080327736719365,0.22634003544582013,2.5963670294281846,3.541698840634496,3.088632185490572,9.539648777248267,3.795785044625601,3.3342603770046435,2.409603355618022,0.01642491415628997,12,14,2920,b524f5cd2b663ad617a73f6f6d32096ba8d48db9274275a50c93659e044b70d3
48,C48-C1-147.xyz,C48-C1-147,C1,147,48,72,1,3,3,3.0,1.3888111978089717,0.029933737587621672,1.3255898536123458,1.4433672505637642,3.0818737101036153,0.23207890103290807,2.6552073527239264,3.5457981380138572,3.0905996475332205,9.551806181332466,4.005585502144713,3.113488475383955,2.432732203803797,0.020458441478280784,12,14,2920,51f768d169fb548e05e1016472d331c3a662d576f2b926d7ce0df6b5f1a12a1b
48,C48-C1-149.xyz,C48-C1-149,C1,149,48,72,1,3,3,3.0,1.388837017139087,0.027167190010967505,1.324494718751268,1.4386406153032103,3.077066740199451,0.15488607572602384,2.8160550243773965,3.4931278341534897,3.080962417832371,9.492329420095489,3.698611741295613,3.063815806496246,2.7299018723036292,0.008062117552884116,12,14,2920,e2bb359d08100257b4709a5f34047d4357294ef31e9b3d59661790d88de8cd18
48,C48-C1-150.xyz,C48-C1-150,C1,150,48,72,1,3,3,3.0,1.3888396003007706,0.027527888338843173,1.3241423375151178,1.437540180308015,3.07794893682084,0.17606236489912822,2.755769419355736,3.4954123968886583,3.082980313594366,9.504767614010415,3.602443306348161,3.352313219255914,2.5500110884063396,0.010039047750911762,12,14,2920,d53682812e48b3efc495d0e3ff400d72a41769ec0377a54a4aa364ac27b1f416
48,C48-C1-151.xyz,C48-C1-151,C1,151,48,72,1,3,3,3.0,1.3888878693482836,0.028864118718703834,1.3232434621036298,1.4459789797918916,3.07970651128869,0.2259425245111436,2.6645778404971727,3.5253887034720828,3.0879835200428807,9.53564222005642,3.634508915522682,3.5266144818840193,2.3745188226497196,0.01609254268183249,12,14,2920,c9fa85ccef3418b0e043e6066bb03b299159017fa47ec397e305dbd22208b49e
48,C48-C1-154.xyz,C48-C1-154,C1,154,48,72,1,3,3,3.0,1.388903606661295,0.02941796999799433,1.3200660324392868,1.4452069782560557,3.0824978769215257,0.24654965953393276,2.6048048500142933,3.5626485578954674,3.0923421375782487,9.562579895842013,3.9548860849881615,3.2941792055919175,2.3135146052619335,0.02237645262699902,12,14,2920,d6dd1167ffcdd830f3037fcdca6f185856a46c2a5a7d4b0211369a0251db1d32
48,C48-C1-155.xyz,C48-C1-155,C1,155,48,72,1,3,3,3.0,1.3887355467399043,0.031357651891211896,1.3218607982688648,1.4426672901261748,3.0808225822547928,0.21870473605623028,2.719137564500704,3.5388853685535153,3.0885756498594157,9.539299544904512,3.9668697201344214,3.0625684260758126,2.509861398694279,0.017836165220657507,12,14,2920,47233bed353f33f2a69069c35c113b6ae4f3279af2fb9e7d7067d095a27a52e0
48,C48-C1-156.xyz,C48-C1-156,C1,156,48,72,1,3,3,3.0,1.388659941570983,0.03170543037024666,1.3158848125880926,1.460136151185909,3.077605605181018,0.16538288161242323,2.736478095177501,3.472597440193188,3.0820460344667224,9.499007758572048,3.579608946588066,3.280331622045162,2.6390671899388214,0.007676981893044429,12,14,2920,c427a7ceed4926c9bde937b2957c1378551ad1402877e9bd0b2466c994b96b22
48,C48-C1-159.xyz,C48-C1-159,C1,159,48,72,1,3,3,3.0,1.3887292715562165,0.03285913817842511,1.3209258646873412,1.466289623505534,3.0867660758881024,0.28409473464705176,2.591763161221949,3.6107721025819193,3.0998120306734425,9.60883462550781,4.295943767493481,2.985592219464311,2.32729863855002,0.03263270147702099,12,14,2920,c1b8b4a918c0e8d97a0a5d3df8815e497de88987694d6572d15cd39418c022b4
48,C48-C1-162.xyz,C48-C1-162,C1,162,48,72,1,3,3,3.0,1.3889455243772775,0.02807576616342146,1.3281335211491352,1.474174453719776,3.0834694725973253,0.2576768366591191,2.606144254496104,3.6316353782067736,3.0942174035756245,9.574181340590279,4.192229016799642,2.945432658683821,2.4365196651068164,0.026706003820402724,12,14,2920,cb3803228a3db2fa146406db2df9fc9ff9707afa6d4c6767d3010cd71cee13ef
48,C48-C1-164.xyz,C48-C1-164,C1,164,48,72,1,3,3,3.0,1.3888123140099495,0.03183580372431899,1.3225738278069772,1.4788562168108161,3.0861871369790648,0.2738462024133522,2.5953207222426444,3.691052524186304,3.0983128936618467,9.599542787031247,4.244767776184967,3.031109518224989,2.3236654926212914,0.030732513875930536,12,14,2920,21afd14ef3c61dfd083fd236e38f5870eb7809f1da9d1a6467df2d8209b18b5a
48,C48-C1-165.xyz,C48-C1-165,C1,165,48,72,1,3,3,3.0,1.388733408668794,0.029828492296936304,1.330406152270802,1.4638142675899835,3.0779647508324595,0.16329625128608533,2.7714960159314295,3.458396819347627,3.082293411252604,9.500532673051215,3.752039709729637,3.0777632854452026,2.6707296778763743,0.009913328376775388,12,14,2920,ff5c425057847e4400b3ee5144df3bab374c1b7580d97c324fc13317c119c622
48,C48-C1-167.xyz,C48-C1-167,C1,167,48,72,1,3,3,3.0,1.38884101434808,0.02855377097370248,1.3282581902627217,1.459249183655759,3.079175709580717,0.19477789601804685,2.7303719500358437,3.505328177652206,3.085330043812028,9.519261479249131,3.7393968017665737,3.2849632387714327,2.4949014387111252,0.013129399416923749,12,14,2920,df7fdc802e96f82449a04b72532882f0fb3f72bedab59b37d3bf6d466cf5068b
48,C48-C1-172.xyz,C48-C1-172,C1,172,48,72,1,3,3,3.0,1.3889392496683486,0.03183857998042068,1.3237428073458979,1.4752217901047966,3.0911911677418433,0.33282225993121767,2.4600259644332545,3.763024887454564,3.1090566884878283,9.666233492230901,4.498384486070246,3.0163764470677874,2.151472559092868,0.045230937916991606,12,14,2920,7c6f120ed43bc37f5ac0d38d702f64943d0cae4938bc1881b25a186b65c7c55f
48,C48-C1-173.xyz,C48-C1-173,C1,173,48,72,1,3,3,3.0,1.3885582940159489,0.03525965718881993,1.3222477037227178,1.476989102871108,3.0832099943030253,0.2397348426942583,2.6315322164922534,3.553225940105221,3.092516235005356,9.563656663771702,4.088248535803607,3.027133066534787,2.448275061433307,0.022689675770654075,12,14,2920,c8fb9b301b5e917a1aab309302f8b8a072f3a4d1a11783f4c7983a58bbd60ec5
48,C48-C1-174.xyz,C48-C1-174,C1,174,48,72,1,3,3,3.0,1.3891112603958518,0.028907073188704353,1.3314569576219881,1.4589720525082035,3.0909743517862913,0.3436506014085391,2.465631881680476,3.760956439707308,3.110018999821244,9.672218179249132,4.521697258433471,3.0282701743442786,2.1222507464713836,0.0470784036147718,12,14,2920,20496088ae8c37d91d8414d249a2f83bffbc15b7e663cfe4fd87e6aa517a2984
48,C48-C1-176.xyz,C48-C1-176,C1,176,48,72,1,3,3,3.0,1.3886524844389956,0.033850592318210665,1.3197703209270923,1.484889820828468,3.0840296067720643,0.2546665789983552,2.6253967451707085,3.6421147444357493,3.094526406722906,9.576093681905382,4.17240305655627,2.971039516808407,2.4326511085407057,0.0259530630871153,12,14,2920,eae04eabce89d93c4998349a44fc2a088b6f82fd6d49c1b9551eafdba19af491
48,C48-C1-178.xyz,C48-C1-178,C1,178,48,72,1,3,3,3.0,1.388707203071431,0.03225008352739658,1.3251786483338766,1.4817403989903226,3.0822963913200367,0.22920419206196452,2.7229899077157267,3.58939393898028,3.0908066270155596,9.5530856056033,4.025840647719524,3.060059041211845,2.4671859166719328,0.020346145300751843,12,14,2920,cc83ebcf3b168bd2775e9b0aad5f117b39816f24ba2ad93871f5a86f5baad49d
48,C48-C1-179.xyz,C48-C1-179,C1,179,48,72,1,3,3,3.0,1.38881490158346,0.03232432178117861,1.3206128918044076,1.4784277527157017,3.084019293393004,0.2638520237569775,2.5715034502045806,3.60111636004458,3.0952855914214026,9.580792892460941,4.031958073526886,3.2927880442882818,2.256046774645773,0.026010365472694422,12,14,2920,112971b296e2f7c90fa158ff82629249e14664cd6a808c7e76ab359b43589746
48,C48-C1-18.xyz,C48-C1-18,C1,18,48,72,1,3,3,3.0,1.3892563242770066,0.03460267588731781,1.3197866721557692,1.4622664634053535,3.116831273019992,0.505460300598548,2.3270759924477615,4.222731599288159,3.1575508388554248,9.970127299956598,5.423727968758229,2.641137933947089,1.9052613972512809,0.10393970737440865,12,14,2920,bd813246d4f429e7ea0e56c06f90a37bf0a79f883366b76a4d786a320558ebb4
48,C48-C1-181.xyz,C48-C1-181,C1,181,48,72,1,3,3,3.0,1.3889646527387096,0.03547577378675833,1.3202452726671663,1.4780719400624587,3.091322351508714,0.3538569887228643,2.416758841138192,3.756541360687108,3.111509063044069,9.681488649405381,4.494735586216748,3.146040685223318,2.0407123779653156,0.048345462006897606,12,14,2920,d2e223c1e72b411e99123efae5316a56915a8b3c86cb30a1fc0b2d82fd1f7d9d
48,C48-C1-182.xyz,C48-C1-182,C1,182,48,72,1,3,3,3.0,1.388719168799003,0.03690900129876907,1.3169926575345816,1.484445165710071,3.089519373153402,0.3258765354219784,2.4621260469672377,3.776134183470071,3.106658248573348,9.651325473428823,4.411416106126333,3.0723803721121965,2.1675289951902927,0.04104648104008698,12,14,2920,6bdc7ec6d1900c48107af1645560acaf5557be386f371ee24d33c917d4f688a6
48,C48-C1-19.xyz,C48-C1-19,C1,19,48,72,1,3,3,3.0,1.3892555749285374,0.03345100940150387,1.3274282278149727,1.464507842245988,3.1092073724796525,0.4717868908135547,2.3268143169165834,4.219478988620276,3.1447978242528327,9.88975335542535,5.253013747490411,2.526851633076679,2.1098879748582604,0.08938531293025737,12,14,2920,bf37eeabfe93c1264cb137761f3b5f98bd7ec41a7c7573e3b904a1c222107520
48,C48-C1-193.xyz,C48-C1-193,C1,193,48,72,1,3,3,3.0,1.388872404562866,0.0286887600790578,1.3296559141371875,1.4451171786398498,3.080929336239326,0.21207925140368253,2.642081807806228,3.4993449957300045,3.088220067251691,9.53710318377604,3.8475034958333647,3.2831651177044137,2.406434570238262,0.017391937745939973,12,14,2920,11b5706ef0fcedb1b129de08797b63b848f9f95c237aa425a6044f5c1d39d675
48,C48-C1-195.xyz,C48-C1-195,C1,195,48,72,1,3,3,3.0,1.388793577702158,0.028735289568283553,1.3352916273234097,1.443926968374786,3.0772618306933524,0.1576002236293108,2.790216391525299,3.464228515406154,3.08129489097201,9.49437820513021,3.6594689142038925,3.1754405419856515,2.6594687489406654,0.008322926163705158,12,14,2920,7064d9a76f407bf8aaf92b9df3e612fabfb84289658d866844b037319ef8392c
48,C48-C1-196.xyz,C48-C1-196,C1,196,48,72,1,3,3,3.0,1.3883258060560382,0.04226161562835459,1.3082350285785806,1.4824595036627475,3.089106968005963,0.2915578006870691,2.6042258774026985,3.6107562460585068,3.102835446962097,9.627587810924476,4.068856129132655,3.485797923572822,2.0729337582189995,0.03409115141949098,12,14,2920,c1ec4d9bfd1728f997d2ebe529430c5fd28da428b50b3bc1fb6c08dbf5e56af4
48,C48-C1-20.xyz,C48-C1-20,C1,20,48,72,1,3,3,3.0,1.3889166463576867,0.03928373848560667,1.310453280357602,1.474017001258805,3.11054773202846,0.46997952112321756,2.3478132332816415,4.182350015944672,3.14585249868817,9.896387943502603,5.149142433082742,2.8400637462633402,1.9071817641565196,0.08532100818961605,12,14,2920,21379c896d0c5dacc16b5848286ef72ddb402bf9bf7b67e6c3e1b45b8ee57470
48,C48-C1-21.xyz,C48-C1-21,C1,21,48,72,1,3,3,3.0,1.3893597528723576,0.030325159404458235,1.3259901809591201,1.4684596623673392,3.1120002641028965,0.4877650174898432,2.4397228892290816,4.221098632413323,3.1499937073053603,9.922460356063368,5.316359741832544,2.524474435779641,2.081626178451184,0.09371894886654897,12,14,2920,2d686c3246e394bc6f132bff0fae4e0e04af24e9d2bf394ccb642b11b16c2b6c
48,C48-C1-22.xyz,C48-C1-22,C1,22,48,72,1,3,3,3.0,1.3892804452232554,0.029263929603335348,1.3257737438944852,1.4640159391208827,3.1083172283006046,0.4556495690902663,2.4875805116995715,4.228256739250921,3.1415366497245416,9.869252521562498,5.204828380856305,2.364630025733373,2.29979411497282,0.08475251967524607,12,14,2920,ccfefca9a53b125662780e1573602aa4172f978216ea87e282474f874d94aa2a
48,C48-C1-23.xyz,C48-C1-23,C1,23,48,72,1,3,3,3.0,1.3895931597123428,0.02872999656961271,1.3337102159014904,1.4652374858704647,3.1239779813020654,0.5414819244856975,2.3582429657045814,4.285678704354982,3.170558484274476,10.052441102204861,5.666254912305894,2.4138948683803068,1.9722913215186604,0.12082061687575112,12,14,2920,27fb557fb2296d72d5681daf8ffe7f66fc4a44c15319a4855f4e9e40fd4c46fb
48,C48-C1-25.xyz,C48-C1-25,C1,25,48,72,1,3,3,3.0,1.3894854678216264,0.029420044494724802,1.3239831343336668,1.4671000136323358,3.1196032986321143,0.5175379917041925,2.3586661865197085,4.276921700126711,3.162241343366059,9.999770313693578,5.530885982148913,2.395654438807176,2.0732298927374884,0.10945012803597373,12,14,2920,ac8e1638c57be62978dfdacb8da5c483b3e808f5664b5938e8e9bb5bfe78245f
48,C48-C1-26.xyz,C48-C1-26,C1,26,48,72,1,3,3,3.0,1.389555968135081,0.0331683756370351,1.3270670292038758,1.4633118806324235,3.1308642194698977,0.5666249263181865,2.2927037758473556,4.298810242530452,3.1817250930716723,10.123374567881942,5.803599189772071,2.4684264689453763,1.851348909164496,0.13233668086022934,12,14,2920,a868cbcd0e6a8a8c49e4fe00fe4ab3be45de39d1198451c942dc36473c66fbbe
48,C48-C1-28.xyz,C48-C1-28,C1,28,48,72,1,3,3,3.0,1.389033647255307,0.03344573736928269,1.3245907518928253,1.4684285614220391,3.0988706238364068,0.4065682164020506,2.482628674000353,4.162598896679263,3.1254274680217073,9.76829685786458,4.855308103763736,2.6889877761394385,2.2240009779614063,0.06200471789871754,12,14,2920,54d47dae0a0a12650546796fb0976a5ebb41346355fabff38d9e56d3be90a56d
48,C48-C1-29.xyz,C48-C1-29,C1,29,48,72,1,3,3,3.0,1.389313352686358,0.03318204405084116,1.323464396952181,1.4646868948686609,3.102511323529903,0.4412976550230014,2.402395725702421,4.201915525135324,3.133739002048522,9.820320132960067,4.95952881766611,2.87223603430479,1.988555280989166,0.07240023144698106,12,14,2920,034da6a4980d5e6c2cf3e26b5626b41e1d9ceb9dc35cf28dd4a303f50d678903
48,C48-C1-3.xyz,C48-C1-3,C1,3,48,72,1,3,3,3.0,1.3896452844368778,0.030691984080436368,1.3239137622972275,1.4561855856998447,3.141709717055288,0.61543971901079,2.229361784089258,4.36832528762732,3.2014224953879014,10.249105993975697,6.071676968564634,2.2926368676230946,1.8847921577879674,0.15220970707659395,12,14,2920,a6243db098c024eda60f345e65b990231f788eb51fec82b008fb56b52eabeab4
48,C48-C1-30.xyz,C48-C1-30,C1,30,48,72,1,3,3,3.0,1.3895882682703873,0.034808535300272066,1.323357650070456,1.46493023383368,3.101870285366328,0.46072738707467237,2.212186769649155,4.159401776204614,3.135900029088816,9.833868992439239,4.871367311016935,3.183176633717784,1.7793250477045197,0.07435766230287,12,14,2920,015f2f9d714670b867cca4c62a7c2204728595c00a3e70f05e57325209dcaeb7
48,C48-C1-33.xyz,C48-C1-33,C1,33,48,72,1,3,3,3.0,1.3890226001895547,0.03152175256661903,1.3281200058729632,1.4660906690924678,3.0975116384460164,0.3877426183284623,2.4553302343995598,3.917762184637202,3.121685872790011,9.744922688376734,4.816308824244094,2.641724140603347,2.2868897235292933,0.05924742053542091,12,14,2920,e9c107f573dae9b66887cdbc03445e5bccf9f0f2196e45559bbb56c8d07d6bc3
48,C48-C1-34.xyz,C48-C1-34,C1,34,48,72,1,3,3,3.0,1.3892388246966372,0.0288414686972949,1.3231920117654885,1.4619594693424303,3.103841908538189,0.4353114135055797,2.4656837069628614,4.007130757613913,3.1342192999096623,9.823330619926214,5.080100064606665,2.5287373708655827,2.214493184453966,0.07678879745181129,12,14,2920,58fc05060e0ce223427fbf11c46b69c840e4c039f394a9cb07934af9045c9f92
48,C48-C1-35.xyz,C48-C1-35,C1,35,48,72,1,3,3,3.0,1.3889440435788276,0.038108557309724574,1.310764486854904,1.473868192885646,3.1066039315084275,0.4477884967614361,2.3217238484018394,3.9952293834214965,3.1387103283188598,9.851502525095484,5.055909726926096,2.876652415865829,1.9189403823035585,0.0798898278155148,12,14,2920,cf2464cd2459833080065be9f20db727001e645e46be65a3c5d732b9ab26b538
48,C48-C1-36.xyz,C48-C1-36,C1,36,48,72,1,3,3,3.0,1.3893199698223446,0.02890315597060796,1.3232739172219787,1.4690127058674476,3.109352151319263,0.462948453025084,2.4805873031004073,4.095655166297526,3.143627215665377,9.88239207107205,5.233025740141203,2.5168627689507908,2.1325035619800565,0.08774430402793593,12,14,2920,ce6c2590a212912ccc44d593f2526b612c4729eb5af3f4aa26d3de20748fab83
48,C48-C1-38.xyz,C48-C1-38,C1,38,48,72,1,3,3,3.0,1.3892910193355084,0.02630421880683008,1.326803749617855,1.4560658158201503,3.1002830291003893,0.4162337878285472,2.4451636620429618,4.025491361106369,3.1280993313285284,9.785005426657985,4.961968050218441,2.6787802380790238,2.1442571383605222,0.07017582890150603,12,14,2920,e4342db91a7516aef71e9920303b8a0eb85b4089ecd2ff8a46458f3103ed1a94
48,C48-C1-42.xyz,C48-C1-42,C1,42,48,72,1,3,3,3.0,1.389224872492938,0.02617912723020807,1.3368956391581208,1.4649939795098135,3.096970065792824,0.39102186572341396,2.4824308554538583,3.9972189275306618,3.121557574015034,9.744121687890622,4.831924654994453,2.603342530489652,2.3088545024065183,0.06013394493725279,12,14,2920,f17edc68d6ba65da0939cc9a8dc63b5eee8eb0ab188765e3a40ce98f6ab678a3
48,C48-C1-44.xyz,C48-C1-44,C1,44,48,72,1,3,3,3.0,1.3893307740602983,0.024691206241873206,1.3399443085442022,1.4381286242892184,3.0991092381421637,0.4094746598966628,2.5424903019001026,4.022700325580161,3.12604343652413,9.772147567035592,4.938009179104919,2.5623324220844768,2.2718059658461955,0.06721243512449745,12,14,2920,ac58d3fd1d4dace83efc3ac97a3c37f49bb17d8092f062fa6e1a98eb699c45bc
48,C48-C1-47.xyz,C48-C1-47,C1,47,48,72,1,3,3,3.0,1.3887721033038953,0.033988032230108066,1.3176506896746194,1.468932466112721,3.0910646044221415,0.3338326075195113,2.5121055046820078,3.9123768786255306,3.1090391761048437,9.666124598554687,4.479821477376338,2.926810503159467,2.2594926180188817,0.04167123010352298,12,14,2920,e0aff82242ba5ce42b7455254b2a66c0dc35b0fb62ec7f0151ee6f821f0854da
48,C48-C1-48.xyz,C48-C1-48,C1,48,48,72,1,3,3,3.0,1.389422048360451,0.032383202553590285,1.3277594511055082,1.4648602015209506,3.0913073087324907,0.38889075975199844,2.3574220284822283,4.00557804842696,3.1156727844950924,9.707416900043402,4.5239660375012765,3.2366216833428747,1.9468291791992516,0.052860223571240754,12,14,2920,5ffcd61e4cd0c240af3441948677462bcc0cebc54ac0aa05d5ae5eb178fecb89
48,C48-C1-49.xyz,C48-C1-49,C1,49,48,72,1,3,3,3.0,1.3903826529442815,0.03480695256952435,1.3267291396513456,1.4635814531484062,3.0972048654353532,0.47911692108187626,2.1631344517173674,4.037194211015442,3.1340438737425806,9.8222310025434,4.729153678050192,3.4778805756600417,1.6151967488331667,0.07635043582431036,12,14,2920,f09df597a2122aec2eaaf756af2e0fd700783f34129d9490976f31db145f1ff6
48,C48-C1-50.xyz,C48-C1-50,C1,50,48,72,1,3,3,3.0,1.3895316554050001,0.023717384381185137,1.33660808391989,1.4501282219169447,3.0961566999847725,0.40537096582472776,2.400002165241536,4.035401634729897,3.122580972656157,9.750511930794273,4.820438383445646,2.8775744748989815,2.052499072449645,0.06372484048492343,12,14,2920,8bac6648d934e9a2a09d299c7e4522fe10620ca00160fb319b33d25b8a4e12dd
48,C48-C1-51.xyz,C48-C1-51,C1,51,48,72,1,3,3,3.0,1.38911823608047,0.02829864189547226,1.3316855296953558,1.4642607213198064,3.091944056572872,0.34976122352297406,2.5352668621126924,3.955788120332037,3.1116636968760933,9.682450962456597,4.566740811285667,2.902748095960341,2.2129620552105886,0.04685314349289238,12,14,2920,61f96021ba33b2ef5fc502f4b2ceca6b265b76486b57f9a03c1e585f91283d98
48,C48-C1-52.xyz,C48-C1-52,C1,52,48,72,1,3,3,3.0,1.3891547602382879,0.030978442711994347,1.3333591114174757,1.4633807467641495,3.091904897196006,0.3733954939043798,2.3869874412186567,3.9541700223669682,3.114369934380426,9.69930008817274,4.525648751588983,3.1267465837389774,2.046904752844778,0.04925334770135775,12,14,2920,9664be56532b8aeaa71612c25ae7453ff1dfe0866e0774d6f04db39da6cba375
48,C48-C1-53.xyz,C48-C1-53,C1,53,48,72,1,3,3,3.0,1.3887708542459267,0.0359412206454297,1.3153983769185666,1.4822664875116078,3.095113775616825,0.3677169779047405,2.468349373008388,3.9693935704102503,3.1168806617919187,9.714945059852429,4.692096061260452,2.8169096365267636,2.2059393620652124,0.05335117148449602,12,14,2920,7574ab92ee4134cefb653c8eb81e16270006e2334e13344602745fdc4254b512
48,C48-C1-54.xyz,C48-C1-54,C1,54,48,72,1,3,3,3.0,1.3891409200117042,0.030049053213638877,1.3190768476476264,1.468019720575987,3.0921211684821333,0.37446025508835135,2.467357422491829,3.987103045538475,3.114712475207968,9.701433803216146,4.595668312939138,2.9435184223312354,2.162247067945773,0.049201752433993044,12,14,2920,b71055fc81e5eb68857d4fc855156b4a976ab1693af19191cf9f161065b9c4b7
48,C48-C1-55.xyz,C48-C1-55,C1,55,48,72,1,3,3,3.0,1.3890239340815147,0.03221422423644772,1.3148119066999662,1.4693101578632064,3.0931243145847573,0.36761185770185983,2.411865206583187,3.9892672929135617,3.1148926953265077,9.702556503398437,4.529471282337612,3.074716998293481,2.098368222767344,0.04769421575491569,12,14,2920,af05c06b9459d77fe5c9bc4942214937a69156fe1562f71ec2086772ed9bb2cc
48,C48-C1-57.xyz,C48-C1-57,C1,57,48,72,1,3,3,3.0,1.389508079236226,0.03514029561831979,1.316741535002219,1.466674916264678,3.091982795847752,0.42137176251280967,2.3100847788872816,3.9515971041546436,3.120562733236048,9.737911772061633,4.54784565992109,3.3126593331748904,1.8774067789656512,0.05650757364620626,12,14,2920,120fecad92b04d1f41d858bb1312a91d15f2d129176917f863592b0734a69672
48,C48-C1-6.xyz,C48-C1-6,C1,6,48,72,1,3,3,3.0,1.3899839629073132,0.0317404657501485,1.33537198937225,1.4605345254392312,3.1452028140538872,0.6339267425648369,2.2246023618436426,4.4575436035897225,3.2084519408074907,10.294163856471354,6.167949857128325,2.387698204566897,1.738515794776133,0.1619877710044557,12,14,2920,c7f0f6f9bf128589b60b58455a557a5c411f1840cb38fc2e7d53137e280ae222
48,C48-C1-60.xyz,C48-C1-60,C1,60,48,72,1,3,3,3.0,1.3888551599422887,0.03976690041161278,1.3136373434095119,1.4779011232149466,3.095589629687087,0.395624256767095,2.3299576474937442,3.985388506463067,3.1207681278763326,9.739193707968749,4.618990348176956,3.171763426850486,1.9484399329413065,0.056524046023173985,12,14,2920,0a576a10f459d39ceff5df32a47de8d27a93a627ef820b767e27af68ef2a8c11
48,C48-C1-65.xyz,C48-C1-65,C1,65,48,72,1,3,3,3.0,1.3893599024124108,0.027491986948099414,1.3210793655189683,1.4670164382173772,3.1076374383162446,0.4535430001181237,2.486772795516128,4.057724409261809,3.140559138271544,9.863111700980904,5.197780172677897,2.4942037934462284,2.171127734856778,0.08518792495595655,12,14,2920,91bb31368974500fb21dabb9bbb671f79f5bee004e9f0a5f81b0bc48bfe42cdf
48,C48-C1-66.xyz,C48-C1-66,C1,66,48,72,1,3,3,3.0,1.389206039301812,0.031111782434659903,1.3147553270475842,1.4695555960901923,3.105461530644087,0.44316368374630605,2.437096438313379,4.04145088144589,3.136922914083467,9.84028536890191,5.088956161200319,2.688555831288678,2.062773376412913,0.07906183709007268,12,14,2920,aaa8adf7e36ecdbee2ea8ec7feda9f378fc4a0d8d62054d8a12d0159d41be48a
48,C48-C1-67.xyz,C48-C1-67,C1,67,48,72,1,3,3,3.0,1.3892925194032044,0.02671423314487786,1.3339586875162213,1.4656132811898233,3.1030898575542882,0.42167595205227115,2.5644612587873463,4.044584310571505,3.131609374202901,9.806977272595487,5.047412599408011,2.467389777991292,2.2921748951961844,0.07423075181372091,12,14,2920,96ceda8848ce0eabee36c4236a78f40bb44007cd6bc021b4388df090e9055f6b
48,C48-C1-69.xyz,C48-C1-69,C1,69,48,72,1,3,3,3.0,1.3892713925475881,0.034724490061007765,1.328597621554397,1.467434104142329,3.1175167061280944,0.5006923818513797,2.339673733784242,4.048847189856626,3.157467857988703,9.969603274231769,5.40467609065462,2.686855493066546,1.8780716905106039,0.10301339535762451,12,14,2920,90d9f01278e23ad462bb30aa3e27d41c8b1319cf20cff7b9a8fe96bda7f34b63
48,C48-C1-7.xyz,C48-C1-7,C1,7,48,72,1,3,3,3.0,1.3897540699585882,0.030294100639223814,1.335290432827256,1.4544139919568981,3.136622421704369,0.5943916609622725,2.2973139007777315,4.389333542610989,3.1924444651332733,10.191701662960071,5.964547187056322,2.355040165075168,1.872114310828581,0.14445720135979986,12,14,2920,59e2079b133eeb2d1d1c5251538e4ff89d5b0ea6b61b9e6e9fa3621231b6faaa
48,C48-C1-71.xyz,C48-C1-71,C1,71,48,72,1,3,3,3.0,1.3892334446085153,0.026759717716568696,1.3377428452434346,1.4668818255060632,3.0943309722619925,0.36545495764955505,2.582937444983169,3.985976894390238,3.1158372056271624,9.708441491970483,4.709399743802655,2.7028987056231086,2.29614304254472,0.053129426319880664,12,14,2920,f037500fefd3b3a87e5ed43fe637ed7bab6cfecb44ba98f3b7e83b27d18dab87
48,C48-C1-72.xyz,C48-C1-72,C1,72,48,72,1,3,3,3.0,1.389204182917318,0.028122324041076886,1.3248798360606142,1.4698895876901776,3.0981394633126897,0.3887627917085039,2.5828860116765195,3.9890363668411077,3.1224356906672117,9.749604642352427,4.8654954855116745,2.5884958153223887,2.2956133415183637,0.06246293211682132,12,14,2920,9d9e0ba890b1c013f48d80995d1ae5d5e1329bcf0df337dfe04463231c31ad47
48,C48-C1-73.xyz,C48-C1-73,C1,73,48,72,1,3,3,3.0,1.389061616613756,0.030455347101055186,1.3302606699440527,1.466612188003359,3.095816810255371,0.3753376190837587,2.6135836950279208,3.9753852561836656,3.118486820712764,9.7249600509592,4.797192175645871,2.482271496451259,2.4454963788620705,0.057577059397873574,12,14,2920,aa83d0887e5e690893c8cbc657c7dd550d4ac5fe1d9c76bdbc39f0a6bfb32389
48,C48-C1-77.xyz,C48-C1-77,C1,77,48,72,1,3,3,3.0,1.3891810352863578,0.0285608892572895,1.326955873418555,1.4669490652370996,3.099512528119099,0.3985038153840345,2.488392610591983,3.831614660877159,3.1250253123523466,9.765783202842881,4.912869295199453,2.591961662882282,2.260952244761146,0.0656850948776073,12,14,2920,289098ffc84234e33df7460508fb012e2a7bd33e0c1c46a2d0b806ff2bbdb413
48,C48-C1-79.xyz,C48-C1-79,C1,79,48,72,1,3,3,3.0,1.3889525552769892,0.035317455482305894,1.3061481118158076,1.474655352955395,3.104828535371535,0.4327523830902041,2.4354507449506606,3.8979427185799858,3.1348420788179436,9.827234859127607,5.05898369072397,2.726287220039637,2.0419639483639997,0.0777232721829036,12,14,2920,d0fb2c46d4240ef69317ca8373757dfd6fd5848848feeea05b057bc8228823f9
48,C48-C1-8.xyz,C48-C1-8,C1,8,48,72,1,3,3,3.0,1.389546606912488,0.028920374328924386,1.3356701127149624,1.4602735565639746,3.1248124258955996,0.5444473590684277,2.316312115268264,4.333535042251519,3.171888337225654,10.060875623828125,5.642259387670697,2.421975713542137,1.9966405226152917,0.11777013886956503,12,14,2920,7f401cebbd67caf6d7767e4c1529b708de33121d3005632c626b8344a6fac459
48,C48-C1-85.xyz,C48-C1-85,C1,85,48,72,1,3,3,3.0,1.3889269077143114,0.029451959931863017,1.328027413120678,1.4630786103282354,3.0881970080827585,0.30112836344251837,2.6285445343461085,3.7946747789774373,3.1028437040883747,9.627639052000866,4.4157896320702985,2.8610890609612887,2.3507603589692785,0.03744615262908826,12,14,2920,9d78d050f237a2ea0f46cb1fd6926e06d97f3fc2150e3596ab537991181d9922
48,C48-C1-86.xyz,C48-C1-86,C1,86,48,72,1,3,3,3.0,1.388546778802054,0.04186448568624367,1.3068739495452497,1.4824044657245203,3.094083607182086,0.35477987733726485,2.423119036616233,3.815666024074781,3.1143574184085474,9.699222129596352,4.349666365537543,3.409504617323435,1.9400511467353738,0.04703402387154652,12,14,2920,12c84024938cb3f6dde592ae77a6627ff50a2cda2503d7fa82d07b572b6b9e4f
48,C48-C1-87.xyz,C48-C1-87,C1,87,48,72,1,3,3,3.0,1.3889697809873598,0.02803711337046465,1.3277580540143599,1.45280496282192,3.086746420870091,0.29959315252369684,2.604147295172951,3.799912706338125,3.10125128356175,9.617759523793403,4.387064296373866,2.827484681609624,2.4032105458099133,0.035393950917825115,12,14,2920,c7bbff13ccaa4dec5a489df56c7587fda01c4253abd7710007222d793581039f
48,C48-C1-88.xyz,C48-C1-88,C1,88,48,72,1,3,3,3.0,1.389107871469807,0.028510544415083057,1.3411375842917832,1.4666943137545738,3.087091605660197,0.31203343548339446,2.5412783967233454,3.829358162231992,3.1028212076426867,9.62749944659722,4.310230175922035,3.1312693053806067,2.1859999652945783,0.03665944988115102,12,14,2920,43d4f3c110d8268af98ff070c3f0d9b7b29276454a84924ec7dbb91f7e47b1fe
48,C48-C1-9.xyz,C48-C1-9,C1,9,48,72,1,3,3,3.0,1.3898616226377123,0.031212073464872363,1.3274440327185173,1.456725142228279,3.119869067599693,0.5460518373098077,2.238544779614324,4.340929105464851,3.167294682847618,10.031755607994793,5.461327986695733,2.795221805590668,1.7752058157083908,0.10799328970070984,12,14,2920,e40101de5b151c5317ce4757586c209334cf3b6ed61fae57bd209696785b51c8
48,C48-C1-90.xyz,C48-C1-90,C1,90,48,72,1,3,3,3.0,1.3891924958934776,0.025183190886990746,1.3376416410982428,1.4631906061754223,3.0902318665590762,0.3321009368178218,2.6034704238047084,3.8213874763898517,3.1080257433509884,9.659824021332465,4.562468464831634,2.7331823523055045,2.3641732041953274,0.04455450345633067,12,14,2920,edeff386e6034ac79b1e6bde7957a5fc5a52d92d9face864aab002e53ce700df
48,C48-C1-91.xyz,C48-C1-91,C1,91,48,72,1,3,3,3.0,1.38913702952768,0.02320653046287929,1.337263661362261,1.4558382121650746,3.0870402807706294,0.2971396884944673,2.681430452941615,3.7566468895429437,3.1013077386126957,9.618109689578993,4.401549410465903,2.7567785772966094,2.459781701816481,0.03547767576591309,12,14,2920,58e411869dc514e58cb173e2a30ecce42f1de8d1b4c4847ce7d58d64873df903
48,C48-C1-92.xyz,C48-C1-92,C1,92,48,72,1,3,3,3.0,1.389015438617725,0.027688679063387362,1.3218295843262096,1.4744263732041691,3.0863750674780195,0.29976351754755176,2.5777506163606225,3.7837852535167613,3.100898131768025,9.615569223602428,4.303697665846367,2.995879357352142,2.3159922004039197,0.03311520205418596,12,14,2920,b38e3447ff7634753009793f940ab90fbfb1a1ad6fcab204c07606b26994778e
48,C48-C1-93.xyz,C48-C1-93,C1,93,48,72,1,3,3,3.0,1.3889530214246988,0.02899091040844994,1.338011337769602,1.4731847541975176,3.087554636386218,0.3030124052828776,2.6143162356515552,3.7982447251975904,3.1023878143174404,9.624810150425345,4.4180080378442135,2.768695424612341,2.4381066879687903,0.03643000377033027,12,14,2920,55159a10715a375678c7b5d870b64e0f00316626e83a02df6809b4eb03e72ea7
48,C48-C1-94.xyz,C48-C1-94,C1,94,48,72,1,3,3,3.0,1.388938194515043,0.030289806418140497,1.3377951188429413,1.4688881986046456,3.0882932071640137,0.3187582816536815,2.642614965546149,3.7994434280293135,3.1046999493571343,9.639161775538193,4.466879766627853,2.705894891677526,2.466387117232814,0.038532652351099206,12,14,2920,d0748130849655483c68b9f98899c0691c64fc1cb4f28f40f10eb0e84c5d8af3
48,C48-C1-98.xyz,C48-C1-98,C1,98,48,72,1,3,3,3.0,1.38885214729505,0.03367366937956881,1.3316622469680515,1.4650716637762127,3.091492342194073,0.3374857787706266,2.5059598898159403,3.754970706470246,3.109858767326422,9.671221552717013,4.440276408503069,3.0374884832869937,2.1934566609269504,0.04131398435556998,12,14,2920,0d0b8e966bf63bf2e1c40ee0dab393407d927c5f6ef39b8ef39c574ccfdf024c
48,C48-C1-99.xyz,C48-C1-99,C1,99,48,72,1,3,3,3.0,1.3890136449106798,0.031791605753602084,1.317454564681454,1.467574137820642,3.096827462875163,0.38279584176893167,2.451776803573264,3.8668876561613814,3.120396287539999,9.736872991293406,4.764061029945833,2.833250525842713,2.1395614355048593,0.05852557038357169,12,14,2920,2bef35cb9dd933c697fcf3bcde7a495b9bc3b5d0f324a4b3e7be40b37943051d
48,C48-C2-1.xyz,C48-C2-1,C2,1,48,72,1,3,3,3.0,1.3903909598871813,0.027228817916209323,1.3501532875936717,1.4555840958185822,3.1857845694545674,0.7567150557490049,2.193560731999371,4.556132692359418,3.2744222388952906,10.721840998572048,6.991690459304753,1.8972396222787253,1.8329109169885711,0.22865146974234596,12,14,2920,d5b1b5d60510c1b98a63ef0f74f4e36809dcf6e9e196e1fb55c587a404dc7cf1
48,C48-C2-107.xyz,C48-C2-107,C2,107,48,72,1,3,3,3.0,1.3888149712044162,0.03447424856370142,1.3267800948160176,1.476946908321352,3.0976981820377687,0.3860819095613381,2.6239983712093604,3.8719964094800043,3.121665143459597,9.744793267890625,4.845787133592335,2.4795425986178747,2.4194635356804146,0.06049730625707735,12,14,2920,c39ce6249719e05e15dadebf086e0404cf26b66120b562af717eee812015f97e
48,C48-C2-115.xyz,C48-C2-115,C2,115,48,72,1,3,3,3.0,1.388879433317273,0.036996078808163475,1.3176196795737378,1.4633347703106079,3.1038839840044035,0.41631714357718463,2.375614258989245,3.8932182488180245,3.13167938176872,9.807415750195311,4.897961429694544,2.9964035425506608,1.9130507779501051,0.07121281755365738,12,14,2920,2c5de93e9a596d20dbc07920c477503a08045de700628be3d6cd8619beb6e5f7
48,C48-C2-122.xyz,C48-C2-122,C2,122,48,72,1,3,3,3.0,1.3887439355987392,0.04029443825630586,1.3201096166606774,1.480631368707282,3.104010322921915,0.42922725977862974,2.382854769115983,3.8884821189570595,3.1335468921563754,9.81911612534288,4.953693476036239,2.9139744958813054,1.951448153425336,0.07312338011883647,12,14,2920,c3fd54fdb3c7caabaca3ff5e6132d0efa1e76fa7fa6827785b43d965f964cc4c
48,C48-C2-125.xyz,C48-C2-125,C2,125,48,72,1,3,3,3.0,1.3886656985928285,0.035276789213968665,1.323176216533535,1.4790717190183849,3.084019237947569,0.2845237205432314,2.622480216902033,3.7259982098930036,3.097116143702471,9.592128407582464,4.044902141593559,3.2351900181664837,2.3120362478224212,0.024512136704523804,12,14,2920,f19524b19d1f764aad5038861d9ae151eeafa0570bb80a1abeff78ee9adf95be
48,C48-C2-134.xyz,C48-C2-134,C2,134,48,72,1,3,3,3.0,1.3890524754248068,0.03175252552676421,1.3232149220742637,1.4573691673697506,3.085296530221882,0.3101720940147686,2.411790712137694,3.58130430941768,3.1008484979606283,9.615261407304684,3.9464812140474215,3.6421605942713056,2.026619598985958,0.034549635813980746,12,14,2920,ed430cc764c48073e2c231cd285be1566356c5538448201d943965f6c19b432b
48,C48-C2-137.xyz,C48-C2-137,C2,137,48,72,1,3,3,3.0,1.388686735776349,0.030898739473489513,1.3250416974571027,1.447035003032062,3.0804133801619393,0.209280161090908,2.727550139363722,3.5773640162009963,3.0875143365670303,9.532744778506949,3.9892103907729597,2.893196036136951,2.650338351597038,0.016797058344608,12,14,2920,39ca8aff40de74c1d059277e5c0af26f66b6e40f9987f46d1b239396579c14d5
48,C48-C2-14.xyz,C48-C2-14,C2,14,48,72,1,3,3,3.0,1.3898487590131612,0.03223857872898561,1.3320774451960367,1.4658364881527546,3.1496954594810394,0.6414396692493195,2.2295388707431214,4.480029005010777,3.2143469533891564,10.332026336762151,6.230713551293415,2.2463367268863874,1.8549760585823478,0.16475525676322797,12,14,2920,5627c13e9dd4010cab2e457a9833462686da021d35ce42e6b649f9f5751afee9
48,C48-C2-152.xyz,C48-C2-152,C2,152,48,72,1,3,3,3.0,1.3889658425781475,0.02754585240123019,1.3279580339754717,1.4346738340124559,3.082464321802574,0.25975136478353217,2.5799684196983157,3.538766884920126,3.0933892523723405,9.569057066692707,3.8772418103100708,3.4361054050733135,2.255709851309322,0.023028534565477037,12,14,2920,9bc3a59105860f88e2d854e7ecf8d043bd10e1e33c1b4952f8be22f74f689d8d
48,C48-C2-153.xyz,C48-C2-153,C2,153,48,72,1,3,3,3.0,1.3881286092741572,0.04207039343152045,1.3142780109246293,1.4813057584442182,3.0815769885585986,0.22319761561757376,2.639730087616677,3.4506493765138493,3.0896494804477825,9.545933912031252,3.8106151257481,3.2844659015764486,2.450852884706703,0.015477100310776332,12,14,2920,1bf2797c6cbe15cacb3b5372185f0962d13bec62903fac7270049c6973a6be66
48,C48-C2-157.xyz,C48-C2-157,C2,157,48,72,1,3,3,3.0,1.3889750700508823,0.032833120548074406,1.3288482268491013,1.4671245516315239,3.095298720682866,0.364145404978987,2.4688200577867225,3.7625671099525526,3.1166449984283258,9.7134760462283,4.70915982605859,2.815909805677915,2.188406414491794,0.05475451426776696,12,14,2920,f34d63153264200f81a325f098fe7d35c96c6e482ce9bf4b92142f119e4963b9
48,C48-C2-158.xyz,C48-C2-158,C2,158,48,72,1,3,3,3.0,1.38908443617735,0.02552096366753988,1.3385166341887573,1.4291024385956383,3.0875234215835685,0.29710581685926424,2.5946598157664047,3.6511303213255686,3.101785412506596,9.621072745238715,4.352279193061362,3.000650947661872,2.2681426045154818,0.03622908092797999,12,14,2920,b9b99a3a2dc4fa64d5a2103451286d50290d8e10412407519333adc5b986d03c
48,C48-C2-160.xyz,C48-C2-160,C2,160,48,72,1,3,3,3.0,1.3888256118178137,0.030556329367762473,1.326781070862861,1.4810773308642597,3.085573747287521,0.26984385961146495,2.606911925300067,3.5673168425332933,3.097350651527845,9.593581058519966,4.243114598270173,2.96080543758237,2.389661022667422,0.029367671564391483,12,14,2920,57af583736aa9ffefb986345be29dedec852bbf6939c1b5c7179cee28b7037aa
48,C48-C2-161.xyz,C48-C2-161,C2,161,48,72,1,3,3,3.0,1.388939742816393,0.02843775107569798,1.3367937911286092,1.4589111316320813,3.0863396833544052,0.28520902037217044,2.5971966188132876,3.60777942260774,3.099489768711913,9.606836826349827,4.300138588275115,2.9921075757428435,2.3145906623318684,0.0331145728222609,12,14,2920,c0d433711d3b986d9c8d5e062e83d4938acaf0d48a03fc405dc3db7b9aeeda94
48,C48-C2-163.xyz,C48-C2-163,C2,163,48,72,1,3,3,3.0,1.388862494707795,0.02881403910588967,1.3292404598115422,1.4614782447918957,3.0813828391179303,0.22122033129610497,2.7237229012072364,3.525931635997418,3.0893136189434114,9.543858636189237,4.046399135823512,2.979830886195948,2.517628614169777,0.020246629276626658,12,14,2920,064dcca0915fa73988af63e2f8d24d283f50ae25b3dc37e6aed5523d5f474c10
48,C48-C2-166.xyz,C48-C2-166,C2,166,48,72,1,3,3,3.0,1.3886166130554765,0.03414650017373069,1.3259868212014778,1.4738508913726651,3.0800026883642424,0.20765327530837885,2.7524340336565882,3.527354567289923,3.086994726765379,9.529536443077255,3.794028616090225,3.274013333890779,2.4614944930962506,0.01490027759349122,12,14,2920,ccf6d02ddd7f6fdb425ca9075246d90c7c8f90dc2c0a18a53824084f939df078
48,C48-C2-170.xyz,C48-C2-170,C2,170,48,72,1,3,3,3.0,1.3888880958834386,0.02512256404881931,1.3364911260461105,1.4369759183785926,3.0759235814144787,0.12759421524349848,2.8268266228879435,3.328949128358886,3.0785688497198302,9.477586162465279,3.562546448050076,3.1479512046782716,2.767088509736932,0.005286405520165206,12,14,2920,fcb32fd4c8f426e473cf9270e18bc4999b0828a22f5eb09d3f278a9e341d1163
48,C48-C2-171.xyz,C48-C2-171,C2,171,48,72,1,3,3,3.0,1.3890450528560965,0.022896203528185985,1.3488795201944466,1.4416455181493126,3.079499721341698,0.20429590052587962,2.720264073661119,3.52807975693361,3.0862688393455415,9.525055348715275,3.8848192106429456,3.128091978953275,2.512144159119056,0.01563081904845733,12,14,2920,dbb8dd8a6d550e1b62fc24f34d764470bd9fb2901eaffd84644670648272bbea
48,C48-C2-175.xyz,C48-C2-175,C2,175,48,72,1,3,3,3.0,1.3883795541753683,0.03943123153070208,1.3186336299366859,1.4833934238764845,3.086856000265488,0.2811494140672107,2.6413189932562644,3.6289704283680266,3.099633036248869,9.607724959405383,4.286473142887816,2.964389370597836,2.35686244591973,0.031635220859103315,12,14,2920,05650ae4a0912478d3a7bc60ea1e32554498f139991893662e5b8039ba8f7dbb
48,C48-C2-177.xyz,C48-C2-177,C2,177,48,72,1,3,3,3.0,1.3888477041377287,0.032271997067020095,1.3222841978939324,1.4702297779598943,3.0856303979112703,0.2865853186401376,2.575483819256271,3.672640873733441,3.098910469402776,9.603246097374132,4.25487747846762,3.087891836311078,2.2604767825954344,0.032660771689296285,12,14,2920,5d7ab3a4312d7642545adbfa17363e711f904fb95f59bebd767562d018580d69
48,C48-C2-180.xyz,C48-C2-180,C2,180,48,72,1,3,3,3.0,1.3886680401644362,0.03448243398661243,1.3272429581655347,1.4779301674977747,3.0850608023475403,0.2647408872733314,2.5948319805688405,3.626517018878603,3.096399181561628,9.58768789157552,4.188414109321688,3.036145057936406,2.363128724317426,0.02780750993276156,12,14,2920,e660c9c0d6f967d3e94c53aaade3c0ee60389c54b29cf5308d1b5c06cfe4ed57
48,C48-C2-183.xyz,C48-C2-183,C2,183,48,72,1,3,3,3.0,1.3885272848960295,0.03502419702202857,1.3178535616676081,1.477801035322414,3.0810945685965847,0.21382735190315516,2.6566763854691398,3.5374633605324277,3.088505443909286,9.538865877057294,3.979075204906472,2.976603728971563,2.5831869431792587,0.017080070102140407,12,14,2920,ab9483bfa8ff3c2532fe33591c5d2c42ff4b7a3e1ae4979bc3f17de22b8921c6
48,C48-C2-185.xyz,C48-C2-185,C2,185,48,72,1,3,3,3.0,1.3882972201697763,0.03817879169824901,1.31543100921333,1.4811060934315272,3.0800161941070683,0.18029631542524033,2.7980655877050054,3.4111660465690647,3.085288725114346,9.519006517317708,3.822163574271062,3.054072000074198,2.642770942972447,0.0118643911578418,12,14,2920,842082afc4d88753bc6382949bb20e800576663b1fea875bf843e550c54947ac
48,C48-C2-190.xyz,C48-C2-190,C2,190,48,72,1,3,3,3.0,1.3890541368826255,0.030227217377312463,1.3265446920477273,1.4646941455471174,3.0922383791929704,0.33671868648546116,2.4536585779625497,3.764026127770972,3.110517266883832,9.675317667582465,4.4918468146153385,3.086208985672984,2.0972618672941437,0.04640373211796424,12,14,2920,3670606a61cb5daae0e38026aada3f66d68ac869227a4e0ec3726a46bead1527
48,C48-C2-191.xyz,C48-C2-191,C2,191,48,72,1,3,3,3.0,1.3888588031244244,0.03319643112363847,1.3276672173402493,1.4664857210351552,3.087601906763536,0.29870379497035143,2.473341046517272,3.588207621079149,3.102017003786329,9.622509491779514,4.169319370296044,3.346917120257979,2.1062730012254907,0.03494716314766044,12,14,2920,cc2e112bf5bc2c27357394aa123c72dd576e4961ea70d4b8e0d4448f371e23eb
48,C48-C2-192.xyz,C48-C2-192,C2,192,48,72,1,3,3,3.0,1.388808322615894,0.029068787757933662,1.3293864298991471,1.4424939410617987,3.079752467106646,0.19554168230566876,2.7558672741380215,3.466065025620783,3.0859539543175956,9.523111808168403,3.9215956097589517,2.9621237873011017,2.63939241110835,0.014713842822440554,12,14,2920,fcd07f298bb5236b86e1660f8f4d2f36d8891cfcf464e55f338ff12b7eb30350
48,C48-C2-194.xyz,C48-C2-194,C2,194,48,72,1,3,3,3.0,1.3888598720107788,0.02802170936936888,1.3310990721956049,1.4428182179332227,3.0802363892289004,0.20896937945123248,2.7523064121154595,3.5178239628599774,3.0873167014542133,9.531524415078124,3.9795942879043755,2.977948673609766,2.573981453563982,0.017293518742201287,12,14,2920,9f0b1740cbc1b6d07392b9c19b40f03616a2c2a87a8500dbdfe5bb4c519d1af4
48,C48-C2-199.xyz,C48-C2-199,C2,199,48,72,1,3,3,3.0,1.3888825944565866,0.025062198936669278,1.3407074475813134,1.437276153006095,3.074658960284509,0.08164620566062011,2.9213340828081846,3.296012186535936,3.075742808649091,9.4601938249566,3.3898548910795046,3.1399845546570573,2.9303543792200366,0.0017739525552047653,12,14,2920,97105ebc932adf7095d3292bb7e309a42a3ee8dd931d60497043f14e7a2a6fde
48,C48-C2-24.xyz,C48-C2-24,C2,24,48,72,1,3,3,3.0,1.3898135165569512,0.025982494663409975,1.336168889025635,1.4615468039033166,3.1243981025278846,0.5476940467199872,2.3950585849183255,4.288419482088668,3.172039134672264,10.061832271892364,5.677082967325379,2.360247780224647,2.0245015243423374,0.12077913469871286,12,14,2920,10d25360275976be99104af6eea69272edcb275e53cbef9cc11dbe63445964d3
48,C48-C2-27.xyz,C48-C2-27,C2,27,48,72,1,3,3,3.0,1.389425238468331,0.03486308795368957,1.3345808855217431,1.466494261836711,3.1316727080595563,0.5698838453533758,2.350573016243452,4.300935409558232,3.183102503470446,10.132141547599822,5.809804426116642,2.3287393552711877,1.993597766211993,0.13049625406473778,12,14,2920,a9039dfb569130714ac6155aea022b5c92a881611f30f8138b68042f9c5f9dcc
48,C48-C2-32.xyz,C48-C2-32,C2,32,48,72,1,3,3,3.0,1.389116568401851,0.030087339572930027,1.3265455514229432,1.456470394481124,3.100220494135556,0.4142408944515063,2.49527651171954,3.945713632636379,3.1277727908040407,9.782962630894097,4.913304976976571,2.5366293000498605,2.3330283538676664,0.06450913162588896,12,14,2920,155db393e8c5a563ae7c2414c0c3221fc94a332d8f1121c3cbf0beaf381cc083
48,C48-C2-37.xyz,C48-C2-37,C2,37,48,72,1,3,3,3.0,1.3894513147541079,0.024988559277153637,1.326091512679272,1.432223351995072,3.10474513304838,0.4581798931054,2.52701313127105,4.100600635805237,3.1383707804581795,9.849371155633683,5.162560220570173,2.5693618825633635,2.1174490525001466,0.08350472178179574,12,14,2920,419b6e289b0790173a74d97179e070c9a80d81110780ad8011e6fa2d3393dc6b
48,C48-C2-40.xyz,C48-C2-40,C2,40,48,72,1,3,3,3.0,1.3889604660882584,0.03216022007075106,1.3198169494289729,1.4615037393041457,3.0950086245517325,0.38514707295338835,2.5130502708154956,3.952430267925356,3.1188806732310503,9.727416653854169,4.740130890809048,2.5254932766203453,2.461792486424776,0.05336727022877355,12,14,2920,e507ee966a32b57d7c5b2a8557591a0d4ec43380e82d3f7faf4bf7f30ad49a7e
48,C48-C2-43.xyz,C48-C2-43,C2,43,48,72,1,3,3,3.0,1.3892842293677221,0.02581022949919198,1.3292602077847662,1.4603196739070528,3.099244796862507,0.414188378666742,2.497112590834947,4.036329365387537,3.126798734153177,9.77687032390191,4.920179644045272,2.490563513614807,2.3661271662418306,0.06508038666939941,12,14,2920,a102b6abea80abf5bd2685f557863067c3788d220e9990a15e0700dd9d4cd0b0
48,C48-C2-45.xyz,C48-C2-45,C2,45,48,72,1,3,3,3.0,1.3892698909881283,0.02904013256494545,1.3260130843999993,1.4564590862774003,3.0934593603174876,0.375587132451646,2.430896144969149,3.976102086335209,3.1161765848550895,9.71055650799913,4.657546897888302,2.991644946024759,2.0613646640860686,0.055044398266284225,12,14,2920,448941f937e1844d93da6d58a13b49e43f2cd21bacdd01ce821ca60117599355
48,C48-C2-46.xyz,C48-C2-46,C2,46,48,72,1,3,3,3.0,1.3897989490395657,0.03744116679192672,1.317032323065763,1.4675261019825168,3.0969892560387096,0.44981187479102985,2.206425404138508,3.9949539230585764,3.129484490251106,9.793673174722226,4.612221037077568,3.5211664901528756,1.6602856474917822,0.06968178044110937,12,14,2920,2cd8545c2735aa1d97d62cd9657f2ebaaa32566f6e9487d68f81f18d26dd7e81
48,C48-C2-5.xyz,C48-C2-5,C2,5,48,72,1,3,3,3.0,1.3905754115121403,0.027899515289644482,1.3388532518539886,1.4507097642188804,3.144114295808341,0.6478013853480851,2.1548128403919575,4.3989422399539855,3.210155968168101,10.305101339965278,6.1328165309837495,2.5584859067602057,1.6137989022213224,0.16050547013219596,12,14,2920,57b5875325b9cf39c0ed5b77ff05194777ae9090d858348c7c518fd73c465785
48,C48-C2-58.xyz,C48-C2-58,C2,58,48,72,1,3,3,3.0,1.3890242130882262,0.033112024237092176,1.3256650859097105,1.4666654901510432,3.08896460616331,0.34101573097986265,2.496407624544975,3.8868683999744085,3.1077313376328686,9.65799406690538,4.344746193117702,3.1994402776969912,2.1138075960906866,0.040028211883752156,12,14,2920,13fef4a7787694f0db99cdc596f739ce2803e639a37c72d168765b20fdaff7f6
48,C48-C2-59.xyz,C48-C2-59,C2,59,48,72,1,3,3,3.0,1.3891512474211989,0.03639111780083087,1.330050239652623,1.4674878943282634,3.0946105964435766,0.398903778731691,2.34970489539489,3.9223036030640683,3.1202145708760622,9.73573896830729,4.3138546810448695,3.560990007184237,1.8608942800781838,0.04997723312586751,12,14,2920,73faf2bb4abac1a1e3d0c989353d826edd78d5f91e94f1de4878604da20fdbe6
48,C48-C2-61.xyz,C48-C2-61,C2,61,48,72,1,3,3,3.0,1.3892899325545107,0.02561701848412436,1.336050051457654,1.4365938918149415,3.097132115802553,0.39553491496593957,2.538352776567373,4.010181858767832,3.12228685608685,9.748675211692706,4.829538470842382,2.7534044109577933,2.1657323298925304,0.06182642166427101,12,14,2920,2a7e05b9fb329ac2cbbeea71fda19a3061c694fa29470810087e45c346d3bd6d
48,C48-C2-63.xyz,C48-C2-63,C2,63,48,72,1,3,3,3.0,1.3894857116225297,0.037894683768874934,1.325351806125453,1.4774064877345028,3.099310381052367,0.4463967507448005,2.257350442377196,3.9773530660206484,3.1312928475590516,9.804994897174474,4.784531326702703,3.2780193095055186,1.7424442609662527,0.072197641631865,12,14,2920,b6ed5829f813b8772a285f0699f273cea69d23b7d22fcab382a2fbc1fd7277f9
48,C48-C2-64.xyz,C48-C2-64,C2,64,48,72,1,3,3,3.0,1.3892558341462597,0.03284821678776005,1.3237111958429604,1.468385678219452,3.1109485250131073,0.46741056953965116,2.44475127544393,4.064123226328738,3.1458660756298267,9.896473365798608,5.2331816362312775,2.6971728758515088,1.9661188537158218,0.09005230910325492,12,14,2920,7ac4709abc94977d2149f48d4b71816408589475d21d1051e525ca92e777d72a
48,C48-C2-68.xyz,C48-C2-68,C2,68,48,72,1,3,3,3.0,1.3891131203504368,0.03617323839288365,1.3261296090503372,1.471402844227236,3.1195528923278686,0.5077136135711338,2.3704236691510867,4.080288755613794,3.1605985764466564,9.989383361436632,5.502154352218943,2.416467812083566,2.0707611971341233,0.10730488986154942,12,14,2920,f40653c77db00511750b03f7059be1cebdb023bf81ae54395e37d78bc2231830
48,C48-C2-70.xyz,C48-C2-70,C2,70,48,72,1,3,3,3.0,1.3895152178208834,0.02951460796067425,1.3377457045343109,1.4670889986636801,3.1255614758478942,0.5340357084140847,2.3663893353326007,4.172488504742607,3.170856142616028,10.054328677165795,5.655804734294217,2.3515235622108115,2.047000380660768,0.11887718959896475,12,14,2920,7f0220dc0e105f4fd4518b3b50f6edee2ba735e3410310c81be4b06d6e410e70
48,C48-C2-76.xyz,C48-C2-76,C2,76,48,72,1,3,3,3.0,1.3890684936733895,0.0338771005178446,1.3293091476402321,1.4658473488054613,3.112284537680671,0.4696409771757904,2.4636577734108784,4.001777727188403,3.1475192915896195,9.90687769092882,5.296966177709332,2.4340135233199014,2.1758979898995854,0.09172124580377462,12,14,2920,39c2ed77e89aa834c579fc0fdcc046aecc270d8f49a7618814d1ea48bc5bc72f
48,C48-C2-78.xyz,C48-C2-78,C2,78,48,72,1,3,3,3.0,1.3892775546045817,0.0272055298652169,1.32677332653321,1.4369347166799193,3.1046045477044992,0.4366727948124433,2.557038394057644,3.8648038398282987,3.1351638756780753,9.82925252735677,5.1245182289466715,2.3901008526572647,2.3146334457528344,0.0795855338914141,12,14,2920,7895520b0ac7d6901fcbbc994660195a7c1bcc23bd27b460123cbfc713d4d5c2
48,C48-C2-81.xyz,C48-C2-81,C2,81,48,72,1,3,3,3.0,1.3890255179425226,0.031084293176525276,1.3353412223098633,1.4650144299630636,3.0949598217658227,0.36587311576222625,2.470044166909648,3.805396485670191,3.116510778929265,9.712639435182293,4.713007046695858,2.7937359967916042,2.2058963916948295,0.054670698644368736,12,14,2920,99e20c545c737c0acfa6f183c96bbcb1f12c4f600b1a92adbc02016bde6f49b3
48,C48-C2-82.xyz,C48-C2-82,C2,82,48,72,1,3,3,3.0,1.3892433165822717,0.025085043648025922,1.3364135924181555,1.4366664957463162,3.095920065761355,0.3762744063541187,2.58586309878618,3.858633827135462,3.1187022112508496,9.726303482460938,4.794399304378545,2.673802031041779,2.258102147040615,0.058680906509184824,12,14,2920,34846f0ffbe1149ec35205fcc9fef70919f8b0960513c7ac4a37f96904546618
48,C48-C2-83.xyz,C48-C2-83,C2,83,48,72,1,3,3,3.0,1.389365801953505,0.01983393979141995,1.3391745293276751,1.4348163122853042,3.095433109616671,0.37508146889923877,2.5917653527474775,3.8783678664423076,3.1180750863990983,9.722392244422744,4.796111073037897,2.5055880337704717,2.4206931376143754,0.05763725770656994,12,14,2920,38465ccc50322df943c4ae9b5886819ae3a9d5dc153d01359fae2835fffa416b
48,C48-C2-84.xyz,C48-C2-84,C2,84,48,72,1,3,3,3.0,1.3889489122575394,0.030596922044516698,1.3302271309817733,1.4553652084614361,3.091440432449468,0.3460734222264251,2.6263560079912636,3.8622193604470225,3.110750835562832,9.67677076095486,4.6297656797705145,2.693234936200333,2.3537701449840127,0.048299624826850164,12,14,2920,72b2d87b7054f66bd19e0c5901ca3d75181d1780e857668cba1b6509b4927f5d
48,C48-C2-95.xyz,C48-C2-95,C2,95,48,72,1,3,3,3.0,1.3889453862390344,0.03066810034274497,1.3382920570637784,1.4691025423706814,3.088222916224479,0.31224596314900516,2.5674755886284735,3.736382480459737,3.1039681573426097,9.634618321796877,4.340410617969956,3.028144702139386,2.2660630016875345,0.03558128984129749,12,14,2920,830a602acae3439f7049ea4ca7144143b5d0d4bad4229058f3f2c621bd689211
48,C48-C2-97.xyz,C48-C2-97,C2,97,48,72,1,3,3,3.0,1.3889086125016996,0.034295369492161144,1.3237598951471525,1.4748403472918687,3.0887191567303565,0.33225602051575026,2.4576493131078765,3.755518691368693,3.1065382811615323,9.650580092322048,4.2737569683414165,3.2599090697317123,2.1169140542489187,0.037506814473083044,12,14,2920,62d8c076908fc977766580e8a0bb80ae490edf82acd737545e9278d31e3ff4b1
48,C48-C2h-80.xyz,C48-C2h-80,C2h,80,48,72,1,3,3,3.0,1.389039775123822,0.03168449825258538,1.3349152070450019,1.4580270573621055,3.097029109323557,0.3807462936069349,2.449213583536993,3.836354595059237,3.1203456609954103,9.736557044092883,4.777326393785824,2.850863183793451,2.1083674665136085,0.0600518824894629,12,14,2920,ee758587bfe612e793f15e771cc8755017e2e5d204290813fe4f9bd3135614fc
48,C48-C2v-138.xyz,C48-C2v-138,C2v,138,48,72,1,3,3,3.0,1.389016631793614,0.02359129290063128,1.3267609694289322,1.4384531865862025,3.0811566904242773,0.22892861298589848,2.705029428914481,3.573184402083582,3.0896496339860167,9.545934860789927,4.005986763337801,3.050462639318366,2.4894854581337604,0.019355297113027563,12,14,2920,1eae5b2d6bd8b54ada440de9242db95725efbdbe846a5d120fc31cffd9decced
48,C48-C2v-17.xyz,C48-C2v-17,C2v,17,48,72,1,3,3,3.0,1.3895387201305487,0.031212806437976446,1.3181215839216047,1.4508852642438683,3.124691251142483,0.5513549894144432,2.435090430912801,4.269151096048224,3.172961982015948,10.067687739318574,5.696422863768065,2.4999768124919224,1.8712880630585866,0.1245293383775916,12,14,2920,a610d8579d3151dc3aa788c90a7af32d341bd7a1bf5c71788427229843bd2b1f
48,C48-C2v-56.xyz,C48-C2v-56,C2v,56,48,72,1,3,3,3.0,1.3891090724645059,0.03238663462534291,1.3243493232527437,1.4691690372452042,3.0959170977254,0.3965810877312279,2.4305470786067453,3.9954981217499177,3.121214384680192,9.741979235134549,4.708260704512947,2.948018637095439,2.085699893526163,0.056476160369898415,12,14,2920,acc3d39aae3db46cfffa08af52940d79f94c35fa86aa68cdc26005272e86940d
48,C48-Cs-136.xyz,C48-Cs-136,Cs,136,48,72,1,3,3,3.0,1.3889156507937281,0.030766765659123042,1.3213348023873435,1.4611081205715066,3.0844604010880112,0.292635451923404,2.4624611013301787,3.6374349510995936,3.098311067921107,9.599531473602433,3.983601739305401,3.4899586751311724,2.1259710591658587,0.030140406306396677,12,14,2920,23164894a3fa2ca60331d09da7c94cc566e298aabd8fe6cfca49a47a0adfd38d
48,C48-Cs-141.xyz,C48-Cs-141,Cs,141,48,72,1,3,3,3.0,1.3882866005644638,0.04036444184411812,1.3072402227593825,1.482126624145184,3.0846170139960685,0.24653264588273788,2.6484788760132423,3.5356491343559107,3.094453177626051,9.575640468519964,4.003718913982086,3.2594273885404594,2.31249416599742,0.02350723994531876,12,14,2920,c4d10f54caa380f247d8897d22612e7cf6743c935359396f13a1cf8743756aa2
48,C48-Cs-142.xyz,C48-Cs-142,Cs,142,48,72,1,3,3,3.0,1.3888938224598306,0.029893134935187256,1.3208997955938973,1.4459372150961467,3.0833904629823543,0.25884166077849247,2.603296830410732,3.604772567510544,3.094235891551435,9.574295752565105,4.050868532424143,3.2433225065193216,2.28010471362164,0.025720905254732872,12,14,2920,e59612187a3c96058af7a44739f0c3f3ce2110f85a9e5b27b703ad5d98e1e9fb
48,C48-Cs-148.xyz,C48-Cs-148,Cs,148,48,72,1,3,3,3.0,1.3886581509874911,0.031249839580072134,1.3148300156293968,1.4406191064955374,3.077337788167091,0.1674470651786137,2.748577876369029,3.466206421887182,3.081890066520552,9.498046382118053,3.621332819016738,3.206417933701587,2.670295629399729,0.007560190665105084,12,14,2920,c0094180d45af992212d65bee1f39b5f3164a1dd305f52749c926bf50f4b211b
48,C48-Cs-168.xyz,C48-Cs-168,Cs,168,48,72,1,3,3,3.0,1.3889774958098877,0.027116708058239056,1.326412040053919,1.4601089205946247,3.0818150363778805,0.23715881709089986,2.6967141589252495,3.581958632733575,3.090926757943117,9.55382822296875,4.050839676361908,3.070077532574756,2.432911014032086,0.021832599507961906,12,14,2920,79dd735adfc1d9c6326aa2cf931b9ae6a701852d337fefcc00520279c5192d30
48,C48-Cs-184.xyz,C48-Cs-184,Cs,184,48,72,1,3,3,3.0,1.3887837396336726,0.03256586405016502,1.3228726129147887,1.4765222551658341,3.0873186063639952,0.2918409244608632,2.5173849944569144,3.6898683121127114,3.1010816342675493,9.616707302391495,4.32568879300283,2.955964977161245,2.3350535322274197,0.03365177226561268,12,14,2920,6c4557d295edf8e20c555b03fd79d2bb7f19ea0d142afaf6e757525f85cdf8c8
48,C48-Cs-187.xyz,C48-Cs-187,Cs,187,48,72,1,3,3,3.0,1.3883049514992034,0.037554238235671805,1.3157921948392917,1.4843282318948194,3.0775261805709477,0.14773571217592485,2.8005765769001205,3.421486494407793,3.081070144081717,9.492993232751735,3.647504603347713,2.9808323073030705,2.864656322100951,0.005941171952825964,12,14,2920,4b09deb6b0abd44c75f0c86a10694f5d087480acf1e756c2239cdba430430337
48,C48-Cs-197.xyz,C48-Cs-197,Cs,197,48,72,1,3,3,3.0,1.3889699965795517,0.02432063290980291,1.3341577867703656,1.4412464917563546,3.078238960463155,0.16531768199527233,2.7868562280249445,3.3546824858220816,3.0826749802231146,9.502885033693579,3.593916635970465,3.3703623425394698,2.538606055183644,0.010273401708506472,12,14,2920,991f4513c06609c98f8c2bf12017a7bc2b8441dba4fb71c03aa8d8dae9685802
48,C48-Cs-31.xyz,C48-Cs-31,Cs,31,48,72,1,3,3,3.0,1.3892623068482068,0.03533033192784379,1.3237637024786562,1.4630557781574836,3.107403628338665,0.4645878197298602,2.3013379676769237,4.1481192169630345,3.141941939573939,9.871799151653647,5.0161040743513015,3.0187822418289687,1.8369128354733761,0.07949195602161449,12,14,2920,d63787fe0db86cca0cdc1a0e3693595acc7b67d7753e227e4522aa7e57cb84b0
48,C48-Cs-39.xyz,C48-Cs-39,Cs,39,48,72,1,3,3,3.0,1.3889739998560515,0.0320429737746971,1.3258335981562694,1.4657228557950512,3.0948272241132506,0.3762059096033135,2.475367370758735,3.9313712751045293,3.117609089275464,9.719486433532989,4.742436716240529,2.6568967899530698,2.32015292733939,0.0546761147608594,12,14,2920,2a7d2de9a73bca9fc21fc63fb3dcd3206fd9e5896c65085974b399825566e3f2
48,C48-Cs-4.xyz,C48-Cs-4,Cs,4,48,72,1,3,3,3.0,1.3897121539633712,0.027818238698106262,1.3251692118367373,1.4531175141742665,3.1402153834431963,0.6119254248004854,2.2121898754558673,4.325609868569916,3.199282010065783,10.235405379930558,6.048674862641779,2.249634841134284,1.937095676154496,0.15003060337110888,12,14,2920,ca0934ac2ceb667cbe526ee7950a26ed647d86084f7dcd92953566b7e4dc34d1
48,C48-Cs-62.xyz,C48-Cs-62,Cs,62,48,72,1,3,3,3.0,1.388735673101708,0.034542318719565576,1.3230167421465233,1.4704064404102697,3.08924103523541,0.3224149849154586,2.569354619551627,3.8639515018321964,3.1060202182665173,9.647361596280383,4.455828250878882,2.6254093085943677,2.5661240368071327,0.03720217189360072,12,14,2920,0c0a961a79dd02e2e543bff2cc7a5eb315a4d20668e013d861d57f3715e2e498
48,C48-Cs-74.xyz,C48-Cs-74,Cs,74,48,72,1,3,3,3.0,1.3889570956185713,0.03318726333233199,1.3154549441162935,1.4653456691170175,3.09461573173202,0.36741657374005554,2.5754430282088316,3.995544153216115,3.116350664758732,9.71164146574219,4.688745053185277,2.766158994200941,2.2567374183559714,0.052326809498683235,12,14,2920,19704a0d3f49d503a1f566d9e0c68b97048bc9a3ff26084ca7d46218c5c88afe
48,C48-Cs-75.xyz,C48-Cs-75,Cs,75,48,72,1,3,3,3.0,1.388786862818983,0.036698566733538183,1.3102772569193133,1.4748416864192577,3.0975103790339644,0.3772760431055046,2.470184410987134,3.923982526362792,3.1204018588836404,9.73690776092448,4.679105161006474,2.960562937750842,2.097239662167164,0.0546621196501171,12,14,2920,51d995e6e100429c20032df04d3c913920a8eaa2d9259e559b3fc8901e50a440
48,C48-Cs-89.xyz,C48-Cs-89,Cs,89,48,72,1,3,3,3.0,1.3890921649544283,0.03299099053777409,1.3219226225464182,1.4570064001232115,3.0924659622578594,0.37016908638524376,2.4042585050564518,3.803529576586676,3.11454184114433,9.700370880238715,4.4230435796998195,3.329730726244663,1.9475965742942312,0.049063447986267585,12,14,2920,069a8a8a5013318dbe858f846ef73582e63ed3e4a24c463581497dd344db4550
48,C48-Cs-96.xyz,C48-Cs-96,Cs,96,48,72,1,3,3,3.0,1.389187566231102,0.0328883611803537,1.3288423006512096,1.4669849181228825,3.0892894258475394,0.3642076927098685,2.3470039231168465,3.770336521579898,3.110684233425576,9.676356400082465,4.2968726574657365,3.4083967148091636,1.9710870278075645,0.044133088185364,12,14,2920,d9de5534c526c4a7cc3251e11f9b05cf8e02a8cad439172b53eaed69f82b9903
48,C48-D2-144.xyz,C48-D2-144,D2,144,48,72,1,3,3,3.0,1.3888984081193738,0.035690342315259686,1.3242431121210334,1.4694029365698165,3.0857534099201516,0.3267817516471182,2.4482469124947204,3.5636183418855705,3.103008285526064,9.628660420043403,4.0073242512767004,3.596435627770738,2.024900540995964,0.035424860948672345,12,14,2920,0f16f5d42740543f1a2b5a66688b48b416e23c1e575f8964d90a70afc8ad070f
48,C48-D2-16.xyz,C48-D2-16,D2,16,48,72,1,3,3,3.0,1.389487440208671,0.036300358157388544,1.3333722435989135,1.4710534082758517,3.144334112249308,0.6245750924296845,2.3644342334820405,4.383487855896847,3.2057652839124375,10.276931055538192,6.149044978612152,2.289702241273609,1.8381838356524312,0.15945566232936162,12,14,2920,a5258db89828a63ef015518f0257d335df0bf076bf5efd283ec174d48201062f
48,C48-D2-169.xyz,C48-D2-169,D2,169,48,72,1,3,3,3.0,1.3890378070099665,0.025627760062724898,1.34340468214161,1.4262423426613022,3.0825511707420055,0.24285830788441803,2.7526386427326917,3.6144626591143454,3.0921031480129164,9.561101877951387,4.15056970694282,2.943385799917835,2.4671463710907324,0.024711630803379594,12,14,2920,9ee43b738a83bae0e6b4e0c273836e687d7929122f9e4ebf7570808943b59b7b
48,C48-D2-198.xyz,C48-D2-198,D2,198,48,72,1,3,3,3.0,1.3889644162976271,0.028147352512032854,1.3459122779735682,1.4454550736705725,3.082682971207459,0.2340234980759121,2.601516028267787,3.343075487469216,3.0915532178217693,9.557701298624135,3.736153231252829,3.574217197941508,2.2473308694297973,0.021912741058418818,12,14,2920,3173b4f418e1f53a06aaa10c64afa6de44391243d2a407fe716f146abcd105b6
48,C48-D2-2.xyz,C48-D2-2,D2,2,48,72,1,3,3,3.0,1.395288141508406,0.02340659805878032,1.3481912327262775,1.4562216417839695,3.2256545974857396,0.8899583449026264,1.9820250631127982,4.837417064962522,3.346172953979323,11.196873437942706,7.7355212721534645,2.2248817297571892,1.236470436032053,0.2934584893563321,12,14,2920,081918b2c73dfce5264dd5b625d0de10c6552c341cf3b45d44027088e7d245be
48,C48-D2h-15.xyz,C48-D2h-15,D2h,15,48,72,1,3,3,3.0,1.389273032895873,0.042429643548305564,1.3013392563048267,1.4623868640000839,3.145400872728272,0.6254726682059666,2.3436772386307525,4.374812715958159,3.2069865464065272,10.284762708832464,6.143130968628556,2.4547986434090934,1.6868330967948146,0.16096300866648663,12,14,2920,3d0268eb4361ce1bcf7b8739171b22634f390333f68fd0baa5ee614c9b57151c
48,C48-D2h-41.xyz,C48-D2h-41,D2h,41,48,72,1,3,3,3.0,1.38957349449268,0.019598155753975867,1.3280235653029657,1.4187333787572634,3.1070612404878646,0.4626417108699295,2.5662162720653576,4.0857402109874394,3.1413161102917746,9.867866904778644,5.222581731544804,2.513815524433069,2.1314696488007723,0.08748966427971272,12,14,2920,b287fa785cc36ad819e5965f3c555b39c531c4de6482c9c7a8db03e828402db9
48,C48-D3-188.xyz,C48-D3-188,D3,188,48,72,1,3,3,3.0,1.388334831156423,0.036669426988222405,1.3287786685524419,1.4797780475463205,3.0755373362360943,0.10715684776854581,2.9489026266947898,3.3104231292455797,3.0774035316490265,9.470412496605901,3.2799102741397537,3.2643135553872047,2.926188667078942,0.0013362365530665491,12,14,2920,eab083be72bfd9d5e6880435069a088e4f40fdf9a2cf06d1c0eab6855ccaf817
48,C48-D6d-186.xyz,C48-D6d-186,D6d,186,48,72,1,3,3,3.0,1.3873666360714125,0.05811975810823222,1.2908620917820772,1.4691468612769794,3.102831505562678,0.368177644305659,2.466035478148651,3.4614130572986874,3.124598875004409,9.76311812967882,4.031673753157817,3.9994767250098797,1.7319676515111238,0.05471804985219859,12,14,2920,4549acaf7026ed6fc77d57739a132aa58547c68c0d0c2eba25c1e9ed133af3d7
48,C48-D6d-189.xyz,C48-D6d-189,D6d,189,48,72,1,3,3,3.0,1.3893221452353381,0.030325467529789183,1.364087988364387,1.460636566706448,3.122995459190246,0.5172818038833789,2.431035406416012,3.9031006705884828,3.165545940710976,10.020681102751738,5.592700635925794,2.236719751025961,2.1912607157999826,0.11370155773921256,12,14,2920,283113650fd9bb3d1ecf1f839f3430acfe6cad4a1762c9d2b7e97566f33677b7
50,C50-C1-10.xyz,C50-C1-10,C1,10,50,75,1,3,3,3.0,1.3898467663500507,0.03368977391298501,1.3314679342740479,1.4669788342031385,3.1946064368527014,0.6027152178129301,2.2085922166927965,4.527708714795598,3.2509653828000076,10.568775920164,5.986091719431117,2.8385915771082764,1.7440926236246064,0.13025736606491953,12,15,3038,26ef36a116111d8ed58c22201fbdcf467fafb1cb1f45384d8012cc1e67c0f8f8
50,C50-C1-101.xyz,C50-C1-101,C1,101,50,75,1,3,3,3.0,1.3889214188121546,0.0322817362941566,1.3169552346226505,1.466058071837538,3.1588054344616143,0.3677432374793223,2.5590608318881363,3.9688455054466405,3.180139440574265,10.113286861496,4.821503369337498,3.1045959104955605,2.187187581662943,0.0524500333419741,12,15,3038,5619c1727728f43642f36ae7714aaf270d69506240b719831c95878b4a05582b
50,C50-C1-102.xyz,C50-C1-102,C1,102,50,75,1,3,3,3.0,1.388867095246029,0.03064497581754994,1.3279523711338446,1.4576844857512892,3.1545912051316485,0.33593826925501563,2.726283024624553,3.946608305210437,3.1724281224708624,10.064300192244,4.7458536574812005,2.754147394324154,2.564299140438645,0.043252563630250415,12,15,3038,7fa73f15e1fdb85b35b87580fdfd25f92c0f684db60746058516812369a4c2ce
50,C50-C1-103.xyz,C50-C1-103,C1,103,50,75,1,3,3,3.0,1.3890308897143184,0.03131628680812168,1.3292700967072117,1.470490006766452,3.1645054816916405,0.41537111470052585,2.5694114501605227,3.9890752202754958,3.1916497468525575,10.186628106583996,5.109609282982559,2.849704944864078,2.227313878737358,0.06650530944145971,12,15,3038,4090e5bd8e9b9e9e1fc638dfc805c892530da2d07881adbe4e24c50f5665ff1c
50,C50-C1-104.xyz,C50-C1-104,C1,104,50,75,1,3,3,3.0,1.3892025721407535,0.024606916863247993,1.3450210184231324,1.4711452851435172,3.157149268257898,0.36701132003061754,2.674523557254264,3.980035406363617,3.1784097928196737,10.102288811092002,4.886152579686003,2.8012233368221047,2.4149128945838934,0.05194778568910335,12,15,3038,3196790fb3468e7334a8f80dab92d20907b126a1efcf04b2d5db79dafe593530
50,C50-C1-105.xyz,C50-C1-105,C1,105,50,75,1,3,3,3.0,1.3888652862602058,0.032499732635141144,1.311978909891466,1.4582439096392619,3.158908371568577,0.37010756792311233,2.6011505776867283,3.9957504569479814,3.180515950565254,10.1156817118,4.8489876388773805,3.0281315713217545,2.238562501600865,0.05254357988890904,12,15,3038,13ee016d04b4fb48d7e33ff989d7041ba8383abc4926ac1f275c876e750b3a37
50,C50-C1-106.xyz,C50-C1-106,C1,106,50,75,1,3,3,3.0,1.389041282528941,0.027787972764388044,1.32372645965849,1.472542810922657,3.1555891857971874,0.35235553016782156,2.594955623597444,3.9927723965234985,3.175200391968986,10.08189752916,4.751797395782555,2.9951634846395385,2.3349366487379077,0.046056911631849766,12,15,3038,54146380d583bc85bc158652706ca2cf657e7af0e5d1ddd3e0759f1336535e78
50,C50-C1-107.xyz,C50-C1-107,C1,107,50,75,1,3,3,3.0,1.3890694981094207,0.02530269726152944,1.323688350783522,1.459432800782551,3.1537549680262136,0.3240307036099811,2.736161749014119,3.9410119343600063,3.1703574396638623,10.051166295232001,4.701349780136432,2.701094925244843,2.648721589850726,0.04066799389135972,12,15,3038,387ec4c61a06acba9c69c2387fb2a66d4ccb743e1b6a2513dfeec141daaf7708
50,C50-C1-109.xyz,C50-C1-109,C1,109,50,75,1,3,3,3.0,1.3890883786953472,0.02825858288848565,1.3364522625219355,1.4712658699229042,3.1585298163986497,0.3742228212131245,2.5634364013183553,3.9496473123563827,3.180621530612531,10.116353320996001,4.904314464220482,2.877651679194062,2.334387177581457,0.053776429569055206,12,15,3038,3d872b1041dc5baf49322ecaece80d48cc72bd45e8eac6a6305ae713cc045aa1
50,C50-C1-11.xyz,C50-C1-11,C1,11,50,75,1,3,3,3.0,1.3898681807755735,0.02959765420205094,1.3346481408970683,1.458951298021973,3.192847684557943,0.5867885207099541,2.261539195940676,4.470191201411412,3.2463205486864664,10.538597104824,5.930184905263482,2.7747261421488663,1.8336860574116514,0.12436194224724567,12,15,3038,5ca51adb94d13ad3115d5ad27182ee64d9b25cb682fb4a17c5c0fb7d487b3484
50,C50-C1-110.xyz,C50-C1-110,C1,110,50,75,1,3,3,3.0,1.3890076449970374,0.029706998161772198,1.3383642478787305,1.4716504816022045,3.1543424435302034,0.3353051391015384,2.559290283347319,3.9087945149925702,3.172113772764779,10.062305787364,4.659368748202802,3.1013592174167948,2.301577821744403,0.0425986282604929,12,15,3038,bdc011754e001abad201de6a10ab3b55313aa3150ae7728c8fc2910c191dea01
50,C50-C1-111.xyz,C50-C1-111,C1,111,50,75,1,3,3,3.0,1.3888160811131187,0.03100178341534626,1.3345237652436166,1.4674365744385685,3.1525899185075645,0.30669392124472916,2.6939937776089984,3.85998221231601,3.167472865803905,10.032884355604002,4.599313705282743,2.8723765349354733,2.5611941153857862,0.03592870278258007,12,15,3038,8b0a646f4624bbdfa198fe23eca0ab636b7e35672c6d04ab2e728e647370ae37
50,C50-C1-112.xyz,C50-C1-112,C1,112,50,75,1,3,3,3.0,1.388777043457472,0.034740444712998364,1.313030886917745,1.4736894686466344,3.1582067373858616,0.36256413663040676,2.5575456102208616,3.9299306641160987,3.178949912980699,10.105722549239992,4.8117437492098665,2.980256509885187,2.31372229014494,0.04914890001965656,12,15,3038,c25ae6075f10030acc3d6f25e2ce4af83c88a1a1eb0bcf43c0de9a3c17bbb912
50,C50-C1-113.xyz,C50-C1-113,C1,113,50,75,1,3,3,3.0,1.3887466381114446,0.03372038850350494,1.327429772153691,1.473467644707545,3.152841339847679,0.32264049274616674,2.557731329985227,3.8611600928202914,3.16930676991231,10.044505401812,4.589550205448991,3.037375896912827,2.4175792994501824,0.03722219757068641,12,15,3038,0f29e0feaffad10aad9c0717d24449b9b47a836aca7f82073bc0bf947f4a841b
50,C50-C1-114.xyz,C50-C1-114,C1,114,50,75,1,3,3,3.0,1.38890977038756,0.030003301851217815,1.3256277531796021,1.4647741020375806,3.1515961636955985,0.3066777173372517,2.6459746713201926,3.8647236880361833,3.1664822123820624,10.026609601332002,4.565179401097999,2.930029801529866,2.5314003987041374,0.03465968174390153,12,15,3038,45f15be2a29f7ad8ed15db31554cd5553b940de5ee548cc80a5a7d7c5086d671
50,C50-C1-115.xyz,C50-C1-115,C1,115,50,75,1,3,3,3.0,1.38897941828192,0.02689471055590738,1.3269848680373109,1.4554217086466728,3.1509996801740328,0.3045690562600615,2.680692779397147,3.788751290374178,3.165684964504207,10.021561294488,4.547519330752598,3.0328628407247247,2.441179123010677,0.035252532942568304,12,15,3038,834659bc007a6951f1cd368f1ed2ae0d8c34ac4ae1fa346603073874bb513ecb
50,C50-C1-117.xyz,C50-C1-117,C1,117,50,75,1,3,3,3.0,1.3887315873069068,0.032380407904142094,1.3186691055757693,1.467284559995095,3.1513186460379465,0.2976444950768669,2.645767698926722,3.808231857842167,3.165343812971349,10.019401454315997,4.515545318913488,2.869260052993731,2.634596082408779,0.031394523872630836,12,15,3038,9ceeef388994b7ae2c3ee54dde5a8aa2f495fcb99524b41bc99d1cf05bc03db0
50,C50-C1-118.xyz,C50-C1-118,C1,118,50,75,1,3,3,3.0,1.3890824792074516,0.02802209768877611,1.3327748384479654,1.4708042765779545,3.1596805809862327,0.3806595189858049,2.5888082943980226,3.9679775478124877,3.1825277757241963,10.128483043256,4.956778374512147,2.8044153358844364,2.367289332859418,0.05619275692350724,12,15,3038,8d0aef36eaa0a9ed37df70f9c139a99512a805f08be01cf956bf17246b6c0f74
50,C50-C1-119.xyz,C50-C1-119,C1,119,50,75,1,3,3,3.0,1.3889233450917655,0.030138794364861186,1.328440672367419,1.4735082388639702,3.1560475847000276,0.3486258250346973,2.6664988109181675,3.888429373953962,3.175244293400431,10.082176322772,4.809069918086755,2.7560782923046174,2.5170281123806277,0.046853659916419516,12,15,3038,6e92279cac0245441a87eeb51ed0da825cd5773646b10fa376b5791771726fe2
50,C50-C1-12.xyz,C50-C1-12,C1,12,50,75,1,3,3,3.0,1.3895403916039104,0.03276575195614247,1.3322309221752813,1.4650238701127023,3.1930400550768714,0.5743001926124426,2.319209961913755,4.507543753380547,3.2442758058710117,10.525325504560001,5.951348667402991,2.6388235421577235,1.935153294999287,0.1245585066543441,12,15,3038,1ad8d450905fa4002ced730d541080df0492d0d328fc79f600d88add50896451
50,C50-C1-120.xyz,C50-C1-120,C1,120,50,75,1,3,3,3.0,1.3886267401884753,0.03812257817701132,1.3081612438839487,1.4795579914285213,3.158553646619255,0.3677055928323754,2.5497063013272725,3.9679265408306135,3.1798849887333973,10.111668541572,4.815313984869428,3.08597981107875,2.210374745623821,0.051557057401197474,12,15,3038,612b2889b06033ff346e57dcd87651c511c8af3fba7ab660d0b22fdead8d60fc
50,C50-C1-121.xyz,C50-C1-121,C1,121,50,75,1,3,3,3.0,1.3888171410011776,0.033800813520519904,1.3167624121306012,1.4675052299736446,3.156805221306485,0.35053949861908,2.554233168964807,3.9133948416483615,3.176207982069184,10.088297145359999,4.721169523326945,3.150770658811202,2.2163569632218523,0.0472291161561521,12,15,3038,1237e61845eac6e203b552e1d5ce034a145b57f3bdf4bc79723ff585f5bcd5eb
50,C50-C1-122.xyz,C50-C1-122,C1,122,50,75,1,3,3,3.0,1.3890600248146523,0.03160127627038462,1.3223250508101252,1.4693545521758864,3.1552132386588014,0.3550303200632839,2.499274962589751,3.940263666435027,3.175124739214508,10.081417109571998,4.566370391778141,3.4032525538569978,2.1117941639368607,0.044500688358836936,12,15,3038,7a8b818a7ab0b46291c7df6943e8801fe975a5c228a090a2bcbd3f6528a62dcb
50,C50-C1-123.xyz,C50-C1-123,C1,123,50,75,1,3,3,3.0,1.3888927027584395,0.03160223975750059,1.325745567595834,1.4727181196685266,3.1547849071562246,0.3330815130554276,2.603997578654788,3.908812516460722,3.172319514922795,10.063611104759996,4.575486438644129,3.2434596957602224,2.244664970355646,0.04050610764205357,12,15,3038,8feecaf4a51126097734e622686fcef76b6b0fecbb5c04b0f4d2257c4d449413
50,C50-C1-124.xyz,C50-C1-124,C1,124,50,75,1,3,3,3.0,1.3890004719770643,0.031039472410005826,1.3260730749095242,1.472752188930643,3.162632386139233,0.40310879449505965,2.6102348924845824,3.993302410730247,3.188218987155054,10.164740310056,5.074014789237262,2.6145456995874605,2.4761798212312778,0.06202399581915811,12,15,3038,8e47f36bd9cf75b888effcf065c09c02819edbe87b9e5826385f9c586bf57b32
50,C50-C1-126.xyz,C50-C1-126,C1,126,50,75,1,3,3,3.0,1.3889142177249254,0.035948247081404046,1.3198586212166818,1.4728713182080775,3.1666225198844637,0.42078823189410636,2.4151069849304814,4.013702174135495,3.1944578443829865,10.204560919539997,5.070489688272849,3.112948554934174,2.021122676332975,0.06877109787069594,12,15,3038,533642b3dc4f21b2b1df0ee87a340688af43a02cbe2b9c0b4252d6afc8dcd09a
50,C50-C1-127.xyz,C50-C1-127,C1,127,50,75,1,3,3,3.0,1.3888689412501733,0.03368953987944634,1.3270025810072863,1.4742472180743638,3.1629262119785055,0.40540743378890015,2.5703113775198525,3.9424832775559113,3.188801876848419,10.168457409792,5.078365601952184,2.7655743572619755,2.32451745057784,0.0634793436220492,12,15,3038,6f34d3e5d2a05dd77b71c6533248db60a34511cf083627a0bb71a1f1c58d04ce
50,C50-C1-128.xyz,C50-C1-128,C1,128,50,75,1,3,3,3.0,1.389046517579103,0.033119337775694146,1.329100658340067,1.466851846643007,3.1637787649124487,0.42128364698984166,2.4495388851104196,3.9979814175741235,3.191704244527052,10.186975984532001,5.056240949533269,3.052131807568417,2.078603227430316,0.06663747094694539,12,15,3038,a3e50eebd7df00fb0aa0462f19dda1d2ef3c462322aae80a9039d41ff5518774
50,C50-C1-129.xyz,C50-C1-129,C1,129,50,75,1,3,3,3.0,1.3888614351767696,0.03323366183140336,1.3222265690871593,1.4698072696785793,3.161817068793007,0.384314299261943,2.5657064280373154,3.929319220535791,3.1850878570501004,10.144784657128001,4.9738861582425375,2.833630958725447,2.3372675401600174,0.0572250750616284,12,15,3038,60d82820b4c261d7b66523256f85dca9e8e1a954040e08356e2dc4b3b4c41880
50,C50-C1-130.xyz,C50-C1-130,C1,130,50,75,1,3,3,3.0,1.388834304680073,0.03401489101091473,1.321412827242115,1.4705468574649363,3.1625530976283045,0.39992737308868265,2.5476338595127834,3.9321656055329104,3.187739637903949,10.161683999064,5.053577292731323,2.75171677153475,2.3563899347979262,0.0616390024769616,12,15,3038,20a0712fd7d593d584edffdb51a5711e72605402657fe440a5f9a6a86c5d38aa
50,C50-C1-131.xyz,C50-C1-131,C1,131,50,75,1,3,3,3.0,1.388652027950302,0.0372411430568317,1.3146813073897416,1.4696879770890148,3.1582180924552437,0.3665070578916073,2.520621240568285,3.8708877268146122,3.179413301695141,10.108668942996,4.774781450173238,3.063945463967242,2.269942028855519,0.04810688302782236,12,15,3038,065723d34c26a6c6c05f99ac0f39e45989e77977067dadcd2a6593c1e99874ae
50,C50-C1-132.xyz,C50-C1-132,C1,132,50,75,1,3,3,3.0,1.3887127788716966,0.03447799392536364,1.3259922360255358,1.4716471621961564,3.157044958475307,0.3489112883837978,2.6251407368756445,3.868747841615424,3.176266984526962,10.088671956996,4.78971535437876,2.8197983709074412,2.479158231709799,0.04585951777535906,12,15,3038,0387778960f991cac2acaa9b96428083ed60326317e0eaacdeef912966667974
50,C50-C1-133.xyz,C50-C1-133,C1,133,50,75,1,3,3,3.0,1.3886836249021073,0.035522660308741225,1.314972296286123,1.4736911922109055,3.1601490838161497,0.3724092423718072,2.531565017701896,3.871244636967806,3.1820167937564374,10.125230875747999,4.890977469413706,2.879686337280198,2.3545670690540956,0.052450197438878673,12,15,3038,63684c3e6050e2b9734377e8e81fb3e9b9ab8362feef955468e29ac8bd295950
50,C50-C1-134.xyz,C50-C1-134,C1,134,50,75,1,3,3,3.0,1.388784522778511,0.03824366558699474,1.3094066977070187,1.4709704585748826,3.1702724210552677,0.446521620157827,2.428222653305911,4.0583463581646155,3.201563490073561,10.250008780972,5.264141695089941,2.87946464378028,2.1064024421017784,0.07736156642406931,12,15,3038,469352d0047b88e8aa0b30c15329a9fe33b19a4780673566303ac94285915881
50,C50-C1-135.xyz,C50-C1-135,C1,135,50,75,1,3,3,3.0,1.388846637485573,0.03662317770233732,1.314953512486278,1.4776323561698288,3.1655741439549887,0.4172226272383107,2.4468950632677324,3.9612529139962773,3.192950732716683,10.194934381556003,5.054001323813245,3.091757832047038,2.0491752256957185,0.06718685331017737,12,15,3038,ac00195c564d6aba08a0f8698e319220095f5be9c3efe4e3566c1e74699936fd
50,C50-C1-136.xyz,C50-C1-136,C1,136,50,75,1,3,3,3.0,1.3888407580906097,0.038391268099669036,1.328098539265818,1.4776708869027637,3.1616689960633577,0.4050247280694303,2.3896205023777313,3.9158009599804737,3.1875062150552735,10.160195871015997,4.83548669826742,3.3248804261065126,1.9998287466420652,0.05850381869848474,12,15,3038,a95e6d7eac78ccbdd6f45ab04668e01c97809444ee66cc45e764f6b96d1c1073
50,C50-C1-137.xyz,C50-C1-137,C1,137,50,75,1,3,3,3.0,1.3886959158747256,0.03743859727861165,1.3234812805627438,1.4734621169205537,3.1607717533356725,0.3746527425861699,2.5046084888437155,3.9078227384040853,3.1828984831772438,10.130842754211999,4.830877373280158,3.1570885602948655,2.1428768206369755,0.05385907261205616,12,15,3038,d4b61a63a835e8f4ebb62a3889eebb70b1974765f8da449ad264ac32109014ee
50,C50-C1-139.xyz,C50-C1-139,C1,139,50,75,1,3,3,3.0,1.3888624671679597,0.04077724478342749,1.316764420843759,1.4830401107185198,3.164624805852376,0.4312852591357753,2.2995391293987586,3.9343069303799876,3.1938780716495745,10.200857136564004,4.98081973378591,3.3088378247886823,1.9111995779894104,0.0680944955278932,12,15,3038,899fb47a660090dde426bf73a85267196e3dc9cf3c3bd35a166f18a8c2bf12c5
50,C50-C1-14.xyz,C50-C1-14,C1,14,50,75,1,3,3,3.0,1.3896798084393975,0.029843891879347995,1.334706952855195,1.4605443711164683,3.2049977805867718,0.6204171406834843,2.312073254760757,4.534526742602805,3.264495091437572,10.656928202020001,6.258096773538118,2.482694103382855,1.9161373250990268,0.14716575160116754,12,15,3038,cb8f25c24f707e2b30e708444ea6f24e333b3469f1d6e6a77377432efe774a1d
50,C50-C1-140.xyz,C50-C1-140,C1,140,50,75,1,3,3,3.0,1.3886285098011455,0.041342072607080865,1.3069412113786907,1.4859711370009852,3.166610516571104,0.42445484943546474,2.4455660694677626,3.929649910428663,3.19493099813877,10.207584082868,5.053447614010762,3.131887539226868,2.0222489296303685,0.06771863908659334,12,15,3038,03b7a94e26877d2b6d5ea585c2c95f1ac3ca8e2771fb59c463890bdcecf907ed
50,C50-C1-141.xyz,C50-C1-141,C1,141,50,75,1,3,3,3.0,1.389149609963408,0.0389816837995058,1.3192241128784752,1.477985727265321,3.1667063727489553,0.4539974608333847,2.292100847464614,3.9621913600112757,3.19908470435717,10.234142945652001,5.05467642123752,3.3489788391083373,1.8304876853061443,0.07452242763878142,12,15,3038,3a04bd4a70ab2e56bf5649c2b64716715f83d2fb2069702c8d17036d3bda3a4d
50,C50-C1-142.xyz,C50-C1-142,C1,142,50,75,1,3,3,3.0,1.3885286426066137,0.04021181908802576,1.3143115346066165,1.4774209522001505,3.16155956445707,0.392044908358753,2.484186439706167,3.927959474182492,3.185774331270186,10.14915808978,4.947534114542622,2.9573158661660406,2.2443081090713384,0.0571658303304352,12,15,3038,f2ff9be0378050924c1f39c26825a92f214f3075a70a222fc7c5fa6a64806ad6
50,C50-C1-143.xyz,C50-C1-143,C1,143,50,75,1,3,3,3.0,1.3887113052197662,0.03181439435455151,1.3342732178980437,1.477468828774401,3.1488232334749484,0.27188557073218866,2.7605532472596868,3.8681964196969107,3.160539434850323,9.989009519243998,4.379564748058069,3.0220128660407566,2.5874319051451726,0.02627546350984799,12,15,3038,98058d8941f25944867f20a5a1b4a5bf9cc92b9bab15b897156c29ad911033fc
50,C50-C1-144.xyz,C50-C1-144,C1,144,50,75,1,3,3,3.0,1.38869389275128,0.03289966112231539,1.3270651114395253,1.4771345571748027,3.149682421134928,0.2887274951119456,2.7429033127618623,3.926117076445887,3.1628883825452965,10.003862920440001,4.4971379634784245,2.8080375286592205,2.6986874283023568,0.030473662240270986,12,15,3038,ad6089cc57172a559472ffd886a831ee6a981e9f0c1e6da8a77447c1f671201c
50,C50-C1-145.xyz,C50-C1-145,C1,145,50,75,1,3,3,3.0,1.3885039499571563,0.03734759099827665,1.324545993916406,1.482584911564933,3.150670409930399,0.3022975649604387,2.7027805789978583,3.88382583051918,3.165139467668368,10.018107849792,4.508068552805687,2.9741966470048373,2.5358426499814763,0.03205676039672911,12,15,3038,f59b8774831bc85075caca91d98237f5e25c052888045f6c2e4845eb7fb8474b
50,C50-C1-146.xyz,C50-C1-146,C1,146,50,75,1,3,3,3.0,1.3887560790550335,0.03145547044669229,1.326716736911086,1.464648790666213,3.1491328471165185,0.28108680102738753,2.789286157299032,3.8870282184337173,3.1616526498810713,9.9960474785,4.438796424318918,2.9025589656580997,2.654692088522983,0.02804462401051759,12,15,3038,e4ba84c0669115a706cf70a00fafba41e870a92f117fccc58881829e39900934
50,C50-C1-147.xyz,C50-C1-147,C1,147,50,75,1,3,3,3.0,1.3885881837366647,0.03755994302769842,1.3105519829445913,1.477529021711587,3.1522667614929962,0.3141303012230081,2.5655998525569026,3.813518976829668,3.167879982221549,10.035463581760002,4.367826252466686,3.4079531606653948,2.25968416862792,0.03318491682297121,12,15,3038,6e076555498b59e4284b43610ded1efbd28403a910a49f8e2cce52b3f44c1342
50,C50-C1-148.xyz,C50-C1-148,C1,148,50,75,1,3,3,3.0,1.389136369060906,0.0364261483774525,1.3247910401267065,1.4710488435126823,3.156686246533857,0.4012087956014809,2.343129104739216,3.88862032554941,3.1820805390065163,10.125636556724,4.566951795558094,3.6322536614822245,1.9264310996836829,0.05245292340530816,12,15,3038,573745d9166fbc94383e459ae073fcd6bdeb986468041cc5ca86ea2992b50907
50,C50-C1-149.xyz,C50-C1-149,C1,149,50,75,1,3,3,3.0,1.3886891185160022,0.03420680412699173,1.3203892229187575,1.473354549998065,3.1474264497629894,0.2852924920644424,2.632148351461977,3.8724274816326774,3.1603298977632064,9.987685062695999,4.15817991144339,3.4218553680091723,2.4076497832434374,0.023232899762162057,12,15,3038,ef17de2413c00d3fc168f7644da3774123dd04c416d63c6db0efcfb5b24a092a
50,C50-C1-15.xyz,C50-C1-15,C1,15,50,75,1,3,3,3.0,1.3899184526622255,0.027763691199929087,1.3249638070528569,1.462054886110641,3.207135205652691,0.6337401528537311,2.303246321765,4.580923944699803,3.269150166125135,10.687342808676,6.346986887356623,2.344089123545421,1.9962667977739572,0.15353332277800338,12,15,3038,b45cbad2c6623a3a5429b130c0164cb23112623417ade533fa338e410f44060e
50,C50-C1-150.xyz,C50-C1-150,C1,150,50,75,1,3,3,3.0,1.388596463622643,0.034694078476831716,1.3237365107905728,1.4785481324596774,3.1469704280309454,0.25195218318310414,2.715507254876701,3.8517656872255355,3.157040192571517,9.966902777512,4.217987775207547,3.1787839344995374,2.570131067804916,0.020967738408597655,12,15,3038,665ab85c9e3971d1ddf0c4696873897a1b3be253f6001ca5b01e2702d583c164
50,C50-C1-151.xyz,C50-C1-151,C1,151,50,75,1,3,3,3.0,1.3884196832565325,0.036521089055920386,1.3216075514312107,1.4795973979431025,3.145936011636778,0.23917419476791324,2.816117046332414,3.813742067450813,3.155014688516679,9.954117684756,4.167880999680759,2.9904377375132,2.7957989475620417,0.016687107591024094,12,15,3038,9745695b99ab2ec01ad61c7cb01b9f2edb40fd88cf4f67383c61c8b0a3fa54bd
50,C50-C1-152.xyz,C50-C1-152,C1,152,50,75,1,3,3,3.0,1.3888448300720255,0.03333733215990507,1.3219579153664462,1.4743258086325424,3.1507825030824246,0.3223122023219904,2.540466290212094,3.836495974936504,3.1672252110476764,10.031315537495999,4.165525328705606,3.6854888821124745,2.1803013266779194,0.031985055023056444,12,15,3038,ccba6618e905df15bbcfc4723e3cf5ad8004d6465be70c31635cd926aa9df1e9
50,C50-C1-153.xyz,C50-C1-153,C1,153,50,75,1,3,3,3.0,1.3888334035344574,0.03264294758282712,1.3163550394935253,1.4630602345768269,3.151546242870978,0.3145448370929399,2.546096720021452,3.8683697650695184,3.1672041575332655,10.031182175496001,4.330020659671257,3.4818839940984105,2.219277521726333,0.03363365636518076,12,15,3038,2212afaf6b83057445f0c99ac0b4fa864a6927172aa6ab2cdb0d4b61a693735c
50,C50-C1-154.xyz,C50-C1-154,C1,154,50,75,1,3,3,3.0,1.3886647282613418,0.035689840984797785,1.3183136424993864,1.4747499076114565,3.148681943176096,0.29224568152977376,2.5615335606515095,3.848416493669052,3.1622152864180517,9.999605517656,4.177562051073854,3.503802596471093,2.3182408701110537,0.02658501574076084,12,15,3038,0aa048d945d7a2d3b4f1146e2e214bc45e603aba91b1c112208f682a3fc3bd22
50,C50-C1-155.xyz,C50-C1-155,C1,155,50,75,1,3,3,3.0,1.388795313325706,0.03732695296816808,1.3262319367290172,1.4751633062139256,3.1540029994683287,0.35466194950232194,2.424731845899666,3.853323958885367,3.1738809081438455,10.073520019080002,4.240002725302318,3.7699526946249677,2.0635645991527163,0.03877569749798887,12,15,3038,4c8ac7a9e6048438198d5ba64719ccd3b195b57af8f70c10c7154794c0e289b7
50,C50-C1-159.xyz,C50-C1-159,C1,159,50,75,1,3,3,3.0,1.3886589360427706,0.036284112435438526,1.3167166589665371,1.4732634523397368,3.1535562697019253,0.3297939863425019,2.5709539505397605,3.9715528724412072,3.170754045902015,10.053681219603998,4.5519645945882745,3.221345899710222,2.2803707253055014,0.03866437118388988,12,15,3038,59485ce6384df312e1f060966897e941d95a2d95ce74bfe670cb3b1b593f4b1a
50,C50-C1-16.xyz,C50-C1-16,C1,16,50,75,1,3,3,3.0,1.389826311267301,0.030620117174725407,1.33298531874886,1.4620157523091193,3.218149145615491,0.6685896647378581,2.292334717483466,4.609328406718271,3.2868672110719657,10.80349606322,6.5665909553476265,2.3383331103457,1.898571997526674,0.17076543366219277,12,15,3038,4257637a450201bf452cbf105869d8d24296bba5af980ac1b3ddbfe6d0f21abc
50,C50-C1-160.xyz,C50-C1-160,C1,160,50,75,1,3,3,3.0,1.388548368355667,0.0360678684817248,1.3162687757445286,1.4775506116543016,3.1510149612715663,0.29992009969781985,2.708727810179531,3.953628247981846,3.1652562854151323,10.018847352360002,4.500263263313396,2.9399877645323533,2.578596324514252,0.03117172451926695,12,15,3038,6db76464174f3b6a4bd897cf9cc28f363df4e61019f613965f8fe8f3591d7902
50,C50-C1-161.xyz,C50-C1-161,C1,161,50,75,1,3,3,3.0,1.3888829515871701,0.03508884709577148,1.3215760326216575,1.469857738014125,3.1549547923804,0.3523630429769145,2.436386439253839,3.9433987564257307,3.174570751459163,10.077899456019995,4.4780493656171725,3.5242036331971494,2.0756464572056736,0.04322237378323898,12,15,3038,c0f5895010d90b83ca0a79d60af8d5920a40a5751027a4322ff87334a81a87c0
50,C50-C1-163.xyz,C50-C1-163,C1,163,50,75,1,3,3,3.0,1.3887662610942253,0.032898622762959656,1.3223351050320036,1.471469975908445,3.1508371724100193,0.29822850294905345,2.5785206852744076,3.740123892438324,3.1649194503197076,10.016715127011999,4.43716637952083,3.2531726759231105,2.326376071568059,0.033469162030564166,12,15,3038,07640df4821939d39db2bccfd037e135c9cb0a678a3080752693648b81c92586
50,C50-C1-164.xyz,C50-C1-164,C1,164,50,75,1,3,3,3.0,1.3886565516212976,0.03913366205599117,1.308199392294615,1.4756731447037992,3.1571099645506306,0.3549835822670026,2.432842969296621,3.7433026626304207,3.177004355040138,10.093356671944003,4.473078298940335,3.611473782171698,2.0088045908319705,0.046053877780291054,12,15,3038,32e15a4275d8b1b97654fb23b7feab94d216e393048802916984099e706b529d
50,C50-C1-165.xyz,C50-C1-165,C1,165,50,75,1,3,3,3.0,1.3888588851637926,0.031108402427430848,1.3264491170037394,1.4689045374019376,3.154834355770764,0.3293291075208333,2.5687085808218884,3.8645652261526138,3.1719769030388605,10.061437473412,4.659773521021219,3.0454995589748886,2.3561643934158925,0.04142778463769032,12,15,3038,83937f02102c610daa28d3a4d6026ed671de122877a8994eb8037875d1816111
50,C50-C1-166.xyz,C50-C1-166,C1,166,50,75,1,3,3,3.0,1.388886320070199,0.032365680205954,1.3270757476496962,1.4725752476529002,3.1524339015415395,0.3206616687282508,2.5284816239830574,3.7681176822413605,3.168700586893624,10.040663409379999,4.4974816150723,3.278074492214273,2.2651073020934254,0.03717977064476428,12,15,3038,40771a1d5159f0e45bc3bea7829264c489c883dae49f01752c86bf09d21c099a
50,C50-C1-169.xyz,C50-C1-169,C1,169,50,75,1,3,3,3.0,1.3888625103478418,0.028905764424377693,1.319920550639318,1.4525350012994522,3.149733403478939,0.2765781419074516,2.65101288850658,3.7631455178119277,3.1618532511127078,9.997315981572,4.411718547609519,3.1399187455511814,2.4456786884112987,0.029839799571788863,12,15,3038,12b8008db6dcfaa3af8c053539e37be061d35743e896c0ed69068569ec933689
50,C50-C1-17.xyz,C50-C1-17,C1,17,50,75,1,3,3,3.0,1.389892985797228,0.02788839002762334,1.3434986118340426,1.4571636181294128,3.2151567140557358,0.6549371174840565,2.292112501602834,4.62426508422733,3.281185048697498,10.766175323796,6.497924566798508,2.357541891951831,1.9107088650456614,0.16558019352226822,12,15,3038,09982cbdc5b31e14e6a56395fd7f37e0295d2e0037c064f7a31b06f950246918
50,C50-C1-170.xyz,C50-C1-170,C1,170,50,75,1,3,3,3.0,1.388958757241444,0.03151002616582245,1.317705672750937,1.4634612328312628,3.1570937396779213,0.3630068972932568,2.515273024067964,3.89559528252153,3.1778947258516923,10.099014888596002,4.699777304113762,3.1764748400104943,2.222762744471746,0.04591434918215335,12,15,3038,85a5c786cf23901d80b66aaa659c1f4d5e94a6a371cc87674807b146179a4672
50,C50-C1-171.xyz,C50-C1-171,C1,171,50,75,1,3,3,3.0,1.3885405926842695,0.035011814215825575,1.318361213780199,1.4741546764162843,3.147374961094991,0.24683855362626192,2.6762449968035438,3.6744036861667775,3.1570395020151394,9.966898417284,4.284476237784862,3.004120846813749,2.678301332685389,0.021770217736874146,12,15,3038,fda83e6d4b275478ebe4082d2c7c95cc5fba1a409af62a71a4901856de2645a5
50,C50-C1-172.xyz,C50-C1-172,C1,172,50,75,1,3,3,3.0,1.3888673161389484,0.029448796709885296,1.3289837809394065,1.4632875178856684,3.1485664369763158,0.26853156174697174,2.634862480755305,3.6964005863666887,3.1599968050154734,9.985579807708,4.27670070628512,3.29994526368039,2.408933837742488,0.02625820322129704,12,15,3038,9ae5cf69e0e73b40f4c83c773f4f8a806d1bf1346ad8317ce5eee0635d8515d9
50,C50-C1-173.xyz,C50-C1-173,C1,173,50,75,1,3,3,3.0,1.3888268400779797,0.02927435075876461,1.3265330678124836,1.4608665955521056,3.1469309580937788,0.24741952560574343,2.716778958535272,3.7284856394976233,3.1566423422142713,9.964390876660001,4.231215609272856,3.205369358719389,2.5278059086677556,0.02222327531071294,12,15,3038,76d88e3015021a40de42cb84575318e769d479e7a6952cce4d9d96ffd6c41894
50,C50-C1-174.xyz,C50-C1-174,C1,174,50,75,1,3,3,3.0,1.3885955143459079,0.03498808471118398,1.314966847490841,1.4758820853984236,3.1495434046079644,0.2801349024496394,2.6662173531278355,3.777628400692689,3.16197710634976,9.99809922108,4.436808928328937,3.058404640306778,2.5028856524442853,0.029754605130829326,12,15,3038,812eddf6c95cc39b193f3665453bf531f4d3180fe773e969aa99e327c99ded1f
50,C50-C1-176.xyz,C50-C1-176,C1,176,50,75,1,3,3,3.0,1.388751937948087,0.03493988044388127,1.3219787176804323,1.4740615794463947,3.1489688163133076,0.29945356866527373,2.547194092702792,3.677207821635867,3.1631751525800786,10.005677045900002,4.143546844608749,3.6250918157042076,2.237038385587046,0.02911824172745136,12,15,3038,280372a5ce027c6e9232148b106d0eb34c4c5ece3cd809ec0c6a0331b0ce016c
50,C50-C1-177.xyz,C50-C1-177,C1,177,50,75,1,3,3,3.0,1.388858153315923,0.03020138354255498,1.3187353373592443,1.466852637452038,3.147445922276715,0.2627694171239826,2.5968669170691054,3.7393094608186686,3.1583957320500553,9.975463600232004,4.10086158898047,3.531632794247828,2.3429692170037066,0.024254518250897136,12,15,3038,3dc8680c14edfcef2012e89b121e5a491d55d0c097423a65e7cfeb28767837f0
50,C50-C1-178.xyz,C50-C1-178,C1,178,50,75,1,3,3,3.0,1.389047566214744,0.029202262347790255,1.3246991733974924,1.4674625753319914,3.1587793519460665,0.3811887492557785,2.5873535127539107,4.034533024819601,3.181696380366926,10.123191856839998,4.898129980521016,2.7832062120757386,2.441855664243244,0.05182869111577181,12,15,3038,bb41085f558083d2d08f24cc09ce97528252030b25602e0655214ed6f97bda4e
50,C50-C1-182.xyz,C50-C1-182,C1,182,50,75,1,3,3,3.0,1.3887320676578077,0.030276708190796413,1.3266697479026197,1.4434501238352504,3.1440475731467052,0.2158264876846877,2.75844124374691,3.7209829154141514,3.151446686046902,9.931616214996,4.1260894417035825,3.1401278925901708,2.665398880702246,0.016885675275892208,12,15,3038,25b2c207405c58a7288b4fcd826af3cf2c652164ae31023c33bd72063dbbb8f5
50,C50-C1-183.xyz,C50-C1-183,C1,183,50,75,1,3,3,3.0,1.388788823151045,0.02883989177167336,1.3265903550079055,1.4407681076425867,3.1441145974025617,0.2175910989542637,2.843827992768902,3.663488452289157,3.151634891281666,9.932802487943999,4.149034314303602,3.0110706196654355,2.7726975539749605,0.016450777257815664,12,15,3038,e1c95a69e3416d701f35a0e3a0a579bb8a95179402c46ee1ab1ca911d6df4bb4
50,C50-C1-184.xyz,C50-C1-184,C1,184,50,75,1,3,3,3.0,1.3887892805500648,0.029166667548761082,1.3277533279943232,1.4806840108544428,3.144409582434767,0.22478870798243492,2.7679607674705218,3.6778540363445638,3.152434231723796,9.937841585344,4.099984743560493,3.203926871223179,2.6339299705603283,0.016591280378914962,12,15,3038,b4516803f6a5d40b336ba49881b782f9904625fadc92e94327c51ef396ec324d
50,C50-C1-186.xyz,C50-C1-186,C1,186,50,75,1,3,3,3.0,1.388532792815665,0.0356303720000553,1.3221402989093103,1.4744078845421302,3.145461902201527,0.2344640665405854,2.6428936566384955,3.596018832250465,3.154188322960441,9.9489039767,3.871112828484184,3.624612605279659,2.453178542936157,0.017395098725044276,12,15,3038,8a79d52fb6f5b4938f5d80f9d554aa01f4a45a112b0f1faf81a6de12d863ffa0
50,C50-C1-187.xyz,C50-C1-187,C1,187,50,75,1,3,3,3.0,1.3884891322956094,0.0354763512355148,1.3221540341427696,1.4802611864127222,3.143543293983386,0.20012930272222795,2.7360880629182973,3.6047020643659304,3.149907328629844,9.921916178956002,3.9273749688449047,3.3131403858922837,2.681400824218813,0.011828149071776773,12,15,3038,1dc4ed846a5a7da0e9c7b349058e96608e10658612f1baaf19a3cd41c636ec4b
50,C50-C1-188.xyz,C50-C1-188,C1,188,50,75,1,3,3,3.0,1.3886775293311087,0.031047379881630553,1.3239010574812606,1.4569065378396788,3.1422634966445435,0.1796551521977848,2.7994110944168242,3.661013024989668,3.147395090555998,9.906095856056,3.911286082953404,3.24603674591174,2.7487730271908557,0.01040073983412954,12,15,3038,4846fa32f8f22707638b045c6b6cb3da106eae2aa4f0599b93fdeed7802a6695
50,C50-C1-189.xyz,C50-C1-189,C1,189,50,75,1,3,3,3.0,1.388861723483829,0.0285925813489284,1.3251321330342871,1.4510830058959412,3.1452380975415792,0.23923274768522548,2.69068212180629,3.6399494508863715,3.1543232234176637,9.949754997792,4.00600822789421,3.4754943786792563,2.4682523912185346,0.018488698070467064,12,15,3038,c70e0e3e1b018f4c94da474fa384543fbe0c9e14f956c7ab4287b344d725d14f
50,C50-C1-19.xyz,C50-C1-19,C1,19,50,75,1,3,3,3.0,1.3893170193371267,0.03372156649488214,1.334258899164626,1.4715891614170038,3.1869801349353764,0.5436774009937236,2.342408934574832,4.414787966910302,3.233021419171856,10.452427496824,5.8106185391158895,2.656420331469321,1.9853886262387894,0.11455785492888577,12,15,3038,b9e4aa69fe3f3871e3afcc124403f6a01965fed6d9ee8fc334ee29ed36aebc4d
50,C50-C1-190.xyz,C50-C1-190,C1,190,50,75,1,3,3,3.0,1.3886196984800276,0.03541812050214461,1.3207504003406545,1.4790956527554262,3.1493982463286074,0.2918178544405562,2.5818341076939855,3.7488754807344558,3.162889023368984,10.003866974148004,4.273370947008684,3.3923621952619754,2.3381338318773435,0.028141813831508104,12,15,3038,a6167a491adbb6caba20e4b578410054c4275c08828c21f21851f56d7efff394
50,C50-C1-191.xyz,C50-C1-191,C1,191,50,75,1,3,3,3.0,1.3885206943986708,0.03647909574855965,1.3024896391142617,1.478585350935143,3.148150373715745,0.26794075320006655,2.5866460278994494,3.668614315957457,3.159532089210679,9.982643022751997,4.029264878118952,3.620846873709205,2.3325312709238406,0.023609222283016786,12,15,3038,6c131d834d054883654d898fe9fcaf9b745572dd47f0ef42c17aa522ebace797
50,C50-C1-192.xyz,C50-C1-192,C1,192,50,75,1,3,3,3.0,1.3887136019345445,0.0355671918390616,1.3218278405299233,1.4780251723160875,3.1517546771218536,0.3210973597657257,2.4625428643562732,3.6946265673261216,3.1680689795533175,10.036661059207997,4.220024082480839,3.6752399997516125,2.1413969769755465,0.03459663891937736,12,15,3038,883b66cf76e47000ac86f250155b547f6235afbf45fe14bb12fec851a48aeb91
50,C50-C1-193.xyz,C50-C1-193,C1,193,50,75,1,3,3,3.0,1.3888267592715748,0.03272886490366265,1.3188670175571149,1.470168031212759,3.152528454498324,0.3181697422861044,2.5494467598818376,3.7444190972528704,3.1685434573835343,10.039667641328002,4.454897615082684,3.370713800869516,2.214056225375801,0.03737629311684711,12,15,3038,878d0249b119ddb3066b84164e6eb3459b201c3afa6f79fafb25f1f83f8340b7
50,C50-C1-194.xyz,C50-C1-194,C1,194,50,75,1,3,3,3.0,1.3887363078618657,0.0325917539600647,1.3198866996829692,1.4744850389203683,3.1499879883034527,0.2930982073639568,2.7083891473685977,3.7565611613793806,3.163594614614205,10.008330885616001,4.471748550883995,3.0485301076754148,2.4880522270565897,0.03132147761687157,12,15,3038,b46d90d842127df20829fa26e637b0d2c347d57fa5ab56ed09f8c6c876783ce4
50,C50-C1-195.xyz,C50-C1-195,C1,195,50,75,1,3,3,3.0,1.388447126527762,0.03605419490341715,1.3171050907197952,1.4822120023802265,3.1437118581651373,0.19542945588601232,2.7650694930153206,3.5861227191500293,3.149780455745448,9.921116919396,3.7156243044434416,3.5995145690781123,2.6059780458744477,0.011337720940406961,12,15,3038,d4d5e93dd5c0c70890e3a5640aff161d9f6c6a19fe7ced7f51041d10a0d70e28
50,C50-C1-196.xyz,C50-C1-196,C1,196,50,75,1,3,3,3.0,1.3885844691080285,0.03517647914882707,1.3180624492033755,1.4747925888069817,3.1451252233233866,0.23862562400340756,2.5970601470093064,3.610683125889615,3.1541646847962777,9.948754858816,3.8384098124001045,3.67534236813525,2.435002678280646,0.01785545780390075,12,15,3038,6af029f570fb8dd30ccd36af25f65f343818c0a5ffd3ba35d25169e49972b827
50,C50-C1-197.xyz,C50-C1-197,C1,197,50,75,1,3,3,3.0,1.388441295818812,0.0387763905615009,1.311786057251715,1.476205812209124,3.146373249548643,0.26136267216400855,2.615215079477021,3.6396594576861174,3.1572100139008805,9.967975071876,3.9433771109197537,3.6370086165172792,2.387589344438967,0.020508072309030116,12,15,3038,dce1a36bdb5701469652d0ef1f14d61c217d8abb67717ea6bd9fc98117e1881d
50,C50-C1-198.xyz,C50-C1-198,C1,198,50,75,1,3,3,3.0,1.38886190732367,0.03160216846869786,1.3257770174505215,1.4749305814173086,3.146611788704825,0.27485615453873663,2.5564966277888965,3.6653562204369714,3.158593303118336,9.976711654504,3.8527875046239113,3.8200139411737424,2.303910208706346,0.023603135141648173,12,15,3038,b25d495b76ee3be9c9d4b35787d8b733150edd6c7e6f81d341d2902ea8453999
50,C50-C1-199.xyz,C50-C1-199,C1,199,50,75,1,3,3,3.0,1.3887293386141952,0.03077667415721335,1.3234876161113105,1.4719793510779966,3.1428661699152713,0.19552323476793942,2.72599755672451,3.6074494290104746,3.14894221879856,9.915837097331998,3.843701280746459,3.4489752733803396,2.6231605432052003,0.011835881452919753,12,15,3038,5915a28e2bd2bd08dac74152989fb6cba2420f149c722f7f4d0e1c075a084b41
50,C50-C1-20.xyz,C50-C1-20,C1,20,50,75,1,3,3,3.0,1.3893774644352004,0.029311844925667244,1.3227741076994213,1.4649616070054532,3.1848613878592738,0.5322882296229191,2.378849320307615,4.408607345855152,3.2290358962501484,10.426672819272,5.781881027388018,2.5147242147808293,2.1300675771031528,0.11110657860042122,12,15,3038,b179a02e8a3e8eb0fad1697bb6664a594bed640f78f8131a7e631b9e8b3ce622
50,C50-C1-200.xyz,C50-C1-200,C1,200,50,75,1,3,3,3.0,1.388631591645085,0.03146581243039349,1.314944002609997,1.4580815443588881,3.1421784065289393,0.169006673664843,2.8444227602450383,3.6215136468885496,3.1467202599214317,9.901848394200002,3.843449093736809,3.2561550326202218,2.8022442678429713,0.00833816144070143,12,15,3038,a45ecc100d92dc659086fc5c8e68576caefeb6e8a070158947fb57fbac143a09
50,C50-C1-201.xyz,C50-C1-201,C1,201,50,75,1,3,3,3.0,1.3889156024696614,0.02781543246122165,1.3172297066191605,1.4435555167710041,3.145305690082137,0.24673110130856307,2.6742178980000864,3.640860712466765,3.1549681647230607,9.953824120415998,3.962957028099794,3.5589956199957182,2.431871472320486,0.019064742967534413,12,15,3038,3a4f3ee4dc09ace2c512c5a60152cbd409f0a47dcc5c48c5546a54230f64bc35
50,C50-C1-202.xyz,C50-C1-202,C1,202,50,75,1,3,3,3.0,1.388819455449167,0.029674923743992616,1.3252984305430984,1.4785524982225013,3.145259702535551,0.22461186165022173,2.7166207269716547,3.622421482242506,3.153269586443252,9.943109084787999,4.051108399900484,3.3642235512005674,2.5277771336869455,0.01766032861845398,12,15,3038,b4143cd1d1de01e2e11e1076bd62e4fbb128d4b46d6b24fbc204a47e0346eba8
50,C50-C1-204.xyz,C50-C1-204,C1,204,50,75,1,3,3,3.0,1.3887386698619795,0.03261805476492119,1.321256159872112,1.4738029990470234,3.1464701771466634,0.25436290182069743,2.668838078734639,3.633097958836783,3.1567348734881113,9.964975061496002,3.9860377019455684,3.5797945793002848,2.3991427802501493,0.020529595909786792,12,15,3038,abfe0c20cbf455ab9d6e5956c6d68446363f7caa36ebb53d3160ce83c6f2acf4
50,C50-C1-209.xyz,C50-C1-209,C1,209,50,75,1,3,3,3.0,1.3887826251907496,0.03328391355631047,1.3161039586598011,1.472066893860466,3.1510112060115545,0.30810899873519826,2.5729915382853474,3.7711462656449695,3.166038972519448,10.023802775512001,4.439321077558374,3.2819382737231892,2.302543424230438,0.03416002560257738,12,15,3038,6b8e1cb8a70b883e8df521bbb666f42d4ca329ee32bea9397b5b5da03692245e
50,C50-C1-21.xyz,C50-C1-21,C1,21,50,75,1,3,3,3.0,1.389188119231691,0.032983141939236175,1.3229776490931358,1.4676608259403805,3.181661698543983,0.5224200990526839,2.4908881601396717,4.390659189680291,3.2242664163924175,10.395893923876002,5.688824319179976,2.544346539466871,2.1627230652291543,0.10394100398447077,12,15,3038,224af90e20eb998f7ff3374362932e1316c6898ecf20b1ab2630fa74d37f8aaf
50,C50-C1-211.xyz,C50-C1-211,C1,211,50,75,1,3,3,3.0,1.3889231600797913,0.03584249889865106,1.3140769954610727,1.4771583733642106,3.149690288423447,0.3516723195405388,2.4256819131699854,3.7899703905281372,3.169262111804575,10.044222333319997,3.955436359092152,3.9308753433992316,2.1579106308286136,0.031595466361833476,12,15,3038,80e9af833674c71277610979a485aef877fc5f23529122186c458133377d9650
50,C50-C1-212.xyz,C50-C1-212,C1,212,50,75,1,3,3,3.0,1.3888013907901888,0.03610895926549285,1.317998949164983,1.4776459555658115,3.1582724112310068,0.36749301446569366,2.4692781439068385,3.7822888645866275,3.1795810634773884,10.109735739224002,4.724845114465012,3.2980896990047857,2.0868009257542037,0.05118119870642815,12,15,3038,b80fcf7eeaa2953b59bda4d23ccb3586cb6be6086da94d8f99e06ef8a398e071
50,C50-C1-213.xyz,C50-C1-213,C1,213,50,75,1,3,3,3.0,1.3886804975452882,0.035467158574810594,1.3287704278768395,1.4787603085016854,3.1555933308284345,0.33510638540485405,2.5783093104381405,3.786240536032015,3.173336660221856,10.070065559108002,4.686961086365907,3.059313443460718,2.3237910292813773,0.04326560421222248,12,15,3038,e8dd54da3a00b12d2a764f74290f055c1e6f0f8df061aeab9fdab6e65c951fd2
50,C50-C1-215.xyz,C50-C1-215,C1,215,50,75,1,3,3,3.0,1.3886801876975725,0.03672562088743681,1.3141389766687537,1.4762967215299234,3.153890641557888,0.32935379942787224,2.5423632569512957,3.7620152893224663,3.1710408550039215,10.055500104104,4.552422463204703,3.3100595038654914,2.193018137033806,0.04133014105880095,12,15,3038,1612afe11b0fa27ce4c3241f60f6df7469fd0470a1362bd22322838830c2f50b
50,C50-C1-216.xyz,C50-C1-216,C1,216,50,75,1,3,3,3.0,1.3889916339840422,0.029285840532143014,1.3386221759705013,1.4718073583183366,3.151752884325719,0.3141146231943253,2.614251060789686,3.771000288841145,3.1673670832980503,10.032214240359998,4.567349309431946,3.1206689757256774,2.344195955202374,0.037946150806271076,12,15,3038,c24f7edc0f865d27e84b425f41d1f2076adf5cb0a877495517031b801ce27ce5
50,C50-C1-217.xyz,C50-C1-217,C1,217,50,75,1,3,3,3.0,1.3888059982742285,0.029845957138669017,1.321287886874015,1.4620989433003502,3.1465843120885397,0.2453835104857139,2.767795286848361,3.7106711327602184,3.156137813895331,9.961205900299998,4.3159169885003354,2.9839772451921043,2.661311666607558,0.02325959357893601,12,15,3038,d9bd6917f8042c3dead4cea45fd1a1e5b9f3a5efb0a143ed05b538ce65944c07
50,C50-C1-218.xyz,C50-C1-218,C1,218,50,75,1,3,3,3.0,1.3888361716930824,0.029735066788267015,1.3383578818836166,1.479670216636126,3.146027446656684,0.2405625243773885,2.7291038892918684,3.7023748067622755,3.155211407061657,9.955359023252,4.213412412810197,3.2265356333344406,2.515410977107364,0.02201023772948063,12,15,3038,f3cb17ee4c2a99ad6c0b289ec9f147aefc7e7304befe7e2c87d4385891955f0d
50,C50-C1-219.xyz,C50-C1-219,C1,219,50,75,1,3,3,3.0,1.3886865102245607,0.03208087572054822,1.3290950379863737,1.478214510820402,3.1464249346629414,0.23517233566748857,2.7511674975668057,3.670685392684587,3.155201403544946,9.955295896931997,4.249998775848637,3.073437875498234,2.631859245585127,0.021177232509261592,12,15,3038,f81f46dfb321c648cfed98d7d96459f69c2c76afaa5a3dfad885ffdf6973ce69
50,C50-C1-22.xyz,C50-C1-22,C1,22,50,75,1,3,3,3.0,1.389370756030548,0.033059959978350394,1.3215390951462618,1.4681595213055016,3.187700791923314,0.5497450171229159,2.3346823912729544,4.4286024403777775,3.23475747509454,10.463655922680001,5.836572528609153,2.6757397679297004,1.951343626141148,0.11695617260055349,12,15,3038,9403fdf51765ec86213905fa94228d6f77b4ae84161ffe1f975030f0918ca59f
50,C50-C1-220.xyz,C50-C1-220,C1,220,50,75,1,3,3,3.0,1.3885057911902348,0.03705410950462092,1.3145349329705924,1.483614373750807,3.1481773409051454,0.26804373742247345,2.734326030860256,3.767973744473281,3.1595676943151574,9.982868014960001,4.3684181003523,3.070114718411545,2.5443351961961573,0.026537420944964772,12,15,3038,d2d37f3012d2d56a29aea0560c39949d1379285c6361bfc8dc7f9c7a1bd7185f
50,C50-C1-221.xyz,C50-C1-221,C1,221,50,75,1,3,3,3.0,1.3888507101808116,0.028268701719782997,1.3241841299456811,1.4775900852401522,3.1443006998579404,0.21613735625492211,2.731171850049718,3.6293011503737196,3.1517205218572286,9.933342247896,4.031326044126504,3.3369552480829983,2.5650609556864974,0.016356860080791746,12,15,3038,d6877ac64e6e97122e884298f5ef351ad087f322b3e36917e2759e72f939aa7d
50,C50-C1-222.xyz,C50-C1-222,C1,222,50,75,1,3,3,3.0,1.3889553456612707,0.02595398284747626,1.3410339108314897,1.4527061471612215,3.1454180711212234,0.2293721072407053,2.6937473520142903,3.601300503663087,3.153770189109536,9.946266405715999,4.0322624183325555,3.443721861301235,2.470282126082208,0.018870993089014864,12,15,3038,5f5ee6ccaa2b8e8902ccb03d20e2a2b7d06f68c1b28b1892f34243be5636d190
50,C50-C1-223.xyz,C50-C1-223,C1,223,50,75,1,3,3,3.0,1.3889340318872359,0.028403800194110734,1.326293097320498,1.4624259878708392,3.150576111140125,0.2922725077203968,2.732202608582314,3.775282334176346,3.164103830606069,10.011553050856001,4.534350276362508,2.9198511190923755,2.557351655401117,0.033156029772457095,12,15,3038,5f4780a1fab17c8ff9df1b850c601c407124afa3fa21c6edd69642c1a5e79924
50,C50-C1-224.xyz,C50-C1-224,C1,224,50,75,1,3,3,3.0,1.3889306955887621,0.02922451798264165,1.3235722194122996,1.4781407307831012,3.151422421501013,0.30159336096918626,2.6891652927032954,3.7567365296863713,3.1658208784010506,10.022421834120001,4.5628825139905445,3.026412065884464,2.433127254244992,0.0360809472644395,12,15,3038,ac0d5f82c86e686420641d816d7c35ed30aa735e9911f2c19b20df42639894b5
50,C50-C1-225.xyz,C50-C1-225,C1,225,50,75,1,3,3,3.0,1.3890591627547904,0.02466954330670513,1.3309817842480038,1.4398916417564207,3.1491637202108875,0.27507727060505194,2.6966012307540024,3.700903206638077,3.161154795560635,9.992899641495999,4.4044579613215795,3.135511047688441,2.4529306324859785,0.02946483336144912,12,15,3038,c51626d0e57310afdcc886434fc27d52b2f9ff82dfa21594ac19319512e550a9
50,C50-C1-227.xyz,C50-C1-227,C1,227,50,75,1,3,3,3.0,1.388926134630896,0.03262564440146225,1.3406909673746594,1.4716245071348872,3.156903413161436,0.35613830961253645,2.5357297985779166,3.9222673818336253,3.176928336554667,10.092873655604002,4.788475340639248,3.0576871855399474,2.2467111294248063,0.049642988408589835,12,15,3038,b648f8365c74e41c3d98976a5207b96de035e08e1cb2de18d4bc17d95b0c1bda
50,C50-C1-228.xyz,C50-C1-228,C1,228,50,75,1,3,3,3.0,1.3887008588075782,0.03591329670787104,1.3136052717616507,1.4766114214646993,3.156590108773159,0.34411276594665297,2.4899125024201156,3.747036667569188,3.175291279629635,10.082474710492004,4.634529431943541,3.2870296941049935,2.1609155844434693,0.045263571141487345,12,15,3038,61b48509323103918b4360a2de23dd13f7f2f8d7399301bf5d7e24900218e46c
50,C50-C1-23.xyz,C50-C1-23,C1,23,50,75,1,3,3,3.0,1.3892976621557405,0.0318128537218502,1.3221466484471378,1.4637877988287784,3.180868855741315,0.5161129448085326,2.4589526235322228,4.4097117215047055,3.2224678817986696,10.384299249224004,5.675813005868784,2.623494421136395,2.084991822218825,0.10433026334647572,12,15,3038,2665fd1098098f345f7d94bd18a387b449478e45ca1ba4bd2dd8a011f250d739
50,C50-C1-230.xyz,C50-C1-230,C1,230,50,75,1,3,3,3.0,1.3888403772891196,0.033617378612094906,1.3343229331762232,1.4699734045213197,3.1528019056191035,0.3198370545020528,2.5312826688246415,3.8010438344081225,3.1689833697114915,10.042455597508,4.502894552584304,3.281797498660463,2.2577635462632335,0.03758189417174725,12,15,3038,ea86d866ff09421aa9b4271e5c102025e4ed4589ef308fb131af826ed3ef0618
50,C50-C1-231.xyz,C50-C1-231,C1,231,50,75,1,3,3,3.0,1.3885329250053,0.03619174919176711,1.3163827330985467,1.4785532692466645,3.1471914474542526,0.25189117544448936,2.6778600386510116,3.6707690914308406,3.1572556391898328,9.968263171196,4.224256120117881,3.2326523742870505,2.511354676791069,0.022329406561560836,12,15,3038,3e7cd2c00f2c0fab12d4338522985fac426b454c063736d223efc536261e536f
50,C50-C1-232.xyz,C50-C1-232,C1,232,50,75,1,3,3,3.0,1.388205890784376,0.04374391224186881,1.3091995646195427,1.4896268626740055,3.1551627261533963,0.3234345933821391,2.5784304985195936,3.7969208463300888,3.171696985007238,10.059661764704003,4.508158474752644,3.348326727811083,2.2031765621402752,0.039376346922723925,12,15,3038,c78953ba172eb1eb6775fb54eda85cc768db6c43ec3d1541f12c3b8000abee3b
50,C50-C1-233.xyz,C50-C1-233,C1,233,50,75,1,3,3,3.0,1.3887671978544045,0.03138121354608907,1.3252273540792916,1.460690038988423,3.148694785099512,0.26709340578744334,2.627720859770307,3.688677329514199,3.1600028065063483,9.985617737127999,4.280557099952399,3.301324545520023,2.4037360916555777,0.026511296274716295,12,15,3038,b008228cc47d45a513b9d79bf759c68f25e395e5e160629d24afb13af3dbd34c
50,C50-C1-235.xyz,C50-C1-235,C1,235,50,75,1,3,3,3.0,1.3887764299523102,0.03951887492808874,1.3084600643504563,1.4758804897416322,3.160416722028268,0.39367050138421256,2.382481479269881,3.945803026338745,3.1848407056768155,10.143210320535998,4.771302098747146,3.39314971506127,1.9787585067275812,0.05685055417233724,12,15,3038,25c23c30d3226ed387b69baae242ec95d97897c773164be2aa375bc050c028c8
50,C50-C1-236.xyz,C50-C1-236,C1,236,50,75,1,3,3,3.0,1.3884069960825125,0.03869617762088911,1.3096983049542363,1.4825207789437558,3.150871569445184,0.28307798987918986,2.618833108830725,3.6520701040242916,3.163562042301684,10.008124795492002,4.367296484750527,3.2674749240840333,2.373353386657441,0.029875782690553482,12,15,3038,d1e578e1e5bdecf1ed61e4351ac660eb6cb5bb2d577e3ea44e7fe35fa5d3a2e3
50,C50-C1-237.xyz,C50-C1-237,C1,237,50,75,1,3,3,3.0,1.388517575221955,0.03485889412679239,1.3151100220133676,1.4848236595636533,3.1451776138962213,0.21360724961028524,2.7471493460603846,3.581988599027082,3.1524229221409996,9.937770280039999,4.0283131697516055,3.3211800473910307,2.5882770628973635,0.015749851989042718,12,15,3038,9002988b439d173c8bdefa3f2f076f1d3376d48cb8425bb259b37b55dc8bc528
50,C50-C1-239.xyz,C50-C1-239,C1,239,50,75,1,3,3,3.0,1.3886986948485338,0.03244581112118516,1.3196838030376823,1.4824285918721347,3.148442681018994,0.2590690045102398,2.598754939589341,3.668786924099027,3.1590834216208976,9.979808064759998,4.232267185982051,3.3335744544583528,2.413966424319595,0.024898173019298347,12,15,3038,aea8c0379e9dddff7404c96eceb0c5335947a6096ca02731d2b8e3648c2b4a97
50,C50-C1-240.xyz,C50-C1-240,C1,240,50,75,1,3,3,3.0,1.3884492495601994,0.0347549123010261,1.3258321801796786,1.484626939672051,3.1414263072447612,0.1402037247242169,2.907349910197257,3.4445751087650853,3.144553438610322,9.888216328276,3.6951485481004522,3.3364918241870107,2.856575955988537,0.005431542235627585,12,15,3038,ba11599f5110461b32a5890f0bc4a50b0df2c56af6ca6f8271d05d4717c8169b
50,C50-C1-241.xyz,C50-C1-241,C1,241,50,75,1,3,3,3.0,1.3884771348917728,0.035095426331655355,1.3190564279059482,1.4830462265216144,3.1428866212790076,0.16865191190562717,2.766990526871388,3.4390572407268825,3.1474084230687316,9.906179781604001,3.6844935902069014,3.5463885039135867,2.675297687483513,0.009152678597874355,12,15,3038,f7b1ef804ada12fe63210dc218023190e66bf65a9bfc8a6b0cb3d558077fb003
50,C50-C1-243.xyz,C50-C1-243,C1,243,50,75,1,3,3,3.0,1.3886523006527207,0.03567804962773604,1.3202982428224315,1.4800161553172315,3.1481576794540915,0.272506803618231,2.560843870031127,3.672421331693301,3.1599298619944087,9.985156732724002,4.083362503595133,3.592808943613725,2.3089852855151447,0.02526123866897027,12,15,3038,88a729a2588c640b824dda465933158534ae1ee79ee6657585f03699c850aa71
50,C50-C1-244.xyz,C50-C1-244,C1,244,50,75,1,3,3,3.0,1.388867885029601,0.030678829835397683,1.3221128166688347,1.4642546875458518,3.1486249333187457,0.26586604776000133,2.5836666429963446,3.6747847837570027,3.1598296989027745,9.984523726067998,4.1491663534432455,3.523053228668172,2.312304143956581,0.02624112896751177,12,15,3038,842d3f81a1108af4decfb8443d451a40763d081d62956a448fba42b60a4367e2
50,C50-C1-245.xyz,C50-C1-245,C1,245,50,75,1,3,3,3.0,1.3889017829617196,0.029175116436622864,1.3331840158057702,1.4474964663169303,3.147107974200988,0.2603928934678416,2.62334561134289,3.66049391855143,3.1578621027916975,9.972093060248001,4.100166663940245,3.498130328517266,2.373796067790491,0.023163759098511167,12,15,3038,204b00c1d997f4409f18ad91cd1a40715b4826b9d046228b0acc8b65647c3d88
50,C50-C1-246.xyz,C50-C1-246,C1,246,50,75,1,3,3,3.0,1.3888795119508413,0.027049403256388254,1.332691607237023,1.4415841217216563,3.1431030676509066,0.18841975807079825,2.777007221289135,3.56984777573106,3.1487456072391744,9.914598899107999,3.945114817926022,3.3026544801287154,2.666829601053261,0.012467242254198312,12,15,3038,a6f699963964ed22226427ebac0687ec0fab61cf45b1834cddb6d0d20caa17da
50,C50-C1-248.xyz,C50-C1-248,C1,248,50,75,1,3,3,3.0,1.3888678667769632,0.026864223440742196,1.3272131290791243,1.4405316275597702,3.1436888463869224,0.19662209295616062,2.816351310199777,3.656733926725323,3.149831711430946,9.921439810336002,4.0778492788783804,3.059913940040337,2.7836765914172843,0.014158496878594103,12,15,3038,809c366860f8cea6c39b6a5d2f345da3720979e86bc7ca287ee2f77917909510
50,C50-C1-249.xyz,C50-C1-249,C1,249,50,75,1,3,3,3.0,1.388963936057871,0.025301795666707382,1.3334715969978514,1.4420865230630233,3.1446105610718305,0.21903489149335986,2.788200045603615,3.652501488227486,3.152229665569436,9.936551864496,4.1650498130691735,3.127656148857455,2.6438459025693706,0.018353760041159965,12,15,3038,5c6692183d372ddbdbf5e892d0c9a08ec0c8971dbebaeb0b0cbb4e8758fbf3d1
50,C50-C1-25.xyz,C50-C1-25,C1,25,50,75,1,3,3,3.0,1.3894595010878055,0.03131468936712664,1.3343546080409059,1.463986594883983,3.197142489186327,0.5859617301969977,2.328278118134515,4.429847851358328,3.2503955521468457,10.565071245415998,6.100946879064736,2.332042721218903,2.132081645132359,0.13436802516446925,12,15,3038,8ad7cd14dcae82008dc06183eec824bac1430ee850d568ebf40874de56b663ad
50,C50-C1-251.xyz,C50-C1-251,C1,251,50,75,1,3,3,3.0,1.388519773318741,0.034046316044559245,1.3173980302095492,1.4806732185056906,3.142381118132222,0.1661247425222585,2.7610906124805106,3.551885128537802,3.146769219639724,9.902156521671998,3.8367168297010714,3.3094569013352078,2.755982790635719,0.008935616351827812,12,15,3038,b40ea54c8800c06b6d8f38ce7095ab467ac8539ab666377734e30e162ee921ff
50,C50-C1-252.xyz,C50-C1-252,C1,252,50,75,1,3,3,3.0,1.3886140510126481,0.033363732758428834,1.323513456675073,1.4761579149941921,3.1436590719020723,0.19682955525987506,2.7196109989893777,3.575111839177063,3.1498149523703765,9.921334234175998,3.794292296160154,3.539745793664487,2.587296144351356,0.012337311170580354,12,15,3038,dd960ff1bdae97efda25c5f2a1cc4b7ddee3423233215fa3361706e19f6fcf26
50,C50-C1-259.xyz,C50-C1-259,C1,259,50,75,1,3,3,3.0,1.3887950401430174,0.030895953470021043,1.3259392180639353,1.478290475515553,3.144541814789686,0.2184625352393099,2.6911232637201885,3.6092175273507694,3.152121365725628,9.935869104263999,3.8691228730738705,3.5834990892375385,2.483247141952589,0.016271972178702458,12,15,3038,8903d2cc48e5057296856230b8f3932344172c45e6201482dd797970f0691979
50,C50-C1-26.xyz,C50-C1-26,C1,26,50,75,1,3,3,3.0,1.38954166234502,0.030017467261100102,1.3322436939239006,1.467278876015054,3.192596685934853,0.5678841694622201,2.4298347770644817,4.472615052855768,3.2427096738635113,10.515166028968,5.973494408958935,2.4909836725038987,2.0506879475051667,0.12530737778681617,12,15,3038,ecd2cfdbfa44c28e6cbbccce578740a73f0f56c986c6def469bf51f057ec8db7
50,C50-C1-268.xyz,C50-C1-268,C1,268,50,75,1,3,3,3.0,1.388848159903893,0.027609627515972162,1.3283760950875323,1.4576557172391567,3.1414503312822935,0.15437595655532038,2.84203278853781,3.424662834020891,3.145241186280632,9.892542119876,3.7693528360656803,3.4036824304004294,2.71950685340989,0.008706039470862495,12,15,3038,410657d75ee455b9693d630dcbc21bce104f6254bd9901f95b16a27c4040455d
50,C50-C1-28.xyz,C50-C1-28,C1,28,50,75,1,3,3,3.0,1.3895874532172687,0.03231389166409521,1.3309571180169555,1.4640386060483512,3.205324552494039,0.6158186377943496,2.3073856356326745,4.503871001074964,3.2639451713342242,10.653338081475999,6.275763805496528,2.373305356406452,2.0042689195730192,0.14807458201550283,12,15,3038,b5e1d4ee510a0d39183a296195e0803e18dcb80fae9e7819ee10d7459beb7556
50,C50-C1-29.xyz,C50-C1-29,C1,29,50,75,1,3,3,3.0,1.3890680453909994,0.03374276327790095,1.3274740072784854,1.4680690583211675,3.17102881818624,0.4554134475401188,2.4378367518831117,4.301367447130273,3.203564448230752,10.262825173968002,5.294787679849968,2.8408960594822505,2.1271414346357838,0.07863717625430655,12,15,3038,3aa6413c2e5ab607aaa72af66d7d91bd917b8007b1e14bfd36720c11b7e4166c
50,C50-C1-30.xyz,C50-C1-30,C1,30,50,75,1,3,3,3.0,1.389080789227922,0.034244060282040883,1.3210060295093282,1.4671558267614246,3.176107184381431,0.47814881689350935,2.4445118617474533,4.338619953974304,3.2118971244073182,10.316283137776,5.452138075644264,2.771181309673143,2.0929637524585942,0.0889426180170572,12,15,3038,e117213e7d360dc3feccb0e4d4cf145411ce287695d62ec5438d66058aa65ef9
50,C50-C1-31.xyz,C50-C1-31,C1,31,50,75,1,3,3,3.0,1.3890941285705085,0.032831374795154,1.3227016481429215,1.464015119457446,3.1725089553190746,0.4658200456488224,2.4813393208692758,4.36673078204874,3.2065248145785494,10.281801386508,5.400303955268731,2.6126168340756415,2.268880597163628,0.08369244064772965,12,15,3038,53bd80857d00f91f4cca33965abb55620cfac9fb63ad3a7258dfdadb2229589e
50,C50-C1-34.xyz,C50-C1-34,C1,34,50,75,1,3,3,3.0,1.3888607129687212,0.0361175705903452,1.3187621506549239,1.4690776051659085,3.1722491661349728,0.46910618487072686,2.441492132871208,4.100283942030357,3.2067468538579713,10.283225384727999,5.393810130880631,2.592540361768785,2.2968748920785833,0.08286719917462336,12,15,3038,a3cb7fa18c8bbf34a4c709650d64c94a6c0f24a9ce9be250f5bc3ab3cb969c54
50,C50-C1-35.xyz,C50-C1-35,C1,35,50,75,1,3,3,3.0,1.3892846665383856,0.02833423585217992,1.3223397218566795,1.4546606408368932,3.1726331602522784,0.4733249312297441,2.4455733881329347,4.115022670161611,3.2077465080732295,10.289637660055998,5.400693225557819,2.715001935990812,2.173942498507368,0.08461546727832185,12,15,3038,7847434bf0fb9c8a1531c528c9a3f0def0bcec8173db907f43cd691d16aef933
50,C50-C1-36.xyz,C50-C1-36,C1,36,50,75,1,3,3,3.0,1.3892711349110234,0.03183934206350851,1.3209261182973104,1.4552190247519445,3.180661279019391,0.5104979100747971,2.444341941332268,4.250508643980859,3.221368387509258,10.377214288043998,5.64507936478019,2.6839295255667452,2.048205397697063,0.10265929429352415,12,15,3038,219ed5c4ba1abbdd37b9f39a7748700bb13838d743a58af7fbfd1e7511659617
50,C50-C1-37.xyz,C50-C1-37,C1,37,50,75,1,3,3,3.0,1.389065001054107,0.031977592882432494,1.3220447534028494,1.4664604495178177,3.1679620808053066,0.4389604550112797,2.5154627852774922,4.112044969223463,3.1982292016808307,10.228670026484004,5.2323878788087175,2.6943099405560025,2.3019722071192827,0.07255916043418997,12,15,3038,6b8acd587548ab3ded6c625b210ff7cfd1440c8cd6dd29c190a390ee12062f5e
50,C50-C1-38.xyz,C50-C1-38,C1,38,50,75,1,3,3,3.0,1.3889991534657993,0.033782292274107575,1.3206466029941544,1.470091578780043,3.167449932196785,0.4454577385370904,2.427644757620851,4.107707318103859,3.1986202759621216,10.231171669795998,5.142058558187418,2.9657142877335816,2.123398823875,0.06953912452693232,12,15,3038,c34395f85e4d7341b7e7d033f290bbdcacc325153fe49a8f8006627242a7f0ab
50,C50-C1-39.xyz,C50-C1-39,C1,39,50,75,1,3,3,3.0,1.389051703064178,0.02967027605488465,1.331066463404439,1.4666548537403066,3.1622451146659913,0.40252350240832896,2.560204645371147,4.115227267427644,3.1877608654383094,10.161819335219999,5.039477888809822,2.7515333348376676,2.3708081115725097,0.060532292054512216,12,15,3038,e812508f47ae8ceae8cf29bbb8c143c7b93ba09fe9f18707d0eb84feeaee8c51
50,C50-C1-40.xyz,C50-C1-40,C1,40,50,75,1,3,3,3.0,1.3893866898734233,0.022636598741240892,1.3312956395932498,1.4649507773300783,3.166420345490246,0.4364784965258135,2.5713324851788424,4.201232654654584,3.1963621950999235,10.216731282264,5.250914909161066,2.6173581540511965,2.348458219051737,0.07392195308933586,12,15,3038,c91f3f3a448a6e1b125fabcd6a2073a70cc7ff0cd142d6e367377d98b1c5f140
50,C50-C1-41.xyz,C50-C1-41,C1,41,50,75,1,3,3,3.0,1.3893029263527303,0.02898158773669405,1.3373470379822885,1.4725321626368644,3.1740237373881746,0.48561592324840785,2.4498912852581847,4.25103328704728,3.210957724794271,10.310249510416,5.476562746930399,2.6666575073389267,2.1670292561466735,0.08983059312905965,12,15,3038,4ba0b9b0641ee8e7e6d1e9cd62e7e4dbd23b99b3b6b187bb595bd8ecd9344a36
50,C50-C1-44.xyz,C50-C1-44,C1,44,50,75,1,3,3,3.0,1.3886426356349069,0.03288651745430716,1.3175850067452952,1.4674713625825888,3.146607398015583,0.2548101181067997,2.6803139217009635,3.753265610700101,3.15690771381363,9.966066313536,4.196951580338004,3.262187291420483,2.5069274417775143,0.021648590540479927,12,15,3038,1503652ea10106b0245667fd13bc5f28c5b18e5e1414e100c43b6db14da22822
50,C50-C1-45.xyz,C50-C1-45,C1,45,50,75,1,3,3,3.0,1.3891355618802819,0.03086617219902918,1.327473916881232,1.45857697088635,3.162364284021359,0.4245111987899481,2.4734814432390633,4.041800078931168,3.1907299513985827,10.180757622752001,4.940116794288617,3.0817576148402295,2.158883213623154,0.058083496400720906,12,15,3038,fd4f1ccd2012d028fd1e02c0d45ac01d28cc329cb4cd60e814cf6be2a0c85ff9
50,C50-C1-46.xyz,C50-C1-46,C1,46,50,75,1,3,3,3.0,1.4200223487581995,1.8883320457474737e-05,1.419995377492476,1.420096104529549,3.1889985515585972,0.3152233972198285,2.661597380651769,4.089238480259664,3.2045401467289563,10.26907755199764,4.388898168690881,3.3128840295435174,2.5672953537632415,0.02385849717628667,12,15,3038,5b2b1d98e1acf2df52cf78ba59981ad06caa2c7ef72d9abb0438853f48492d98
50,C50-C1-47.xyz,C50-C1-47,C1,47,50,75,1,3,3,3.0,1.3889922527035772,0.03136991652483668,1.3260459343476756,1.4697549285510152,3.160505606760338,0.39254981233018915,2.596076404013565,4.128405833233454,3.1847905811095334,10.142891045524,4.983606402487598,2.7790343831188773,2.3802502599175237,0.057332969112743624,12,15,3038,5e4afeafc4d0381d502ed4c89cffa048529dbeb958147c05288f22fe1f24cb0c
50,C50-C1-48.xyz,C50-C1-48,C1,48,50,75,1,3,3,3.0,1.38912200027184,0.03210176673376391,1.3207440705905138,1.469596886904705,3.171735712928124,0.4693203180561457,2.4364966874174074,4.199427822810627,3.206270262096444,10.280168993604,5.373235659382957,2.829328341060029,2.0776049931610134,0.08467740566931445,12,15,3038,966453c3572beb23adbbdd81199c9811d459cad353c0403e7a86d4d26b0c8f17
50,C50-C1-49.xyz,C50-C1-49,C1,49,50,75,1,3,3,3.0,1.3890358047946119,0.031183757501576894,1.3354776523776053,1.4706646558614238,3.163009505067508,0.41077129472322627,2.5586242872457845,4.161136730808542,3.189570846636895,10.173362185716,5.102517660816661,2.7423058508800557,2.3285386740192835,0.06491359060699636,12,15,3038,2d7024e4b25b60bf4dfad3d11ec574a63cd625b6e977ed00c2ffb3cc0d454c9c
50,C50-C1-50.xyz,C50-C1-50,C1,50,50,75,1,3,3,3.0,1.3889474965164226,0.03778543706370574,1.3066020740837663,1.4732460215456207,3.1655447363881337,0.438311324308855,2.387834308805366,4.142651729062921,3.195745655569605,10.212790295092002,5.050469801931964,3.2062031777904414,1.956117315369596,0.06969750731834648,12,15,3038,5fd26b2b4c8293d5cbca2d8902e02b263adc9a3105938ac0ffcc0eee7c936162
50,C50-C1-51.xyz,C50-C1-51,C1,51,50,75,1,3,3,3.0,1.3890957042694232,0.028264009745635314,1.329167863740318,1.4708334983947027,3.160299207965569,0.3990942316548815,2.629040155720715,4.124340486379853,3.1853990785469875,10.146767289607997,4.997701704237628,2.8110555351250968,2.3380100502452725,0.05866122030726112,12,15,3038,57564451e63e3bc7e8f2ebee4a8e1be20a27b0604c0fd30e33e339ff4425fcfb
50,C50-C1-52.xyz,C50-C1-52,C1,52,50,75,1,3,3,3.0,1.3891930987480967,0.02517594600660196,1.3319228243408099,1.457311253644876,3.160785553621151,0.386562601372449,2.5967234594465385,4.1218902196007114,3.184336031382367,10.139995960760004,4.9854720819754235,2.7340595638350966,2.420464314949483,0.05712176720300983,12,15,3038,b442c16213469dc4ceec80d80e27da478caec2899b954dfc7f48dfee00cf387a
50,C50-C1-53.xyz,C50-C1-53,C1,53,50,75,1,3,3,3.0,1.38927102167388,0.026593108202702193,1.3391673719143549,1.4590916797788958,3.1680794617390955,0.4467671546509669,2.5464259298145704,4.15611352723094,3.199426255810251,10.236328366368001,5.281837347810697,2.7139147200273195,2.240576298529985,0.07667099545453128,12,15,3038,d7c745288efcd0db6457f18ea36714e32f8cbdb8732c132c7976e7badeddcba9
50,C50-C1-54.xyz,C50-C1-54,C1,54,50,75,1,3,3,3.0,1.3890652438518611,0.029791008533380615,1.3242522833659756,1.4646262902187712,3.162799269105446,0.40484225420534,2.578000883777195,4.142955391403099,3.1886041565932883,10.167196467443997,5.066656549072089,2.756333498328338,2.3442064200435704,0.06248882932011914,12,15,3038,42ee698fad8847f2de79ef8f0b76ab4b7795e3e748b6941a7b20d96d717a2dd5
50,C50-C1-55.xyz,C50-C1-55,C1,55,50,75,1,3,3,3.0,1.389131375287992,0.026809494409483516,1.3237896434101606,1.4687677760626423,3.1585706907763647,0.37448696730930175,2.573630776487567,4.134219450982737,3.1806932101848493,10.116809297316003,4.880719031838043,2.873886700114975,2.3622035653629836,0.051940075306899425,12,15,3038,4037bb9d497ce08a77c33fb4a97fbb894c533d8745245b3078a6fddba1f81f2c
50,C50-C1-56.xyz,C50-C1-56,C1,56,50,75,1,3,3,3.0,1.3896602837878544,0.03444229080641178,1.328562264254107,1.4655102251434482,3.1676414057826783,0.4860395550931448,2.209046457740534,4.109481965413159,3.2047131735529777,10.270186524743998,5.067698252139479,3.413220151380236,1.7892681212242838,0.07642738788877919,12,15,3038,1bb0cbe9014efecc0196660f0f8207ec2978410c8329b411c74f9b61542c55de
50,C50-C1-57.xyz,C50-C1-57,C1,57,50,75,1,3,3,3.0,1.3886478843615315,0.0351710324686226,1.3216036243897034,1.4678818106373552,3.154249024024901,0.3345009038881084,2.6318041261720073,4.041002127756926,3.1719359640862863,10.061177760263998,4.656627267902533,2.7553739558329813,2.6491765365284845,0.03781539488089684,12,15,3038,db323a31291dcf19ae1dd1240cc2810b9f4e013771bf1fdac7cf571ca4016185
50,C50-C1-58.xyz,C50-C1-58,C1,58,50,75,1,3,3,3.0,1.3890429746486204,0.031161911248274443,1.3267609430488978,1.4676014070584698,3.155004310339748,0.36114120983572123,2.5295621317326833,4.10370071607275,3.1756062683689237,10.084475171704,4.700741518267294,3.096680859392701,2.287052794044005,0.044516719060303404,12,15,3038,1608552a152adf998d4c35a9ecdd86aa346a041608452339d77b12cc216d5652
50,C50-C1-59.xyz,C50-C1-59,C1,59,50,75,1,3,3,3.0,1.3898292950115212,0.03656125537293184,1.3242454493031115,1.4639586537877358,3.2106848816151934,0.6482769037005959,2.284788902348749,4.5138798603303565,3.2754786448554354,10.728760352904,6.388485681701902,2.669756376746499,1.6705182944555992,0.1610973555373205,12,15,3038,46c8bb2ddf8ce78abfe778b156dd6fd2197efeb2814f0e19283845a43445f9f4
50,C50-C1-60.xyz,C50-C1-60,C1,60,50,75,1,3,3,3.0,1.3894242417003844,0.03546203851038789,1.3205023438070829,1.4677464358669041,3.1606964087931964,0.43595198033474847,2.3222075542216296,4.109915669947985,3.1906199895499934,10.180055917716,4.685828293545668,3.635929581654537,1.858298042515797,0.059137170714770614,12,15,3038,9b0d8b2ee7c9af3e792ec9726fe278a8e6827cca8bbbbf207761edcc436f7a5d
50,C50-C1-62.xyz,C50-C1-62,C1,62,50,75,1,3,3,3.0,1.3887618322256279,0.03541624137761787,1.3188535134729709,1.4663368712543512,3.1525885096588757,0.339523312352527,2.5630759718619345,4.029258330851473,3.1708185679511844,10.054090390864001,4.54172373425897,3.137562236508258,2.3748044200967735,0.035856098418981026,12,15,3038,f00520c36ebe4daf934c72a0ffae4f82e2d7b0b3070d290f54d19d1bcd8dc744
50,C50-C1-63.xyz,C50-C1-63,C1,63,50,75,1,3,3,3.0,1.3888876119561342,0.037632348072543606,1.3164470555248318,1.4693669589316347,3.1620814681757405,0.40310953312909314,2.47217369376021,4.085867298740868,3.1876725846736518,10.161256507080001,4.828364971677575,3.326731755925518,2.006159779476907,0.057934738176238995,12,15,3038,0f5c6f853571ed94b5a5109f761b511a2b17c40613f6f1299427cf77a1db8bf2
50,C50-C1-65.xyz,C50-C1-65,C1,65,50,75,1,3,3,3.0,1.38902478757349,0.03207868097487144,1.323560263078338,1.4717390631494431,3.1683664865129253,0.4445554713753253,2.528055405447436,4.190346604734744,3.199402406698476,10.236175759988,5.26990637727089,2.638044028593421,2.328225354123689,0.07480568750085934,12,15,3038,8ee07b0dc86fa1bb4bf7b52d9468ba8e6e11b5e825c12cba7ec524650fb44969
50,C50-C1-66.xyz,C50-C1-66,C1,66,50,75,1,3,3,3.0,1.3889901340428108,0.03359686987008234,1.3090999350698937,1.464869062407968,3.165847124084988,0.42876948041903806,2.460196927724283,4.14576558714841,3.194750581878967,10.206431280416,5.090224663773318,2.9708924735662925,2.14531414307639,0.06645618577642758,12,15,3038,83758e530441e85a1b80542050d98d54a6f0d46f805883b13140db89de98f93e
50,C50-C1-68.xyz,C50-C1-68,C1,68,50,75,1,3,3,3.0,1.3892377748039653,0.02677195779902114,1.3332902834716824,1.4709163844352269,3.165421276433585,0.4292711049786333,2.617058909946813,4.171842946244741,3.1943959583727253,10.204165538868,5.187028061043791,2.6640819154102093,2.3530555624139993,0.06959613712461217,12,15,3038,d097b49dd3550b9d7d50487efec4eb9bddce4f7d930565df6d5a592104982e5a
50,C50-C1-7.xyz,C50-C1-7,C1,7,50,75,1,3,3,3.0,1.3900975894753425,0.025838268805042683,1.344513465905046,1.4549007045156037,3.2160253599259057,0.6719780182576276,2.298151531708038,4.607917072896604,3.2854791998592834,10.794373572707997,6.5977416519403365,2.308349285539323,1.8882826352283386,0.17488358846197566,12,15,3038,6ebc221fd8409cea22c45a3e3e457c687f7dff2aa6cc84f0bbe50cd39cf234b0
50,C50-C1-70.xyz,C50-C1-70,C1,70,50,75,1,3,3,3.0,1.3890073924837998,0.029885377004288085,1.3332098259463887,1.4664400021821555,3.1556629023309215,0.3568073521781546,2.5324494704700427,4.0345279744827645,3.175770747348744,10.085519839716001,4.69735001993979,3.0639636398764476,2.3242061798997633,0.04348802098303456,12,15,3038,2542ab72855f3a8d9d310228a6f6d561b95c3286cd55898111dd5d198c6d1067
50,C50-C1-71.xyz,C50-C1-71,C1,71,50,75,1,3,3,3.0,1.3893388859846931,0.03243076765684386,1.331093948600173,1.4718818328928445,3.157206723251478,0.4262345025120167,2.3139062772126273,4.059639135652823,3.185848418314343,10.149630144476003,4.756851125071102,3.405606954546845,1.987172064858056,0.055860512193520444,12,15,3038,7c764fd5fea00c1bb5cf03e31a6eaac1e91dc503564bdeeedc61030ef1972c47
50,C50-C1-73.xyz,C50-C1-73,C1,73,50,75,1,3,3,3.0,1.3890147962096289,0.034776136128908924,1.3122443255735572,1.472094056098319,3.1690653778224775,0.4440354572946556,2.415389960182827,4.144282040806586,3.2000223212109002,10.240142856248,5.169722935197415,3.0240207019228933,2.0463992191276916,0.07302525315527357,12,15,3038,fb481cc1d150e3d3fb80eec99dc1649a5ab4f94ed14ae420c2c451061aba5f7f
50,C50-C1-75.xyz,C50-C1-75,C1,75,50,75,1,3,3,3.0,1.3894160977284624,0.026122182904170007,1.331098242054282,1.449763615214563,3.180052303200513,0.5074695471031853,2.4862055298932955,4.21494162465769,3.2202884952016335,10.370257992328,5.666391158838052,2.5193780013455926,2.184488832144355,0.10293389905534854,12,15,3038,df795bf48e6433905d0dfa969ad5e69832d17ff3fe1507babb5a662688684f25
50,C50-C1-76.xyz,C50-C1-76,C1,76,50,75,1,3,3,3.0,1.3891142613249567,0.0336837257977864,1.3222909097471705,1.4753374732582374,3.1784292718659968,0.5004701872653206,2.445830112907272,4.2145208586035015,3.2175896327213627,10.352883044595995,5.577814105801775,2.663322130091999,2.111746808702221,0.09708759373701284,12,15,3038,3ab896abb1fb7abff90e747ffcbdebd4fa11d44c762c448fbd35f4c8d77b4afa
50,C50-C1-77.xyz,C50-C1-77,C1,77,50,75,1,3,3,3.0,1.3892172633455688,0.03150573528710687,1.328327794635044,1.466022145126055,3.1751931917258607,0.47506422998763354,2.4230475560343425,4.237690826901368,3.210535442476223,10.307537827395997,5.4665669796301195,2.712175225672252,2.128795622093625,0.08973440170583746,12,15,3038,ac87268bf41b017441833f897ff64038efa8541800471f011b0ed1abdc3a432f
50,C50-C1-79.xyz,C50-C1-79,C1,79,50,75,1,3,3,3.0,1.3893218008864707,0.03389673113404021,1.3321158695849247,1.4648837598935966,3.191001946871199,0.556777393165539,2.319124536139446,4.266788734461081,3.2392120169071985,10.492494490476,5.917045870218397,2.59094420536414,1.9845044148934634,0.12215009335654799,12,15,3038,615a66a8c9092b5cf17dae5e83d0efd1191b6ad2dfa9ca7af365df7933e016f5
50,C50-C1-81.xyz,C50-C1-81,C1,81,50,75,1,3,3,3.0,1.389036008111466,0.03459827986710544,1.3204509684195018,1.4689515240469988,3.167602877771866,0.44151924669644427,2.4430985360251025,4.195487560263765,3.198225638767847,10.228647236472003,5.1710323241981895,2.972984581456777,2.084630330817036,0.0723843820732326,12,15,3038,2535ea61d3e08c199f56404a2464b6a85a9e97913456ac7bfa5212413c9e902b
50,C50-C1-82.xyz,C50-C1-82,C1,82,50,75,1,3,3,3.0,1.3890885981424097,0.03231750161684047,1.3199241266072834,1.4684648616837923,3.167340365700058,0.43960554559630105,2.5423859468790333,4.170737837755809,3.197701991729686,10.225298027911998,5.2563487562383315,2.730650029299984,2.238299242373683,0.07522321980331702,12,15,3038,7acec8123150c7c0874cee2610cf0b3a5303fee1c37072efe2520859694bf653
50,C50-C1-83.xyz,C50-C1-83,C1,83,50,75,1,3,3,3.0,1.3889793366576857,0.03236785552533395,1.3299474087346463,1.4677131395473708,3.164270948201389,0.4092468120739382,2.563810845202118,4.1395408810610865,3.190625892646143,10.180093586823997,5.122362238775399,2.6876936598543444,2.3700376881942544,0.06563370488155881,12,15,3038,c811754bcd3735d3628ad50b55c797aeab0268a10e60faf55baaf741a4987777
50,C50-C1-84.xyz,C50-C1-84,C1,84,50,75,1,3,3,3.0,1.3890116761914915,0.034636498144343185,1.3255143756293253,1.4706402823260352,3.1737457300927354,0.4667287293772816,2.4950410891390145,4.167944213601232,3.207880556708432,10.290497666108001,5.385413789013599,2.8126764801786717,2.0924073969157306,0.08490376130891411,12,15,3038,afe686917f9614f9b3f1a582a177902388e5a6599242f27f3f500d3cdd43f35e
50,C50-C1-85.xyz,C50-C1-85,C1,85,50,75,1,3,3,3.0,1.3891284477879713,0.03112377354235729,1.3236753793887683,1.4744327926358667,3.1668782092795107,0.4313922755852202,2.570583986715081,4.185584645369868,3.1961252928888757,10.215216887844,5.19354721885197,2.823629438976695,2.198040230015335,0.07178169657350227,12,15,3038,1e8ce9b0e3798cbac62e47d313c52e7f545ab296408c8ad7dfa660e73d13fca9
50,C50-C1-87.xyz,C50-C1-87,C1,87,50,75,1,3,3,3.0,1.3892288823706003,0.028730320580644824,1.3316915258422275,1.4514537884479821,3.1688705008939535,0.4480756658468566,2.5210063411740955,4.174591198122277,3.200392484330633,10.242512053759999,5.291809318062979,2.7536650177413375,2.1970377179556824,0.07782751441989652,12,15,3038,e1769991d17d8bfdc380f345c89890fd3f7c03f2a0c1551fc79484755a6309f4
50,C50-C1-89.xyz,C50-C1-89,C1,89,50,75,1,3,3,3.0,1.3891127239431305,0.03340673054884409,1.335690585427628,1.4625221023970887,3.165908466020838,0.4303514790465884,2.416119075430679,4.076800306644906,3.195024070447671,10.208178810740003,5.036187514889097,3.1364796038617593,2.035511691989147,0.06633473379931734,12,15,3038,b93a06b7220991fd80be32b1e7fb82c5eeaf07fa17504d1e846b6ddc2bb04bd5
50,C50-C1-9.xyz,C50-C1-9,C1,9,50,75,1,3,3,3.0,1.3894787033404528,0.030247554667006314,1.3272347832994733,1.4583890907436192,3.1942635259948404,0.5768525756993786,2.368892745146559,4.465257328173596,3.245932588269818,10.536078367592,5.994393969064619,2.4714435431339674,2.0702408553934126,0.12598588502517244,12,15,3038,6f78b2cb4a0f689277f523e7a17dcfd3120e6616bb10257aac826a15086dd957
50,C50-C1-90.xyz,C50-C1-90,C1,90,50,75,1,3,3,3.0,1.3889710337422339,0.033797007141110495,1.3236882525730898,1.4703328160658047,3.1699635584312045,0.44603601954794375,2.4939315010007794,4.123327472816584,3.2011899494587945,10.247617092516,5.28679019693071,2.665493284419045,2.295333611166245,0.07597596726081714,12,15,3038,a2071d67409c8d735aeceed05c3f50e26c94bf43454ea138fae55d08911a64fe
50,C50-C1-94.xyz,C50-C1-94,C1,94,50,75,1,3,3,3.0,1.388919897543891,0.03592792516507435,1.314790857893376,1.471115967556603,3.1754142047327303,0.4784641471266208,2.445097257512674,4.088197567571314,3.21125883598691,10.312183311704002,5.474867842682017,2.6852032281311695,2.1521122408908155,0.08983880654696748,12,15,3038,d5c21c6359921fadac67b4feea63b45ca1cb81a295448fbc280829f18f4c53d2
50,C50-C1-96.xyz,C50-C1-96,C1,96,50,75,1,3,3,3.0,1.389134866779766,0.030843188822846118,1.326566741630439,1.4650292863966918,3.1690687525334424,0.4467819275666005,2.4463720379198257,3.9619248865060532,3.2004079191696797,10.242610849083999,5.3171757589820094,2.6151876802371326,2.310247409864858,0.0783298899981463,12,15,3038,1dc7c528a14927c4cbc825d6be47dd8e7dba629b120739d51f58d46eb122890f
50,C50-C1-97.xyz,C50-C1-97,C1,97,50,75,1,3,3,3.0,1.389085118396966,0.029055530421706152,1.33796689420927,1.4658457285812856,3.1618711098993217,0.3911926203445407,2.5443085176864852,3.957965030210853,3.1859787478619497,10.150460581827996,5.010965620040988,2.8326423544498405,2.306852607337167,0.059854182421630445,12,15,3038,354f74dfcd87568847b1dfd28bd00c4864400133c03593fba4fffe1376e95bcc
50,C50-C1-98.xyz,C50-C1-98,C1,98,50,75,1,3,3,3.0,1.3892810031044602,0.02306720355248464,1.3515582340395103,1.4494865677197564,3.162545530702774,0.3985558637630505,2.5940509574586237,4.019730835950586,3.1875603539867288,10.160541010307998,5.081900476820648,2.688659211122676,2.389981322364674,0.06326846185477324,12,15,3038,33acf2192127cc1f07af6e4b7c87109f68d281f4eee0588369fcb3ad0a31149b
50,C50-C1-99.xyz,C50-C1-99,C1,99,50,75,1,3,3,3.0,1.3890757902447526,0.028547336523436103,1.3399036681791718,1.4653471056374323,3.159916199414154,0.3778200454555112,2.5642537894935438,3.934546143652658,3.1824233492840013,10.127818374068,4.951292432292199,2.7692506599854494,2.4072752817903504,0.05539658786688045,12,15,3038,9a8df2248b878f2d52dc80fabd40f9867f9673619631981f0d2851b252b6fbdb
50,C50-C2-108.xyz,C50-C2-108,C2,108,50,75,1,3,3,3.0,1.3891642177912888,0.025492187201496957,1.3412912733630975,1.4525927061637067,3.158659431267615,0.3777437838378653,2.6123610263583403,3.984409382384797,3.18116641642087,10.119819768964,4.915423447639884,2.8273586412604232,2.377037680063692,0.05373559746913927,12,15,3038,da5802004c83874f6aac79d5c29a9511a659019efebff896e3a7bf7f8eeb6776
50,C50-C2-116.xyz,C50-C2-116,C2,116,50,75,1,3,3,3.0,1.3888239028820861,0.03746726015296702,1.3126698899571059,1.4666419399430797,3.15848832539945,0.3757621654442885,2.454312957741127,3.8446560029911647,3.180761812312265,10.117245706664004,4.538750209282637,3.5566564162405006,2.0218390811408655,0.04716266328822061,12,15,3038,9744a05b84505f5004578b01668faaefe2aae900e4d747d1cc77c86afd2df60c
50,C50-C2-138.xyz,C50-C2-138,C2,138,50,75,1,3,3,3.0,1.3885680785573027,0.045283280339960166,1.2988357132447508,1.4741836859767508,3.1785989703367257,0.48747751604182266,2.3233803536932993,4.08605095557165,3.2157620780884897,10.341125742872,5.421567474635564,3.0802179144373536,1.8393403537990822,0.09282893988692632,12,15,3038,43eef61a15d9261895ec7c29fc5c72f3e418447ec3f98241bf2c0d0505b5891b
50,C50-C2-156.xyz,C50-C2-156,C2,156,50,75,1,3,3,3.0,1.3885658024958398,0.037072129770901685,1.32846553210838,1.4787333802954472,3.148037606432924,0.29248106552744274,2.615825875701974,3.729335903561384,3.161595474631124,9.995685945208002,4.076051716480029,3.5435147096392736,2.3761195190887,0.02270046533697045,12,15,3038,b52e856ee29d4f424188000ea5ca218f1e291bc3e3977cbaaaa9c86eed0db657
50,C50-C2-167.xyz,C50-C2-167,C2,167,50,75,1,3,3,3.0,1.388607992390474,0.035405214342393,1.326599615558515,1.4687860327494946,3.1492198424425,0.2821591518034314,2.6010861366014004,3.6981927505769625,3.1618348158909253,9.997199402980002,4.335978363243035,3.241377123998142,2.419843915738826,0.027738734358420076,12,15,3038,4b5b135531ec03c2594e5a7ae5fda26b7dc17e643be138c8901248fd21dc19ca
50,C50-C2-175.xyz,C50-C2-175,C2,175,50,75,1,3,3,3.0,1.3891026618582865,0.037788584055101306,1.3253291515695262,1.4683739884647917,3.1575147868060442,0.4045023521528417,2.375765631202708,3.8060771181367303,3.183319302519934,10.133521781795999,4.601550810431511,3.6484191191061828,1.8835518522583046,0.055560072864457674,12,15,3038,0b95cd5707f0e05e73dc5372e3f0ba19dd16ebf7d9d456e86dcd2a6de779259c
50,C50-C2-18.xyz,C50-C2-18,C2,18,50,75,1,3,3,3.0,1.390128004824129,0.03341318607507022,1.331510818581659,1.4618750083368959,3.1923710073960927,0.6031110561520603,2.2244472014601744,4.4413397073049925,3.2488421929844487,10.554975594916002,6.013981486300898,2.850842814184748,1.6901512944303554,0.13485697078518144,12,15,3038,dece0dacf6af9b7a4a8928815d64c560f136d5bda38669b9706b75a448bad995
50,C50-C2-180.xyz,C50-C2-180,C2,180,50,75,1,3,3,3.0,1.3885597738218798,0.03923481095146512,1.3238420789505072,1.473474512843707,3.1540031613789568,0.3415505274473179,2.554076011204835,3.778651139204571,3.1724427031528877,10.064392704788002,4.558253559106066,3.2515001447516796,2.254639000930255,0.03952916626099902,12,15,3038,48a235fa699054d9b0691531f34d04ab73ac97d92f216613bd75680864d6fb66
50,C50-C2-2.xyz,C50-C2-2,C2,2,50,75,1,3,3,3.0,1.390529479849053,0.026752100304869873,1.3481035345996242,1.4512187739965328,3.26959351809367,0.824284928968045,2.1815057345136637,4.760395502152735,3.3718967092252394,11.369687417683998,7.620339664756607,2.006183245206517,1.743164507720875,0.2557794747526179,12,15,3038,5c3cdc338c76aced7dd34239b66286db148307ca5b3843dd774e789b32c6e1b8
50,C50-C2-203.xyz,C50-C2-203,C2,203,50,75,1,3,3,3.0,1.3887498849648947,0.031155905967548577,1.3183868514210841,1.4577601002908536,3.144411044649869,0.2456121039035374,2.6848941674673137,3.6644219050895326,3.1539889225074966,9.9476461233,3.8533744460246586,3.6211846395763434,2.473087037698998,0.01655910044367741,12,15,3038,459dfad6303320e2ca37b1bb73ef58e8dda1947da576d61db0f26ce882ba2a94
50,C50-C2-205.xyz,C50-C2-205,C2,205,50,75,1,3,3,3.0,1.3884120420543404,0.0378661468662553,1.3189291451780114,1.4765452007981335,3.144902145698999,0.23122912566938536,2.698140587815987,3.5961342426583576,3.153391256184364,9.94387641458,3.9725297404403253,3.4128358218883994,2.5585108522512745,0.015385098025912317,12,15,3038,7e2cd9971f6fb1c4149fa20d7def682dfa28ee1d682b752398d3dc947a772623
50,C50-C2-210.xyz,C50-C2-210,C2,210,50,75,1,3,3,3.0,1.3889593076170363,0.03233926690577631,1.333256156933093,1.4675713645339363,3.1648627900495687,0.4083620994064727,2.5718874029646015,3.952926552862828,3.1910995102114885,10.183116084072001,5.139468622746301,2.56930618723547,2.4743412740902304,0.06614371087800121,12,15,3038,2d9aa084677814b0a3664125367115ab4acfe24aebd4a7d9553911760b7a0253
50,C50-C2-214.xyz,C50-C2-214,C2,214,50,75,1,3,3,3.0,1.3888193435091223,0.03034955070877313,1.329363592099618,1.46081069273195,3.149531117179206,0.27218952618331793,2.7327056971353496,3.721734744437868,3.1612708514526244,9.993633396244,4.435809969406819,3.045100748503066,2.5127226783341157,0.02961651569830847,12,15,3038,19897f21d68e0c812a6d00a24b7672f34ac8bade10643af3d12b1a9d4a4c8679
50,C50-C2-226.xyz,C50-C2-226,C2,226,50,75,1,3,3,3.0,1.3891130884507508,0.024762633707860006,1.3454040656992234,1.4411895711529417,3.1488144991086413,0.2767823751672004,2.6624015202444578,3.725224724577029,3.1609557467639435,9.991641233,4.324897211047301,3.2853415841572424,2.381402437795454,0.028422264235430088,12,15,3038,0de29365b93c80eb2650efcf45635cf7c596f65d5d733d104c2f83ddb243e63c
50,C50-C2-229.xyz,C50-C2-229,C2,229,50,75,1,3,3,3.0,1.3890597226995673,0.028501169107044755,1.3374145094173309,1.472140421291393,3.154909688955164,0.3408544109628466,2.5634079057894787,3.8215310874915045,3.173269114798806,10.069636874935998,4.708775545991072,3.0691213484085256,2.2917399805364016,0.04504470418058225,12,15,3038,912e125826b6aeb7a14888c18a299bae858ed71556740bcf2aa2887debeac924
50,C50-C2-234.xyz,C50-C2-234,C2,234,50,75,1,3,3,3.0,1.38828993624057,0.04074067582266058,1.3208476520780132,1.4755637058426179,3.1536834308971673,0.31339520102367807,2.6078210248903204,3.7561138847298015,3.1692168960706995,10.04393573434,4.5846777101406335,3.0237581161146103,2.435499908084756,0.03668435565895811,12,15,3038,3130ee60a259cc71fea6262ab35946b02de629dad94b5befa44a9b044b96e66f
50,C50-C2-238.xyz,C50-C2-238,C2,238,50,75,1,3,3,3.0,1.38845412702979,0.03977911596903151,1.30677866909435,1.4825755461358454,3.1530490336131516,0.30131741224689557,2.5850124006101014,3.59870551817011,3.167413833286077,10.032510391292,4.2639505935553945,3.60229926133535,2.1662605364012557,0.03427822441112192,12,15,3038,9d24a5a234c99e5293363844b23dc9f4cbdd433e79c7ef09eb0b0131fba87198
50,C50-C2-24.xyz,C50-C2-24,C2,24,50,75,1,3,3,3.0,1.3897785689133768,0.02514038031573931,1.341350174264722,1.4637797546079123,3.20091206052646,0.6081252936231571,2.432891027241459,4.468811001198418,3.258167336397564,10.615654391967997,6.2296143796833245,2.2850812732896872,2.100958738994986,0.14481509649727764,12,15,3038,3edc15fb732cef0208d81712a76d4f841262f321edbb39271f4f148177b5e445
50,C50-C2-250.xyz,C50-C2-250,C2,250,50,75,1,3,3,3.0,1.3887679968320006,0.029788060951211164,1.332704956094934,1.4367781352735016,3.1436786195875936,0.20692182377855659,2.848956996936247,3.6227079977817693,3.1504812179106865,9.925531904408002,4.120325168031327,2.914766262552882,2.8904404738237934,0.015056309895771502,12,15,3038,e92cb8ecab90d0d5747af054048fa83d3a9144db607f016c43038c2dc156b2d3
50,C50-C2-254.xyz,C50-C2-254,C2,254,50,75,1,3,3,3.0,1.3889384278074088,0.02807829101903899,1.3239442133262262,1.439986770772565,3.150435640833793,0.2865557884045788,2.762379517788242,3.7660415044839857,3.1634409978540776,10.007358946904002,4.525573228047393,2.947132743165288,2.5346529756913205,0.03307818483628767,12,15,3038,79a208ce9a83d173d50f243535b0065ee4b2d67306e397214d5b533e7b9d9950
50,C50-C2-255.xyz,C50-C2-255,C2,255,50,75,1,3,3,3.0,1.3888522666003686,0.029858277897730757,1.3227956040144675,1.4373699141139693,3.1495004590794724,0.2782314462928176,2.8059794647416787,3.719903478821998,3.161766259458153,9.996765879447999,4.5059479410203345,2.7757924837101005,2.715025454717563,0.031042745400340237,12,15,3038,04e8af659aa199c2a35bca7a9aa899623a6f7ff557c995fd7e1245c503c43657
50,C50-C2-257.xyz,C50-C2-257,C2,257,50,75,1,3,3,3.0,1.3889781546770166,0.026832651068487146,1.325722535072856,1.435992956110858,3.14933832858859,0.27860842981294076,2.759022146072771,3.722118385183362,3.1616379560411407,9.995954565080003,4.470272161864514,2.9491429212337565,2.576539481981733,0.030218899535299396,12,15,3038,c1d9b2f1ff3adee77f722229d6b0e8c79a05fc30a9b694a1e77e2687ef4afaf7
50,C50-C2-260.xyz,C50-C2-260,C2,260,50,75,1,3,3,3.0,1.389037159852415,0.02145767343253711,1.3314026175428677,1.427157188259233,3.143320233106669,0.1918810035991961,2.843330890522593,3.51942794144162,3.149171384253324,9.917280407399998,4.059390421837131,3.1381641531917053,2.7197258323711617,0.01432831444048759,12,15,3038,a77c83d8cff69be7b725386423d9f032391b440d1aae39323c4ae854f5100df3
50,C50-C2-261.xyz,C50-C2-261,C2,261,50,75,1,3,3,3.0,1.388898737792842,0.02764533277275916,1.3233672846190507,1.4462376741047787,3.144885324961254,0.20864544671606836,2.731669310954018,3.5350973026506636,3.1517989513279554,9.933836629592,3.9703675634051714,3.4537899889274506,2.509679077259378,0.016679021199823535,12,15,3038,1e468b443f26a5c0118fe5d9816a8c715a23834993c681667a27cd7d845a7440
50,C50-C2-263.xyz,C50-C2-263,C2,263,50,75,1,3,3,3.0,1.3890123977749333,0.022032691487790395,1.3396342821830145,1.4386209820519094,3.140602111213033,0.1453559395148397,2.8504479203963715,3.461567811453648,3.1439640535648627,9.884509970108002,3.69957948295955,3.396719086040241,2.7882114011082106,0.006614897670702932,12,15,3038,532ecdf55891861c846b9d11a46cb4a56c2f4185b5b7a38a0bf67303ce91b9f6
50,C50-C2-265.xyz,C50-C2-265,C2,265,50,75,1,3,3,3.0,1.3888306567946607,0.027138453910364423,1.3404575860503756,1.4288394346461746,3.140508986504088,0.1421916019287594,2.91176990399791,3.4671324558816607,3.143726315373524,9.883015145971996,3.8412035731456884,3.1163674406641793,2.9254441321621294,0.007169024761467369,12,15,3038,c1e34362d88a2034b464f00f055abd0304a330b5226a3c604872097ef2521b48
50,C50-C2-269.xyz,C50-C2-269,C2,269,50,75,1,3,3,3.0,1.3886992264453162,0.032196986455987044,1.3241712502542862,1.4618739856772882,3.1452666847729898,0.21809195270143997,2.708123242953319,3.4985938187540437,3.152818836878516,9.940266618176,4.005799623613253,3.40929511727298,2.5251718772897673,0.016849443916002644,12,15,3038,c52dbed917474078d7cdb2b7c89c8120f2c992538bd7c6ccd8531c310a9152f3
50,C50-C2-27.xyz,C50-C2-27,C2,27,50,75,1,3,3,3.0,1.3893132973452251,0.03118878141903523,1.3261716706369504,1.4706045287567966,3.1595687560749592,0.4170004752214768,2.385646329928223,4.0814583321528595,3.18696785686646,10.156764120699998,4.815094853229258,3.3267948066838318,2.014874460786909,0.05708328106108545,12,15,3038,79dd122d907c4d46ec06b2c8f48cebb1bc2be1cf128183323657a9591ae56114
50,C50-C2-6.xyz,C50-C2-6,C2,6,50,75,1,3,3,3.0,1.3904752277011572,0.022870570960999363,1.3525927287990278,1.4568599829770876,3.229588306090905,0.7201001715712037,2.2643433296353273,4.662870814344314,3.3088948130661384,10.948784883935996,6.882010091138746,2.245610355142741,1.8211644376545095,0.19723947578501572,12,15,3038,c3b9df16cc04c51ee3ea84bdf135116d11dc5c368f4008d91dea4dba5f0184b1
50,C50-C2-61.xyz,C50-C2-61,C2,61,50,75,1,3,3,3.0,1.3890457774128044,0.03714415860300279,1.3178759956839639,1.473119340040039,3.163252034239979,0.4319930650608105,2.403130015295885,4.073903698863782,3.192613575173795,10.192781440384001,4.760858783320263,3.4908183875410796,1.9411042695226586,0.05758643872428358,12,15,3038,2b0ce762ecb5d86666fbf652f45e511af52162218f2017a595a6ad25a8aaf8de
50,C50-C2-64.xyz,C50-C2-64,C2,64,50,75,1,3,3,3.0,1.3892022021235144,0.03631917604395167,1.326050146110621,1.4679564366833233,3.1612540844271506,0.41799494323335584,2.356917102599071,4.093748317388845,3.1887689096069662,10.168247158876,4.743528940189546,3.5232444877264486,1.901473730960005,0.058981182578333825,12,15,3038,2293067021ebb472f1647a6b2099faa7f898b7598e35461200ea32eff3ba632c
50,C50-C2-67.xyz,C50-C2-67,C2,67,50,75,1,3,3,3.0,1.389250548744757,0.031006197429839344,1.322112045176202,1.4550579679174298,3.171160275931093,0.4671455380378094,2.460333682704035,4.126327541512913,3.2053833545072266,10.274482449352,5.257948469152388,2.9507443761226964,2.065789604076915,0.07718569365076802,12,15,3038,b26831cb5786ad60b8e4ff979ef6e936865a2121618b01422e317adab0466150
50,C50-C2-74.xyz,C50-C2-74,C2,74,50,75,1,3,3,3.0,1.3895198246734353,0.026813522201278576,1.3416879592513307,1.4481609440942673,3.1820589663851404,0.5205735552291624,2.4556974292945783,4.2509179572704054,3.224359795673553,10.396496091955997,5.718942403738261,2.5652551483725885,2.112298539845148,0.10713020478336559,12,15,3038,c5f6db5520419274cae8a13010c49f7e194847b57e26298348f4dcebeb9c73d1
50,C50-C2-78.xyz,C50-C2-78,C2,78,50,75,1,3,3,3.0,1.38921293322314,0.03658123606749427,1.3196657834467027,1.4698329326831672,3.1956204001308737,0.5718348488640735,2.3390504142690043,4.23667116076903,3.2463802667136825,10.538984836108,6.0169491235376755,2.581265648174366,1.9407700643959587,0.1297800440659559,12,15,3038,e7b1c4c12ffc05dc9cede1dc7b4f464361f2bf0e8b9f90f3a5dbfe5e9595b970
50,C50-C2-80.xyz,C50-C2-80,C2,80,50,75,1,3,3,3.0,1.3896924373999406,0.028746335999773984,1.337360867529778,1.4594900684828247,3.2006948265295216,0.5953110009223378,2.3882977021317924,4.368377377426086,3.2555863619925676,10.598842560392,6.166477475789897,2.4137636666031232,2.0186014179989797,0.13995531292571425,12,15,3038,31d11d7d98de98e4ac4bd9b56f254bb8a26d6e3b7d201d1620297e17966191d4
50,C50-C2-93.xyz,C50-C2-93,C2,93,50,75,1,3,3,3.0,1.389128874229451,0.03364182885463143,1.3286191064409696,1.4685989003128117,3.185245256861857,0.5239486829366407,2.4838762195584545,4.1860032776967575,3.2280504284648335,10.420309568711996,5.756009138019412,2.377306994457234,2.2869934362353503,0.10801822906286274,12,15,3038,60925375e3626103a4760893c514ab8e690e95e48493d9a5df3d58ab0761e075
50,C50-C2-95.xyz,C50-C2-95,C2,95,50,75,1,3,3,3.0,1.3893572206288853,0.02494123265555751,1.3300605775678038,1.4583009188778562,3.1746334583194527,0.4781084071658508,2.549867533444826,4.006798585518868,3.2104338092669034,10.306885243684,5.502775280453947,2.507046311658773,2.2970636515712815,0.09081582288298956,12,15,3038,82f961c8e410e36ff449029da63757e409240af8c88ae0c72e630a75af0ed119
50,C50-C2v-125.xyz,C50-C2v-125,C2v,125,50,75,1,3,3,3.0,1.3893792658710402,0.031384745248544614,1.3222218913631707,1.4588441383506328,3.2020253787493314,0.6025505385187243,2.327130947062498,4.2237811333893704,3.258225541245419,10.616033677624003,6.200490432643059,2.40553158650028,2.0100116584806624,0.142494286904927,12,15,3038,26b868242240be1e486ed6e4c337ff9f08836d39e510dbd47cd2851d7d7bfbeb
50,C50-C2v-13.xyz,C50-C2v-13,C2v,13,50,75,1,3,3,3.0,1.39185033895959,0.027524153115779448,1.333705256044228,1.4492196417382701,3.2307158639194444,0.7500178777677452,2.1668756346518827,4.718413149656143,3.316632601050651,11.000051810352005,6.953951089298192,2.5639494000472847,1.4821513210065274,0.20819223145470273,12,15,3038,985ab5d1a81a1fe96d835ef6ee3ebb56ff394b2c5ce9a936e5e920bff1ac5808
50,C50-C2v-179.xyz,C50-C2v-179,C2v,179,50,75,1,3,3,3.0,1.3887585483074891,0.03257249508724377,1.3184511215816839,1.465723459592566,3.149120059659103,0.277084245760468,2.621863122591262,3.749240404775879,3.161286578182371,9.993732829396002,4.26461743459493,3.398859782037285,2.3302556127637875,0.02820137169130156,12,15,3038,bbb5869bdec202db8b529ff078af13e6df413be41788367fd88106601236638d
50,C50-C2v-242.xyz,C50-C2v-242,C2v,242,50,75,1,3,3,3.0,1.3893164371246591,0.021636735780675067,1.349482408184708,1.444521446708217,3.1608832569739125,0.3822379533562673,2.5828767916019535,3.9432432991379063,3.183910931104072,10.137288817204,4.995598538190862,2.8069265801353485,2.3347636988777904,0.05883962900607034,12,15,3038,6da04b061cf57f0fb2e1ad8702a071d828329b0aef54976f2274b3892f21c372
50,C50-C2v-256.xyz,C50-C2v-256,C2v,256,50,75,1,3,3,3.0,1.3889825230668356,0.028895265152283692,1.324740197170751,1.4420097433790104,3.14953233209849,0.2875078096161034,2.739581477064699,3.7530693814897695,3.16262780793504,10.002214651523996,4.469834466285796,3.0653031796165284,2.467077005621671,0.03169406086912207,12,15,3038,3f4177f9f1de43350df9057eb46e287ab4e5cd0864af275b299a84ea94e75fe3
50,C50-C2v-43.xyz,C50-C2v-43,C2v,43,50,75,1,3,3,3.0,1.3892871952898227,0.028892537740232076,1.3347065782410754,1.4588215586561641,3.175900677013394,0.4980121724515031,2.5078323424894258,4.218458959908938,3.2147101322147225,10.334361234163998,5.585308643854402,2.5269278086676272,2.222124781641968,0.09718068338863636,12,15,3038,eda48bcd26ab7d5e8f354cfa77f0d9e37734f407df15e54a6b6f507e1485920f
50,C50-C3-208.xyz,C50-C3-208,C3,208,50,75,1,3,3,3.0,1.3883276506317908,0.03700578816724724,1.3252653092871631,1.4601011608789303,3.140745789828037,0.1317185585612727,2.9291536059769894,3.6028914054420236,3.1435066239777516,9.881633894992001,3.647544752969559,3.127591724460074,3.106497417562369,0.002885547630056157,12,15,3038,33db2c2ec33055d725af90334f9d3bc75005f2c62cbdfe27318fb88ddfac05c9
50,C50-C3-258.xyz,C50-C3-258,C3,258,50,75,1,3,3,3.0,1.3888461708133772,0.03269108467180826,1.3343187362845506,1.4720895115447292,3.1476692513594786,0.2773549898055971,2.553662620135244,3.657233178657877,3.1598651088810734,9.984747506323998,3.86042012787081,3.844556651089552,2.279770727363636,0.024811926850916672,12,15,3038,03376e8389218281b3708584489e032776d8028f7785c848b04c757d4d20c109
50,C50-C3v-157.xyz,C50-C3v-157,C3v,157,50,75,1,3,3,3.0,1.389060134217174,0.027283800967489523,1.3390723244097011,1.460408535307843,3.156037154853368,0.3400022804939076,2.5833465462930056,3.8726270925360216,3.1742986742831873,10.076172073556002,4.7447580063950605,3.0010544685809166,2.3303595985800234,0.04589639877391317,12,15,3038,38677663f8d1aeb65946ea759caca4792d5f89d3fc92e388262e33f1864fdc39
50,C50-Cs-100.xyz,C50-Cs-100,Cs,100,50,75,1,3,3,3.0,1.3891814481726557,0.02424791234154014,1.3419594926822491,1.467650591932562,3.1589066215041885,0.37192703146314493,2.603124210805931,3.8895337721228236,3.1807264516327094,10.117020760116006,4.921461710428457,2.624275809066909,2.5712832406206383,0.05277370013193572,12,15,3038,d18a856c38900a63c5d4d048134918ccb1fa92571a064a49eb185a460e2d3969
50,C50-Cs-158.xyz,C50-Cs-158,Cs,158,50,75,1,3,3,3.0,1.388372789342813,0.03796337813108057,1.3185683031227466,1.4763430563388713,3.1467382457341375,0.253015497948327,2.740546618875877,3.726609781910631,3.156893794439084,9.965978429367997,4.190225097290605,3.1428749704063947,2.632878361670997,0.01904118019672276,12,15,3038,a81c94f2709302f4f45ee5ed45c477192bc4e24d2c49f9235f44652e574a2bbd
50,C50-Cs-162.xyz,C50-Cs-162,Cs,162,50,75,1,3,3,3.0,1.3888312621688375,0.035384160616211816,1.3235276574367458,1.4608654866208595,3.1573121272193596,0.35790413685449657,2.4642244064484067,3.9404370161361544,3.1775328857250247,10.096715239864002,4.585659059944925,3.4538855742145484,2.057170605704528,0.04720733941853038,12,15,3038,65d720d9f661a5a84670a509d583cb1076e060943d7cc7ad86f218ac88c3d4f7
50,C50-Cs-168.xyz,C50-Cs-168,Cs,168,50,75,1,3,3,3.0,1.3887877229989316,0.0323307786395944,1.3242975345442578,1.4711409653734748,3.1529412129828285,0.3115352528212082,2.6118220646751573,3.832815290765262,3.1682948894122847,10.038092506276001,4.5941941233115795,2.9806115964071904,2.463286786557232,0.03677945999281281,12,15,3038,8ee746e70db4b1c95f6579825ea2ed98b773af1c69175fc55667e58e21d4678f
50,C50-Cs-185.xyz,C50-Cs-185,Cs,185,50,75,1,3,3,3.0,1.3884687664764386,0.03732009270348882,1.310484738560507,1.471618248731647,3.1457094723638495,0.25167071543657216,2.5721117134510316,3.6099719060502395,3.155760801063351,9.958826233528002,3.866892009421932,3.676914447668154,2.4150197764379167,0.018836810229391657,12,15,3038,35dbfe73783bb4630ed08aa884076aac4b9dfb5c8b2da8a029487ddb12452a7d
50,C50-Cs-206.xyz,C50-Cs-206,Cs,206,50,75,1,3,3,3.0,1.3886888258331855,0.03252626742673225,1.3219887518432218,1.4723016368937447,3.1492120487230606,0.27461125257626134,2.764265281288321,3.722739915940408,3.1611624235182854,9.992947867864,4.410940610104033,2.9480006790160966,2.6340065787438705,0.027019496017659902,12,15,3038,4c69e0ed193b66fe1b911e0b069df54009a62af02997c859660331b96d3c27d3
50,C50-Cs-207.xyz,C50-Cs-207,Cs,207,50,75,1,3,3,3.0,1.3883368282772317,0.037382932591169954,1.3172864115293985,1.4779744145282083,3.1439380945027966,0.19510407438627203,2.8362378311932868,3.55991300706801,3.1499860859864133,9.922412341908004,4.018653171394332,2.9543737781254324,2.949385392388239,0.011558915478399543,12,15,3038,0d42684c5685e35d4c0075e9ec442fee24730ce6fa937b3582c3cc50e27857e3
50,C50-Cs-247.xyz,C50-Cs-247,Cs,247,50,75,1,3,3,3.0,1.3887414753269718,0.030884814607374182,1.326350504203169,1.4523480918843115,3.144380435599907,0.21971391398938553,2.8138651189806523,3.657776840242718,3.15204735493996,9.935402527783998,4.086716593270516,3.1838091102495594,2.6648768242639225,0.01573341609791628,12,15,3038,0252bb02da94a4c5426d831b330831645b0019e9f43dd1e01a18f6e0163fa39b
50,C50-Cs-253.xyz,C50-Cs-253,Cs,253,50,75,1,3,3,3.0,1.3887573544911684,0.03230138820583885,1.3236583018286856,1.4673515393388183,3.1470503863618218,0.24848184167843937,2.5876629424358963,3.55143112213316,3.1568448425514988,9.965669359943998,3.8523786907062627,3.771339390156514,2.3419512790812202,0.021805002476616157,12,15,3038,ebca4f9adc963d0872ac299ee47ff50c51491ffa6c74e93e2e6f5a1b0b81aed9
50,C50-Cs-262.xyz,C50-Cs-262,Cs,262,50,75,1,3,3,3.0,1.3889883570143664,0.023237956275544182,1.3294958367742264,1.446707582754718,3.143987052505308,0.18640577481123558,2.7906859114912947,3.4783339841073344,3.149508167826208,9.919401699203998,3.9721994684838253,3.306528811416755,2.6406734193034187,0.01351417830155742,12,15,3038,624d049f8df76db9596354b4531a442bf5556ad54e063043dad3c58ebfaa945a
50,C50-Cs-264.xyz,C50-Cs-264,Cs,264,50,75,1,3,3,3.0,1.3889661532652895,0.022869703760452786,1.3456223615858944,1.4427832442886215,3.1414993586190225,0.1575709653466261,2.8430009120075916,3.4125746649818525,3.145448589521692,9.893846829324001,3.609614639646859,3.5601142573712163,2.7241179323059264,0.0075874542843721825,12,15,3038,0ac4d137ff34ad271270aad935cda9c206ad329f2250276268f5a8d5daecfd11
50,C50-Cs-266.xyz,C50-Cs-266,Cs,266,50,75,1,3,3,3.0,1.3889922469636111,0.022244505126262526,1.3392493942503765,1.4247788389781761,3.1393771922945475,0.1080595348907437,2.943230605103854,3.410215824727227,3.141236383747648,9.86736601858,3.6885035511986297,3.1882459856047833,2.9906164817765877,0.003986864452928009,12,15,3038,4cde443fda7bdaf4feb8f6af0baf30884d8017bed0bc0ed4ff3dd3c1af4dddc3
50,C50-Cs-267.xyz,C50-Cs-267,Cs,267,50,75,1,3,3,3.0,1.3887059581498185,0.029104032925492355,1.3272644122404549,1.4648485553121182,3.140504850934518,0.11704821618785667,2.8999838057382323,3.3905143351922282,3.1426853173132057,9.876471003656004,3.6115167742279675,3.339100508690698,2.925853720737338,0.003665588713669145,12,15,3038,2e1cf71aa342e90833ba85ff6d628a7c71b6370879f5eca338c66ac0e422da96
50,C50-Cs-32.xyz,C50-Cs-32,Cs,32,50,75,1,3,3,3.0,1.3890078305527704,0.03563158144707238,1.3225255611896505,1.4651816440291627,3.1721151212149064,0.46348659614679183,2.4539357891664566,4.3333673495968466,3.2057969628546346,10.277134167048,5.290970696558705,2.936312890465199,2.0498505800240983,0.0796968861969792,12,15,3038,d3f02a3196401db3e4b042f0df2c8e3be7e4fdbe21b8af7f488b89ba0402ff4e
50,C50-Cs-33.xyz,C50-Cs-33,Cs,33,50,75,1,3,3,3.0,1.3889009453682106,0.03631148333458325,1.315072674797861,1.468216618895182,3.1706110012492617,0.45784453394700975,2.501274328595726,4.318990623987507,3.2034974228970428,10.262395738507996,5.292106426199556,2.7456014869115544,2.2246878253968854,0.07674511803768126,12,15,3038,316e449de876ffeece950558fb9f4e3be752883470070de78266d8fe31371b22
50,C50-Cs-4.xyz,C50-Cs-4,Cs,4,50,75,1,3,3,3.0,1.390112787298546,0.02422756121448085,1.3399664697297464,1.444311233772001,3.222049675489355,0.6879588822908999,2.252400354456552,4.576693447408948,3.294676241308697,10.854891535044002,6.717603814541823,2.152957565689962,1.984330154812217,0.18360688460417926,12,15,3038,73db721d08f717a90cf52aa9ba850ad457e1ef6bb29738941c595a2ffd3af097
50,C50-Cs-42.xyz,C50-Cs-42,Cs,42,50,75,1,3,3,3.0,1.3894255765906944,0.02138652961444502,1.3354385384584346,1.4329813781064986,3.167791880583634,0.44357907892551296,2.6579133269630892,4.176275912969352,3.198697828484585,10.231667797952,5.310582136157635,2.5157042700736856,2.4053813917206788,0.0776777477685315,12,15,3038,d7db9aa729f3b1c15d9088544a52e96d56b7850401d6073badc8a0a29ffbb5b9
50,C50-Cs-5.xyz,C50-Cs-5,Cs,5,50,75,1,3,3,3.0,1.3900757962738042,0.023544071024683585,1.3556477234148996,1.4489827190135844,3.221620320922507,0.6860588464112715,2.24602494613929,4.539198773074384,3.2938600809566885,10.849514232920002,6.705612005910508,2.091003116853637,2.052899110155857,0.18241054153068298,12,15,3038,14701bde22e5d675e84de9bd6cf28e04e3add78ce8e23c79bdf86ea3d44e16e2
50,C50-Cs-69.xyz,C50-Cs-69,Cs,69,50,75,1,3,3,3.0,1.3889671107461554,0.029054696673877042,1.3279510307236484,1.4632977892418209,3.155743349952189,0.35147976741845954,2.611125960180397,4.064053364798252,3.175256543599587,10.082254117671997,4.756027826190111,2.694698513415145,2.6315277780667414,0.04312056148717767,12,15,3038,1983035006411beb949ea84781d8f0bb4d21d94f5cb9d96d899501d30defca9d
50,C50-Cs-72.xyz,C50-Cs-72,Cs,72,50,75,1,3,3,3.0,1.3892912354588505,0.024517278476361332,1.3372541306722519,1.4590471753853609,3.16210625553219,0.41322641663401505,2.558248525870776,4.096182630074006,3.1889923240233737,10.169672042679998,5.034869197615533,2.827920740457421,2.3068821046070442,0.06083806353070617,12,15,3038,0c91853ea4753646895e54af6a1081e2744d7754c07d13c683fd1610b080a6dc
50,C50-Cs-8.xyz,C50-Cs-8,Cs,8,50,75,1,3,3,3.0,1.3900043082210265,0.021666962415601832,1.3517166493019164,1.45156048788881,3.2030213630368056,0.6218902890268049,2.3065211863635677,4.545668535820006,3.2628351756801934,10.646093383655998,6.282612786628924,2.2758189384018754,2.087661658625198,0.14861311911413683,12,15,3038,89c4abe5cfa194b9dec86ef1778a34a4b98c64f582b03173698422d70ef7d86e
50,C50-Cs-86.xyz,C50-Cs-86,Cs,86,50,75,1,3,3,3.0,1.3891133030018938,0.03453605782128197,1.3193109224136668,1.467487914771362,3.1670915248653744,0.4458262542851404,2.4639796046063367,4.182792647874862,3.1983167097528034,10.229229775883997,5.095898079770109,3.1327632579002502,2.0005684382136373,0.07032316046767158,12,15,3038,9951a102dc366f44a4dce4fdafeba3db3a53cc6a0fec89e1af8fd1cbe64a412a
50,C50-Cs-88.xyz,C50-Cs-88,Cs,88,50,75,1,3,3,3.0,1.3893551647779345,0.023186481080120395,1.348168216507124,1.4494387603482943,3.167604157055955,0.43210334979242315,2.5814077380181537,4.144871329185022,3.1969406314005893,10.220429400699999,5.253086613565704,2.620318199793284,2.347024587341012,0.07396023826829186,12,15,3038,324bc5507a17bd978264035360fb51a3e59d11893b8535789cc61dda52a4013e
50,C50-Cs-91.xyz,C50-Cs-91,Cs,91,50,75,1,3,3,3.0,1.3889405623484399,0.032125810960436416,1.3229701546142303,1.472005298903506,3.1626546588697613,0.3922576766940199,2.625206101928761,4.092958592168262,3.1868872863965563,10.156250576196005,5.033974653450662,2.608580544019932,2.5136953787254095,0.0593476275426943,12,15,3038,631648ab240f1e7b5560dcc01cf80a30aa188ce7690ff6d5d7f0bab283afe8e6
50,C50-Cs-92.xyz,C50-Cs-92,Cs,92,50,75,1,3,3,3.0,1.389086369153127,0.03079312422684005,1.3295884776877391,1.4635292890817047,3.163520961385743,0.4138705960430455,2.479817402149602,4.094811901028422,3.1904786072619262,10.179153743396,5.017029392845276,2.973766239928695,2.188358110622028,0.061734065337574376,12,15,3038,0cfb22416c413d01af1f6cc3a9dfa99cfba03123925b488a4ac6277d518a58f0
50,C50-D3-181.xyz,C50-D3-181,D3,181,50,75,1,3,3,3.0,1.388542971925925,0.033498536014570986,1.325164819937505,1.4387103044046081,3.146208612529072,0.2475291826187207,2.8651516499829466,3.7742782186002133,3.155930818284837,9.959899329799999,4.327274108178653,2.826782993525416,2.805842228095931,0.02301756918566837,12,15,3038,934f2d0d1615421aa7137468e4493c3e58c9727313cd68661e07cf92b229d463
50,C50-D3-270.xyz,C50-D3-270,D3,270,50,75,1,3,3,3.0,1.3890131613084895,0.022119233978495006,1.3401332508373935,1.4243119496795638,3.1381277982676696,0.06497236433828611,2.995803304459757,3.251138683386484,3.1388003259825243,9.852067486388,3.42340790058276,3.4016169190780636,3.0270426667271773,0.0015344951145782632,12,15,3038,87c1fdae4d7fa576d2a41ea47d00733859f675efce8e8167a626888a11af42cf
50,C50-D3h-3.xyz,C50-D3h-3,D3h,3,50,75,1,3,3,3.0,1.393004329148988,0.021598973097010775,1.3537244956046264,1.4489242423260091,3.3264410908112114,0.9694898586239656,1.8737183858808666,5.183665252269671,3.464840676944901,12.005120916612,8.633732759147021,1.714483976259758,1.6569041812052219,0.33497604215070903,12,15,3038,d40ee379a401abca2c6399f2e317e25d0e4a5d9115c82fffd20c3bcae90d3c0f
50,C50-D5h-1.xyz,C50-D5h-1,D5h,1,50,75,1,3,3,3.0,1.3919234856831961,0.017037867732627165,1.363787996720898,1.4216688010925753,3.3726106669461164,1.044100695776644,2.0433784875739494,4.960601072841879,3.530530976173414,12.46464897372,9.26300851989503,1.6213369749618645,1.580303478863106,0.37788084418228063,12,15,3038,6230ba526c35f50d0f38a6af7ba101c32dd1998a4ced31abca57a89c3b5977cf
50,C50-D5h-271.xyz,C50-D5h-271,D5h,271,50,75,1,3,3,3.0,1.3891649718367944,0.01598311468430824,1.3392991637419926,1.4055879552699646,3.140508535182109,0.12806615287547815,2.90256455820297,3.288145600689848,3.1431186422189024,9.879194799063995,3.5662037944307734,3.5472964839041605,2.765694520729061,0.006414413860706061,12,15,3038,330b61b633842b6bb723ab9526bbedede367bbd04fdfae189de38acaf5521b32
52,C52-C1-10.xyz,C52-C1-10,C1,10,52,78,1,3,3,3.0,1.3896395849819445,0.0281497188568888,1.3345062457703225,1.4601766810903398,3.268720977837754,0.6421761189379668,2.3892172396482176,4.639287079863252,3.331205037023514,11.09692699869083,6.551235727768848,2.4465845232879655,2.0991067476340164,0.1493820868002195,12,16,3156,5ad4de0e0eb3e374275a4c9f16d6beaa928eaf0026c34a51f20437e000badc34
52,C52-C1-100.xyz,C52-C1-100,C1,100,52,78,1,3,3,3.0,1.3890638490766845,0.030278264753311777,1.3381711886003227,1.4651054364788905,3.2281422279157237,0.43299504872041444,2.541871551045712,4.218452616013839,3.2570518810527234,10.608386955869083,5.323833453671886,2.9506363927570387,2.3339171094401574,0.06643099875736788,12,16,3156,999ca75b9fba0bb383a1e7e1addba5e9a224f5f3e8ae76818d2d2959d4d1f787
52,C52-C1-104.xyz,C52-C1-104,C1,104,52,78,1,3,3,3.0,1.3888987823782308,0.035573468586049976,1.32329792186038,1.468064307174587,3.2261423230670068,0.425306050423246,2.4971225733102,4.147471562333625,3.2540558577275216,10.588879525210796,5.142286858018779,3.249834701847066,2.1967579653449514,0.059605624904246306,12,16,3156,409074da4cd9f7622f6e95cb16613bae136fefb3726369562901bb84a2a11962
52,C52-C1-11.xyz,C52-C1-11,C1,11,52,78,1,3,3,3.0,1.3897968004193093,0.027426976812441127,1.3490038621145604,1.459455552594871,3.2659345581076282,0.6294516257439282,2.392911874708729,4.67649253942267,3.326039369429253,11.062537886993345,6.475114714894531,2.5827772290504276,2.0046459430483874,0.14491621171539543,12,16,3156,abc48ae835fb4a54ae0f3a610272f0eda8851d37e77b68644c25c79d3479b390
52,C52-C1-111.xyz,C52-C1-111,C1,111,52,78,1,3,3,3.0,1.3893817807792717,0.02802474287088575,1.3311530152465567,1.4663667310737787,3.2509771427088654,0.5559904732607294,2.515999878331927,4.457449038070658,3.2981779498341486,10.877977788772188,6.116332019687973,2.478550892994464,2.283094876089752,0.11816642805501597,12,16,3156,64ed34cef05a862b7756d1d941d9458e18fea504ae1f00b31bc0be6e40be3f67
52,C52-C1-112.xyz,C52-C1-112,C1,112,52,78,1,3,3,3.0,1.3890493998632474,0.038277256031436696,1.3087206348186002,1.4715389257508618,3.252298321307771,0.5594331940101258,2.409994199459309,4.443537914454737,3.300062100831091,10.890409869341713,6.068015573400813,2.8564711817255133,1.965923114215388,0.11776565710159509,12,16,3156,29ef7d88bef2943ac162770343da487780bf7118e1b920400f112488c3aecf5b
52,C52-C1-113.xyz,C52-C1-113,C1,113,52,78,1,3,3,3.0,1.3891499685874282,0.03166125439646712,1.329283194056105,1.4650038668890946,3.2450784560966786,0.5182827543381704,2.459354133856581,4.3751829846069725,3.28620620163543,10.799151199667161,5.887898140126564,2.6806613250078772,2.23059173453272,0.10231726855681962,12,16,3156,23b82c4dac0cce9162a51e6d833ae137b9c35a6d22afc0fa1bffd4f98502b4e0
52,C52-C1-115.xyz,C52-C1-115,C1,115,52,78,1,3,3,3.0,1.389418581915859,0.03303638043204957,1.324646209370638,1.4597077036174058,3.2630488496234493,0.6112634565930296,2.358773349089365,4.446451144719152,3.3198088511832977,11.021130808394968,6.405484147890924,2.529899534056803,2.0857471264472416,0.13945360781368643,12,16,3156,0560b9b5a706f1071c1bb88b3299bdf5bbad0d92000a1f4f376c1a0875d3bc0b
52,C52-C1-117.xyz,C52-C1-117,C1,117,52,78,1,3,3,3.0,1.3892304054101123,0.03614549008223761,1.3242233082074941,1.4773246393396409,3.23751318873291,0.5049880747568107,2.407495771068103,4.356552811395729,3.2766605870712526,10.736504602866127,5.6479201818493765,3.0790870412360323,2.0094973797807185,0.09100627025755614,12,16,3156,fe0155d909cc072faf7f569691393f7636ab978299936c1d94ce76164432efc4
52,C52-C1-118.xyz,C52-C1-118,C1,118,52,78,1,3,3,3.0,1.388844356044591,0.03870954882537191,1.316073029888539,1.4896015843170953,3.23561307674959,0.48227130558797476,2.4166276904835753,4.318890515624405,3.2713571487421667,10.701777594626478,5.578067505870462,2.9860330435228715,2.1376770452331435,0.08414811104481387,12,16,3156,c706f7d5e6114c2b1971acc7db8419a86dc7aa9d3434bcc992e4898f6c83b784
52,C52-C1-119.xyz,C52-C1-119,C1,119,52,78,1,3,3,3.0,1.3892753476673916,0.03219012078991076,1.3191442491251668,1.4745524778725236,3.23668082366931,0.4994970985248054,2.4726833515719866,4.342378778413762,3.274996199347923,10.72560010574334,5.683235807844902,2.9447195383363085,2.09764475956213,0.09159312160356316,12,16,3156,09c117a2e59f6ed39064d56cf08027c1f98fdef43c08017e9b7a75183ce1a492
52,C52-C1-12.xyz,C52-C1-12,C1,12,52,78,1,3,3,3.0,1.3897763253641102,0.028725231399754476,1.3425145846507591,1.4615233627965034,3.28349787460116,0.6947238173208324,2.348955484306209,4.747742835238647,3.3561882359103707,11.263999474863166,6.922743144550976,2.238928337078287,2.1023279932339034,0.17809744610105535,12,16,3156,f5c0a807507681fc7b616016a323963b1d52da958eda419891d05c935342fe93
52,C52-C1-121.xyz,C52-C1-121,C1,121,52,78,1,3,3,3.0,1.389130954429181,0.031084504928858617,1.3262691619727875,1.4713287667955113,3.2362354455036244,0.4795600469483715,2.4457717090581332,4.284410596765358,3.2715741925506086,10.703197697363168,5.6045413751876545,2.893497830182962,2.2051584919925515,0.08458290796147601,12,16,3156,5a536ac2ac2249a484e70249d6ed6259aa48a676676a0d0beddc65a7143f988a
52,C52-C1-122.xyz,C52-C1-122,C1,122,52,78,1,3,3,3.0,1.3891238254296039,0.033239338884297365,1.3251750752259115,1.471080303722404,3.236583471350824,0.47818903054032397,2.419893335461523,4.269116895305201,3.2717177928345897,10.70413731595044,5.575451386800189,3.007913096962575,2.120772832187676,0.08428311266648902,12,16,3156,cc44d75b78afecb956e550b0f0a8a8ccf4bc4612a79b7fce005993cd812b99c3
52,C52-C1-123.xyz,C52-C1-123,C1,123,52,78,1,3,3,3.0,1.3889324031925672,0.0347175305259854,1.3150454174666364,1.4715733111197686,3.2305855674339914,0.44222288609697075,2.5290617514435363,4.253758395900215,3.260712221202714,10.632244189500739,5.37527446999807,2.9926488774462023,2.2643208420564673,0.07026163389166795,12,16,3156,78c0f40fac6b5652ebe32497e23f2e19037c7eed8ef27270e150eac1c00b1f58
52,C52-C1-124.xyz,C52-C1-124,C1,124,52,78,1,3,3,3.0,1.389321773382209,0.03414537369214264,1.3312524103264562,1.4703313708140762,3.230644974777867,0.4797868956964177,2.3402680324646337,4.270835260534178,3.2660775279131844,10.667262418339499,5.3921090986317335,3.279398023077951,1.995755296629814,0.07753945990449006,12,16,3156,b07e2497b1d10f7c701cd9fee9df536301a5692a1fec85fb46bfb595b0987c6b
52,C52-C1-126.xyz,C52-C1-126,C1,126,52,78,1,3,3,3.0,1.3891427398377374,0.030676344301346806,1.3374669117402496,1.4685494373700876,3.2341560860594027,0.4672672326491439,2.534899812932462,4.25948482738018,3.267736870634271,10.67810425570266,5.5461886753845855,2.723722632361979,2.4081929479560946,0.0785502130829451,12,16,3156,4f0a5c9714b8a04ce6ab51d86105948a9fcb09e8ad233287577d93a693fc22f4
52,C52-C1-128.xyz,C52-C1-128,C1,128,52,78,1,3,3,3.0,1.3890463308300587,0.03496783375181889,1.3150460714362824,1.470107934812951,3.2450717863107714,0.5323580537256805,2.4255844833882807,4.252539698396548,3.2884488738122073,10.813895995676774,5.905015674804952,2.8022107758302464,2.106669545041576,0.10491934511335607,12,16,3156,f7ece6a9c30eff04f0ff28de9aab62b55d69059f107877c346a7c595367fa98d
52,C52-C1-13.xyz,C52-C1-13,C1,13,52,78,1,3,3,3.0,1.390262151913282,0.026625192591356296,1.3333117564920816,1.4638391783252693,3.2849696876837693,0.7072342263083463,2.285407262633593,4.772961730166798,3.3602389944560733,11.291206099863164,6.940761674020364,2.4990983884195965,1.8513460374232045,0.18060092987666815,12,16,3156,c1b05310e6df06cfe0e1061760dbcc6f69577ef3057295bfc1c50153edec40ab
52,C52-C1-130.xyz,C52-C1-130,C1,130,52,78,1,3,3,3.0,1.3891928769328028,0.029876326915009018,1.3246232294505484,1.4655000614124856,3.240007931552763,0.4972718558340344,2.448827928289483,4.169173871457928,3.2779461092472886,10.744930695129439,5.754412468849839,2.7250192367571153,2.2654989895224844,0.0933747908125755,12,16,3156,cf28200d2b815f7545b02b74008f2bf97cc37a7061dc271306e1f1b42c85f266
52,C52-C1-131.xyz,C52-C1-131,C1,131,52,78,1,3,3,3.0,1.388930958885883,0.0343708289722296,1.3240733740997892,1.4736890445409436,3.2364695480588015,0.47412317104955004,2.5351787820222524,4.1439346093334075,3.2710132859464234,10.699527916838019,5.601917732300433,2.881354160385416,2.216256024152171,0.08432278189943326,12,16,3156,2ee5f0bfde40756e4ad43527539ce4fd2a2f37af040980830d7065e87a8d8ede
52,C52-C1-132.xyz,C52-C1-132,C1,132,52,78,1,3,3,3.0,1.388869374092221,0.03598389299166147,1.3230641443255877,1.4715300506615554,3.2372350266627237,0.4753763465324271,2.4306820035263788,4.111448170792521,3.271952519321533,10.705673288694529,5.582448791177834,2.985584304143046,2.1376401933736484,0.08432587776295232,12,16,3156,56c6a289005e5c5fa4b4a4adae23e6baff054724c881785779e17ea577c7c79b
52,C52-C1-133.xyz,C52-C1-133,C1,133,52,78,1,3,3,3.0,1.389104284029357,0.030213441804049845,1.3162441832729972,1.4515610011294735,3.2377090382674725,0.48297027079016613,2.562046406176154,4.221051702079817,3.2735332744522405,10.716020098946007,5.668036608553584,2.816462477000134,2.2315210133922876,0.0883163187174089,12,16,3156,a799dca77170d5db499a077ebdba5b8858e3795c172643b056fe51b4a60b2b77
52,C52-C1-134.xyz,C52-C1-134,C1,134,52,78,1,3,3,3.0,1.3892457027069025,0.025328246573876504,1.3287424054345522,1.451330665286171,3.2363276881149137,0.4811464307061939,2.6580026429730608,4.2531057141148505,3.2718983469295817,10.70531879264053,5.6812692385673635,2.5967998975964264,2.42724965647674,0.08783012857278905,12,16,3156,3e16befd1a578c574823815c4a97513351f1a53dcf8d6e661a17ec82fe36d6c0
52,C52-C1-135.xyz,C52-C1-135,C1,135,52,78,1,3,3,3.0,1.388911108666204,0.03520668341308263,1.3188699784285032,1.4696996631965322,3.235550174721433,0.4709750269528134,2.435187791345079,4.076431137871513,3.269648667541072,10.690602409153108,5.537568024170729,3.002684492331205,2.1503498926511737,0.08148360183714698,12,16,3156,ca24c68e346d337c2607e187b274c3d5accab4e6fd678d0c62596c3b533dd1b7
52,C52-C1-136.xyz,C52-C1-136,C1,136,52,78,1,3,3,3.0,1.3889910642467045,0.03169468703737152,1.3247951615249807,1.4734911502957866,3.233302926449939,0.46153815705556817,2.5510066430136367,4.102938452969232,3.2660779667068556,10.66726528460799,5.528324913985395,2.830116084917398,2.3088242857051955,0.07872912352082305,12,16,3156,0324af4925f844e6e2efd52ddedb93661da7bc2c3e590abb0a7e5111b649fd36
52,C52-C1-137.xyz,C52-C1-137,C1,137,52,78,1,3,3,3.0,1.3891605005348024,0.027270932398751974,1.326071298988105,1.4604171801235428,3.232781412467403,0.461213139541189,2.5398903890425255,4.125393788229916,3.265515766441831,10.663593220880179,5.522530939821408,2.8038307328195335,2.337231548239237,0.07807066720366708,12,16,3156,7a57fe4d9f66e2cde9bab9028c93b781c9211f5877471f5278204c8f95f58f01
52,C52-C1-139.xyz,C52-C1-139,C1,139,52,78,1,3,3,3.0,1.3889770343720274,0.030568230322307835,1.3274460780009107,1.4620558607659284,3.227530734910223,0.4221850791717503,2.5879940315997936,4.1467188245995725,3.255026096034467,10.595194885865384,5.311634236711054,2.936932696363577,2.3466279527907523,0.06582563824968928,12,16,3156,08e5c24c08e139448b3bdaa0eb46227afbec8de661ef7b0dbe640dbd2922395f
52,C52-C1-14.xyz,C52-C1-14,C1,14,52,78,1,3,3,3.0,1.3904108003412214,0.030192689081472653,1.3274927231438973,1.4624048892150217,3.2800596739725068,0.6948161427861798,2.2562187921598857,4.769478862196746,3.352843709017302,11.2415609370969,6.829600943700065,2.6757152909012087,1.7362447024956265,0.1744033778172677,12,16,3156,ea61ee85f17d7978d76737fc0642750dae51f37cab651d90271d3e9790243750
52,C52-C1-140.xyz,C52-C1-140,C1,140,52,78,1,3,3,3.0,1.389162698359304,0.02587660660035266,1.3385251734651837,1.4562095487944033,3.225999683997223,0.41298191063239237,2.639182736472426,4.121759415164122,3.2523265548926297,10.577628019659763,5.287429969909963,2.884528182687602,2.4056698670621968,0.06393899211325368,12,16,3156,c380e83745c95883f8abfb3ad1184c06ab6b44f00c897d3f4af0a0a2ca527ed7
52,C52-C1-141.xyz,C52-C1-141,C1,141,52,78,1,3,3,3.0,1.3887501709879264,0.034513269710843994,1.3099021948221936,1.4754375249396365,3.2248570452900114,0.3985955718182427,2.57691508204486,4.121482998135067,3.249397081372133,10.558581392429737,5.181748093981398,2.9833282764571165,2.3935050219912224,0.05810377412998114,12,16,3156,d1157b9261e64c97392ca2d9cf7fc2211e5ba78edb921bcb06b4092cf9adb1e1
52,C52-C1-142.xyz,C52-C1-142,C1,142,52,78,1,3,3,3.0,1.3889697660155345,0.03323817109632209,1.325516280548828,1.462305293021946,3.232071186511711,0.45589739305121973,2.557489856815564,4.173582178051041,3.264065959454575,10.654126587670115,5.4760921678287815,2.9358216960005765,2.242212723840757,0.0766099039808882,12,16,3156,aa83c4bf373e67ea1a767becfde814cd5386a9d7931be08933f9eae14dd4a622
52,C52-C1-143.xyz,C52-C1-143,C1,143,52,78,1,3,3,3.0,1.3888593241283278,0.03294873192779421,1.329304231543705,1.4706935438764936,3.22482281057321,0.3963230895622434,2.556740437483528,4.0537583508832595,3.249085125218092,10.556554150913463,5.166862834927964,3.0746681960521065,2.315023119933394,0.05871873063890435,12,16,3156,5ccd3c9ccb81312e54ecaab1b02e824c5d3b35d47ba64ae03cf8855d581a5c1c
52,C52-C1-144.xyz,C52-C1-144,C1,144,52,78,1,3,3,3.0,1.3888946305698053,0.03174530322628189,1.33086737506034,1.4710872067963885,3.2239666686357515,0.3942253916835263,2.6661104790356713,4.06507680789873,3.247980101528077,10.549374739922339,5.195519069705022,2.8881299683312465,2.465725701886069,0.058200747056012525,12,16,3156,bf941f5818bde9a3563c7fe29bb6a12d3cd7eda5e6fca62b2dc9e660e5ad5cf7
52,C52-C1-145.xyz,C52-C1-145,C1,145,52,78,1,3,3,3.0,1.3889772297601608,0.035592927525568425,1.3205542662079435,1.4678590599917964,3.223868158339912,0.41998624667713014,2.4885031593490567,4.091758423702014,3.251109710507463,10.56971434975592,5.05204860771578,3.449283301983044,2.0683824400570954,0.05987354079638006,12,16,3156,aff1faf0bf108eb898946978c4f6141d463f8cff029541b321ef02d27f659452
52,C52-C1-146.xyz,C52-C1-146,C1,146,52,78,1,3,3,3.0,1.388932703963346,0.032477750009567825,1.3222287623554403,1.4746812163989884,3.2235758855657455,0.3925916196291155,2.561639290121856,4.0721155811865355,3.247394289242376,10.545569669803998,5.10638389335802,3.1359274097893333,2.3032583666566446,0.05590170208020075,12,16,3156,187654e3d5d8673256b840dc28e4d9f397bc920ed166245c6b7bc6e2f1023cbc
52,C52-C1-147.xyz,C52-C1-147,C1,147,52,78,1,3,3,3.0,1.3888909068038053,0.03782472767045654,1.3190211294744296,1.4732596410680638,3.2313878916109635,0.45904823912475917,2.411846663233934,4.125161393209917,3.263831029923806,10.652592991893492,5.357424005071743,3.2375387483884985,2.0576302384332514,0.07391201513409859,12,16,3156,45a6b7eca9a840a65b0e5b279033aa3fa9804ddda0d641fceb14c9f100527349
52,C52-C1-148.xyz,C52-C1-148,C1,148,52,78,1,3,3,3.0,1.3888807471759261,0.03239582310747696,1.3327609313001338,1.470280276001824,3.2239476984966866,0.3898017811569466,2.534860719113232,4.0149843062145845,3.247427318853373,10.545784191235208,5.115002556980372,3.1036459941887657,2.3271356400660714,0.05584177428181241,12,16,3156,6955e4a52642cd1f863157154295204de6c7a294b1e9842fff6b41e803bb5c52
52,C52-C1-149.xyz,C52-C1-149,C1,149,52,78,1,3,3,3.0,1.3888265739482903,0.035676758328051235,1.3239062920010614,1.4672046483023424,3.2224410981432863,0.38604132626873694,2.49698205993566,4.052280504607887,3.245482173204813,10.533154536590237,4.918480800441241,3.460092679203685,2.1545810569453105,0.05169298261561526,12,16,3156,0a4d57334ac435b85d023c03842579a95261d7af9b1cd9f259c4a99249da2ccc
52,C52-C1-150.xyz,C52-C1-150,C1,150,52,78,1,3,3,3.0,1.3887975656847125,0.03366758327531454,1.3233959233728958,1.4752026098133095,3.2204445942280575,0.36005190443526536,2.6494872175291944,4.0216104293511545,3.240509336258758,10.500900758380176,4.973432551398744,3.103194417835584,2.424273789145848,0.04741560269596406,12,16,3156,84f6537bbe6e260fc81540f04e7bcaad7a6266af5fa9f6422d341a1416496376
52,C52-C1-151.xyz,C52-C1-151,C1,151,52,78,1,3,3,3.0,1.388912969048169,0.03583021106809412,1.3173237415305319,1.4767577255596125,3.22583392763191,0.4165308138061117,2.4941540350133793,4.0735742925484955,3.2526147093547824,10.579502447511096,5.122998311342089,3.326403453189313,2.1301006829796933,0.060827444845465255,12,16,3156,fc8edcf0e2e99636b224ff52922686e09f4d39afb8f81b0f5a866d57b3875edc
52,C52-C1-153.xyz,C52-C1-153,C1,153,52,78,1,3,3,3.0,1.3888719458421204,0.03338981652531799,1.3196365939151582,1.4670145909294836,3.2181978537344844,0.3735096465625363,2.491090407152063,4.003661031297244,3.239800438585146,10.496306881856505,4.812884566514619,3.4137617337733497,2.269660581568536,0.04417846596110895,12,16,3156,7a8557034926736ac79611baf7b385854900a231e983026c079435b0430da3b9
52,C52-C1-154.xyz,C52-C1-154,C1,154,52,78,1,3,3,3.0,1.388825338967092,0.030540708803565634,1.3206546331270714,1.475761372986839,3.216265988475523,0.3257109157627579,2.681109671844723,3.9644992029935184,3.232716274168126,10.450454509271449,4.801564351237383,3.036212884158276,2.6126772738757906,0.03702466255373656,12,16,3156,ff006adef1308febbc3a96cebaa1ee2e3d1d0f57edf9a176ea3fae92a2e48a8d
52,C52-C1-155.xyz,C52-C1-155,C1,155,52,78,1,3,3,3.0,1.3887915600188536,0.03175109931290543,1.3222795695313454,1.4725562162443917,3.217088922945301,0.33989989105335705,2.7276712469264273,3.9798074365575027,3.2349950655411277,10.465193074075444,4.875490604474335,2.931970265300517,2.6577322043005918,0.040042498336352546,12,16,3156,52928f43eeee1f6aa20a63762b230b04d82c109f0df595e7727a7ca196a7e361
52,C52-C1-156.xyz,C52-C1-156,C1,156,52,78,1,3,3,3.0,1.3888286307977682,0.03314250767303882,1.3175418209681238,1.4598276507862153,3.2174576201929166,0.34965423761110004,2.6216880577506485,3.989982079466029,3.2364010294796386,10.474291623616864,4.7957078887553655,3.321991278020887,2.3565924568406116,0.04125902308295545,12,16,3156,6f6495804c5b6f230cc6f840abb3ba1f9a4e281d2a2bbaa1c90aa32f5171c630
52,C52-C1-157.xyz,C52-C1-157,C1,157,52,78,1,3,3,3.0,1.389051242930189,0.0332197099548137,1.3320195418986915,1.4737438345927014,3.220810821811666,0.4027251481046979,2.4473183494687505,4.038348714391944,3.2458912327456524,10.53580989481509,4.8723025441888375,3.5341899520459985,2.129317398580254,0.050846149224753556,12,16,3156,ea4a73e54b7285363b9eb5483c3a36b1659b54b764f59a97006161666837332d
52,C52-C1-158.xyz,C52-C1-158,C1,158,52,78,1,3,3,3.0,1.3889038071446236,0.031123507262162283,1.3309323348690572,1.4713296775366151,3.214617820023634,0.3298638378472828,2.6295919361065114,4.003323804575711,3.2314977766250808,10.442577880332841,4.685846518819668,3.291607574893,2.4651237866201736,0.03465733646900183,12,16,3156,e177aa55363a54db7e3a4903521558415be8bf17f863e9ed2329c563768ff2a5
52,C52-C1-159.xyz,C52-C1-159,C1,159,52,78,1,3,3,3.0,1.388894745788889,0.03312247075227749,1.3243539783607703,1.4691550905197177,3.2329592731990826,0.4580169330586534,2.6268664361932017,4.14923596633978,3.2652419777303487,10.6618051731324,5.546003505062037,2.6272163339906967,2.488585334079666,0.07867379033882249,12,16,3156,0e9bb571d25cce430f8ba116ef808da3deecb9b9542f3141ddf3dcddf488fb40
52,C52-C1-16.xyz,C52-C1-16,C1,16,52,78,1,3,3,3.0,1.3900553986414597,0.027360070382259204,1.3462606099860457,1.4602887591158127,3.2924507425287306,0.7218703990302713,2.355762910361223,4.853572016826977,3.370657022744098,11.36132876497411,7.114668845360428,2.154103650016426,2.0925562695972553,0.19303025422029532,12,16,3156,1734b67218b3af4ef5a92844b601cc67dfbe725788615b7b49636ff60509c2a2
52,C52-C1-160.xyz,C52-C1-160,C1,160,52,78,1,3,3,3.0,1.3890034021051183,0.03262771107740884,1.3275658514740425,1.470892011671829,3.2317320506487075,0.4554116422381894,2.558986088781583,4.150959878459157,3.2636623310440958,10.651491811076182,5.472987316147442,2.871691993911599,2.3068125010171414,0.07540698106109478,12,16,3156,6ae3fc6809bd3c24ed73823dada96a36cea481320e91194b89c34ba7fa188571
52,C52-C1-161.xyz,C52-C1-161,C1,161,52,78,1,3,3,3.0,1.3890429538364317,0.03032850419310823,1.331963242736075,1.470960995404025,3.22703801187725,0.4213470757273965,2.5904706301584963,4.14485574764559,3.254428934287044,10.591307688324704,5.286793247565372,2.9340994460470586,2.3704149947122737,0.0639985209993931,12,16,3156,84bbaec779e2ce7a142ff9108e04e5e3d2bfae4f8705cb8d0d822e12cf871ffb
52,C52-C1-163.xyz,C52-C1-163,C1,163,52,78,1,3,3,3.0,1.3890540824737803,0.026789120712813537,1.3297974808217978,1.4678307463737095,3.2203103084669324,0.37214989925358116,2.7188417848792934,4.0954135288587725,3.2417424373834574,10.50889403033284,5.058199476334239,2.854285630078719,2.596408923919882,0.04973045224122575,12,16,3156,7af0b1f68e9fed38f228946a5b88474e1d558d4d3778e4e501b8bcc0bada826b
52,C52-C1-164.xyz,C52-C1-164,C1,164,52,78,1,3,3,3.0,1.3890927880418524,0.027812949941916815,1.3238431100398569,1.4698565712340779,3.2219034687625645,0.3825259170728347,2.6566096321926427,4.084035591809457,3.2445320216106133,10.526988039256654,5.080572017406056,3.072741517198649,2.3736745046519494,0.05345443900987256,12,16,3156,42f14d3772961d15a5349589fd6f62eb41dec5dcc6513c55b3d5e2eb78dc05cb
52,C52-C1-165.xyz,C52-C1-165,C1,165,52,78,1,3,3,3.0,1.3890535199184448,0.029367306208983274,1.3347793600441986,1.468894945188389,3.222984270741829,0.3881349630967662,2.6521672307777076,4.116915733990717,3.246271146874112,10.538276359027364,5.143329203647487,3.0296683751497744,2.365278780230104,0.05684799984638331,12,16,3156,8819327b9a249f59297cc69c6ae7d083edc5180ec55c66f377e883cda9910376
52,C52-C1-166.xyz,C52-C1-166,C1,166,52,78,1,3,3,3.0,1.3884200288836261,0.043861931510319925,1.2936003130797393,1.4743604884830577,3.2282219812304516,0.4190951163077021,2.505736338024268,4.123124978553546,3.255312254855504,10.597057876612425,5.076380338733341,3.5000335877050834,2.020643950173999,0.06238327091925261,12,16,3156,413229e907620cf1842fe39a418c8e4e54a189abffa53e1197dee57146f17923
52,C52-C1-167.xyz,C52-C1-167,C1,167,52,78,1,3,3,3.0,1.3888690191968405,0.029545387983632394,1.336789011026048,1.474079797704317,3.217411657205875,0.3370172288905895,2.7110429539922953,4.045313239978472,3.2350144334289053,10.465318384493342,4.863835451734663,3.0130109662997744,2.5884719664589046,0.040096931871993716,12,16,3156,38e405e1d98528af37d083b200f3fba4245a8c41c0bb21dd5bc50f1dca53b301
52,C52-C1-168.xyz,C52-C1-168,C1,168,52,78,1,3,3,3.0,1.3887954021584419,0.03212982151757622,1.3267678206830313,1.468600340460263,3.2198164009481425,0.3618528255549865,2.707151877771771,4.124451152355836,3.2400856660243997,10.498155123176778,5.0177976455641655,2.8869279437041406,2.5934295339084716,0.04765532872633026,12,16,3156,854e7f0bddf349952a12c4022ba745494709e86a27cbbf3a1910a7d9108e75e3
52,C52-C1-169.xyz,C52-C1-169,C1,169,52,78,1,3,3,3.0,1.3887286313243592,0.03440806705459667,1.3149922813461683,1.4622826334194086,3.2198493156524424,0.3623460407690251,2.6802062783488774,4.056693957555829,3.240173493621675,10.498724268768491,4.943692013604714,3.1597255656995307,2.3953066894642467,0.0465470936090028,12,16,3156,d8e6fa37275f2037dbeeeac8b0717b88768dc10a9279f6472cf28295d84cdbaf
52,C52-C1-17.xyz,C52-C1-17,C1,17,52,78,1,3,3,3.0,1.3909361302768126,0.02977338259383298,1.3220440461648773,1.4648046217840793,3.2909500730762256,0.7460259741810084,2.196865954574121,4.837559644798423,3.374449160623573,11.386907137633136,7.119849221936651,2.5982417908511892,1.6688161248452964,0.19675257108658023,12,16,3156,4991e0ed382250e10acbac4ec43bc3130e9e78ff88c764f9e879646e0f39b4ef
52,C52-C1-170.xyz,C52-C1-170,C1,170,52,78,1,3,3,3.0,1.3889214600544284,0.032856576132440064,1.3226228222739844,1.4803550182304244,3.222422868536109,0.4013858513416456,2.5899378441207856,4.096062672938464,3.2473250138108667,10.545119745321745,5.067215376364909,3.21302801375884,2.2648763551979956,0.05481185078650063,12,16,3156,4b8e85b1b7fb4682c05b52c18c0a11ab1899dde9b8a9182e5a119a7a6150821f
52,C52-C1-172.xyz,C52-C1-172,C1,172,52,78,1,3,3,3.0,1.3889940959481966,0.02855551292636074,1.32029124817216,1.4739516749201784,3.220704069265813,0.3662854620695545,2.6844725804921534,4.048600503311509,3.2414656779779225,10.507099741508874,5.033853992853365,2.956844699785787,2.516401048869722,0.04911961745923383,12,16,3156,cdf000a45ae9b03028c774cb13951cba2aa64d5966fa70c96b55bd7d1c7f5205
52,C52-C1-173.xyz,C52-C1-173,C1,173,52,78,1,3,3,3.0,1.388994099368946,0.030942688880786183,1.3382645403656184,1.4764153819301664,3.2265778283470956,0.4106107583120207,2.543088029399959,4.087609446322139,3.2525998335520208,10.579405677222633,5.24343047432,3.009333998945731,2.326641203956902,0.062385806711798664,12,16,3156,b4c47822d702d9b902df3c005664eb49904aa4b44ef673180f8b4cd814715086
52,C52-C1-174.xyz,C52-C1-174,C1,174,52,78,1,3,3,3.0,1.388923036884105,0.03312035623676012,1.321987658792623,1.4737647709183443,3.2295362205246545,0.4367389150044215,2.629221794243442,4.137931502046935,3.258933119835372,10.620645079559912,5.3992817732596325,2.6593528771451003,2.562010429155179,0.06900291017749416,12,16,3156,d9563401a9002cbfdffdc8ce0d47009d3ccf6f3eff80e53dc2bba9bb42daf3ff
52,C52-C1-175.xyz,C52-C1-175,C1,175,52,78,1,3,3,3.0,1.3888617562236545,0.032533005676085656,1.3254517494047078,1.4711669109927672,3.221784061681682,0.3774868186563175,2.5708192578698754,4.052319539722804,3.2438231823521737,10.522388838365384,5.070293114402028,2.9814811202216442,2.470614603741712,0.051401643548994735,12,16,3156,c70cbe3ecdbec96a70797cec27ffc0a3c1be20a687f88fc7bb5500c2695728c9
52,C52-C1-176.xyz,C52-C1-176,C1,176,52,78,1,3,3,3.0,1.3887098576544652,0.03866804447565331,1.3142912538703133,1.480464231246402,3.230097563308765,0.44142076333261865,2.4502422576565,4.116258394003664,3.260120022145562,10.628382558794378,5.316506037103667,3.1035259344602815,2.20835058723043,0.06798383528641873,12,16,3156,f857e1aec2b2f7d8c3082c2dba98c29a4910556c0190e9d6d7d9129ef30ff8bf
52,C52-C1-177.xyz,C52-C1-177,C1,177,52,78,1,3,3,3.0,1.3885145757308321,0.037995344295792544,1.311781266065345,1.4739064047625274,3.2205032534247655,0.364212365328887,2.5948938969947313,3.970268954138871,3.2410325287441903,10.50429185237796,5.003510770212161,2.8911728060973867,2.609608276068412,0.04654706224423769,12,16,3156,fbd5f77597978ddbac66d8b645e7640191af6570a740bade15f0dfa7b7484438
52,C52-C1-18.xyz,C52-C1-18,C1,18,52,78,1,3,3,3.0,1.3898617963411937,0.030209522941568197,1.3268374768599203,1.463338228161897,3.2541714230133607,0.5951129995177169,2.3767075805832887,4.654740671300992,3.308140131939966,10.943791132551775,6.163737881859856,2.7873360759782937,1.992717174713626,0.12285950695609461,12,16,3156,dc42480522d15f25862ef3f8c8f064dee46b2f7eeadd5397aaf8e985c86eceb7
52,C52-C1-181.xyz,C52-C1-181,C1,181,52,78,1,3,3,3.0,1.3887609710382391,0.03807642366183926,1.3197687789912294,1.4733245195814804,3.236299169118319,0.4735929291360705,2.4590527800459623,4.196655232129448,3.2707678876012602,10.69792257456361,5.562277539815152,2.9659949135967842,2.1696501211516743,0.08250547851218044,12,16,3156,beef6384e5ce1489908d82076e0d6986b21bab2175cb705e459fddb544f7dd96
52,C52-C1-182.xyz,C52-C1-182,C1,182,52,78,1,3,3,3.0,1.3889835369977281,0.029760238066815606,1.3244918761547766,1.4647652678842435,3.2277137952556734,0.41964027684199295,2.640137771522926,4.047577643186359,3.254878539366992,10.594234306031804,5.345577372235526,2.7735297999950617,2.4751271338012164,0.06657274717463066,12,16,3156,0173eea3c47fa40a94f2be0bed701cfbcb9a48b16715397356ea16d1cbd0a7ce
52,C52-C1-183.xyz,C52-C1-183,C1,183,52,78,1,3,3,3.0,1.3885386223492588,0.04096860446871871,1.307945453755622,1.4765020487625473,3.2301135915708477,0.4405474503057307,2.4923483822340238,4.072846482824429,3.2600177714886156,10.6277158704216,5.337932896963816,3.0822351592344557,2.2075478142233282,0.06929079418601042,12,16,3156,86167bb459090ab53b378451f44ced07f54f1244a96650f625eb284013facd98
52,C52-C1-184.xyz,C52-C1-184,C1,184,52,78,1,3,3,3.0,1.3888969309218444,0.032995116483790464,1.3274496336961337,1.470793993052732,3.2265767671113794,0.4201577697317139,2.5493767943682752,4.069192535906706,3.253817786159644,10.587330185528845,5.258291133805345,3.0522076803943654,2.276831371329135,0.06404190860021568,12,16,3156,cc7d44ac539fc19c40a4840409158ee64aeef3023dbfee38324a1a29ed9af192
52,C52-C1-185.xyz,C52-C1-185,C1,185,52,78,1,3,3,3.0,1.3887497998094824,0.03590830831500531,1.320731498072186,1.4728018671905603,3.2277746825084255,0.4202486962346422,2.5942704818580387,4.055129013071634,3.255017414351157,10.595138367729291,5.331356316796762,2.8377143990371403,2.426067651895388,0.06604670960707709,12,16,3156,6f80393a469e12d28ba30f9cee999b43fafe7e27c5b5580c9b2615d5a4d1b9cb
52,C52-C1-186.xyz,C52-C1-186,C1,186,52,78,1,3,3,3.0,1.3886874167671668,0.03995769942455476,1.3134854624243086,1.4733894631087872,3.226796371978421,0.43452051388808033,2.4358540387994925,4.040829347979155,3.255921206540887,10.601022903202665,5.132686800773008,3.337590301523647,2.1307458009060087,0.06091070205416391,12,16,3156,4445fdc9e4728b6671f0ef16ef7ec29024a046456939c5c56580a43cc0476488
52,C52-C1-187.xyz,C52-C1-187,C1,187,52,78,1,3,3,3.0,1.3886710239712396,0.03684628851785311,1.3174459950980912,1.472127885069772,3.222855528505676,0.3866749194537132,2.592679360424064,4.0395535506138085,3.2459690773256207,10.536315250954141,5.0916178017844835,2.99346787468092,2.4512295744887376,0.05255153352656322,12,16,3156,4c808bc2e720b1a7b7496a2ec2a15faa06e28fe9c99d35dc20fc40c4ad6b0903
52,C52-C1-188.xyz,C52-C1-188,C1,188,52,78,1,3,3,3.0,1.388690199867614,0.036161715792842684,1.3184410187793767,1.4717334099625516,3.2252833069798297,0.40367711296663833,2.5700315226126373,4.04443095278409,3.250447295652681,10.565407621815828,5.2124683748451,2.9208134512823487,2.432125795688379,0.05921821555574991,12,16,3156,cbc457af822a1bb9b726df43b7706d07307640c7542ed91bd5e007f29d5d1255
52,C52-C1-189.xyz,C52-C1-189,C1,189,52,78,1,3,3,3.0,1.3888233463614195,0.036105069768754265,1.321658363572069,1.4678913788152037,3.224370026001364,0.40209282185550277,2.4818258872012753,4.001986788141525,3.2493446573061093,10.558240701963758,5.0709637607656965,3.2938241958102665,2.1934527453877943,0.056734459959774025,12,16,3156,ce41045223b2249cc4e8b83926e0125dc2fa8640fdf4a45d783c5a16fb90c3dd
52,C52-C1-19.xyz,C52-C1-19,C1,19,52,78,1,3,3,3.0,1.3894578183151123,0.030967391367956874,1.3298253494350303,1.4630161208954602,3.2574221158910244,0.5890606226576974,2.4133232139137704,4.6409490373330735,3.3102554672202915,10.957791258261832,6.188133970777757,2.662903299548864,2.1067539879352104,0.12240124580587557,12,16,3156,43c129e3791bed39fc644e8f27bb560bb7516a068506a894eb8b64a74b7e8ffd
52,C52-C1-190.xyz,C52-C1-190,C1,190,52,78,1,3,3,3.0,1.3891094872831324,0.03852542492477581,1.3217169969399651,1.4675976219659121,3.228061015891754,0.4679439129314245,2.304438536889096,4.057039797058311,3.261801561709368,10.639349427969673,5.117455070864011,3.6211702100419183,1.9007241470637433,0.06866936266621382,12,16,3156,a5079558621cc95d3ed3a771b8ce1e25258a9271ee6bbb825f287b8c45ab673b
52,C52-C1-192.xyz,C52-C1-192,C1,192,52,78,1,3,3,3.0,1.3891964245538722,0.027586428873997895,1.3270137715939498,1.4663150616426197,3.234031145272726,0.4620393300005645,2.571552321349618,4.169465785129036,3.2668697236133233,10.672437791061391,5.572264215390982,2.7381598936164737,2.3620136820539352,0.08112024205986808,12,16,3156,3e6ef15954c880f323d311fbee8752d52ed87abd24b8667ca6b163fbd0931088
52,C52-C1-193.xyz,C52-C1-193,C1,193,52,78,1,3,3,3.0,1.3887380700443515,0.035475220521208106,1.3203176170906756,1.4742008173922576,3.226170072689774,0.4114159411827148,2.60652788487911,4.099554315649454,3.2522970981413124,10.5774364145784,5.249923931010935,2.8532754248218457,2.4742370587456204,0.060742622522964584,12,16,3156,274dbf0a9822964fa11519bdfe86ff3c6cf597a36620bf3825a08a181b8f79de
52,C52-C1-194.xyz,C52-C1-194,C1,194,52,78,1,3,3,3.0,1.388869072276825,0.03376058536508415,1.3274783840048021,1.4673871643162208,3.22934169240361,0.42404364114446824,2.5510131452019893,4.109718142178024,3.2570632133704858,10.608460775891274,5.333230204471056,2.972421205390147,2.302809366030072,0.06755520375375526,12,16,3156,830e6ff6b5ac3b23aa5fc03b5e8a9a8da5a4f845caf3f96c4214a0b1c7966d9a
52,C52-C1-195.xyz,C52-C1-195,C1,195,52,78,1,3,3,3.0,1.3887228797560216,0.037785004637777064,1.3246956820341795,1.4773595161638888,3.230325240908979,0.4358030692217409,2.519069900569871,4.097502084914683,3.2595897713050856,10.624925477196742,5.379837268441003,2.9972009243317363,2.2478872844240025,0.07107659602368219,12,16,3156,ffdabb5070cd888aba489f043e3c4ab0267facf3e6ccb8b0b871c344e198aca6
52,C52-C1-196.xyz,C52-C1-196,C1,196,52,78,1,3,3,3.0,1.388361831809232,0.04631967379464547,1.2937872390775849,1.4863474492863369,3.235280260863083,0.45899430714089523,2.3938554695120424,4.092014325825226,3.2676771781064984,10.677714140318049,5.331465199157293,3.409504960287619,1.9367439808731375,0.0762500761954961,12,16,3156,0a11488dbd29cc1757f5423f051187ba6dbdf91509597f9d8bd541a3380fd2ad
52,C52-C1-198.xyz,C52-C1-198,C1,198,52,78,1,3,3,3.0,1.38884349005669,0.03676911502144529,1.31957138495801,1.469403651145593,3.2385940017961796,0.4916106767993566,2.5269913543857907,4.243363524029448,3.275694150254769,10.730172166013315,5.698941177227826,2.7308566296926573,2.300374359092831,0.08922053555294861,12,16,3156,792421549e457036fb6c7972e79032474ee89d215bdd6612b1ae3adddda67370
52,C52-C1-199.xyz,C52-C1-199,C1,199,52,78,1,3,3,3.0,1.388690043969927,0.03656221931676001,1.3180783777909413,1.473585090858346,3.2214051243610036,0.3839319185434681,2.566608649360454,4.018358343868939,3.244203244763774,10.524854693335799,4.987377356453983,3.1996424535306933,2.337834883351123,0.049465242398914505,12,16,3156,4793b809c4199083ecd6a5745a2c0f7390f81c2c4b678f77d2cec673d8cdf0f7
52,C52-C1-20.xyz,C52-C1-20,C1,20,52,78,1,3,3,3.0,1.3895750975324725,0.032236718349230926,1.3265246021088337,1.4614009921989242,3.256732485795885,0.5990119926676621,2.3262300209835542,4.6631312335071335,3.311362536992579,10.965121851397932,6.148856528934805,2.855576299479144,1.9606890229839817,0.12137702279093078,12,16,3156,cbbea3d0eb27ef9850e56a5fcbb5bf99eab45ba8652e202b481956a265bb0ca5
52,C52-C1-200.xyz,C52-C1-200,C1,200,52,78,1,3,3,3.0,1.3890304401322646,0.030112974907218912,1.318129470120443,1.469505294308258,3.221752965572094,0.38835675270338393,2.5360266347628,4.054660130582342,3.24507521307949,10.530513138542897,5.014622779524903,3.232026615340859,2.283863743677135,0.05200437049671931,12,16,3156,f0466ce9699152a2d4e6d15f4b71bde6dd867fb8a81f28ecd52fdfa32427aec7
52,C52-C1-201.xyz,C52-C1-201,C1,201,52,78,1,3,3,3.0,1.388843312345286,0.03209221145116113,1.3153164296092406,1.468614915490102,3.218109196302206,0.37008189812845016,2.626139307176785,4.048670904697629,3.2393189732792895,10.493187410647192,4.86708376791089,3.2500965127688684,2.3760071299674332,0.04352195778775468,12,16,3156,4d9b03331596686f29090a3391139d0fe10e16330dc08dddf491186f30ba96bf
52,C52-C1-202.xyz,C52-C1-202,C1,202,52,78,1,3,3,3.0,1.3885833744322282,0.035803546152201944,1.3173515703865843,1.4709782221365482,3.2168618638318542,0.3353671001246093,2.7390716400440565,4.060807069326692,3.2342961124210237,10.460671342821746,4.883611363560949,2.971704096199814,2.6053558830609838,0.04103265030515736,12,16,3156,ae91e7d4182ec8bf8b77aa1474919787ab725177a558c180722f147122c65539
52,C52-C1-203.xyz,C52-C1-203,C1,203,52,78,1,3,3,3.0,1.3882983586517281,0.04076425729250778,1.3110280317369267,1.4794876140069575,3.218076315875032,0.3459241930083329,2.7025508735003023,4.052285136145589,3.2366153188329765,10.475678722104291,4.896541449336112,3.0060552394918987,2.5730820332762794,0.0417344656854978,12,16,3156,47dc7a8c21221c096492904133d935a46f5e3b40e2fadd1fe671d6974336db2f
52,C52-C1-204.xyz,C52-C1-204,C1,204,52,78,1,3,3,3.0,1.3887977695379954,0.03270153596537733,1.3223747048397438,1.4577034472072845,3.220167195481549,0.3673515414838863,2.63800595009361,4.093707413875789,3.2410529032840696,10.504423921886097,4.989277773795256,3.176421103250987,2.3387250448398538,0.049906299246385066,12,16,3156,ad5f58096dea439186b27ec22ce354b3b3371519c0f95eef2db1b12fcda55f20
52,C52-C1-205.xyz,C52-C1-205,C1,205,52,78,1,3,3,3.0,1.38899735668929,0.026983863314899117,1.32747418053987,1.4576456839712453,3.218364872417602,0.34936334847394723,2.672721138235332,4.049216143004715,3.2372715674265717,10.479927201268492,4.937333151458187,3.0335281968978878,2.5090658529124177,0.04459672469928102,12,16,3156,3c1205a4f5bdf83395b772665ec4180004c5ca1b1508566e7b83a0f1fcae61cd
52,C52-C1-207.xyz,C52-C1-207,C1,207,52,78,1,3,3,3.0,1.388759133491902,0.03558632752790968,1.3220339481269003,1.4718542149275518,3.2186910619142735,0.3498156042659187,2.534634280326,4.013540109813358,3.2376446854209875,10.482343109034765,4.717088946373775,3.5467755968799937,2.218478565780995,0.04266973692693325,12,16,3156,93a6b48ebee4c3bf4ae7fbbca5fb4a8a81535c3cdf8633f8f4035cc02b815bad
52,C52-C1-208.xyz,C52-C1-208,C1,208,52,78,1,3,3,3.0,1.3886110659853317,0.03476586872507889,1.3207777102904183,1.4792984046499882,3.214440309984109,0.30723133570328226,2.72400619639313,3.975492843794979,3.2290892833876175,10.427017600088757,4.71419088368616,3.0358027378958474,2.6770239785067496,0.03263236759485534,12,16,3156,6a84d32157ef4aab46e6854e4fa01b549acbff4e15be2df84fe3e7c2b09922b8
52,C52-C1-209.xyz,C52-C1-209,C1,209,52,78,1,3,3,3.0,1.3887899621113433,0.03245125117582944,1.3240771729774665,1.4741647296011393,3.2168403787760784,0.3368183128165091,2.5871831837430075,3.994940167561518,3.234425543797968,10.46150859837278,4.706037726915119,3.398255341679221,2.357215529778439,0.03796959173738121,12,16,3156,1474876f073ca2fb9e61c8b5bd66c5c1ea5a70beead92f64d72fe2186304a39b
52,C52-C1-211.xyz,C52-C1-211,C1,211,52,78,1,3,3,3.0,1.3888131957664451,0.03366266985722124,1.3280934944498448,1.4674363529639027,3.216156378650911,0.3420609622431556,2.6000629245009907,4.022338420551106,3.234295526668468,10.460667553827662,4.64672745035329,3.520347566820135,2.2935925366542382,0.037975145100319636,12,16,3156,55fd8496d71ae156ff04248ae49de7467eea337ce219cb21fad8d40a11a84ca3
52,C52-C1-212.xyz,C52-C1-212,C1,212,52,78,1,3,3,3.0,1.388748379566365,0.0321929586265022,1.3275320900076202,1.4769368063664743,3.212866880073792,0.3058649690291341,2.7118300697541193,4.000522898792243,3.227393215639254,10.416066968354286,4.592459581820621,3.246733147629408,2.5768742389042565,0.029136397319796514,12,16,3156,077ad37a3c20b438d43c0f1267d5e7575188d81a65de2e62513c2514fa12b0c1
52,C52-C1-213.xyz,C52-C1-213,C1,213,52,78,1,3,3,3.0,1.3888091271630478,0.030132829458532885,1.3289437046015153,1.473290012183616,3.2107513694373258,0.2729124786397861,2.8376830082232622,4.0192354756850435,3.2223292161635158,10.383405577340977,4.533039197351073,3.049706107453754,2.8006602725361494,0.024409554259477585,12,16,3156,23b292c5bc135f844bd92c55d7ebdcd302983079685451cd1185d2b9e11b782d
52,C52-C1-214.xyz,C52-C1-214,C1,214,52,78,1,3,3,3.0,1.3888282170183668,0.03041887526782843,1.324844719202971,1.4722799563941635,3.2126904655283814,0.30772812707914166,2.680413232960633,3.976063863174969,3.227394712069257,10.416076627492604,4.499614329914257,3.4309737936299483,2.485488503948398,0.028078056115705317,12,16,3156,fa712f51fcc41549e2f360fd8429874e7f0003f5f5a3d7aa738e043a5e98fad2
52,C52-C1-215.xyz,C52-C1-215,C1,215,52,78,1,3,3,3.0,1.3888200946244607,0.029925058500830975,1.3276803229693508,1.4685478269365286,3.212724900557785,0.2947115287742923,2.7499396720077245,4.017576021451678,3.226213906711164,10.40845617185651,4.643777229410112,3.094192823641972,2.670486118804426,0.029882123242384588,12,16,3156,2865f7874152c1b534cd773821c0648b27eec04edc48be40c4bb3b613d36043e
52,C52-C1-216.xyz,C52-C1-216,C1,216,52,78,1,3,3,3.0,1.3887627306715014,0.03511340346596689,1.3162263217243453,1.480309112989581,3.2158707876821078,0.36065862788996306,2.59353883787411,4.007226544068162,3.23603145363864,10.47189956893861,4.5378562874680455,3.66825898997328,2.2657842914972854,0.03595384349570131,12,16,3156,43fb1f4044e21a5298ea058df364fa8fb08e7b5d7f46787265176ffdc2b86fd7
52,C52-C1-217.xyz,C52-C1-217,C1,217,52,78,1,3,3,3.0,1.38863311499185,0.03384623259465947,1.3216681315670737,1.4725090186481031,3.213344593115608,0.30237496854244983,2.7748364803286822,4.023891016200013,3.227539944866115,10.417014095706364,4.674850037200982,3.002248066876683,2.739915991628698,0.03045862331952138,12,16,3156,64bfe5fa48ee582b388987a0788401289933f45dd96d31f20f594ca643a8c0c0
52,C52-C1-218.xyz,C52-C1-218,C1,218,52,78,1,3,3,3.0,1.3887875327056893,0.03155198033059332,1.3254789473997692,1.4747270662736207,3.215647103460184,0.3151540934066564,2.7387682587169766,4.0124787922221525,3.2310537594696314,10.439708396582837,4.721844145211669,3.2388407978309286,2.47902345354024,0.03581541535964425,12,16,3156,cf89ed99851ff412856ee01193081d254c2ece9a9e0e1d0881d3cd7ea443a40f
52,C52-C1-219.xyz,C52-C1-219,C1,219,52,78,1,3,3,3.0,1.3885797056251832,0.03570069988156485,1.3280976620715814,1.4756628375072671,3.2136337132524795,0.30482540737486175,2.7251799312135163,3.9990467687010285,3.2280582665023525,10.420360171934174,4.658788186920998,3.1515818161608986,2.609990168852277,0.031139816743696258,12,16,3156,8ae45bd40e3cad18935c19241fa96a3d664ed50336e947f1778d5e359b04ac30
52,C52-C1-220.xyz,C52-C1-220,C1,220,52,78,1,3,3,3.0,1.3887733705320644,0.0330747799726641,1.3165741414747596,1.459242378770573,3.214790800327303,0.32449261938984536,2.65782851075694,4.016018473646428,3.231126018883749,10.440175349907545,4.605338913596674,3.438429896897368,2.3964065394135026,0.03361034706124179,12,16,3156,aea951d625ba428efd89e2cb593e4da9247ad32399786d70b211e2a3b9e22dde
52,C52-C1-222.xyz,C52-C1-222,C1,222,52,78,1,3,3,3.0,1.3886003021278912,0.03391804461996056,1.3277226743563582,1.4763389109550693,3.208768913735493,0.24487356733014007,2.8092885789203583,3.8755354670278575,3.2180989738869514,10.35616100573225,4.28790415606195,3.317120266332889,2.751136583337412,0.016897021308732774,12,16,3156,087c41a0a4acbf9c3f2a7e62b87511b9ea8dcab4b2b79dac1efc533571c3cdeb
52,C52-C1-223.xyz,C52-C1-223,C1,223,52,78,1,3,3,3.0,1.3884332521345868,0.036529340266536835,1.315952434550733,1.4752657014924464,3.209506758857392,0.25004591343253296,2.824599967331212,3.891676963833471,3.2192322988525683,10.363456593975592,4.399546470910508,3.0242808338562277,2.9396292892088556,0.01876086306122677,12,16,3156,a8641b2c8fe2fbb846716aa8c87121c12995700b414bf4f081ff435bb592d872
52,C52-C1-224.xyz,C52-C1-224,C1,224,52,78,1,3,3,3.0,1.388416921355493,0.03785359694172718,1.3164648457137014,1.4680009025882785,3.2107303267390512,0.27756225629200854,2.683446809923087,3.867148107325873,3.222705390996788,10.385830037159762,4.38628097001015,3.376295868099599,2.623253199050013,0.021765122248612222,12,16,3156,ca8b7f68866a7e4017a985ea087433c60dd400a8bf439ae9cec2de03289a5268
52,C52-C1-226.xyz,C52-C1-226,C1,226,52,78,1,3,3,3.0,1.3887341346454503,0.03370161586004813,1.3163555218860896,1.4706931733029835,3.2210375088362535,0.36248793700370047,2.670288921108865,4.09059940768096,3.2413701019481334,10.506480137803253,5.030673093323978,2.975360992160209,2.5004460523190666,0.04915427968645903,12,16,3156,dd841f2b2d555f4a748afeed3fce855080655a2e6abcb6bbf3ed83b8c02a66a3
52,C52-C1-227.xyz,C52-C1-227,C1,227,52,78,1,3,3,3.0,1.3888007401630809,0.034361513494883006,1.318711890444611,1.4736404887217236,3.223094878610766,0.3821639610499857,2.6064792441074642,4.126714055391168,3.24567248650451,10.534389889652367,5.079617389703716,3.158960130517147,2.295812369431503,0.05489388453061573,12,16,3156,791cc7ca4a26442ff7cc3217be330de7f28e161cd18b4264d2cfe618a11a35cc
52,C52-C1-228.xyz,C52-C1-228,C1,228,52,78,1,3,3,3.0,1.3886859937286584,0.03541399370380611,1.320351498654809,1.4748397777385853,3.2213409950730023,0.3641986995220221,2.633789375697351,4.109311012360282,3.2418634300771294,10.50967849927145,4.988940296750862,3.1249004878283566,2.395837714692232,0.04857416592313594,12,16,3156,35aa12e1e6b9c31ef9515a08e4d0948d0ce154a90bc74e4eb5f55ffc0b77e3e4
52,C52-C1-23.xyz,C52-C1-23,C1,23,52,78,1,3,3,3.0,1.389541099210662,0.027537557371033985,1.3393681570053844,1.4609567960757772,3.258596903059325,0.5974369186169108,2.44569546525341,4.5851078506222755,3.312911808115979,10.975384648354286,6.322953364771418,2.410621751777252,2.241809531805616,0.13278606453013062,12,16,3156,30e70d134344339acd03387c247d1f5aa7c19ee820f4799d5eac907996b75a5f
52,C52-C1-230.xyz,C52-C1-230,C1,230,52,78,1,3,3,3.0,1.388870670539633,0.03506099998456616,1.3106376959327855,1.4747272324060472,3.2168971663625383,0.3701641256633486,2.4964094438438718,4.018626142458555,3.2381242809502293,10.485448858879439,4.589444142304023,3.737661698266281,2.158343018309135,0.041521049525128605,12,16,3156,754807bd039be10545ff0454a204dae8c0930bb11d0c2240411c0b6343616cd4
52,C52-C1-231.xyz,C52-C1-231,C1,231,52,78,1,3,3,3.0,1.388622620941787,0.03928365705133096,1.3236886869653302,1.480024746414735,3.2168067771690496,0.3539268129084308,2.4849105198334893,3.93971237099798,3.236218476947476,10.473110030536244,4.438515296589622,3.8616453142681326,2.1729494196784893,0.037913949762243083,12,16,3156,a72389ff433e8d8c06de052590de49eb6fdefc903680308f22e8e2eec0a3af4e
52,C52-C1-232.xyz,C52-C1-232,C1,232,52,78,1,3,3,3.0,1.3886145672050876,0.03677825656667343,1.3227006842063702,1.4751408542915485,3.214628630814562,0.3132527334877147,2.553038856958611,3.939626544843158,3.229855183919278,10.431964509090236,4.4396327858219795,3.6735779605159395,2.318753762752317,0.03179627956576331,12,16,3156,27cf2e0fb637585092e4c2f2a8bf1430541bfd49991cf7aecf217e2a3deb39e3
52,C52-C1-233.xyz,C52-C1-233,C1,233,52,78,1,3,3,3.0,1.3884035398811747,0.038554529273145406,1.3166481002910382,1.4776558124272379,3.2120045959706394,0.28788524201751275,2.63960068356205,3.930273034629803,3.2248800655385605,10.39985143710799,4.4055667117356885,3.4634185060688685,2.5308662193034333,0.024371068614637077,12,16,3156,6721c0451fa043780636adecb28e2c066740e5c7b5c7e7c7d8eb385a51e06a5c
52,C52-C1-234.xyz,C52-C1-234,C1,234,52,78,1,3,3,3.0,1.3884417768178265,0.042186894334896606,1.3021992551065293,1.4802204801988115,3.2166813895382367,0.35828868478003906,2.5242325091422932,3.951170203464951,3.2365737970024804,10.475409943443053,4.474707217450816,3.818928328403905,2.1817743975883315,0.03812785272384172,12,16,3156,215bb5bc0f6b378f49845651186d2e819643c84698f8548e431713b588aa5fd6
52,C52-C1-235.xyz,C52-C1-235,C1,235,52,78,1,3,3,3.0,1.3886711780371344,0.03964874533835771,1.316601629195407,1.480525521563205,3.2203372711852714,0.37647165770727714,2.428576473786108,3.988222234928893,3.242268195143928,10.512303049241863,4.640125450549974,3.7930038071811456,2.0791737915107436,0.0462104742079256,12,16,3156,4a2e9fe398676d4b80e2bf9743783992356dac23360ffc304745579e83d6078e
52,C52-C1-236.xyz,C52-C1-236,C1,236,52,78,1,3,3,3.0,1.388861117472045,0.03669394682065627,1.320479053222731,1.471626015671101,3.218148698590112,0.37679040009107057,2.4047058792421963,3.948658366834193,3.2401314868131537,10.498452051838017,4.474844853235481,3.9495004180897464,2.074106780512789,0.04335351353790279,12,16,3156,0e37e678d48138ce55d0d108488034f8c1d4c64ef70b1f1c4b51b4d7d3e70849
52,C52-C1-238.xyz,C52-C1-238,C1,238,52,78,1,3,3,3.0,1.3887529037944977,0.038945354843541106,1.3168842432043903,1.4740015230656986,3.2202095815622966,0.39110472107659344,2.3823197160550134,4.007356766609264,3.243873094317043,10.522712652034027,4.702692632133606,3.7565188246916192,2.063501195208802,0.04843822354442922,12,16,3156,b9947d979561aaa1f5299adde6c24bf66d6a8cb40df35368a9490deff5443b24
52,C52-C1-24.xyz,C52-C1-24,C1,24,52,78,1,3,3,3.0,1.3893692908292028,0.03075612898250514,1.332219764153047,1.4595470564527886,3.257328196496532,0.5901068959064726,2.4714982536254837,4.599120543269112,3.3103493967084083,10.958413128287722,6.295807016701044,2.477585229288093,2.1850208822985855,0.13141731377009966,12,16,3156,c6c7431047d39d8a7fe77cddbd871916be71e8302136600db8254997b6ba76d9
52,C52-C1-240.xyz,C52-C1-240,C1,240,52,78,1,3,3,3.0,1.3890601610383437,0.029498514360295526,1.3266422991899514,1.4640674198956822,3.226799456489493,0.4233870384877982,2.580532967567201,4.304899010850807,3.2544571462473364,10.591491316760356,5.244602799804685,2.9896541624871116,2.35723435446856,0.061604934536239005,12,16,3156,58e0018db949cf870b0bcd61e7304bb5178d19d15c10109c70eaf0b4a135bfe2
52,C52-C1-243.xyz,C52-C1-243,C1,243,52,78,1,3,3,3.0,1.388864962288248,0.030564676945479843,1.3217210220012388,1.4659995668485035,3.220124244311999,0.36045593086903244,2.6681610426362137,4.008751751459073,3.2402358906265736,10.499128626904586,4.997789438310036,2.92559259594159,2.57574659265296,0.04664122637242812,12,16,3156,15d6fe6beb776f4d42f1c9f3f90fd30e59a7fad294a67fcc604c5b63ca530db7
52,C52-C1-245.xyz,C52-C1-245,C1,245,52,78,1,3,3,3.0,1.3886708959456864,0.03388141930200564,1.3200147385540812,1.462581635328435,3.2151538611483947,0.31065561612689385,2.70907764970277,3.8377159369719265,3.2301271279453707,10.433721262688609,4.74262359826799,3.098872148920443,2.5922255155001754,0.03482750630026088,12,16,3156,fc5be5e677a706e8bdace6463ffe474c4584db5ca79b6723f1a8b29eff844869
52,C52-C1-246.xyz,C52-C1-246,C1,246,52,78,1,3,3,3.0,1.3887342503638795,0.033372091358780054,1.3221572901890304,1.4725809621205892,3.2181420921370263,0.3454260063333757,2.695756018641416,3.890254949491283,3.2366275119382375,10.475757651035504,4.916336607214736,2.9828922116893986,2.5765288321313715,0.04272786043131438,12,16,3156,f000bfb1c711608ade689eac5230cfacc0d3cd7c81b2af10ab020e95c4b2b881
52,C52-C1-247.xyz,C52-C1-247,C1,247,52,78,1,3,3,3.0,1.3883804027573188,0.04124929908886275,1.304396573132573,1.4772677110124626,3.221508328814074,0.36254399715642477,2.553031858739363,3.8887129160271816,3.241844237851751,10.509554062492601,4.8715289144591845,3.3961749851529572,2.241850162880459,0.04719002613265982,12,16,3156,b6498275d9bdbefe084e81f5fe833a7b46dbb86b8404c60a0db9d299286a8211
52,C52-C1-249.xyz,C52-C1-249,C1,249,52,78,1,3,3,3.0,1.388806098321893,0.03033914890413945,1.3245983919664104,1.469794516250486,3.211764499378264,0.28127130041139636,2.717174189183977,3.845309145737268,3.224057186822471,10.394544743901626,4.569304557985232,3.1937397542390387,2.6315004316773547,0.027596326959316596,12,16,3156,2a738fc37332273a31d8c9f6cbf7ba7a02e8a4b9d38825ccdce8c2083c20494a
52,C52-C1-25.xyz,C52-C1-25,C1,25,52,78,1,3,3,3.0,1.389017418047769,0.039068115085321625,1.3068933774413276,1.4687644807796787,3.2567130368975468,0.5843358154680303,2.334786322101139,4.564978711242948,3.308720016855027,10.94762814993713,6.194514915997008,2.7901599617477273,1.9629532721923943,0.12590686675112514,12,16,3156,4735022130d8e4688c671575d880bc14575ba3f2784d0bb6c2527da88681208f
52,C52-C1-250.xyz,C52-C1-250,C1,250,52,78,1,3,3,3.0,1.3887703680950894,0.035531973084620784,1.3177334518027537,1.4707530894069203,3.213892524386866,0.3437252797944923,2.4758541495561204,3.803445848512447,3.232220943295737,10.447252226279584,4.495729185348504,3.7222382292472163,2.229284811683864,0.036483405080038236,12,16,3156,493a763d3ddcc4a47b0e7e96650df678c1129ec3d9aa2c7d4156515769900444
52,C52-C1-251.xyz,C52-C1-251,C1,251,52,78,1,3,3,3.0,1.3887246904033506,0.031838181118561064,1.324737834441215,1.4781868014564328,3.2117354469336514,0.2716351695313382,2.6710171786748,3.778179845294725,3.223201862498906,10.389030246416418,4.487135973930986,3.327739724556488,2.574154547928944,0.02581065312704636,12,16,3156,baf042f9f4e0ff5b1cb4d93dcac9b992973751e2abcd5f9c56698b7412cd6f32
52,C52-C1-252.xyz,C52-C1-252,C1,252,52,78,1,3,3,3.0,1.389044675182479,0.024808605072903982,1.329919309582352,1.4436712679831236,3.2148963976943645,0.3149483212434659,2.7675062026751474,3.9018295540878136,3.2302865651459283,10.434751292962279,4.797689122888607,2.9620702820398996,2.6749918880337717,0.03654233661172781,12,16,3156,ac3e1db6ef070b153d773d5e170a69436783247382bb6c89fb6aff055bc6ee25
52,C52-C1-253.xyz,C52-C1-253,C1,253,52,78,1,3,3,3.0,1.3883549632498808,0.04032673280091941,1.3009693117056986,1.482560680039775,3.2191467850283213,0.33991974060796976,2.617847668123991,3.9037504085620496,3.237043628623681,10.478451453613168,4.777425201916776,3.4021466447950304,2.2988796069013615,0.04213092305355017,12,16,3156,05afa957c1d0187f152ca2778af6ee65650150e620ed17ae1dba2601b62f55d3
52,C52-C1-255.xyz,C52-C1-255,C1,255,52,78,1,3,3,3.0,1.388774862381555,0.031065337706786805,1.3236225368283814,1.4580104286321138,3.2142784578506816,0.3049328798451483,2.772232233506797,3.8748784639444156,3.228710279014456,10.424570065813606,4.752995659404826,3.0646807932291034,2.606893613179677,0.03527014360420286,12,16,3156,903dd0ef3e09e1955b7191a7dc42874d1787a59975ea2e26cb5fde6e7b7130f4
52,C52-C1-256.xyz,C52-C1-256,C1,256,52,78,1,3,3,3.0,1.3884962161556587,0.035749624755183486,1.3192424227563333,1.4711809847873918,3.2087242825562092,0.2443327314239506,2.7683332596397268,3.7932142959354476,3.218013363103228,10.355610005110947,4.377822365134434,3.1719948548109334,2.8057927851655795,0.018926947588642693,12,16,3156,0879c4038c7a40bb6f89d399c70a92efce747e1d7ed556ee7877f6fc0d28b1b5
52,C52-C1-258.xyz,C52-C1-258,C1,258,52,78,1,3,3,3.0,1.3886624097643865,0.037373180973603246,1.322064177716044,1.4764044703264754,3.216805469614154,0.33198109384433383,2.537202117936136,3.838050227898927,3.2338906716229014,10.45804887600962,4.283415540868489,4.020549316733164,2.154084018407966,0.03696985442036871,12,16,3156,2aa60a72ea7c92263c94eceba55f0773ec71f6ddc462d030a55d8f30d523e0f1
52,C52-C1-259.xyz,C52-C1-259,C1,259,52,78,1,3,3,3.0,1.3888384767205573,0.033422189635173884,1.3192210315182213,1.468828168983697,3.2135281871047505,0.32914282005522233,2.5078853583932412,3.855504895510409,3.2303402924940667,10.435098405310653,4.438972694673945,3.7470178350015835,2.249107875635124,0.03452087158697538,12,16,3156,c134707a4ebefbd6bf7aada5e51b03d1de51136f0f5c62e3cf96affc3e5f21ea
52,C52-C1-26.xyz,C52-C1-26,C1,26,52,78,1,3,3,3.0,1.389199299854738,0.03336985283121743,1.3269063606750853,1.4652602635709466,3.2573498526358624,0.5863616151522465,2.4479043757171817,4.586527054231096,3.3097051237520887,10.954148006190827,6.26109048137522,2.5527384574300487,2.1403190673855597,0.12876846647491993,12,16,3156,cae29b0d225fb980bc98354fb4822d5f9aacceb79026798ce87dad4150f61954
52,C52-C1-260.xyz,C52-C1-260,C1,260,52,78,1,3,3,3.0,1.3886313683616458,0.03351334762046484,1.3180974205270262,1.4759602603051345,3.2094895069365634,0.2427114869772281,2.696359045352344,3.7771193129348863,3.2186537187225657,10.3597317610466,4.317902316978799,3.4257317882292777,2.616097655838524,0.02025461722204184,12,16,3156,cfeca0dd3846f90d5920da5e36a18658e9d1477ced7128a9c85cc93f0379c01e
52,C52-C1-261.xyz,C52-C1-261,C1,261,52,78,1,3,3,3.0,1.3888413107924744,0.02810170129597414,1.3198838774680144,1.4503020823262993,3.2116850433324213,0.26906807706200403,2.761151273513567,3.8791573383416926,3.222936308346633,10.387318447659021,4.539061865614389,3.1961102827464614,2.6521462992981713,0.02622824735099318,12,16,3156,1929b4b4f0d946b2564cb294cd28ffd0bcf6e6ef64c2148abaf7cb02e9dc7599
52,C52-C1-262.xyz,C52-C1-262,C1,262,52,78,1,3,3,3.0,1.3887789708917342,0.030942655956030893,1.3213132633860905,1.4651661100366742,3.213425138507218,0.29757621137572704,2.748468259975849,3.9104519521330046,3.2271741078483607,10.414652722366863,4.680341530550289,3.1638182664809604,2.5704929253356124,0.03274484615218816,12,16,3156,9fbd5ffd8f93961bb0c2c9d24d1666b4cfb874ca7d9925d2eb9da8f19d032151
52,C52-C1-263.xyz,C52-C1-263,C1,263,52,78,1,3,3,3.0,1.388469956559774,0.03663638884101572,1.3186849206690734,1.4773792674868562,3.2092243008408636,0.24282271687303392,2.7190587081437023,3.723004166595298,3.218397657987144,10.358083484937131,4.256897118528723,3.442684450186613,2.6585019162217947,0.01786166252137909,12,16,3156,be855e8fee4bd858575679ea7f1d77a07abb10ff531236c629ed2652799b1009
52,C52-C1-264.xyz,C52-C1-264,C1,264,52,78,1,3,3,3.0,1.388710836325819,0.031040188911391625,1.3246271399907221,1.4437806966433648,3.211335313785732,0.276190283418122,2.805765563800525,3.861802394330273,3.2231902783146227,10.388955570221894,4.589207947503846,3.048747915279692,2.750999707438355,0.027057625825921024,12,16,3156,0ce5422400418436fe7c14a819eea5c7c387053dc9695cd5d9fa56a8c63e81b8
52,C52-C1-266.xyz,C52-C1-266,C1,266,52,78,1,3,3,3.0,1.3888206881137766,0.02781644248110318,1.321342703464926,1.4397913911397027,3.2086146317576674,0.2427820178963016,2.8725576551292096,3.8596146254071537,3.2177866559707144,10.354150963343194,4.446177067608549,3.087030785476379,2.820943110258267,0.02126449461861816,12,16,3156,4708c698eb950b5959117795140b6f38a974f18c40a85bd8a01e959a3bc41ee5
52,C52-C1-268.xyz,C52-C1-268,C1,268,52,78,1,3,3,3.0,1.3886617549932707,0.03225207150626181,1.3246486666282498,1.461881759924516,3.2087613636230254,0.23628323916131488,2.7562454614475107,3.7673801758164274,3.2174491849582427,10.35197925778846,4.34550830637409,3.3060066613198003,2.700464290094571,0.019378874500920025,12,16,3156,ed2aef6e53e53e1e89bec0d34c11dc8c448e92b4f14d891dbecb47fb92d98372
52,C52-C1-269.xyz,C52-C1-269,C1,269,52,78,1,3,3,3.0,1.3885443286423873,0.03360740852672938,1.3216625779676143,1.4719079522850604,3.2069161875750796,0.2112236787018905,2.8691215743541707,3.7806359366821147,3.2138647881601123,10.328926876575444,4.2783904110489965,3.059228967737086,2.991307497789363,0.014751367691668573,12,16,3156,242f70071ce350992d319c8d4b57299ade9528d5648798887dd1d346a06a18f2
52,C52-C1-27.xyz,C52-C1-27,C1,27,52,78,1,3,3,3.0,1.3895467274171625,0.03196126888702376,1.332157505702685,1.46739882104355,3.2520142817217113,0.5726463839837879,2.3814326042652447,4.571547332876962,3.3020479659768243,10.903520769611681,6.114798791389332,2.8243996481578577,1.9643223300644925,0.1210938590553146,12,16,3156,b76cfebf64dd945c54e31323e54f44a9bca5d57fae626c647ece8c04cd782643
52,C52-C1-270.xyz,C52-C1-270,C1,270,52,78,1,3,3,3.0,1.3883832615571243,0.037546397653028855,1.3197726281447117,1.4729468184561179,3.210046885949116,0.25245871063247644,2.7272411893727138,3.7695955271716666,3.2199590697034997,10.368136410565828,4.39025594645639,3.295253084529311,2.6826273795801274,0.020885627136375658,12,16,3156,10e84129aa157672694a4d660ab2f6abdf1f9d0797910940d2d84e0d0cd9e894
52,C52-C1-271.xyz,C52-C1-271,C1,271,52,78,1,3,3,3.0,1.3886905505748852,0.03183968456585332,1.3156554184131952,1.4716620977656523,3.2074539560921544,0.23111403125677157,2.7930510399556496,3.788191053466888,3.2157696708400887,10.341174575894971,4.302006096747992,3.2240950094816903,2.815073469665288,0.016552100045639177,12,16,3156,9756b0d137a76305475cbbc688b48250c4eeab96d2838578a33d4a85343d6d35
52,C52-C1-272.xyz,C52-C1-272,C1,272,52,78,1,3,3,3.0,1.388443464297205,0.0369791162701266,1.3132461345840696,1.4824820336179458,3.210483383436758,0.2675606840385616,2.8013426414562317,3.851546304687076,3.2216133031397045,10.378792274966719,4.4390933840978555,3.2246259351024817,2.7150729557663813,0.021847619645525108,12,16,3156,3fbe347fd8383bdd9c06812d282544e74c8e2fdf9e2ec90d2957f64199688fe2
52,C52-C1-273.xyz,C52-C1-273,C1,273,52,78,1,3,3,3.0,1.388632055222299,0.03251339887690944,1.3248276001050097,1.4567551956317162,3.209483648584907,0.25289719901155283,2.8405469535011,3.808740661805491,3.2194319815460886,10.364742283801775,4.471371253823296,2.9793378042876872,2.9140332256907913,0.021669096156835203,12,16,3156,53bf52ea2af5b737a17e8089f1d11d2810705a2aab776e6a6959e8e52e808d72
52,C52-C1-274.xyz,C52-C1-274,C1,274,52,78,1,3,3,3.0,1.3882745447989637,0.04003065884850807,1.305548731376964,1.4790439952888488,3.211791363028482,0.2705029615412228,2.7119272485880987,3.8074500453943028,3.223162362002095,10.388775611826924,4.431170444619077,3.4365366180050785,2.5210685492027687,0.02536846572579208,12,16,3156,6113856043c69ad20c9e69509ccf2f0a982578d794628274b0e52551ecaddbd0
52,C52-C1-275.xyz,C52-C1-275,C1,275,52,78,1,3,3,3.0,1.3884484295659747,0.03783708633662074,1.3070642906911658,1.4803056373600687,3.2136989459032126,0.2949682964936758,2.6449682349282737,3.8025296276004985,3.2272073393006218,10.414867210835798,4.471377063479389,3.531676080033734,2.411814067322675,0.029404261156140293,12,16,3156,9483384a7887724ccc8b4a239bb5673a3a0e1cd453b2908bfa9916427cb5faba
52,C52-C1-276.xyz,C52-C1-276,C1,276,52,78,1,3,3,3.0,1.3887186764807222,0.03282412970768973,1.3130818786351444,1.4610800046540915,3.2123319729758153,0.2814633161158071,2.619694258027059,3.7877571920497433,3.224639251594137,10.398298302921596,4.3560280092924355,3.6540505196881448,2.3882197739410156,0.027594870661512498,12,16,3156,90c73db057fd0e7a2175ae7c5dc356bc10a7d874070aa15d28b5927feb5e104e
52,C52-C1-277.xyz,C52-C1-277,C1,277,52,78,1,3,3,3.0,1.3885551044887297,0.0336297545045506,1.3164448108447238,1.4575960242810762,3.2070232034537787,0.20971000848955626,2.787385378057708,3.776450004257446,3.2138724484882135,10.328976115151626,4.227202541031721,3.3135130156921324,2.7882605584277735,0.014909269310763076,12,16,3156,ad6b1701f033522ca2be22b9ffee66b7adbde105928967a393df574b70cd9f65
52,C52-C1-279.xyz,C52-C1-279,C1,279,52,78,1,3,3,3.0,1.3886198888731864,0.03567144221813049,1.317790434780887,1.4806592754580643,3.2129084436827293,0.2999795223429196,2.626022912349991,3.785316675609673,3.2268821455567402,10.412768381312873,4.2711293464854325,3.813240586253502,2.3283984485739375,0.028538524736740612,12,16,3156,9652f60564f0812e4c71032713c6bd6689e3f6429df1d13afd25c2652e18beaa
52,C52-C1-28.xyz,C52-C1-28,C1,28,52,78,1,3,3,3.0,1.3895478085849509,0.031156231057103877,1.3314807133413535,1.4656772018422064,3.2714099715181897,0.6436984981155448,2.3818063791048125,4.632684356314024,3.3341372134669047,11.116470958224856,6.618025959729495,2.4055797323236976,2.092865266171662,0.1550446511864652,12,16,3156,6a4188e4877dda5df83ce3b0d31624a6a184ebb44697e1294f1f145eff78645d
52,C52-C1-280.xyz,C52-C1-280,C1,280,52,78,1,3,3,3.0,1.3886874623865795,0.03477214313969432,1.3211638391963354,1.4779826284500102,3.2137433779937328,0.3112047735941606,2.58269991017625,3.728684654120078,3.2287760700776946,10.424994910706362,4.256358176453748,3.890656601268653,2.27798013298396,0.030587095021010133,12,16,3156,5ed42db60e191620f3360e5164aeda9484fed175b5df16f221a4b1a6ff30d22a
52,C52-C1-281.xyz,C52-C1-281,C1,281,52,78,1,3,3,3.0,1.388782586764601,0.028454219315575593,1.320941713324248,1.4397286167885948,3.206343041165696,0.20626257340546872,2.871914604423946,3.8124114722266125,3.2129705798247716,10.323179946819529,4.22393699452661,3.1752832408212384,2.92395971147168,0.0133847776275415,12,16,3156,ad088d0ac3b6a9de63efe2064afd0c3a4dfc35ac7c60a722515e543a40305337
52,C52-C1-282.xyz,C52-C1-282,C1,282,52,78,1,3,3,3.0,1.3888721935645951,0.02721550876668549,1.3188929296952048,1.4341445987068389,3.208414933699895,0.23790796060584554,2.825017937436507,3.8119117582903024,3.2172234278191087,10.350526584508135,4.370699202177123,3.2629915782098338,2.716835804121178,0.019884398452134078,12,16,3156,5c9d9c1f5ff9ac5321653e4594db9603073f3b7c45a87d38f93f8e5ef88e2dbf
52,C52-C1-284.xyz,C52-C1-284,C1,284,52,78,1,3,3,3.0,1.3888556291738714,0.030157743900662903,1.3230264131906062,1.4588350215154557,3.2111134827193806,0.2891727637137468,2.6604235986414984,3.8143513892092358,3.224107734889769,10.394870686176038,4.361874677548041,3.609931022099232,2.4230649865287655,0.026528811819628205,12,16,3156,cb1756e18408305262cf903521261db5885443e517b8fa74e97d7dcd123f5a51
52,C52-C1-285.xyz,C52-C1-285,C1,285,52,78,1,3,3,3.0,1.3888769869898114,0.028724819695053062,1.32308290745516,1.4640618395409395,3.2111803135145354,0.28784106224519335,2.6712809114264786,3.8385007117239573,3.2240551302696043,10.394531483017754,4.4094527624734585,3.5253855340711713,2.4596931864731246,0.026464757494552984,12,16,3156,1c3da94b0c238f1275a2cea347729598133eff15f3996fb363dae613ab275b94
52,C52-C1-286.xyz,C52-C1-286,C1,286,52,78,1,3,3,3.0,1.3886933583776,0.03870108642208686,1.3126045901184409,1.4775017597282243,3.216501118887529,0.35412464391860304,2.5038732681578684,3.8229159008933555,3.2359362959173357,10.471283711235206,4.360256313749748,3.997541423743064,2.1134859737423946,0.03980565674447608,12,16,3156,b5334266a8a11a23ccdec0184ec16cd1389c167cc084eb1f5d6b9bda973820ce
52,C52-C1-287.xyz,C52-C1-287,C1,287,52,78,1,3,3,3.0,1.388502490447725,0.03454458352962172,1.3123687705824152,1.4803597062876306,3.204971325196851,0.17037360539908233,2.841793781869532,3.720706933270575,3.2094965899266414,10.30086836075074,3.9792898279934987,3.4205639593769606,2.901014573380281,0.008221743463863486,12,16,3156,02e025f0780976a8fa9f8b00fa5dafd38c9ffe1ef80d098aac0820480e3aa10f
52,C52-C1-288.xyz,C52-C1-288,C1,288,52,78,1,3,3,3.0,1.3886244423214256,0.03366627861399621,1.3151953885259786,1.4725365224672697,3.2081295904623754,0.23703911764941157,2.682398305550293,3.73048886211825,3.2168747275105853,10.348283012496303,4.1127209983455915,3.6473497485646598,2.5882122655860513,0.01710044546759967,12,16,3156,f2389e7fed0f09030d81d151cd7d43504b88bf0147e7d48a421dca5ee8ab6ae1
52,C52-C1-289.xyz,C52-C1-289,C1,289,52,78,1,3,3,3.0,1.3885051856352086,0.03795299863200427,1.3144671429898884,1.4750504465949632,3.2110873340123587,0.2795476184124148,2.6464188385658316,3.7144623228621234,3.223232653348908,10.389228737614644,4.070323933474548,3.930270700529694,2.388634103610403,0.024201079429590294,12,16,3156,834c3fc4a316d8459ba7b13b4b5f8fe46276c57f3c305d2a271b3a254ea92463
52,C52-C1-290.xyz,C52-C1-290,C1,290,52,78,1,3,3,3.0,1.3887302692176786,0.03679687312006572,1.317778934419579,1.4702369502906665,3.21275403159801,0.3326021381623987,2.4945445992100894,3.8072876132675524,3.229924557920737,10.432412649859469,4.492938380273299,3.6649693504340997,2.274504919152071,0.03464122239794064,12,16,3156,89d403b4b615189ca6dcf13b92c6e89a11842ee405f8be0918f9fc72fbccc17a
52,C52-C1-291.xyz,C52-C1-291,C1,291,52,78,1,3,3,3.0,1.3885911361718146,0.03646093633468226,1.3147624956622395,1.4829871577326623,3.2122537886136127,0.2989630082655027,2.619158869148971,3.774798027902566,3.2261359678063277,10.40795328277367,4.194815895405748,3.8776535918843402,2.335483795483582,0.0273988854392234,12,16,3156,44d3bda3d5aacd100932e5bf57cf78ed192e7fce24a18501726d5250c87748fc
52,C52-C1-292.xyz,C52-C1-292,C1,292,52,78,1,3,3,3.0,1.3885880889593958,0.03526339309256763,1.3113454083497607,1.4694125288699562,3.2082696582002255,0.2599713173719968,2.6601089476301216,3.724995159959724,3.218785374265318,10.360579285584322,4.140723017921107,3.688393678710223,2.5314625889529925,0.019250739625550455,12,16,3156,22d1ba0e4d8439978028355f4c92ccabcef8519deb8c93d16e41125758c0d578
52,C52-C1-295.xyz,C52-C1-295,C1,295,52,78,1,3,3,3.0,1.3885862862947773,0.03334762900467324,1.3174854572252404,1.476102953726467,3.206390862433265,0.20234342812968223,2.8091412776952023,3.6897326822566123,3.2127690899911885,10.32188522560281,4.105936098147984,3.3779489404526846,2.8380001870021405,0.011400138255171825,12,16,3156,20138e2c6597c2149424b8b7dbe2c1f9dc15b255508653f9eac6bd62fec52e0b
52,C52-C1-297.xyz,C52-C1-297,C1,297,52,78,1,3,3,3.0,1.3880521080009685,0.042752520839955205,1.311567287637199,1.4815129361568196,3.2094296637471453,0.24095521884979113,2.774676939650898,3.671869187983314,3.2184620836714966,10.358498184031072,4.253711879602903,3.367772992676772,2.737013311751397,0.016230984268925098,12,16,3156,8893b018b71c5ce5bcb6ede47e33ed544c559c194dab6659dc914a38a4aee02c
52,C52-C1-298.xyz,C52-C1-298,C1,298,52,78,1,3,3,3.0,1.3884126328070998,0.039436562628022656,1.3239458485904927,1.4764721467064659,3.2115739651536543,0.2907168649891127,2.6590624590887404,3.763688131058885,3.224705200362022,10.398723629241868,4.2959926544696225,3.65955685451789,2.4431741202543544,0.024588015323228823,12,16,3156,5235e877a181a380a1494f08565a3b9cd23b963ccae5537e63862852e97c89c8
52,C52-C1-299.xyz,C52-C1-299,C1,299,52,78,1,3,3,3.0,1.3882522225740852,0.03913587907448277,1.316935484372716,1.476910024341361,3.205527733457866,0.18207119201012095,2.798338026042523,3.6412429186489255,3.2106943125946317,10.308557968927515,3.9161131573021195,3.5104868004637804,2.881958011161615,0.007664974754052846,12,16,3156,4d50b00f9dfec9d5a1bcbe462963aeb6295c6ccc62b997dcbd71c62467d8cd3c
52,C52-C1-30.xyz,C52-C1-30,C1,30,52,78,1,3,3,3.0,1.3895137728289824,0.029899688971937434,1.3388420407202632,1.4619889773866288,3.2676550160519606,0.626208648649704,2.4206099109847385,4.613918735363916,3.3271168563146714,11.069706575573223,6.513696115321181,2.49687996545503,2.059130494797011,0.14758471779205876,12,16,3156,a7585566b0b50a526d07b5c9be4bc82e2427e1fa3efe7f2688198017f5610fbb
52,C52-C1-300.xyz,C52-C1-300,C1,300,52,78,1,3,3,3.0,1.3883945033848493,0.04036408528622872,1.3064378247739157,1.4812114096238929,3.217682208206205,0.3404819560456158,2.6541704951439913,3.987426964026645,3.235646265493094,10.469406755399408,4.842566495053488,3.1417292383706594,2.4851110219752606,0.040515073928700275,12,16,3156,974a2a603bf379ae39923e5eb578dbdd2dfe4d288735cf56b01e190f2fdcc2a7
52,C52-C1-301.xyz,C52-C1-301,C1,301,52,78,1,3,3,3.0,1.388372463539302,0.038282153218439516,1.3226068539063298,1.4795519355534634,3.2091964186869997,0.25280470037287617,2.6897974690961246,3.7382553383571753,3.219138373888902,10.362851870244084,4.00470702841943,3.816713028116,2.541431813708653,0.01770604501895975,12,16,3156,435158d066e166726aa6d411a3a59e0cfe8842599f7e34acce1977b042d6f26b
52,C52-C1-302.xyz,C52-C1-302,C1,302,52,78,1,3,3,3.0,1.3882609969980533,0.039431916119344726,1.3126539300211613,1.4785575436891187,3.206922833746783,0.21785455133752038,2.76464087565032,3.7857916726899905,3.2143140274629314,10.33181466714497,4.121729465304556,3.472278497374169,2.7378067044662453,0.013473418004958456,12,16,3156,f2b7a093eaa1a7e8911bd6245eca009a14f7c05cbb251b9fddd8e5a6e2438ccb
52,C52-C1-304.xyz,C52-C1-304,C1,304,52,78,1,3,3,3.0,1.3885246360449368,0.04028052712548247,1.3073579157981186,1.484779182235527,3.2199222587047105,0.36595133588898016,2.5619728179226273,3.972526675391556,3.2406511278354198,10.501819732340978,4.863738508834222,3.40490360014594,2.2331776233608154,0.04724435595150943,12,16,3156,c16ed20fcdba115d4ff09883d8519a94b6e3aaf0ca91589710ec8e4fd7617b2e
52,C52-C1-305.xyz,C52-C1-305,C1,305,52,78,1,3,3,3.0,1.388815776223607,0.03912161307839125,1.3206448008454055,1.4823646953432206,3.221503421036814,0.3952972764266528,2.401345842791098,4.00165578471992,3.245665452338275,10.53434422850222,4.874880787752131,3.6062957003330482,2.0531677404170403,0.05399350742369137,12,16,3156,c1e1ae745eaa7b68968a2d9e80e895a8871ed61b6ef5d6e92d4f222e9383687d
52,C52-C1-306.xyz,C52-C1-306,C1,306,52,78,1,3,3,3.0,1.3884461731162734,0.03831901516059878,1.309000584415454,1.476070418374408,3.211027089804927,0.2805935867812245,2.6918918798116978,3.7398198973372008,3.2232635220229584,10.389427732403846,4.293151329932444,3.642000838340212,2.454275564131189,0.024162230363784083,12,16,3156,61c6939814261558d904bbfebe795a9f413c5b9633ee928e8496498dd3cf1685
52,C52-C1-307.xyz,C52-C1-307,C1,307,52,78,1,3,3,3.0,1.3887145155307605,0.03611802405804453,1.3127381650580594,1.4736240836794166,3.213175497964507,0.3180454248103927,2.5542260944287603,3.8577052164266536,3.22887746329313,10.425649672962276,4.502794110280838,3.613303058166294,2.3095525045151435,0.0335862931060843,12,16,3156,1fb65139ea786aec6b905b57afd50b5b8fa50ca0401144a176880422d096872e
52,C52-C1-308.xyz,C52-C1-308,C1,308,52,78,1,3,3,3.0,1.3885825667432137,0.03651952169776755,1.315710006042365,1.4792109450649695,3.2119343389446633,0.29481107364908066,2.5624314016875243,3.8053034736819384,3.225435748366105,10.403435766838015,4.204176905805822,3.8427053432332516,2.356553517798942,0.026577393880029762,12,16,3156,a7e42ffdc0aeba141d63574227094c89aa2a5c14823714602a996f3869972c66
52,C52-C1-309.xyz,C52-C1-309,C1,309,52,78,1,3,3,3.0,1.3887991641326851,0.03233568579989975,1.32312248110294,1.4730747808580529,3.211895153774173,0.2911360876367025,2.5588931747969066,3.767917465312477,3.2250628986676255,10.401030700362428,4.244072219127633,3.801582486092019,2.3553759951427757,0.02705863327771428,12,16,3156,0d2b8afb3b5c6c1cf15dcf5abe33aca3e810eb537208ecdbe9942819aae8264a
52,C52-C1-310.xyz,C52-C1-310,C1,310,52,78,1,3,3,3.0,1.3886293252459254,0.03390886375867645,1.3152574919003504,1.462155138827614,3.20894757874703,0.2454784694535511,2.695982439883009,3.7633266659458466,3.2183232034883757,10.35760424211168,4.180254451158016,3.643251979192432,2.5340978117612334,0.01970743688432934,12,16,3156,e2b8ee2788600a1447241a8b3b00508b546af02bb8fc7e35bd265186ea97d20a
52,C52-C1-316.xyz,C52-C1-316,C1,316,52,78,1,3,3,3.0,1.3888374626370428,0.032046733766969655,1.320251665403229,1.4698856316053979,3.218792811999267,0.3500752728507027,2.6805697805315227,3.938961365032905,3.2377739055158936,10.483179863239641,4.9742754107639495,3.0239683236104486,2.484936128865244,0.046821377648137014,12,16,3156,44773890bfc3820a7a8678b87debe456c29855b7aa1ea151eb87fab2d5e603ce
52,C52-C1-317.xyz,C52-C1-317,C1,317,52,78,1,3,3,3.0,1.3888645817596517,0.031334707884457955,1.324093214241354,1.4653596589233646,3.2178409209976055,0.34328531788014216,2.728588885477335,3.938634601340105,3.2361002769257303,10.472345002318788,4.95142661035668,2.9313454356748436,2.589572956287263,0.04456956408045063,12,16,3156,ea207f08a5531ead10edcc39c05eed9add55f2461b9ae1a737f380dd080ae0c1
52,C52-C1-318.xyz,C52-C1-318,C1,318,52,78,1,3,3,3.0,1.3888547077809885,0.03100265344674929,1.3178876811018454,1.4704314536896985,3.219320140061217,0.34578519408527375,2.6882148169158833,3.9030998016322203,3.237837173894383,10.483589564652366,4.941484877967811,3.0979511910886166,2.444153495595939,0.04577895631394754,12,16,3156,f0d06c38d493dad5de330c98e57aca24268c5f99a6d40c9c9ef41c85ca374a48
52,C52-C1-32.xyz,C52-C1-32,C1,32,52,78,1,3,3,3.0,1.3901870849822662,0.032069410375675275,1.3247625183405516,1.4666587196754395,3.279689762885759,0.6884915266801559,2.23771637453756,4.6639586190880635,3.351176737071326,11.230385523088017,6.8059802267249525,2.665468391223852,1.758936905139214,0.17220800404996686,12,16,3156,3309a22b7203ff722152ab50b14c0d303a163f1fa6589701b1824375ba597bc7
52,C52-C1-320.xyz,C52-C1-320,C1,320,52,78,1,3,3,3.0,1.3890548656248114,0.027381533210535554,1.3456179175382585,1.4579589226037886,3.2246671210048343,0.39428902030381424,2.7315017228597807,4.056453538127356,3.248683098244848,10.553941872821746,5.23427594458175,2.7375956983760577,2.5820702298639375,0.05966563428889032,12,16,3156,8bfb326c0f35f78e43fcd46c1194b7407067cecf22a844b449f0731bac9edb0e
52,C52-C1-321.xyz,C52-C1-321,C1,321,52,78,1,3,3,3.0,1.3884739383115243,0.03937727366092251,1.3060716825657006,1.4786921552507135,3.2210966877617837,0.35310696461014285,2.6007921978436963,3.8907051466652827,3.2403932477966504,10.500148400366124,4.896180388789027,3.303568702958894,2.300399308618202,0.046623807855407144,12,16,3156,816e4c19a4f17a222a4e4443aba22c47083c6f10d6fac4e9a82145198395b246
52,C52-C1-322.xyz,C52-C1-322,C1,322,52,78,1,3,3,3.0,1.3888286420559863,0.031483258551610944,1.331702981148574,1.4589245662473438,3.2189113512639995,0.3462367610797622,2.68899858102417,3.918500970040909,3.237478985571834,10.48127018201923,4.9727635095559055,2.963158452697889,2.5453482197654362,0.04599352157304213,12,16,3156,a625b960fdcccc247cf36439829588007da250b22556c2fb5708dfc3849b855b
52,C52-C1-324.xyz,C52-C1-324,C1,324,52,78,1,3,3,3.0,1.3882348560414461,0.04169038639470375,1.300421231755311,1.4830058024161603,3.216613509397201,0.3111732902940324,2.716838684297263,3.8452966454980686,3.231629818749201,10.443431285428996,4.710111822020983,3.290963511909742,2.442355951498271,0.036110644313596535,12,16,3156,a279fad92b0dfdcaa794851c0e9a9921e7014a31c5dc81d1b2e81dda97261059
52,C52-C1-325.xyz,C52-C1-325,C1,325,52,78,1,3,3,3.0,1.3890350208160285,0.025629263581759164,1.3386150006629987,1.4500191102188966,3.2142894977747463,0.30779904374328765,2.822153855604641,3.9078341583695084,3.228993221862554,10.426397226834316,4.7767000239443425,2.9877712904863625,2.6619259124036114,0.035777426188691286,12,16,3156,cf494a0724ea057d51ff10701a70b404ca1dad624a803fb560831262498621e9
52,C52-C1-326.xyz,C52-C1-326,C1,326,52,78,1,3,3,3.0,1.388833337243135,0.029234309015863904,1.3279789644418318,1.4743467197372537,3.210918695385334,0.27163667946379033,2.8562149484862585,3.828132993283287,3.22238814452964,10.383785354005175,4.597145426887339,3.0005135195309314,2.786126407586904,0.027243655173054288,12,16,3156,b4610d556b9b7d1636e2322648ce9edac5c6d3d548c33bca59b61af2e2431c79
52,C52-C1-327.xyz,C52-C1-327,C1,327,52,78,1,3,3,3.0,1.3889784900301663,0.02480664463677412,1.3348391288840764,1.4503716558179147,3.2107917755581488,0.2635041249537173,2.8363651794672666,3.8338541730907227,3.22158629402651,10.378618249859464,4.550190503576769,3.1188713825908376,2.7095563636918576,0.02601360050058311,12,16,3156,4dc0cac0d3137238464c603141ed3197556a1704e8be454d87a41ad636e84557
52,C52-C1-328.xyz,C52-C1-328,C1,328,52,78,1,3,3,3.0,1.3889791755315175,0.024137131014946463,1.33322914009558,1.4607305877539498,3.2098537988473756,0.24679772871140868,2.8868775941539253,3.80008375127508,3.2193276516800897,10.364070528872041,4.489788436029461,2.9831633160963893,2.8911187767461906,0.02250236478585137,12,16,3156,f18c506f92b55a863b82e25d5b331719485517a788f46ca42882557a573be371
52,C52-C1-329.xyz,C52-C1-329,C1,329,52,78,1,3,3,3.0,1.3889621765984024,0.02629533066774922,1.3335194674244542,1.452821510027987,3.21080771554049,0.2704267625774419,2.8283820440355876,3.830378832954517,3.2221757897564274,10.382416820092455,4.551174316490086,3.14385997880941,2.68738252479296,0.026265815985474616,12,16,3156,5211b8e77eeee24a8c443de40973e26f8175f36dc74c442bc7db7c60c7578f3b
52,C52-C1-33.xyz,C52-C1-33,C1,33,52,78,1,3,3,3.0,1.389333534639852,0.0354218809966326,1.3216829801431202,1.4699151982342384,3.2422082864182014,0.5342587674376174,2.36941145138105,4.495309822788495,3.2859316796158144,10.797347003102807,5.770696106627528,3.0836811409962475,1.9429697554790328,0.09938335812951771,12,16,3156,758a856f5599bf0aeed0f2bbd709886b7fb13426872f0a7dd5a519f47de33c65
52,C52-C1-330.xyz,C52-C1-330,C1,330,52,78,1,3,3,3.0,1.3888445236634757,0.028667521383629456,1.3293795883794817,1.4655193311587535,3.2084257587140934,0.23139372733006705,2.829061917016072,3.7585703920306073,3.2167590687255108,10.347538906227815,4.318045439466571,3.332063770131482,2.697429696629761,0.018685240004590875,12,16,3156,0103d097a710df17672cdef449544178dcaf733015994c7033760e17f342772a
52,C52-C1-331.xyz,C52-C1-331,C1,331,52,78,1,3,3,3.0,1.388698072268697,0.03436818333754236,1.3213238021015137,1.459331374294406,3.2132856405879306,0.29574890517635816,2.6071250316277395,3.7877225200641975,3.2268672149503757,10.412672022921594,4.324358904584638,3.7567933458006206,2.3315197725363364,0.029167704908236343,12,16,3156,30d2e4eddb84eed913b0309a950069fa0e2d745a71ebe3c9311a73d6662780e5
52,C52-C1-332.xyz,C52-C1-332,C1,332,52,78,1,3,3,3.0,1.3887773393163196,0.031503668999956685,1.33471787655669,1.4745185621076462,3.2102784061984386,0.26776294131124767,2.6885564480695514,3.791967559632138,3.221425839289745,10.377584438043638,4.366523880113533,3.4682698544564556,2.542790703473649,0.023164534071425,12,16,3156,14fd852197402cc2ef3b8b35f3700430a599ce1f068a779e95571adbc8d656e4
52,C52-C1-337.xyz,C52-C1-337,C1,337,52,78,1,3,3,3.0,1.3885798942330492,0.038911102145722166,1.3107397911103487,1.4754578340298308,3.224419537993766,0.38434025762215557,2.5485225835369945,3.929969027959528,3.2472447999226977,10.544598790625,5.027843933278222,3.3308352470183125,2.185919610328466,0.05516396538670765,12,16,3156,7043eb4a44fca2b9ec8ca7187f4a18c8c82534412a9463539108ce009ef9a424
52,C52-C1-338.xyz,C52-C1-338,C1,338,52,78,1,3,3,3.0,1.3889912062403562,0.028349990047228112,1.3328190012150936,1.4717134707544128,3.2206025176392954,0.3616664565764465,2.678198696681974,4.04330234629126,3.2408460627492213,10.50308320243713,5.047218365421915,2.898158826866281,2.5577060101489346,0.04954929471391618,12,16,3156,1b96269ce8354c0a102374e483b75577281e5a9832726eceaac80784c6f04e24
52,C52-C1-34.xyz,C52-C1-34,C1,34,52,78,1,3,3,3.0,1.3891246458106166,0.03476439110222386,1.3151711409546667,1.4689635291592507,3.2450926640206066,0.5299307840467852,2.423031235726942,4.5417115231697665,3.288077406929587,10.811453033960795,5.872739591910739,2.8679028780315803,2.0708105640184753,0.10317211301539063,12,16,3156,d108b8cb6c6f44acf6d467ef8319a6ff305f40eebed868b08a7a6d745ef124e7
52,C52-C1-341.xyz,C52-C1-341,C1,341,52,78,1,3,3,3.0,1.3887108982032155,0.033263841249859406,1.3410554761082778,1.4721527773977807,3.2119673878729427,0.2779310819925691,2.675551212011352,3.785061866278668,3.2239696318509106,10.393980187096895,4.4835229077347325,3.424063375202611,2.4863939041595513,0.027723481031105283,12,16,3156,e3d34d12f55034fcf10d0fc57d774c1382b0d89c9ad9af618534cdbc3d7a526f
52,C52-C1-342.xyz,C52-C1-342,C1,342,52,78,1,3,3,3.0,1.3887418848193973,0.03420686000417989,1.324056800141142,1.483317626134066,3.2134282314543787,0.30361391070973576,2.55557024317172,3.77479410794816,3.2277395194600924,10.418302405484468,4.310941360880231,3.8228905280069267,2.2844705165973096,0.030916945131819917,12,16,3156,d3129c497826d74ffdb783673731ce78df91a6f64895634b8db6e8f29bc2f8b9
52,C52-C1-343.xyz,C52-C1-343,C1,343,52,78,1,3,3,3.0,1.3888335039809052,0.03002094592913128,1.3330171904367927,1.474186375598418,3.2086629123995314,0.24218460223394564,2.7072539336215704,3.786961377333701,3.217789779797222,10.354171066967456,4.256378256429512,3.5311378747312134,2.5666549358067314,0.02010732094317171,12,16,3156,5836bddf1b90c8435b7c0b1eed321c3e60a17bbdf5d6c40eda06b6ae62a51298
52,C52-C1-344.xyz,C52-C1-344,C1,344,52,78,1,3,3,3.0,1.3888007284010941,0.032462323293563966,1.3313295046681717,1.4715010567444387,3.209890157646129,0.2711358254165513,2.6308599597307527,3.7938187218998185,3.2213210737177085,10.37690945997781,4.203959994598818,3.714308590379893,2.4586408749991007,0.022578879325720943,12,16,3156,9add2147cc8dfec4a3af92a660e57a9fe8b28c795d1cacf83a56a5eff3005db4
52,C52-C1-345.xyz,C52-C1-345,C1,345,52,78,1,3,3,3.0,1.3887081563749624,0.03665854057570282,1.310513143772316,1.4734054601500566,3.2278678841368227,0.4104772876345773,2.564266815412351,4.047738819515115,3.253862732369909,10.58762268110577,5.215801176822381,3.180336961384978,2.191484542898413,0.06363836145786499,12,16,3156,f91e59414363b6180ee56eeadd1dcbe3c76a293b4cc7dba0ea647e14abbea15e
52,C52-C1-349.xyz,C52-C1-349,C1,349,52,78,1,3,3,3.0,1.3887134511399826,0.03291344487665927,1.3256839517773458,1.4759433390208447,3.215705562551322,0.3182122164865875,2.7077774593370187,3.9130343659740117,3.2314116543307856,10.442021279744825,4.79739578913314,3.055768254023624,2.58885723658806,0.03727635455783427,12,16,3156,76ae85857e1884ba389a9fa86a8cdddd69734f2b9ecb695da4862fd304f3caca
52,C52-C1-35.xyz,C52-C1-35,C1,35,52,78,1,3,3,3.0,1.3891227416708127,0.034683480641008894,1.3235495835064133,1.470920514507837,3.240853274533126,0.5111572291233334,2.5151046891090347,4.517690937417522,3.280916283591694,10.764411659937133,5.779683852544469,2.7970522918059073,2.187675515586757,0.0956652519127903,12,16,3156,07476c44c8f07bb077f04d467287a833c4425cee0031552dd49cbf78cd6860c1
52,C52-C1-350.xyz,C52-C1-350,C1,350,52,78,1,3,3,3.0,1.388705893853468,0.03244075257948592,1.3254834137023366,1.4767350676407738,3.2141403231299885,0.299526787800412,2.808220946696676,3.9011922036835567,3.228066652561589,10.420414313380181,4.715914709419816,2.979489535413105,2.7250100685472596,0.03243372122086063,12,16,3156,d36f8a634e47f572815cfb39a4d2c542d60456b21e85ccd42b841e6be13e3b79
52,C52-C1-351.xyz,C52-C1-351,C1,351,52,78,1,3,3,3.0,1.3887882228560566,0.031346774338758515,1.3247782154006005,1.4662430426092394,3.2159101852399163,0.31897205698977016,2.7221378667862175,3.8938216098394847,3.231690191319415,10.443821492670118,4.8117451447903425,3.043722992447244,2.5883533554325298,0.0379411218829013,12,16,3156,ab4c08cdaac7d9473e2d4f74b7cc34c6e82bf3c11e9fda5107c823a93ce33bf2
52,C52-C1-352.xyz,C52-C1-352,C1,352,52,78,1,3,3,3.0,1.3886455668547604,0.037788288964009424,1.310775148528534,1.4675678451097245,3.224330439462074,0.38516363269167875,2.558625787436126,3.9640916462833116,3.2472538870236094,10.54465780678994,5.045782100508641,3.278731622389876,2.220144083891423,0.05498392955671047,12,16,3156,a73d91289dc31de3eda9fb7eda3503d47453265c7e8161705b5ad50e279fdf3e
52,C52-C1-353.xyz,C52-C1-353,C1,353,52,78,1,3,3,3.0,1.388497516899724,0.038166664528739194,1.3150943160093118,1.478466912040983,3.2177299006354043,0.333114964845337,2.658291254702893,3.906368719232622,3.234926783290008,10.46475129324704,4.822633726842322,3.2145118906924917,2.4276056757122255,0.04082436921428584,12,16,3156,3d128141ea56f1c17c7bdaaa56d0f0718655d113021b92769dce00a000fdec1c
52,C52-C1-356.xyz,C52-C1-356,C1,356,52,78,1,3,3,3.0,1.3886325673125377,0.034935600812326446,1.3236415111350956,1.4734642106274587,3.218100103751909,0.33687739784371773,2.6863049020226493,3.9217990513695655,3.2356845734629336,10.469654658946006,4.881465248540088,3.0201408649872965,2.5680485454186215,0.04114821115528832,12,16,3156,c154a41b6a4fecdd98ab5221e862c7762607da3dde2c64772c426a013220c572
52,C52-C1-357.xyz,C52-C1-357,C1,357,52,78,1,3,3,3.0,1.3887387060027998,0.03347913683947446,1.3087029227445015,1.4770041875363793,3.215944032209038,0.3158968262856752,2.6701996292980144,3.8485381185482157,3.2314217959217713,10.442086823158286,4.663657812216417,3.410557036037565,2.367871974904304,0.03635496857463789,12,16,3156,201ea152a2731070f61aebd13e1f56afc08f66b5c1aa1ca63d3bac4639a54e0a
52,C52-C1-358.xyz,C52-C1-358,C1,358,52,78,1,3,3,3.0,1.388710310827442,0.03424852100882713,1.316316208211386,1.4770310389426486,3.217549998565358,0.3322875251033559,2.6144816358359684,3.8833513505991757,3.2346627324355235,10.463042992607248,4.764699894086531,3.361556543352122,2.336786555168594,0.04071114910871765,12,16,3156,599ab42dcf6de39d2c2ddac01a9e8130ad01e99f36181607150dd620a61ef1a6
52,C52-C1-36.xyz,C52-C1-36,C1,36,52,78,1,3,3,3.0,1.389380463351511,0.03817267422044493,1.3198708459542547,1.4692012183496175,3.250727299309763,0.5699369409743478,2.3528027467642105,4.556826866972876,3.3003115142611823,10.892056091164939,6.011487196695705,3.045240750228652,1.8353281442405835,0.11675462786369901,12,16,3156,c03ecbb5806019ffd870ad530dc5e18e6ee60056050449c63d324ff5b3870d6f
52,C52-C1-360.xyz,C52-C1-360,C1,360,52,78,1,3,3,3.0,1.3886078065394243,0.03596189047432236,1.3066519391176825,1.477856045086936,3.2149344562575872,0.30556180946114075,2.5796344924958388,3.8320926844958447,3.2294227932299964,10.429171577433431,4.466750477215839,3.65004648148028,2.312374618737312,0.03262784816943964,12,16,3156,3dedd73a988b8df999306c1e9157e57a16b186cf7901d9c0e8e7ff10d1c39fc0
52,C52-C1-361.xyz,C52-C1-361,C1,361,52,78,1,3,3,3.0,1.3885109676661294,0.03606410039825346,1.317519051095657,1.4831006607779529,3.2122507792235098,0.26959680772854855,2.6983824636868734,3.8052616714767153,3.223544246223319,10.391237507359467,4.441742676676878,3.411863946178586,2.5376308845040034,0.025239329324759342,12,16,3156,1fa6004d640264ca704836f501bd1d58b498011250cbe5905de405b7a691b563
52,C52-C1-364.xyz,C52-C1-364,C1,364,52,78,1,3,3,3.0,1.3882838923820349,0.0400363286793918,1.3204528806436069,1.4810238012942263,3.2108616732194752,0.2615846902069709,2.694456347640098,3.7142210554258592,3.22149953200376,10.378059234700443,4.322797835590846,3.493302560228043,2.5619588388815533,0.021614854628476492,12,16,3156,c108f2e2064d2973364e66e599d64648fbfb0abc3189bab868e0c598c63d38da
52,C52-C1-365.xyz,C52-C1-365,C1,365,52,78,1,3,3,3.0,1.3884761214559396,0.03714409250755533,1.3122522470927607,1.4799690740012106,3.2114185835739124,0.2576061248822717,2.6836221139174854,3.6539767090010766,3.2217340415528932,10.379570234500738,4.293031795847092,3.6138946514550003,2.472643787198646,0.023564629685726174,12,16,3156,b40232d664b16f0a0573d995807eff11428a42d884bd3b867a02fcbf64cae3a8
52,C52-C1-366.xyz,C52-C1-366,C1,366,52,78,1,3,3,3.0,1.388688119657438,0.03262833893682369,1.3066066470058997,1.4754285140256709,3.2128294156466857,0.28288751581249,2.733571886661318,3.7904381726014673,3.2252594005207067,10.402298200647188,4.5506301398799955,3.3580099649676063,2.4936580957995864,0.02957541212754448,12,16,3156,766f188f17d1aed508da66f890487904467fea84d40451d282ef6220dd03dff1
52,C52-C1-367.xyz,C52-C1-367,C1,367,52,78,1,3,3,3.0,1.3885398065617114,0.035802831913854145,1.3075902225085658,1.4741605000813174,3.212358964598538,0.2827286044669431,2.7551113108064134,3.779999174950405,3.2247768265758197,10.399185581220415,4.566930273856034,3.2503000951331305,2.581955212231251,0.02829735843752071,12,16,3156,a6e9146cbaa0d73a907a6183bcad4a380e64434de8971c5a8fd37f247fe424f1
52,C52-C1-369.xyz,C52-C1-369,C1,369,52,78,1,3,3,3.0,1.3885205114560542,0.03971678788847109,1.3097717778300157,1.481279831767111,3.215506286923061,0.3256973692606825,2.5228028954974513,3.8282526024273613,3.231959074243524,10.445559457585055,4.358603120882854,3.8923814295524166,2.194574907149784,0.035665604797710894,12,16,3156,c437fec1bd97393d122df2aa8c6cb8a8c8a5088891907092061e49ffdaade6af
52,C52-C1-37.xyz,C52-C1-37,C1,37,52,78,1,3,3,3.0,1.3890485710843279,0.03749832973199829,1.3115048608373514,1.4611609562262469,3.244345373386705,0.5256671175248221,2.4114668107109627,4.524067271562398,3.2866552633737802,10.802102820262572,5.808578469897989,2.989198254797081,2.0043260955675017,0.10023194425038387,12,16,3156,245bc96d3139ef7aba857508e896f46f11bb6be23b612a6e6b1e9280faf2a4a6
52,C52-C1-370.xyz,C52-C1-370,C1,370,52,78,1,3,3,3.0,1.3886985972716515,0.033937378792968625,1.3136797212410642,1.4755892517906193,3.2172020570595263,0.3233988962921165,2.608959677402779,3.851533870451705,3.2334155195506513,10.454975922071007,4.747330498449812,3.3138695784168806,2.3937758452043134,0.03860978318010012,12,16,3156,b59797ceb4669042b29822252c472aa6855661d52c79078fbed0116130c852e8
52,C52-C1-371.xyz,C52-C1-371,C1,371,52,78,1,3,3,3.0,1.3885107256587883,0.034934075088659755,1.3228916130960995,1.4827505049737804,3.206427869015623,0.19562753206767908,2.848400092271254,3.6298172187872955,3.2123900464456305,10.31944981050296,4.060012274930215,3.4961526664123546,2.7632848691603904,0.011909615713394732,12,16,3156,01ebb81b390b0a932048b5dbb7eb9968fa76bc0a6ea9808e7ca498f8b76bbc3a
52,C52-C1-373.xyz,C52-C1-373,C1,373,52,78,1,3,3,3.0,1.3885459127371087,0.034699403534996356,1.323194294123127,1.4789277095247084,3.2081792149717137,0.23438729244442266,2.766169037404407,3.7386240362797474,3.2167299044582447,10.347351278235948,4.166967711269952,3.547262016782648,2.6331215501833474,0.01668277503168983,12,16,3156,ab56487aa20be313faa144f987b6c976baa90bd13e061dcd96071e5a99b9355d
52,C52-C1-374.xyz,C52-C1-374,C1,374,52,78,1,3,3,3.0,1.3885312797025964,0.036410452574791925,1.311690851534766,1.4746966094759966,3.2108699801214917,0.25695964645781055,2.679655389920784,3.608034872854129,3.2211355589532564,10.375714289153109,4.12532294340276,3.8137357728759236,2.4366555728744252,0.022502502497175066,12,16,3156,3409d2921cce4be80030c13dde6bd454c81e61c892f82ec686ce7c9ff707f7af
52,C52-C1-377.xyz,C52-C1-377,C1,377,52,78,1,3,3,3.0,1.3886177672432682,0.03227071720039891,1.318513549418435,1.4780431049194742,3.2062506678038165,0.19122128009915898,2.8929776375359837,3.6180175485040538,3.2119478393577907,10.31660892275518,4.140114985426317,3.3688522377003802,2.8076416996284825,0.012614993438502213,12,16,3156,98f8ed087e3be9ec40278ff84f2a160a7d2f74145dd61699cf21ed85b3c76498
52,C52-C1-379.xyz,C52-C1-379,C1,379,52,78,1,3,3,3.0,1.3886453870577486,0.03129829442644793,1.324304579770077,1.4641758842434196,3.205441768207837,0.17549557856347114,2.897834391143639,3.6133293068372097,3.2102423004294733,10.305655627466717,4.098989879069173,3.252903504547133,2.953762243850412,0.009965930653097355,12,16,3156,e8fcd503cac438c5f1902ae9ae119a3fcb3dc2da2f87fd7ed304cccc30b72ae2
52,C52-C1-382.xyz,C52-C1-382,C1,382,52,78,1,3,3,3.0,1.3886430644336214,0.03429815327899765,1.3138360704441026,1.4623516813680628,3.2125305193534213,0.2786295037016788,2.613950882609979,3.761413036776997,3.224590941206374,10.397986738110209,4.259230989610743,3.7493975046966255,2.3893582438028393,0.025925629457579896,12,16,3156,f2c5d04e76f9aa1ae31ffd2585ace6f3fb03e4fbb23915ea2b1fdc4409e5a64b
52,C52-C1-384.xyz,C52-C1-384,C1,384,52,78,1,3,3,3.0,1.3886477827861063,0.03238465296782533,1.3167778172493643,1.4776017765284393,3.207262704821374,0.21609427835979803,2.724869881566493,3.5890647259749198,3.2145343045109915,10.333230794877963,3.9069719419537505,3.793966673622896,2.632292179301316,0.013987580859833674,12,16,3156,017c03c26eb66f4a456340f3f26395a1e7d114ae73d6ea27c050b39b3f0b6d38
52,C52-C1-387.xyz,C52-C1-387,C1,387,52,78,1,3,3,3.0,1.3887223603914032,0.036855057130744766,1.325984000657625,1.472466872292888,3.222671560054457,0.37241203810714546,2.536495140460821,4.016926493875229,3.244118171415916,10.524302710110947,4.911927043751952,3.427362669302496,2.185012997056498,0.05048450991556099,12,16,3156,9a74bb278f728e3c98398b27f8420e6c0907368a404e3f86a5ed84c0f5400632
52,C52-C1-39.xyz,C52-C1-39,C1,39,52,78,1,3,3,3.0,1.3891800523524063,0.03105314662633924,1.3298155699193779,1.4672246487842275,3.2444149852618063,0.5264086529063093,2.5485362596642065,4.502871335378913,3.286842659216594,10.803334666446009,5.893454250477547,2.582139722254605,2.327740693713855,0.10171973669844137,12,16,3156,9631477c6924d74ab2c94bb8e42138f3602657adb959d66f2a59614a9c732f1b
52,C52-C1-396.xyz,C52-C1-396,C1,396,52,78,1,3,3,3.0,1.3886398101884514,0.03315001250396013,1.3211906524041108,1.4835250621408458,3.211388769033676,0.25793407549438313,2.817261846411565,3.7726515606115494,3.2217305618528647,10.379547813176776,4.529651128114469,3.0647110029538407,2.785185682108467,0.024445830238550823,12,16,3156,e7e981e98e934fe9ec30a8c10429967b44fc3412272b55f81f95f6dfa244f8b2
52,C52-C1-398.xyz,C52-C1-398,C1,398,52,78,1,3,3,3.0,1.3888850346821204,0.02839910029531482,1.3244937636697274,1.4482355540449903,3.2108695011967328,0.26462152536038025,2.764206887014063,3.854817468738682,3.221755345366778,10.37970750539941,4.510654947060742,3.2598876547218993,2.6091649036167666,0.026005245361848336,12,16,3156,17cee45140662ced238b80b0794157aa6c8e1043ba0a29641a9bff6d98dc54ee
52,C52-C1-4.xyz,C52-C1-4,C1,4,52,78,1,3,3,3.0,1.389849937822084,0.030001319672688573,1.3379331859252166,1.4574731729949608,3.302264352597956,0.7570469212090736,2.2606192351608967,4.751417628641378,3.3879300310589846,11.478069895351332,7.320454849823796,2.213683148205821,1.9439318973217143,0.2089583175714123,12,16,3156,0a8d24a104dedaa73ecf76ec5d87ee6e830750fd14fc2ee360eb58d35b5ebd06
52,C52-C1-401.xyz,C52-C1-401,C1,401,52,78,1,3,3,3.0,1.3888607000884907,0.027499918059854928,1.3313525228127974,1.4455438734261927,3.2079801864715116,0.22723118926838318,2.83967908510246,3.7638890909106286,3.216017862228087,10.342770890170115,4.348595943915815,3.2067263190151873,2.787448627239114,0.01830763031002746,12,16,3156,4d8c499b62f6b4c367a5903eaa332eb2b1ce43b4ef3c5448d2571612fbd8e22f
52,C52-C1-402.xyz,C52-C1-402,C1,402,52,78,1,3,3,3.0,1.3888057214554959,0.028398970298552047,1.3325690751326928,1.4625957404559882,3.2077089540156156,0.21546305578948882,2.8771716215813896,3.7681425251241056,3.214937178559186,10.3358210620821,4.32122241822368,3.091644945249729,2.9229536986086906,0.016360101022271,12,16,3156,b5a5f25dc60e54aeb6ba5d8e1722c677330ec1612056f7c5c452b2fc1184eab8
52,C52-C1-403.xyz,C52-C1-403,C1,403,52,78,1,3,3,3.0,1.3887314712615715,0.03181135032851293,1.3201238540379459,1.4756836415709162,3.209882285416983,0.25243649597174644,2.741219467969583,3.752203957988515,3.219793234158406,10.367068470732248,4.336021781173397,3.4185198480064236,2.612526841552427,0.020757493854436593,12,16,3156,b4ca6faf1ea62c441afd4ead7e9925d0703a81ac771f11c9ae22c55b09515851
52,C52-C1-404.xyz,C52-C1-404,C1,404,52,78,1,3,3,3.0,1.3887611717942727,0.029969951167953222,1.328689662788117,1.462357716155661,3.2086222032682916,0.22876598851216148,2.7809299638446796,3.759783687410336,3.2167670603893925,10.347590320806214,4.322681280869931,3.3113143578850215,2.7135946820512618,0.01853551049908825,12,16,3156,40cdb0dada16cf0b83aa847f6f8b10a18cc786df1638d7b0fcc0265e5f4fee39
52,C52-C1-405.xyz,C52-C1-405,C1,405,52,78,1,3,3,3.0,1.388748701259128,0.03022224740590705,1.3283403818298982,1.473433724332384,3.208573941298013,0.2296333507143862,2.765346118092206,3.767679834889404,3.216780721861063,10.347678212536982,4.247015578308527,3.4616318171568405,2.639030817071615,0.01811410309940722,12,16,3156,9d1a0e8fe1278d489bba95683f6e5c069eabcdb8b11bcf1059672a2a9f79ce8d
52,C52-C1-406.xyz,C52-C1-406,C1,406,52,78,1,3,3,3.0,1.3885687595228486,0.03454228475581462,1.3326745626746237,1.4739029174270606,3.2097513612744795,0.2491696870603088,2.7365846325372805,3.7941684967096303,3.219408227322703,10.364589334153107,4.370482294951456,3.3604461359987297,2.6336609032029212,0.02124715196373071,12,16,3156,b7eafde16b90e6f6ce995f99ae40ddd9ef70c02d5c04b390fcc174f55c271f80
52,C52-C1-407.xyz,C52-C1-407,C1,407,52,78,1,3,3,3.0,1.388665977783618,0.03153270126126343,1.3162420332142566,1.4778019454581863,3.2076731371368057,0.21282794594969542,2.7956684571752293,3.700744889746251,3.214725912000313,10.334462689286244,4.097564553983595,3.5553597365195015,2.6815383987831476,0.014338238648931282,12,16,3156,a8cb0a909c5f663d104515ad2f26c26f5eef22e195c3845412e29c586fe41d57
52,C52-C1-408.xyz,C52-C1-408,C1,408,52,78,1,3,3,3.0,1.388681333680352,0.0323517728371702,1.3271902425801658,1.481056005018041,3.2079484648934464,0.21834748411147323,2.728782957283755,3.699853190003309,3.2153707371359266,10.338608977230033,4.083544359456411,3.6429995210281176,2.6120650967455035,0.01600831731861689,12,16,3156,f3f0cdbf45ed3a25a6dbca0e8d98f24c7980948fc86d894f350210fd38988e8d
52,C52-C1-409.xyz,C52-C1-409,C1,409,52,78,1,3,3,3.0,1.3884161970464635,0.03598165037419853,1.3275573546931976,1.4784510610770991,3.2058904226582694,0.1765396366677656,2.8798278942928244,3.686999018742557,3.2107475212801777,10.308899645406804,4.024302122245984,3.3599388563774504,2.9246586667833703,0.00865721297899934,12,16,3156,1c48d380dfe4b042515a780a19e39485b6ccad65a144e760942482edc786afc0
52,C52-C1-41.xyz,C52-C1-41,C1,41,52,78,1,3,3,3.0,1.3891232422657045,0.03388439966718962,1.3357913235232517,1.4679418414910042,3.2378044160248582,0.4998750155190762,2.493726236502724,4.4555020135358525,3.2761642919075755,10.733252467570265,5.61948750678582,2.937062636654711,2.1767023241297347,0.08518168128452848,12,16,3156,b6a5d501998b5c239a237149ddfa73169bd2891be3c78718e439292a7670e29b
52,C52-C1-412.xyz,C52-C1-412,C1,412,52,78,1,3,3,3.0,1.3884691533859483,0.03632244969874331,1.3221486035994592,1.4786979982403439,3.2077732825611274,0.2176140809142723,2.7466786786418287,3.7403617334132995,3.215146236258181,10.337165320525147,4.207303656583421,3.4206273100311217,2.709234353910604,0.01576476815758229,12,16,3156,90d9a358a5b4782793497125c8ff729190da322b68db55da98525378cef5a747
52,C52-C1-414.xyz,C52-C1-414,C1,414,52,78,1,3,3,3.0,1.3885015587395724,0.03570397835095716,1.3181906538888826,1.4824559723647786,3.207906076107064,0.22139911898973863,2.822275431528437,3.7368594954990386,3.2155371188984976,10.339678963014052,4.278707538713853,3.299827773981147,2.7611436503190525,0.016609395036191233,12,16,3156,eead11fb7df7ca1e8320d5d5c0547125d45aae6299e437f11137c0b553848bd7
52,C52-C1-415.xyz,C52-C1-415,C1,415,52,78,1,3,3,3.0,1.3885892647989497,0.03464918829085738,1.315597598051927,1.4722565808988597,3.2108431371122212,0.26024324758311096,2.7095264371544805,3.80427660794965,3.221372409246291,10.377240199053254,4.413052205290641,3.3947356984749257,2.5694522952876886,0.0237582828374427,12,16,3156,c405bfe30ee1cd323d72358a5719dadea910763d9761d61546cdd19230495056
52,C52-C1-416.xyz,C52-C1-416,C1,416,52,78,1,3,3,3.0,1.3887457936847487,0.030424277752536893,1.3288739631733326,1.4595179855006928,3.207527949595373,0.21123177145052813,2.767739244009963,3.597380737231197,3.2144757595455,10.332854408705618,4.232066672112984,3.3930386681128346,2.7077490684797993,0.016377275525302094,12,16,3156,7cd1736506b6ea989e7f48b7d25588ac5ddacb55dd319eb5058d74a56f270e50
52,C52-C1-418.xyz,C52-C1-418,C1,418,52,78,1,3,3,3.0,1.3887389139081667,0.03012178523732786,1.3227312803438194,1.4647229533259867,3.2075160663309816,0.20699200834288736,2.8820716411682388,3.6615047361574047,3.214188079016099,10.3310050072892,4.276913799537201,3.252891934560212,2.8011992731917865,0.016070416884038617,12,16,3156,3f6e92a1deb1e0470015c80ac4bc0b582974817856a1968b8dd9e818ee3f90e9
52,C52-C1-42.xyz,C52-C1-42,C1,42,52,78,1,3,3,3.0,1.3890013131059205,0.03615864453550121,1.3186815650489698,1.4688471976349344,3.245793339694491,0.5306184706702879,2.4416885887799866,4.5074282843351545,3.2888798040399103,10.8167303654216,5.87808834056562,2.7502555705123157,2.188386454343664,0.10133589387489382,12,16,3156,803d22db1760926f09c07862faa58b129907a532f02d0db7a766dea61fbb3925
52,C52-C1-423.xyz,C52-C1-423,C1,423,52,78,1,3,3,3.0,1.3886957042834764,0.03095487836129625,1.3336270318196164,1.469436283069123,3.2058593181549204,0.18271781219426017,2.8588198000355747,3.5681848979556143,3.2110620932479317,10.310919766693788,4.118620747852812,3.3633761847765644,2.8289228340644117,0.011848534396154844,12,16,3156,557ac49a2ec86f849e3991465bdebc0f719f3fc8cac0bc5f7eadb3f4e88eb15c
52,C52-C1-424.xyz,C52-C1-424,C1,424,52,78,1,3,3,3.0,1.3887765303483766,0.028014648818016245,1.318162831367961,1.4765027463570801,3.2046772869196007,0.15166571543565227,2.8669259471939257,3.5371881027711964,3.2082641728101167,10.292959002536982,3.834365163698587,3.605947828551781,2.8526460102866142,0.007472794985266211,12,16,3156,5c2ad38ea3e1f4eb001dd6c27990a6ea2621ae914709d37420e15b0b87781fb1
52,C52-C1-426.xyz,C52-C1-426,C1,426,52,78,1,3,3,3.0,1.3887397834342725,0.030593753497809406,1.3204199521364406,1.473028054722652,3.2074416688668803,0.2102882593538242,2.730845273119196,3.596789696695641,3.2143278008326437,10.33190321120562,4.099580275331226,3.5789515950400292,2.653371340834366,0.015078814393059546,12,16,3156,354f00e733ee1417b6458fb43c10eeb8bcb5746ee4fda9e6f4e92adb05c69f1c
52,C52-C1-429.xyz,C52-C1-429,C1,429,52,78,1,3,3,3.0,1.388646033857487,0.031501692434362176,1.3230055177511544,1.4614958980441923,3.20395114900677,0.14231101434564647,2.899276548848847,3.5414281674983945,3.2071101306356606,10.285555390025884,3.933519597595951,3.378342474974395,2.9736933174555396,0.006584715811582714,12,16,3156,081395f234166fdb733d6452a13a12534d6666c4c2de7d1d6d017fa760145d2c
52,C52-C1-430.xyz,C52-C1-430,C1,430,52,78,1,3,3,3.0,1.3885371053796571,0.03326933884163926,1.3205323320540092,1.4825427413737522,3.204257504562311,0.14506110021506974,2.8982401460473395,3.592658283961104,3.20753938063736,10.2883088783395,3.911710608362686,3.3968489433194344,2.9797493266573785,0.0061767364554368345,12,16,3156,a8624a7f54a92ea9378249584df679f451ffe813bcc5038677803141caa58184
52,C52-C1-436.xyz,C52-C1-436,C1,436,52,78,1,3,3,3.0,1.3888143487478415,0.026893855352069874,1.3263136205287196,1.4549889277929233,3.2025664364781004,0.10616406033368943,3.0197487342822025,3.4037138296796945,3.204325605765209,10.267702587762574,3.8027994609505744,3.393187067007119,3.071716059804881,0.003820741695901427,12,16,3156,ba2fe63ed23ef0f0e1d380b59ef803731a902dba279cd9d7a0ac11a7e62f8e18
52,C52-C1-45.xyz,C52-C1-45,C1,45,52,78,1,3,3,3.0,1.390015354691753,0.03354363408794891,1.3267605586540474,1.4607212601999053,3.2383636244061185,0.5598421985597499,2.2610805802052285,4.475551493798585,3.2863995878719527,10.80042225116494,5.677458002250333,3.2954849112525846,1.8274793376620226,0.09709105277475819,12,16,3156,299ffd973810f38406f57084088515f48f12d9fc909c7e6486f3f81fc9d1f53d
52,C52-C1-46.xyz,C52-C1-46,C1,46,52,78,1,3,3,3.0,1.389338386897951,0.02850130720355093,1.3360439139489393,1.4648036216503564,3.248201202532069,0.5480611892034354,2.4096193203548495,4.391947856566219,3.294113252339977,10.851182119241862,6.01908501192205,2.611127954007774,2.220969153312039,0.11122076449107059,12,16,3156,3d14740276b664adab0bbafade5768f77fd72555770add0e4d3a3291c4a6b3ee
52,C52-C1-47.xyz,C52-C1-47,C1,47,52,78,1,3,3,3.0,1.388971182024582,0.0363686624417201,1.3178828665704705,1.4732224713192505,3.2425557508354697,0.5197409981777878,2.4443566970753228,4.280520278747404,3.2839455693514497,10.784298502463017,5.778510573695252,2.9095057933238855,2.0962821354438783,0.09652242558558598,12,16,3156,a6ac12cbe7a285578a5b59e10505fbd4e78057541fc443fc7f56a71f45bcb8c7
52,C52-C1-48.xyz,C52-C1-48,C1,48,52,78,1,3,3,3.0,1.3892401252396602,0.029746203179223107,1.3316796649344764,1.4647906539843842,3.2425961364571405,0.517079597083526,2.4608701699253763,4.29892073738345,3.2835652900295487,10.781801013886835,5.805163392999231,2.7782768441639383,2.1983607767236655,0.09680819636203851,12,16,3156,a3c5a5f99fb3ce091d8c5be2c1c3ada442991a82239c794629c6bf428c3e4b7c
52,C52-C1-49.xyz,C52-C1-49,C1,49,52,78,1,3,3,3.0,1.389156770763394,0.03327568930358134,1.3203307047857364,1.467567313618016,3.239783922834663,0.5027681172704486,2.3944584051879656,4.284967180641561,3.2785630459702357,10.748975646401629,5.704107073454005,2.953777222416358,2.091091350531265,0.09244562723465045,12,16,3156,be11e7bb259c65d9f709158b180a67283dad1d17bbf6b4f7ccbd8d84c4963e66
52,C52-C1-51.xyz,C52-C1-51,C1,51,52,78,1,3,3,3.0,1.3889335502798505,0.03438095342325859,1.3210314303603834,1.4695205408567789,3.2366267868188072,0.4859212171669071,2.463653285401454,4.28944171944503,3.2728996908622183,10.711872386446004,5.622150405159427,2.835562460486122,2.254159520800455,0.08473832511817118,12,16,3156,b63877bb3db0b4f624a0889db4deffa07ed36c7c28d8539d979f8a8016bedc77
52,C52-C1-52.xyz,C52-C1-52,C1,52,52,78,1,3,3,3.0,1.389067531702512,0.032014280637911584,1.3196542047066726,1.4681294016536826,3.235486946063436,0.48594336501846463,2.440090318662866,4.250002598298022,3.271775776570327,10.704516732152367,5.5833262121016425,2.9509107924754865,2.1702797275752386,0.08372649579730011,12,16,3156,cb8bb28c53f566b30181c4669cbd606752df85a6780c90d955dae0e1cd9464ee
52,C52-C1-53.xyz,C52-C1-53,C1,53,52,78,1,3,3,3.0,1.3892001360235522,0.030050797085558478,1.3252003093872262,1.4684616236047845,3.2408725429638685,0.5097704395106282,2.473321334887605,4.381885771454084,3.2807195461873833,10.76312074073595,5.783061129300866,2.7845284685244778,2.1955311429106072,0.0958545117691491,12,16,3156,9ded76b242f9623aa3913e024a404f7fd92deabf6ebdb995c562245138ae2562
52,C52-C1-54.xyz,C52-C1-54,C1,54,52,78,1,3,3,3.0,1.3892141981704529,0.02837947636144062,1.3162611101145547,1.4536045886003526,3.2409453337324097,0.5104167011760874,2.573560649013232,4.3636793034966255,3.2808919313322953,10.76425186508136,5.822718603587844,2.5702269694084428,2.3713062920850727,0.097223999618597,12,16,3156,8be7dfa68a3d05408b389c721e47168b7c42f22bf0a4f8c97cd068988b4f1b0e
52,C52-C1-55.xyz,C52-C1-55,C1,55,52,78,1,3,3,3.0,1.3893577782544602,0.02675530915411464,1.3240394405001688,1.448653837188167,3.243639718120848,0.5300957635706366,2.5750982566937557,4.374803658549489,3.2866700685536765,10.80220013952663,5.93165285642746,2.6202403842911006,2.2503068988080677,0.10564373012833153,12,16,3156,a1d43ebaa108f737007175790f6948ee3caa8b2d1bfb47020e5f67f702d26deb
52,C52-C1-56.xyz,C52-C1-56,C1,56,52,78,1,3,3,3.0,1.388985259788109,0.03248127490668952,1.3238322892270005,1.4712801534717987,3.231853379768377,0.4625322895980819,2.5454586862740682,4.221394254279807,3.264783666223709,10.658812387241124,5.449816535501609,2.9244651344955512,2.284530717243964,0.07396315652673527,12,16,3156,fddb47d4ffad84bfe5b05e7bce79aec58b5ecea0ca12bbb387c1f6ec23cdfb3e
52,C52-C1-57.xyz,C52-C1-57,C1,57,52,78,1,3,3,3.0,1.3889814468642048,0.03252845713264279,1.3279353975250454,1.46589107712681,3.232420919963891,0.46505807048568676,2.454069388623515,4.18235542611252,3.2657042139091654,10.66482401274408,5.461124251643787,2.9289249156392767,2.2747748454610175,0.0747010582574562,12,16,3156,6db9a03ca142934eb231fbfbeb22840b85afb3187c06c20865cc0eb8a1233371
52,C52-C1-59.xyz,C52-C1-59,C1,59,52,78,1,3,3,3.0,1.389535614246168,0.0343684477837415,1.3272086120877908,1.467135433421196,3.234581962588556,0.5076696212444559,2.3433918649619763,4.357986409243905,3.2741791210985576,10.720248917037724,5.602051079117109,3.192499617251514,1.925698220669101,0.09104426526838084,12,16,3156,ec002b632e803e00b44b9cf4eff107956649ae9f3b151a9149d6421346c07a20
52,C52-C1-60.xyz,C52-C1-60,C1,60,52,78,1,3,3,3.0,1.3893236126133888,0.03062569432406325,1.33044740219221,1.4670093012656737,3.232795826271241,0.4796390422845378,2.4042688697458208,4.343746929423374,3.2681833585709943,10.681022465240385,5.523572771079193,3.025897708869135,2.1315519852920577,0.08127345132905148,12,16,3156,81a6d3897943c61d9758e07a04eb1f53450716626a278db68464ab732e2b8f8d
52,C52-C1-61.xyz,C52-C1-61,C1,61,52,78,1,3,3,3.0,1.389536000958594,0.03397493591999705,1.3248138322043592,1.4676445720950289,3.2365306662947306,0.5195891758022501,2.3267468713155663,4.3651136390291505,3.2779724930934178,10.745103665477078,5.590870157288375,3.2415039210162204,1.9127295871724823,0.09013674106414421,12,16,3156,895511593fb90b4db8c32d59ffad1c4b9917c3433d78e0e11275e6016d5052b2
52,C52-C1-62.xyz,C52-C1-62,C1,62,52,78,1,3,3,3.0,1.3892814080719986,0.024384861967555432,1.3391923461549502,1.4489591609151722,3.231721982019697,0.4567191549197635,2.6587161592071635,4.308703644306494,3.263835068679167,10.652619355539942,5.528933586214796,2.6473121987456474,2.4763735705794985,0.07777295138838572,12,16,3156,fe4b169cafebe0c10458c66894d1c241cd6c3549cdf5553bf9be29d29cc30982
52,C52-C1-63.xyz,C52-C1-63,C1,63,52,78,1,3,3,3.0,1.388908784734499,0.03342591302711651,1.3165257650346234,1.4732552698022157,3.2317788292447167,0.4569471101183445,2.5953048736531588,4.267926494065509,3.2639232623638463,10.653195062599854,5.484701406931414,2.880677571198241,2.287816084470199,0.07644908912951663,12,16,3156,68c3c0a7e35710d4ba3bbc9845974c64c0dc67c69d3524f3789dbd9a26a04e10
52,C52-C1-64.xyz,C52-C1-64,C1,64,52,78,1,3,3,3.0,1.3893305248973273,0.03311172460723518,1.3290521622569975,1.4668685183069405,3.2364747563273655,0.5114344674464709,2.453486228827885,4.362803635945274,3.276634563517351,10.73633406283654,5.6679439633814495,3.0636628941552226,2.00472720529987,0.09249150209507458,12,16,3156,bb3c678a308c16b7531a357f6e51f1924461edffb5ce26feb55d43618e876c65
52,C52-C1-65.xyz,C52-C1-65,C1,65,52,78,1,3,3,3.0,1.3891410052186401,0.02888398419926254,1.3201667962799244,1.4657616245488212,3.2303603568908175,0.4457979657455202,2.5555164739735097,4.349914680407757,3.260975906325377,10.633963861634614,5.391911145762357,3.003144717028258,2.238907998843999,0.07177007965973434,12,16,3156,ec2140f37b36c7defc62e82ee53bc98bb3ffd998769979d4b1ddd8383719f140
52,C52-C1-68.xyz,C52-C1-68,C1,68,52,78,1,3,3,3.0,1.3890433854850748,0.03238567915794195,1.3256608125761282,1.463826393395064,3.2262715541168347,0.4306081489248775,2.541225540958966,4.261876622589636,3.2548811835186804,10.594251518823965,5.271596195017087,3.049351568151158,2.2733037556557205,0.06473011612958583,12,16,3156,97373577482e3b94f87cd7a8af150f75900bc0ca546cedb5c99f2c75849e92f0
52,C52-C1-69.xyz,C52-C1-69,C1,69,52,78,1,3,3,3.0,1.3889874410839305,0.03493179505817757,1.316012044017835,1.4695186524845474,3.225129147629467,0.42764606914193154,2.5292888575425807,4.275156772191182,3.253358138806995,10.584339179341717,5.1031940045945525,3.362788039885154,2.1183571348620096,0.060194076227080874,12,16,3156,6ccbb7b3c6205f2dedd07eb6b90665e5d6bf5fa4f3dfe9fdc402473359572cd2
52,C52-C1-7.xyz,C52-C1-7,C1,7,52,78,1,3,3,3.0,1.3896579894246557,0.03035849042763745,1.3287538033811983,1.459907627214818,3.2706245509550227,0.6494773096533907,2.3642657218332395,4.651569037925752,3.334487326271364,11.11880572906435,6.593069764669719,2.4734206966630348,2.0523152677315966,0.15274589190609733,12,16,3156,6dbcc72efebe4b10f795400545cd72d5ed5f1a83a73f75e442edad4a7efdfd6b
52,C52-C1-70.xyz,C52-C1-70,C1,70,52,78,1,3,3,3.0,1.3887228711824164,0.0352658457346282,1.3228675973051875,1.4702611128639702,3.223954364096099,0.3921281583455002,2.5876576225280488,4.226506177306752,3.247714001315651,10.547646234341714,5.114102856097376,3.0402104398609064,2.393332938383432,0.054479818595984206,12,16,3156,d2688783fe3d53dc591a3e5f77f6c8dcca6350ff7619b256955d58b6e4284565
52,C52-C1-71.xyz,C52-C1-71,C1,71,52,78,1,3,3,3.0,1.3889753007076135,0.03616769061893345,1.3157848038338185,1.4781828675776216,3.2287993499549965,0.4437732017238238,2.493169164531295,4.276555738096558,3.2591532484432237,10.622079896838018,5.247798743938693,3.254571428242991,2.1197097246563343,0.06667551321154463,12,16,3156,7c6d52accd10a999892e8b4564f4d41a97cecd0aa0ae5c19ecda4583724e8f06
52,C52-C1-72.xyz,C52-C1-72,C1,72,52,78,1,3,3,3.0,1.3888880863401658,0.033338908997163325,1.3232598837718916,1.4699254028691389,3.2233194417126465,0.4121127773057953,2.5602861414747786,4.172190152121375,3.249557687523245,10.55962516454142,5.061686527671877,3.1975322248198625,2.300406412049681,0.05338101825709773,12,16,3156,c1212fd131b689b359f7bc11a9bce97ee5916e7fc6dd982e29f028ca56c3e05b
52,C52-C1-73.xyz,C52-C1-73,C1,73,52,78,1,3,3,3.0,1.3885288944963297,0.0392441182276694,1.3141487206553149,1.4682382810702084,3.219405774692522,0.3769395333573488,2.5885772947463783,4.162875707704899,3.2413973767391147,10.506656953931213,4.860826971166377,3.2644295409187154,2.3814004418461208,0.04291962480229353,12,16,3156,15b7ed8785bce8da184cb96fa4a0766e1ef9f44e789b70cb6d8b37165cdfba71
52,C52-C1-74.xyz,C52-C1-74,C1,74,52,78,1,3,3,3.0,1.3886584350333597,0.035493058771488464,1.3345792445561262,1.4681342513544189,3.2181161044250794,0.3523691359344329,2.7116062941228996,4.171845982123225,3.237350038151455,10.480435269519228,4.9020559837078395,2.926352872280313,2.6520264135310763,0.04115681939479475,12,16,3156,5eb790bcd7359328624c5ac464848ac3cfa31317d0c06b3b80bd91c3bb057bc9
52,C52-C1-75.xyz,C52-C1-75,C1,75,52,78,1,3,3,3.0,1.3886764106299598,0.03705758541533014,1.3152665775423624,1.4659181457366577,3.218833366566535,0.3728281226762157,2.562735975436525,4.1887151399036595,3.2403532293224337,10.499889050780325,4.8968306426877914,3.1772148612731015,2.4258435468194324,0.0436626665622504,12,16,3156,e69c245f92022230e8e2633ea5ec0f64e0212dbd7ead06786d6e6263de74dd71
52,C52-C1-76.xyz,C52-C1-76,C1,76,52,78,1,3,3,3.0,1.389036952608675,0.037135314665396275,1.3142990260971814,1.4656222194003472,3.220550161300343,0.41577860933024074,2.447892376231072,4.219214164281276,3.247278120738699,10.544815193428256,4.88804854790601,3.5672135290370397,2.0895531164852073,0.05287944673303163,12,16,3156,914047868b2f7cdea047f2f261a36f5c2579dc75f83fb501bc1896ff637da4dd
52,C52-C1-77.xyz,C52-C1-77,C1,77,52,78,1,3,3,3.0,1.3894703325866085,0.036013610178228274,1.3281456019578577,1.472361742235922,3.22254468233875,0.4591504070030897,2.2778616224859944,4.196412276351979,3.2550903713907635,10.595613325920858,4.888827797535182,3.7921689107705645,1.9146166176151131,0.06045317341786804,12,16,3156,04dca78b7ebce50788e106cfb6cec8f9687b0f4cf49f0025fa187958a407668f
52,C52-C1-78.xyz,C52-C1-78,C1,78,52,78,1,3,3,3.0,1.3887512326799958,0.033400773621436036,1.3175568716378052,1.466270551433125,3.21631992922129,0.34707911403579317,2.676731002970473,4.186311393278584,3.2349927045521936,10.465177798505916,4.789205653553666,3.077209689359608,2.5987624555926434,0.03633074889693043,12,16,3156,275764b44abd929fcbac08252c18929a844328e16f0b31f25c31d2783ec2eef8
52,C52-C1-79.xyz,C52-C1-79,C1,79,52,78,1,3,3,3.0,1.3890072035483,0.0349118252489518,1.3178502380771497,1.474744486343312,3.2308338406449204,0.45575088318890894,2.502777875581599,4.254357711792151,3.2628202790506062,10.645996173383875,5.3370702351674835,3.201056453571551,2.10786948464484,0.07140349850335292,12,16,3156,48d9f4e4a45217e0a65ad6da11839eaa021110e4d1bdac3f0a14909932cf1bc6
52,C52-C1-8.xyz,C52-C1-8,C1,8,52,78,1,3,3,3.0,1.3894643161822897,0.03247619372166043,1.3206637611443723,1.4611628861971548,3.266554678750512,0.6295697363487105,2.4017510627102947,4.642913825216217,3.326670636265792,11.06673752219305,6.491221513046389,2.4432048434647027,2.132311165681958,0.14486166804957462,12,16,3156,77db3dc327eec628fe290dc905f33ce76479d2bd98bd6ac370628ebd7d9acf72
52,C52-C1-80.xyz,C52-C1-80,C1,80,52,78,1,3,3,3.0,1.388876183607297,0.033002436867594735,1.3254191337082772,1.4707218805742979,3.2253825856901974,0.4090585816699223,2.6130243201855046,4.248596516791904,3.2512185019329896,10.570421747311393,5.23682523567048,2.8992667996914876,2.4343297119494256,0.06056504464065751,12,16,3156,e619cbc173137b523fe6853b13f6ab8b48e372e176732c28da6690d1af933c46
52,C52-C1-81.xyz,C52-C1-81,C1,81,52,78,1,3,3,3.0,1.3888413859671824,0.03571177187421575,1.3070132593053525,1.474181647559079,3.226653843985519,0.4152157978563452,2.5856976195611105,4.218532060011214,3.2532597786982835,10.583699187696006,5.182013320614032,3.1777656738852404,2.223920193196734,0.061050675427508576,12,16,3156,da469631ee5673227f2fc0249ce9c51195aaa6586714694f2ee8ce6aadf50a60
52,C52-C1-85.xyz,C52-C1-85,C1,85,52,78,1,3,3,3.0,1.389280663014601,0.03130493758658603,1.3185814878118076,1.4681438757832967,3.2415187939729417,0.5203005356480499,2.381706688119309,4.409052185709437,3.2830103166264104,10.778156739075444,5.804878997042623,2.7948202418757826,2.1784575001570374,0.09723486992310103,12,16,3156,3d56af4d1593989aade0eacab047d208ea4fe0268989c24a67d79ac792735d21
52,C52-C1-86.xyz,C52-C1-86,C1,86,52,78,1,3,3,3.0,1.3890604474894543,0.031258750813930404,1.33013600432437,1.469410956812287,3.2325708395821304,0.45979288433800486,2.53395664593537,4.357190034345886,3.265107001218273,10.660923729404583,5.502016983390622,2.7826648526977,2.3762418933162626,0.07624161101470986,12,16,3156,da704018abc5197b44980ba583d30e93c974c3f0b8501d28ed117014adaa7299
52,C52-C1-87.xyz,C52-C1-87,C1,87,52,78,1,3,3,3.0,1.3889005666560297,0.03667745473924147,1.3095669398698182,1.4762979678913064,3.2331958875223297,0.4641680244326749,2.452482408688396,4.323413361027447,3.2663446851177604,10.669007601997041,5.405536765367572,3.148602254900818,2.114868581728652,0.07463408432949789,12,16,3156,0a2f7dd0ce6a7f12a82c547b2bc7e96d31a6e7b17dbce852b249fc1fb33c5def
52,C52-C1-89.xyz,C52-C1-89,C1,89,52,78,1,3,3,3.0,1.3891004539480192,0.027832140991600054,1.3311743011341528,1.4695083633651087,3.2262241395482674,0.41402107507302677,2.659573306729548,4.311950364709049,3.2526813015124274,10.57993564920858,5.278409676749965,2.6730842819393485,2.6284416905192667,0.06169669437971491,12,16,3156,c05b48cf272c7c213eeddeb231db58d1b2cfbe13529fa8d35d672ba8553253f3
52,C52-C1-9.xyz,C52-C1-9,C1,9,52,78,1,3,3,3.0,1.389469588370829,0.03734706994697798,1.312807114545012,1.4677106356499567,3.265727522520048,0.6333227887701742,2.242358698625738,4.642874974773651,3.326570908025344,11.066074006120562,6.389899477076854,2.8568318083794617,1.8193427206642454,0.14065614960150752,12,16,3156,77953c15f20cb20846c9cf06d59968394ec109b2b90a059d8f5ad6d3b93af730
52,C52-C1-90.xyz,C52-C1-90,C1,90,52,78,1,3,3,3.0,1.38894005249465,0.03298133212087706,1.3319008746900047,1.4761630194527975,3.2335353949930288,0.45744476374646054,2.583941548097922,4.316308596268049,3.2657322092528918,10.665006862551774,5.539709304652379,2.7437231880864714,2.381574369812924,0.07878553163646564,12,16,3156,3e728a8afe9240ae98a94abfc029034ccbb5052aab6cff00689a5bf10eb37dee
52,C52-C1-91.xyz,C52-C1-91,C1,91,52,78,1,3,3,3.0,1.388878548405083,0.034675569034724796,1.3260088725193355,1.471971372004225,3.2345888138467975,0.46978101291642593,2.5251873760730796,4.336491118542954,3.268525507741926,10.683258994759615,5.552802735664525,2.740500704511341,2.3899555545837505,0.07901168520899172,12,16,3156,e3d23581280656a26813c421f54cc63be466855d9934c3a0ba8d52eeb475737d
52,C52-C1-93.xyz,C52-C1-93,C1,93,52,78,1,3,3,3.0,1.3885048727231022,0.03881311024339948,1.313610912713502,1.4713146332447045,3.2230851957396385,0.39114609620222945,2.626501300927888,4.2006404294151904,3.246732734237647,10.541273447570266,5.101082983571309,2.818644423216549,2.621546040782407,0.051280761321246565,12,16,3156,1c8017294d9e94ea75a3fd19424b3e2654022668fb3c7760d10a58154ac16271
52,C52-C1-96.xyz,C52-C1-96,C1,96,52,78,1,3,3,3.0,1.3889489291543382,0.03233348896592559,1.317113882699594,1.4665317555375337,3.2264099817393723,0.4225078252211144,2.5594426934795047,4.231120049027508,3.253956704174248,10.588234232640534,5.2492014272841665,2.9982791413330188,2.340753664023348,0.062251233663398985,12,16,3156,1adbaa40114b3358c071828b8a23880a28fec3a2d0215ab88f183b08ae414b58
52,C52-C1-97.xyz,C52-C1-97,C1,97,52,78,1,3,3,3.0,1.3889907738253653,0.03130906475297786,1.3277426068331166,1.4702629356683112,3.2253773223959765,0.4116852747256997,2.5292996213336507,4.2387934149782724,3.2515448078186187,10.572543637252217,5.158435602279913,3.1367507269046295,2.277357308067673,0.05871593332012568,12,16,3156,22f77c17928e1b3f3cf965557c5eca858cc51905ed143c1f0f1540a2283b84f9
52,C52-C1-98.xyz,C52-C1-98,C1,98,52,78,1,3,3,3.0,1.3888337088607423,0.0328809278178972,1.3165313137179837,1.4712713074073047,3.2217076128765476,0.38497767844230707,2.6806710205088584,4.2052087268926925,3.2446275218837575,10.527607755765533,5.066099856602588,2.907523255639169,2.553984643523776,0.0500546457320009,12,16,3156,f03e53de429bcc4dcd8071d3ed16efd2f7113fc85309001e15d96af6bf80722a
52,C52-C2-1.xyz,C52-C2-1,C2,1,52,78,1,3,3,3.0,1.3906859475536828,0.025679536795829277,1.344727332956388,1.4460881681280708,3.3520959796017484,0.8893189258907954,2.1406116972756446,4.983009237673967,3.468059343265302,12.02743560840976,8.245664188250391,2.0579203367141754,1.7238510834451939,0.27973961669888175,12,16,3156,f9792368ff05c19716a227b6cdefa7d66a3f098ea2a1d8660e0d96222206dcca
52,C52-C2-105.xyz,C52-C2-105,C2,105,52,78,1,3,3,3.0,1.3892388091987284,0.03664444185225231,1.3169654551278103,1.4719361874755303,3.2300280916545243,0.48469349667321693,2.3500983227920362,4.163303818883316,3.2661918588158096,10.668009258594674,5.171613544838856,3.574921883265568,1.921473830490251,0.0696213916293684,12,16,3156,4b73d852a377b97a03b9e05dd23c882f859b73674d7f7bad83137a3c88bb5e41
52,C52-C2-106.xyz,C52-C2-106,C2,106,52,78,1,3,3,3.0,1.3890479099617603,0.035777642855577024,1.3246309146324495,1.4668464848101863,3.22350650048356,0.44131158695033273,2.4707768238774146,4.173160664701249,3.253574968467207,10.585750075436387,4.949670155855494,3.5221600323719833,2.113919887208911,0.05382210006972685,12,16,3156,1e4cc4337a919b4d56abe05bd753517388f90b9d01c633b29533da2523b54b80
52,C52-C2-107.xyz,C52-C2-107,C2,107,52,78,1,3,3,3.0,1.3885093643338124,0.03813290057194704,1.3167158881095042,1.4749304864975838,3.212443630356268,0.3207047218571292,2.6840470085532258,4.077238061516321,3.2284122408450284,10.422645596838018,4.4777994904096445,3.419171168179326,2.525674938249048,0.026372725818923075,12,16,3156,ab15bcdda58117ceb05037f5c767e4c2ee886c88e63e0f6a33d658a45a62b62b
52,C52-C2-108.xyz,C52-C2-108,C2,108,52,78,1,3,3,3.0,1.3890904865793356,0.036034881141570246,1.322781093000652,1.4678344048291005,3.220384113154851,0.42503549455528444,2.455003049228936,4.097550634149099,3.2483117165524633,10.551529007892011,4.43372262626689,4.0942615247072025,2.0235448569179173,0.045861947488856934,12,16,3156,94f90f2678f56d7437a8d840522d798ea410f336f93734497cd56d961da07015
52,C52-C2-110.xyz,C52-C2-110,C2,110,52,78,1,3,3,3.0,1.389533810959569,0.024842034170246267,1.3427563181754163,1.469187629269999,3.2543853406318854,0.5734024504897244,2.5278171254735335,4.442150625869658,3.304514232916441,10.919814315547335,6.212404887101086,2.372173059335354,2.3352363691108957,0.12487669797746082,12,16,3156,eca26e92eb2e025cc4f91cfbb4830c16856af91e3a23ceffa83b6ad763d99857
52,C52-C2-114.xyz,C52-C2-114,C2,114,52,78,1,3,3,3.0,1.389285487543884,0.036687011220058,1.3232769135747813,1.4653133658026871,3.26958770768995,0.6291730521854078,2.3002225729287797,4.458604022519434,3.3295739228726426,11.086062507873518,6.531568293924992,2.6039924602015367,1.9505017537469902,0.14987322334550976,12,16,3156,361bf3801814f84b4af71ae133750c25f0995de07508bc6d12e4f03d45da8cf4
52,C52-C2-116.xyz,C52-C2-116,C2,116,52,78,1,3,3,3.0,1.389691681007173,0.028613650068224444,1.3403664909270152,1.4611488254110188,3.2778527300365274,0.6583388399675616,2.414163117629111,4.57516884640732,3.343311015747376,11.177728548017754,6.748076745320883,2.2719023101625497,2.1577494925343217,0.1645579519886231,12,16,3156,cd02601e3878442015ff8e5e52f9d5993c2791a925d0c096fd0f45b15198f8a5
52,C52-C2-125.xyz,C52-C2-125,C2,125,52,78,1,3,3,3.0,1.3892573126690035,0.03191884686893306,1.3263804393913534,1.467452905547568,3.241884075224002,0.5143945030509934,2.5395507600833542,4.306201936157084,3.2824402602271467,10.774414061960059,5.772185243342425,2.8036073052862522,2.198621513331381,0.09453526988921156,12,16,3156,d5c717dc2f3a63ef0d81efad551e6c8b85456eede8df0f348c26a9f4e32155d0
52,C52-C2-127.xyz,C52-C2-127,C2,127,52,78,1,3,3,3.0,1.3893325017161835,0.03247891913029383,1.3333739085492862,1.464150736775418,3.259413820957727,0.5925785950541244,2.4050513544274748,4.398139719652763,3.3128428649072035,10.974927847566567,6.294717033556751,2.5900721731150056,2.090138640894811,0.13139501239588897,12,16,3156,7d3c36097b3b8a454aae79f229c6f28dc703503ccb11f48ce5e590dd99146e81
52,C52-C2-129.xyz,C52-C2-129,C2,129,52,78,1,3,3,3.0,1.3892926878860412,0.028161816333461397,1.3305719409336723,1.4554338528425124,3.2444772639459427,0.5279902547538826,2.532825070717192,4.189567214431362,3.2871578035405027,10.805406425377221,5.932356401361545,2.544933584636147,2.3281164393795284,0.10497113244824964,12,16,3156,fe625ff6c71ba6ce025d24fa5e13e80dcadd102d57d1a8f60194154c480c5318
52,C52-C2-138.xyz,C52-C2-138,C2,138,52,78,1,3,3,3.0,1.3891501899950747,0.03131937257011847,1.318112445886162,1.453034142750954,3.2306533872008263,0.4553287354334951,2.5146711419867565,4.2125726120693,3.262582652676196,10.644445565543643,5.4524625391465715,3.03454828729217,2.1574347391049016,0.07710589020082906,12,16,3156,5da830044604c02971f6e28a5340b8b9c0dc9a1e5c10403c4697eceac7de6eb3
52,C52-C2-15.xyz,C52-C2-15,C2,15,52,78,1,3,3,3.0,1.389947367226061,0.03390231907668475,1.32235579175954,1.4648839749277074,3.2938146199417306,0.7300290753826996,2.2315500880933365,4.726421991061787,3.373745278091694,11.382157201446002,7.066728424965806,2.5579720148342786,1.7574567616459174,0.18972113320228615,12,16,3156,e3e1e7ad67fe8b35daf8d1a68b68dbe156223447900f2c256b38c32625506fc0
52,C52-C2-152.xyz,C52-C2-152,C2,152,52,78,1,3,3,3.0,1.3890775705094045,0.027465393703359983,1.3326146667360375,1.4563620188675614,3.222269516265127,0.3980218138596456,2.661908626063189,3.9962832633357346,3.246758722134987,10.541442199759615,5.137143444009952,2.9387060170545474,2.4655927386951153,0.05486828020028567,12,16,3156,2f1919b27ecd1cd14b56d18f133d2a318e763909b89e9e3ed53a648a2907f878
52,C52-C2-162.xyz,C52-C2-162,C2,162,52,78,1,3,3,3.0,1.3888873250172813,0.03597584761293365,1.332651289722859,1.4773250184031952,3.228241722749061,0.4340801536517604,2.531783342728112,4.131148859520258,3.25729492068068,10.609970200292159,5.339071453959567,3.043627607973527,2.2272711383590647,0.0693728253954103,12,16,3156,f55ed839fd10209893918dab5af9aac0544474bbee7c64bcb2c338e3e9793df6
52,C52-C2-171.xyz,C52-C2-171,C2,171,52,78,1,3,3,3.0,1.389092071815861,0.027306651164241944,1.3273312397438701,1.4771058831376982,3.2265733410903263,0.41378004513997135,2.6678183171693974,4.115133555310197,3.252996995263111,10.581989451190829,5.28575225827044,2.685583290240507,2.610653902679881,0.06216659535029927,12,16,3156,875dcde44449f747b8bcd546068368bbfdae4cfe0f829203dcc44d8c72abb1c0
52,C52-C2-180.xyz,C52-C2-180,C2,180,52,78,1,3,3,3.0,1.3887469040196758,0.04022399508868019,1.3145083225297587,1.4769531644571539,3.2401090193914066,0.4950433826088512,2.4151649953322556,4.180755521487411,3.2777087131419047,10.74337440820636,5.673753180502791,3.0139494208299933,2.055671806873576,0.09133316470426035,12,16,3156,7ccf1d8eb2be97a64efddd4787b1a9a52ddbdcfde39384e6314d53dd80931ca0
52,C52-C2-191.xyz,C52-C2-191,C2,191,52,78,1,3,3,3.0,1.3885985614883065,0.041667830631421855,1.3097369277835913,1.481803239300009,3.2441395376173547,0.5212092988682467,2.43835607411309,4.226934290895568,3.2857419972905477,10.796100472758878,5.857137612893425,2.750545671036198,2.188417188829255,0.10049441728555979,12,16,3156,48136a61d0a3f978955bbeeaccb5480c12cb36896b6e7198666c9f0053a3bdd6
52,C52-C2-197.xyz,C52-C2-197,C2,197,52,78,1,3,3,3.0,1.3887846036941285,0.03599122654615734,1.3190183963842201,1.4721662711799914,3.2316195077884116,0.44676571984345664,2.580187559966908,4.107519559295196,3.2623556292265037,10.642964251545857,5.438957167403634,2.732112318923044,2.4718947652191785,0.07150082594898494,12,16,3156,a33a4300522345fe7999e61d55d848e1bf9ce478685352556f3f430459b62617
52,C52-C2-206.xyz,C52-C2-206,C2,206,52,78,1,3,3,3.0,1.3885521899351203,0.037800124551716004,1.313784255500118,1.4635658543434251,3.220476944133388,0.37187456978914724,2.7089647739062226,4.08265480168558,3.2418763769382983,10.509762443350589,4.985485323078483,3.1248128055366546,2.3994643147354524,0.04832613734818808,12,16,3156,a9805219fe306547154838ea79c13a03f1c3d367379175c03819b658751c28f2
52,C52-C2-210.xyz,C52-C2-210,C2,210,52,78,1,3,3,3.0,1.388462961473917,0.03827407403564513,1.3271673782910727,1.480457371895591,3.218875986840897,0.34956902516465915,2.652568551804633,3.999094628319477,3.2378018966600677,10.48336112201553,4.902839820496604,2.95341827557394,2.627103025944986,0.04133590913551772,12,16,3156,de0552f505edecab83b3db5bb6759677896404df943eb1ba22f2a468228c43f1
52,C52-C2-22.xyz,C52-C2-22,C2,22,52,78,1,3,3,3.0,1.3892180406544097,0.03554762976431819,1.3304088582086335,1.4752743507564958,3.261668071423431,0.6112545031964721,2.423620627036001,4.560264920267808,3.3184500411820284,11.012110675821006,6.383810040297265,2.494287308659801,2.1340133268639403,0.13737897162275953,12,16,3156,a66d26b37505c31386a63b6a5c2016814bb53c32542f017f70f8d0faa0706fff
52,C52-C2-239.xyz,C52-C2-239,C2,239,52,78,1,3,3,3.0,1.3889135932285863,0.03175213348350665,1.3233755551618747,1.4639288985466472,3.2216406329080765,0.4059766633564378,2.6087050608074773,4.212630998014945,3.247119557206722,10.54378541879438,5.059806010685675,3.0801722945933063,2.403807113515399,0.051410473031576046,12,16,3156,79a786ea18e36ad738aa625e2c81ce682b1d2fc5036d7799f21c8ad197a74e6e
52,C52-C2-244.xyz,C52-C2-244,C2,244,52,78,1,3,3,3.0,1.3884227098257296,0.037476693532474,1.3135390173116288,1.4731132916378156,3.2143362228421255,0.3013743629558726,2.748928449637079,3.819563106368555,3.228433654285316,10.422783860122038,4.680416853409764,2.997447227107381,2.744919779604894,0.030571827924952274,12,16,3156,2b5f905e5b2f9e2c42a7ab9ec9c84b358960a3e485de4c0b210d31039b09a2eb
52,C52-C2-248.xyz,C52-C2-248,C2,248,52,78,1,3,3,3.0,1.388765328966173,0.030225864029824065,1.3262933536740653,1.471263844454828,3.2118455976527325,0.27789126017608656,2.7413417240837856,3.7892246300086514,3.2238448622170846,10.393175695643494,4.591492228048377,2.9976224752496123,2.804060992345504,0.026721434663769524,12,16,3156,868dfd83e8c2364acd91e5ab3ae1a532ba1af8f52018a63563b5a8027f642c24
52,C52-C2-254.xyz,C52-C2-254,C2,254,52,78,1,3,3,3.0,1.3888131217591617,0.029537855048304636,1.3243544276363484,1.4396295843028513,3.2141458399639395,0.3089804264068566,2.762836029434237,3.8657193411796866,3.228963050959248,10.426202384460057,4.735508247510214,3.0610945113290295,2.6295996256208127,0.03415046580911011,12,16,3156,3c57b23955febccc4e74e205b6bb72a9c4fb7b135cebbf79cf711b9bfe65b966
52,C52-C2-257.xyz,C52-C2-257,C2,257,52,78,1,3,3,3.0,1.3886362711071136,0.038367177165893704,1.3206856628282144,1.4786880164524228,3.2166613403044204,0.3437123409133722,2.5504381458114618,3.8552411100687403,3.2349726971807935,10.465048351505178,4.356923354055381,3.966273419337412,2.1418515781123846,0.03829381396311059,12,16,3156,df5f96f76a77ca2dd9dbbb85b5e30ab89d9199ebb1d9020fdb3cc371d2e945a8
52,C52-C2-265.xyz,C52-C2-265,C2,265,52,78,1,3,3,3.0,1.3887557221157958,0.02967086213552852,1.3208461038289057,1.43714037588539,3.210427124328307,0.26680959619807854,2.8428597029873073,3.851670694609709,3.2214949450909116,10.378029681246296,4.514197624006825,3.1590119407962978,2.7048201164431735,0.024681952819383946,12,16,3156,2c3c3c2ed0def10bdaecc8b43b1df701b113bd6c9e0a05cd1640a50a4a429a5d
52,C52-C2-267.xyz,C52-C2-267,C2,267,52,78,1,3,3,3.0,1.3888575824409573,0.028456690959478306,1.3217591535525677,1.4286466148071748,3.212474526561299,0.2939046140879516,2.7002523129210814,3.877025433337179,3.225890963127462,10.406372505987424,4.608292518716707,3.28398200779017,2.514097979480546,0.03108324675448802,12,16,3156,55d29aa2e88688a91dd0315d9ba3247f161bb610ad3479d016e115d1fb4e9f07
52,C52-C2-278.xyz,C52-C2-278,C2,278,52,78,1,3,3,3.0,1.3884166007230145,0.03638731133916078,1.3135664771910098,1.4718054592914107,3.206088011706546,0.2054549530253067,2.792176873669279,3.710792272393262,3.212664326774751,10.321212076531065,4.165967261025037,3.241050230546706,2.914194584959321,0.011871314395153848,12,16,3156,cfb5f853c34b204a190fc217e6d2983502e90c6a0694c25aaaedd3a2b9659d8d
52,C52-C2-283.xyz,C52-C2-283,C2,283,52,78,1,3,3,3.0,1.3887296633427615,0.029952457595370904,1.3187001895806338,1.4387120246943097,3.208128112944496,0.2410255317127293,2.873087399664891,3.8082550197359333,3.2171694540390963,10.350179296002217,4.375993535767522,3.0265381296938236,2.947647630540872,0.018050790633447587,12,16,3156,378932944353edba56fe060465cb3fdc6c0f11bc122179b195b0cfedd043045d
52,C52-C2-29.xyz,C52-C2-29,C2,29,52,78,1,3,3,3.0,1.3898875774823158,0.025243557925747697,1.343176444105539,1.4624423202301007,3.2743472565613656,0.6618922639702366,2.4037942557866945,4.635870841011181,3.3405764960040334,11.159451325654587,6.7090791198386555,2.4320255104109547,2.0183466954049756,0.1624757029084508,12,16,3156,fe2476586c47dcc36e2c7893e25273312858be210ef17205dcf5abeb07655d19
52,C52-C2-293.xyz,C52-C2-293,C2,293,52,78,1,3,3,3.0,1.3889233041599702,0.03042401476089387,1.3197110138208288,1.4561499201661896,3.214224340187961,0.33406765078869066,2.6277533871939016,3.851730163344353,3.2315382257309304,10.442839304360211,4.600666475866113,3.5113306022198376,2.3308422262742603,0.03545209751592877,12,16,3156,f258fe63c1f54873b27d398c8bd9f944f33eea0fd51fce29c329db38d455e7ba
52,C52-C2-31.xyz,C52-C2-31,C2,31,52,78,1,3,3,3.0,1.3896439806032514,0.03431414440843844,1.322016285830095,1.4659135786259707,3.283489118779108,0.6917914289732929,2.376843891002677,4.672324960038282,3.355573896420956,11.259876174341716,6.891003945046389,2.274421880260609,2.0944503490347186,0.17491111751122998,12,16,3156,abb092e9252464fce8cffbb2eae48c59f6d42820d5af573ea44f48a742f6ef16
52,C52-C2-311.xyz,C52-C2-311,C2,311,52,78,1,3,3,3.0,1.3882769874297511,0.04316021011390955,1.3065366202292226,1.4774314264966748,3.214830171299478,0.33416393701215485,2.5697798274476655,3.7298863144176435,3.2321507649082353,10.446798567096891,4.547239858576539,3.5736145215709714,2.3259441869493807,0.034080455877794,12,16,3156,39df6c757c8868f44fbacce21dafa746e94d6dc5006c2e83677fa11c5abb88a6
52,C52-C2-312.xyz,C52-C2-312,C2,312,52,78,1,3,3,3.0,1.3887349482763567,0.038307808335306066,1.3211292480298813,1.471488899040696,3.21545612572927,0.35297007762098076,2.501949990723951,3.7784210838970065,3.234771394115146,10.463745972185647,4.324547365857994,4.034267544407193,2.1049310619204604,0.039881723388808216,12,16,3156,6f6608c76b1dfa228196102d690f5bff23d6a850255a4e62e07c0d33a65d84fc
52,C52-C2-315.xyz,C52-C2-315,C2,315,52,78,1,3,3,3.0,1.3889286553130793,0.03463083425172622,1.3160791465561639,1.4671308428357712,3.2362062143349073,0.469803774249832,2.5246968545140325,4.098251002688732,3.2701293931585127,10.693746247999263,5.613333697363938,2.800851713610499,2.2795608370248255,0.08436726248169421,12,16,3156,f5d6c4df3646e35ed62c26ef45be6996f9ba27c3583c1163a911f2e8848db4f3
52,C52-C2-323.xyz,C52-C2-323,C2,323,52,78,1,3,3,3.0,1.388636285273398,0.03381594664857289,1.3330334466921678,1.4741995590828265,3.2129661644897136,0.28831932559989515,2.8768950867249554,3.854884353900291,3.2258765642333738,10.406279607670115,4.7105741140347925,2.870278079757842,2.825427413877481,0.03205483954094074,12,16,3156,217ba292c77bc1a216a1937b034b72d7e7aeb1041073822acaedad690206472d
52,C52-C2-334.xyz,C52-C2-334,C2,334,52,78,1,3,3,3.0,1.3886104856814374,0.036777614138438046,1.3046412303771489,1.4752792311965894,3.220554241727343,0.3514241782826922,2.6519272591128398,3.907713241527627,3.2396710599981664,10.495468576989644,4.8658220150249125,3.354442156261604,2.2752044057031284,0.04611835890593907,12,16,3156,fa0d245a5771cd53d8d2823b10d293239c21a6f232fdfb645e8c81cde0c31954
52,C52-C2-335.xyz,C52-C2-335,C2,335,52,78,1,3,3,3.0,1.3889290967595573,0.027222908345414944,1.3438379143334214,1.4420036685112836,3.2131784977166764,0.2832839580467681,2.7314798865340273,3.805577244064288,3.2256419297676926,10.404765859075443,4.584184346811088,3.24649140953042,2.574090102733936,0.02901382761672493,12,16,3156,ee43fdbb4f0dc481cc987a37d56ef468f369080cf2a7024194f0e710daa46c8b
52,C52-C2-336.xyz,C52-C2-336,C2,336,52,78,1,3,3,3.0,1.3888901763927273,0.03168078114784831,1.3341483200903865,1.4765029292216119,3.221732060428443,0.37414997808320005,2.6586143722406907,3.9290431045240317,3.2433849101351138,10.51954567529216,5.0913321901619994,2.9516468189492002,2.476566666180961,0.05259743761646353,12,16,3156,e31b5bcd0c1eb1bce7e03905be61d632ebb6ebb629cb8fceff28ce0d6dfe8e98
52,C52-C2-339.xyz,C52-C2-339,C2,339,52,78,1,3,3,3.0,1.3887476977731088,0.03192571115032692,1.3292801773892515,1.4718360336667942,3.215321358857106,0.3052063830280289,2.7513411930431753,3.853192595128309,3.2297743538773354,10.43144237696376,4.757032243299339,3.0429723249134413,2.63143780875098,0.035038893802747446,12,16,3156,a7f9960e735b0c6252b5751555775f9f3017fc8f7cfaba7844ab904c30f82081
52,C52-C2-340.xyz,C52-C2-340,C2,340,52,78,1,3,3,3.0,1.3886901012972652,0.03234320750654792,1.3288327622391016,1.4739684053601694,3.2107488950047145,0.2612258238177469,2.836057549033079,3.8036761828177763,3.221358005221285,10.377147397803256,4.533070227336702,3.0250767893952983,2.819000381071257,0.024397724630295395,12,16,3156,e2ffddfdf5850038b0b0a2d2dcdc65f72f2664ac23dc270511bd22bb417ce647
52,C52-C2-346.xyz,C52-C2-346,C2,346,52,78,1,3,3,3.0,1.3889010717983334,0.028925732727985366,1.3258108877211714,1.458892638270548,3.2191445462525032,0.3527653303577918,2.775751435251283,3.9368099027873034,3.238415505763532,10.487334987969675,5.006601632551662,2.8581571517036233,2.62257620371439,0.047074442384982644,12,16,3156,4459059995539da63e1816003bf98523e90a405320ceaace8bc521e927bb4ac9
52,C52-C2-348.xyz,C52-C2-348,C2,348,52,78,1,3,3,3.0,1.3884793680534755,0.03800595604572585,1.31985093855329,1.4769944008018445,3.2173255697469574,0.33710256763698243,2.7510606977880734,3.9584167561314074,3.2349377061784406,10.464821962855032,4.930838085532242,2.82238003427999,2.7116038430427993,0.04283925328904935,12,16,3156,13de7914411d232cf6b31b0654b1b956383a39dba537e856e8f17a47cca02702
52,C52-C2-355.xyz,C52-C2-355,C2,355,52,78,1,3,3,3.0,1.3886255012553765,0.040854594653231165,1.321447350445715,1.4702989525943355,3.2267412612930992,0.41577898544290653,2.5159086272790803,3.9832714738846837,3.2534184071630423,10.584731332067307,5.145767521365815,3.3177589694539096,2.1212048412475824,0.06212855546992283,12,16,3156,c7955e3f4208d2daf22b651adf06ffc86ba83bbf0edcfd8181b88bdc5aa31f90
52,C52-C2-359.xyz,C52-C2-359,C2,359,52,78,1,3,3,3.0,1.3884547224541253,0.03694204716423867,1.3142589280655468,1.4765212460374557,3.21401990726936,0.29563900447745045,2.768322222153588,3.8560714184926,3.2275883233913456,10.417326385292158,4.690616385879632,2.9212628833553866,2.80544711605714,0.030859960185288086,12,16,3156,4d20bb3c468e4d2694de5d0711233981a6a233abb9f24e42093fec818dec8200
52,C52-C2-362.xyz,C52-C2-362,C2,362,52,78,1,3,3,3.0,1.388544860060774,0.042974608589504006,1.3129472342786666,1.4798953206223744,3.2265801187962357,0.41478109001298297,2.3980759432805967,3.9439131703817165,3.253131201726038,10.582862615643496,5.007669377046614,3.591542463855252,1.9836507747416292,0.06132049045102415,12,16,3156,ac9d5f2e420aa2dba58a125f92df66a41c33dad02ee5c0b463ea13b3cdb90e80
52,C52-C2-363.xyz,C52-C2-363,C2,363,52,78,1,3,3,3.0,1.3883640644098012,0.04122978652046279,1.306096359385478,1.4797844843084413,3.217058344180885,0.3277149440979309,2.5494748145400674,3.736157962138517,3.2337070792588753,10.456861474448967,4.579022699681225,3.6327818845656843,2.245056890202058,0.03780912140153153,12,16,3156,a467ffb51ce6d064f0b7ce6a6833cb66a84d34dbdf633f1291fdd94bbdd61c6f
52,C52-C2-372.xyz,C52-C2-372,C2,372,52,78,1,3,3,3.0,1.388590316557586,0.034081938497308256,1.3242996073396684,1.481479628614582,3.208333792496174,0.22890670208776775,2.7217867861750653,3.6311454377601597,3.2164893909872583,10.345804002333583,4.0289363819136215,3.747137727060668,2.569729893359293,0.016793390397673965,12,16,3156,d15257d7dd8ced2b5a73ede4d3161abb589988f28a1b3cbf3cf6d18cabdbf2fa
52,C52-C2-375.xyz,C52-C2-375,C2,375,52,78,1,3,3,3.0,1.388611586763891,0.03281128366641296,1.321160705591867,1.4810925730689493,3.2075861025729138,0.20815749848203802,2.8032191564107753,3.578729231115086,3.2143332356171777,10.331938149593194,3.947440847799165,3.7335194814737385,2.650977820320291,0.013576130216333391,12,16,3156,6f3b3c77f9c2de347944726eb22a230297299812be84d2cab7afcd867fd83cb2
52,C52-C2-376.xyz,C52-C2-376,C2,376,52,78,1,3,3,3.0,1.3886708334315596,0.03231253376069666,1.3216001891646354,1.4775542223553084,3.2058628349933587,0.18549749645969482,2.8100840740050947,3.5784425551187438,3.2112249746762473,10.311965837984467,3.9732228445898814,3.625755382408383,2.712987610986201,0.011952942556467049,12,16,3156,f326b9f2297a9363396caae91c659bdb25996cc1176801e59b29167072a2b9e9
52,C52-C2-378.xyz,C52-C2-378,C2,378,52,78,1,3,3,3.0,1.3888309041875524,0.027033897700274333,1.323034187011054,1.4573923356461018,3.206646804502038,0.19933442228857884,2.843906070280002,3.624823205242947,3.21283643230281,10.322317940732248,4.139307580406341,3.453288594572027,2.7297217657538795,0.013989189320355368,12,16,3156,57e522486e35170a76ba1b4076b1be705b023f7c8e3e85f3bc1d2e1b22bfe287
52,C52-C2-380.xyz,C52-C2-380,C2,380,52,78,1,3,3,3.0,1.3888125313419382,0.02920846984481846,1.323234374553503,1.4633335983295128,3.208621223892943,0.2414389733192452,2.708597158638538,3.584473969091205,3.2176921754968566,10.353542936253694,3.979515264415746,3.8611775599427576,2.5128501118951907,0.018578598609701867,12,16,3156,44fddf794c37e13f099a0a3f9a03a38d601cbe9e5671d0092efedf78fa540298
52,C52-C2-381.xyz,C52-C2-381,C2,381,52,78,1,3,3,3.0,1.3886649573662562,0.03140377902131354,1.3236810794145244,1.467849937834246,3.2047425899314925,0.15709529317085577,2.9237644026988403,3.5781821152899997,3.2085906561693482,10.295053998857249,3.9711590571799866,3.424944260554339,2.8989506811229235,0.008136055141512269,12,16,3156,484c6be511f5f7126b20776e04acc173b87583e707bfcebb1705632716857a46
52,C52-C2-383.xyz,C52-C2-383,C2,383,52,78,1,3,3,3.0,1.3885941145876604,0.036971836948991484,1.3090712853011481,1.4627776932945071,3.215417040384702,0.30161707379877356,2.5581256480922736,3.6316968289742144,3.2295324124094584,10.429879602803258,4.173034196694335,4.024749896510752,2.23209550959817,0.03218738375927191,12,16,3156,a61cb10641457612374a2fea012effc8da8da2fc75d8d8e39033ecce283dc873
52,C52-C2-385.xyz,C52-C2-385,C2,385,52,78,1,3,3,3.0,1.3891733140396707,0.02516306503766307,1.3465073115286081,1.4551121778062335,3.228153913130128,0.41807996146006804,2.6910770395896613,4.097368275670151,3.2551142132084707,10.5957685410318,5.370108566502232,2.6467850447678285,2.5788749297617404,0.06774759894445645,12,16,3156,7a73a942e94aa3df808e6ef153a202c12dd74d7084d8a57620cac18065448a08
52,C52-C2-386.xyz,C52-C2-386,C2,386,52,78,1,3,3,3.0,1.3889937270875845,0.028384788876190746,1.3471577079169312,1.4695276077706059,3.224188068884129,0.38482077388673697,2.6452546199585365,3.9816164570373234,3.247071870401017,10.54347573154956,5.175062441339726,2.8003132938687605,2.568099996341072,0.05617605876163718,12,16,3156,134ecb0ec963fea3acc9d85ebbadf79343b779918a41cef9aea0997cf545740d
52,C52-C2-388.xyz,C52-C2-388,C2,388,52,78,1,3,3,3.0,1.3891193254044978,0.026955816993823357,1.3492325707601338,1.4690159767681221,3.227972740843918,0.4193781833284657,2.676625887278139,4.1295732485406855,3.2551015462322037,10.595686076283283,5.374236336338631,2.622394270737896,2.599055469206756,0.06802798500612343,12,16,3156,4e538380b0b1f85e769d32cf3aed9f500d86653b964444a1bf43d777c5127636
52,C52-C2-393.xyz,C52-C2-393,C2,393,52,78,1,3,3,3.0,1.3888964761973386,0.03235539540392973,1.3345929866442428,1.4665238559259783,3.221749410765507,0.3741218837926447,2.6428853991772274,3.9519880017860753,3.243398903881612,10.51963644970044,5.0623529064417685,2.9876691476563315,2.4696143956023406,0.05103337078267214,12,16,3156,1e95f7452987e1cf4967f30895e655f42ca92935db3046a35e732b6de49c8ddd
52,C52-C2-395.xyz,C52-C2-395,C2,395,52,78,1,3,3,3.0,1.3887768089213803,0.03216216525584192,1.3211731680593577,1.4752643864745056,3.214760245145696,0.3023544036492308,2.680202987909988,3.843479917322733,3.2289474475710036,10.426101619175299,4.687177425600302,3.246989142711796,2.491935050863201,0.03432884651816899,12,16,3156,475044f5cf8fa51530033f6acc65d0ed0198d6cad4647c18e3868747cea90aa6
52,C52-C2-397.xyz,C52-C2-397,C2,397,52,78,1,3,3,3.0,1.388735290734399,0.03290325308712312,1.3180987444042271,1.4668224602861792,3.2140679122527698,0.2904341531198227,2.6941108592585516,3.783476224327539,3.227163544332902,10.414584541871298,4.595966943447955,3.305295428827181,2.513322169596162,0.030565395293191563,12,16,3156,bca07b7a8d64a6e47ec1810c37b16bc34a33ef50256c65f1d202e14df0cfa0ce
52,C52-C2-399.xyz,C52-C2-399,C2,399,52,78,1,3,3,3.0,1.388897370727735,0.027889932398168015,1.3353256269539653,1.4413790757465574,3.2103235926724554,0.2629526807415535,2.8051928596358966,3.7877731576215563,3.221074616021577,10.37532168197855,4.507375713740503,3.1531877047487016,2.714758263489345,0.02433652707213483,12,16,3156,d80dfb47414f4b4bdcedb78c86b909de75fe315adef0487176957a761b7a7780
52,C52-C2-413.xyz,C52-C2-413,C2,413,52,78,1,3,3,3.0,1.3885592190789562,0.03731871714435191,1.3191587963547071,1.476869354411554,3.209903130225427,0.27742034304672997,2.6762077544084497,3.765977664940784,3.221869046402594,10.38044015216716,4.29324822452794,3.604790877823043,2.4824010498161773,0.023260952906764627,12,16,3156,5dedf89c34e4cbbf46bbef4c1d589839ec2c937859d5129b28a684f0007e819e
52,C52-C2-417.xyz,C52-C2-417,C2,417,52,78,1,3,3,3.0,1.3887845756992674,0.030011104650957156,1.3196880616266862,1.4514791800091382,3.209554516680666,0.23765315101421364,2.751951997296028,3.6700522140540643,3.218341065787193,10.357719215732246,4.345212157372954,3.404221186868109,2.6082858714911836,0.021139964157115602,12,16,3156,c5e8c2a0fc1f9122664bc07daeb8f4109f958b2a7e35604e930e3116b44d3986
52,C52-C2-419.xyz,C52-C2-419,C2,419,52,78,1,3,3,3.0,1.3886409581692185,0.0315069741974659,1.3230946073505099,1.440400770619066,3.2058622735422455,0.1856718301101154,2.891973540176691,3.6332805537787363,3.211234489323054,10.312026945417898,4.199470381121686,3.1369007115928755,2.975655852703338,0.012473333656195507,12,16,3156,876bc5cefc1b59c8e13e6dae4e950d22c7e0197557805e3848f3be662b995f43
52,C52-C2-420.xyz,C52-C2-420,C2,420,52,78,1,3,3,3.0,1.3887068523770931,0.03090953644036459,1.3379872719872936,1.4422614811468828,3.2055085396775818,0.17895465763016535,2.876871024332424,3.5451820452700353,3.210499924845573,10.30730976743343,4.090192701341569,3.396297124741653,2.8208199413502095,0.011407933846635758,12,16,3156,70cb73b1bfb889e09318d51d0b6d877d05fc32b00a799e96d9e160370530c378
52,C52-C2-421.xyz,C52-C2-421,C2,421,52,78,1,3,3,3.0,1.3889115624283501,0.025316310927813102,1.3389247663703887,1.4412763163252216,3.206663919672405,0.2031533270255715,2.880035877525799,3.6396527003153367,3.213092710771097,10.323964768010358,4.266179795370348,3.2280632519362173,2.8297217207037915,0.015479650037442194,12,16,3156,fb5b8d91cccb1b53a5aaf5c4b28cf269f3e7f2c5610cd9579885385a79d1523b
52,C52-C2-422.xyz,C52-C2-422,C2,422,52,78,1,3,3,3.0,1.3890363168764084,0.020445957871792982,1.3390931072931411,1.4391920789109425,3.2055154921316134,0.18102397205319903,2.9580460963239017,3.6027423358272084,3.2106228755108717,10.308099248753699,4.164281598026559,3.202489633044255,2.9413280176828844,0.011711542477834194,12,16,3156,4b873d02c3afd339d32b8dba2e5cf05211ff29e71e78c7d527536399172b691b
52,C52-C2-427.xyz,C52-C2-427,C2,427,52,78,1,3,3,3.0,1.3883924948907844,0.037030292556772954,1.3181746963130494,1.4866645183093596,3.2065910543902043,0.18221573150478296,2.8380355474919026,3.5308967280037606,3.2117641200597387,10.315428762903107,3.9430465091752964,3.5994712119969092,2.7729110417309015,0.010198769231499547,12,16,3156,338254022d04900d26bc9990f6c86ec60cf85d0f5354f2ce289820178bd218c3
52,C52-C2-434.xyz,C52-C2-434,C2,434,52,78,1,3,3,3.0,1.3886474862962177,0.03151600461329952,1.3263411212806455,1.4586708607496073,3.206371878299684,0.18671149471186455,2.9438854258287304,3.5861903777952757,3.211803512702572,10.31568180420858,4.224803953674994,3.084324696013235,3.006553154520351,0.013113382412055617,12,16,3156,d8c6675a59c4aeac8a51d86c68788d0368203302d3d8c7b72faa2aa6467afa65
52,C52-C2-5.xyz,C52-C2-5,C2,5,52,78,1,3,3,3.0,1.3901783300182016,0.027464575862216182,1.3480837473985066,1.4624713604033415,3.3094882108221735,0.7772433619181108,2.2798571535326624,4.8763777592490385,3.399532241532167,11.556819461216719,7.476698387043962,2.1774340987608793,1.9026869754118765,0.2217252825224218,12,16,3156,4f15c2d8b629d5a6e50692baa88a7b80b9595481b8a7557cd384a667f3ae0fce
52,C52-C2-50.xyz,C52-C2-50,C2,50,52,78,1,3,3,3.0,1.3893613546878767,0.0322469847108892,1.322410363691997,1.4654441511023202,3.2421408506527354,0.5280259518847747,2.3651869153676794,4.308772260214702,3.284857485696307,10.790288701335061,5.762711926702725,3.0124483208187782,2.015128453813559,0.09706654037280439,12,16,3156,766b88b2cc1f051a3a90db6a74e13f804e6848a9ecb2074adcc1d458b1267bf2
52,C52-C2-82.xyz,C52-C2-82,C2,82,52,78,1,3,3,3.0,1.3891854588628718,0.03441377350755399,1.3281086401345337,1.4670035514612771,3.228001008200484,0.4464900169661597,2.5043536539929323,4.27660816144938,3.258733472408228,10.619343844193786,5.34021337875183,3.1666936014541385,2.112436863987818,0.07206757066286151,12,16,3156,53ee73f73545db8e8ff5cf6a5a4277a2dce31cdbbd78f46e18eee24c204904c8
52,C52-C2-83.xyz,C52-C2-83,C2,83,52,78,1,3,3,3.0,1.388112988250855,0.05040243739578623,1.2922068294201203,1.480435034035604,3.2355391730232785,0.45604461497221555,2.4254703948501164,4.23324931044361,3.267520532607762,10.676690431013313,5.220366065164337,3.5650551166003517,1.8912692492486238,0.0729197668303289,12,16,3156,91c2974a88925b9889e85a4e4a03ae0150ae8bc8cc7d4f1fc71f395e7d23a617
52,C52-C2-84.xyz,C52-C2-84,C2,84,52,78,1,3,3,3.0,1.388927616713545,0.029708334618691563,1.3280171459736505,1.4696950738163341,3.221327494653404,0.37819462822269234,2.7408717825279854,4.2174741714804,3.243452173938515,10.51998200462648,5.06518822518047,2.794674616608798,2.6601191628372116,0.04950615476117074,12,16,3156,c977a62654840df0afdf9dc6a3f267bef1228ff7c61981585d7b67e32bb4f1e5
52,C52-C2-88.xyz,C52-C2-88,C2,88,52,78,1,3,3,3.0,1.3888736812514157,0.03735866822094427,1.3278758262729238,1.4772287229809742,3.240076852030244,0.5056547446044962,2.4544805839926185,4.364975092875962,3.2792963769386954,10.753784727803254,5.762635655042787,2.7255562999297633,2.2655927728307046,0.093670003361886,12,16,3156,6653b6bd994b578126c6a7afa08acdc9fe458fe3300e85c1f22b6df2a6faf499
52,C52-C2-99.xyz,C52-C2-99,C2,99,52,78,1,3,3,3.0,1.3890586800303477,0.033222043910304526,1.3336879207670735,1.4656354696854195,3.23003205766678,0.4618423081915894,2.50274528552024,4.215117688744054,3.262882990729338,10.646405411190829,5.391684723447606,2.976665397292466,2.278055290450756,0.07064682474469978,12,16,3156,9ec2c6e63d3c6d97e489f184b732cd4d2423262f162dfc94f34f4b2be62634ef
52,C52-C2h-389.xyz,C52-C2h-389,C2h,389,52,78,1,3,3,3.0,1.3891481104660452,0.026848977135666693,1.3534929700593201,1.4695127389716633,3.2292219154575523,0.4254014434181416,2.6645442227830296,4.113503431637015,3.2571215155921918,10.608840567333576,5.415452397820318,2.6578457299011076,2.5355424396121506,0.07069563630488461,12,16,3156,f7eb17a2dbed73d25e2997bb8f6ee5c9cd31b7c66010d6451f7e0618a4b0f228
52,C52-C2v-101.xyz,C52-C2v-101,C2v,101,52,78,1,3,3,3.0,1.389022467413108,0.02958221522298795,1.3212642014373963,1.4708242757039334,3.2288923145931587,0.42827071886221063,2.7145532603860683,4.300890758589294,3.2571707643096524,10.609161387873524,5.373284600594315,2.6339947079691655,2.601882079310043,0.06745815819299567,12,16,3156,dddac3e40142b59a1b4d294b3a16c9616068c3d2992a1458c19a14babe2a74b7
52,C52-C2v-242.xyz,C52-C2v-242,C2v,242,52,78,1,3,3,3.0,1.3891063768270204,0.02916943231508477,1.339132230214776,1.4559237823457656,3.2304842323536693,0.43372833504747454,2.575129036932482,4.2972398469526265,3.2594706079528817,10.624148644108729,5.359047587307426,2.9558722575577363,2.3092287992435665,0.06863846084624603,12,16,3156,21bd77b5d2725b72ec61f4b5f2bfdc6ef14b73935a84299cd1856045f78278d8
52,C52-C2v-391.xyz,C52-C2v-391,C2v,391,52,78,1,3,3,3.0,1.3888767220098883,0.03304003643742554,1.3331637783858366,1.4681895858505467,3.2269567410751785,0.4100557341404962,2.637539966480471,4.0924886368637265,3.2529057031939987,10.581395513872042,5.327532612868851,2.732984486581406,2.520878414421786,0.06543944493428937,12,16,3156,bbda08fed9b6a5100e17fbcc665b9b13bb5a3209b1d746a4468084287c0ac262
52,C52-C3-237.xyz,C52-C3-237,C3,237,52,78,1,3,3,3.0,1.3887971091362736,0.04211593021418988,1.3141192982374166,1.4594999177800594,3.2254302331452633,0.43204446888143666,2.283860734956336,3.9737748157986124,3.2542376391373993,10.590062611978555,4.3798200632467115,4.32894972557947,1.881292823152373,0.05455333520405259,12,16,3156,a6413372ae366c99ddc0d1adb0a491cbd2a1debb9318a82e794cb5b1d6278b90
52,C52-C3-303.xyz,C52-C3-303,C3,303,52,78,1,3,3,3.0,1.388046862084694,0.042037839369862516,1.3151170632304943,1.4834170721681748,3.205694217813302,0.17044235267087607,2.915846474826121,3.7533061125834,3.2102221128304533,10.30552601370562,4.033103566281257,3.164604846870316,3.1078176005540463,0.0075970347866883255,12,16,3156,81a3cf7d2dcd3e3b2a5d1e341d8d809f0a9e79757c0b2ba7fe430d551bcafd74
52,C52-C3-425.xyz,C52-C3-425,C3,425,52,78,1,3,3,3.0,1.3888002543018358,0.028541971970692647,1.33733752284156,1.4754427979423668,3.206555039662191,0.1988330438659037,2.7220740032992987,3.567586034030168,3.2127137752554265,10.321529801715974,3.8300476860618677,3.8257857508183313,2.665696364835774,0.01267923911002162,12,16,3156,43f82b1bb4a79530598c021c0cdd83325166f67491ba6d229044815ad307a480
52,C52-C3v-109.xyz,C52-C3v-109,C3v,109,52,78,1,3,3,3.0,1.3897430073457475,0.026733584855729083,1.3554344285136042,1.4518244694177047,3.282863671272283,0.6811350609767876,2.3388812025301364,4.690354540553121,3.352780764596931,11.241138855451181,6.883004654059692,2.230097273228514,2.128036928162975,0.17516840549059545,12,16,3156,f392991e6280bf53bdad9d093a543a1f3b1d46ee8c8c669e53382b8b5b269ef0
52,C52-C3v-296.xyz,C52-C3v-296,C3v,296,52,78,1,3,3,3.0,1.388567525135058,0.03394924661062057,1.312761977663887,1.4697801230116019,3.207961384631389,0.24507422288963523,2.655186337331232,3.6749234605567564,3.217309065043502,10.351077620011093,3.8717562106029297,3.8655593855255854,2.613762023882578,0.014697792972626505,12,16,3156,0595e6005e97d2e234cb6a6666bd4e6adee17ed00043a41974688824c601028f
52,C52-Cs-102.xyz,C52-Cs-102,Cs,102,52,78,1,3,3,3.0,1.3889357051820792,0.03437737887117177,1.3276193769299995,1.4728886515959039,3.237264717017906,0.4760282898978567,2.5398293477149307,4.314141805439076,3.2720766771015777,10.706485780832104,5.649187796447756,2.7743596793197676,2.2829383050645795,0.08653043899499799,12,16,3156,3afced346a0fc7448f0ad699650896022b846b46423a9d4c05ec2eff3e62f757
52,C52-Cs-120.xyz,C52-Cs-120,Cs,120,52,78,1,3,3,3.0,1.3890556070015738,0.03190298822195393,1.3217456033594361,1.4685407519030582,3.2338825264893396,0.46410468000391714,2.512826719687029,4.360907868483791,3.2670153579581798,10.673389349134615,5.54175734543722,2.812067885788006,2.319564117909389,0.07933680177449152,12,16,3156,25f3754566169bf965e9659d2a603829613dd3b421328a6b4fb16e1c21dcf434
52,C52-Cs-21.xyz,C52-Cs-21,Cs,21,52,78,1,3,3,3.0,1.3897369028399635,0.031223924303154786,1.3277833445257552,1.462066992309176,3.2590829964065757,0.6160019345860203,2.327997910611633,4.658330061534578,3.316787656887335,11.001080360880177,6.253573147964829,2.8190380475504604,1.9284691653648869,0.1292955465741869,12,16,3156,da99a87bd82eac099df6435927507090913479a214f4498a68f8e53d7c16f0f6
52,C52-Cs-221.xyz,C52-Cs-221,Cs,221,52,78,1,3,3,3.0,1.3886840751127176,0.03325966279687422,1.3209218372030953,1.4790761778894286,3.210834679462065,0.27179894998155696,2.6898058799043563,3.868080770280554,3.22231811093308,10.383334008047333,4.345153643283918,3.483690023420334,2.5544903413430813,0.022316319820261176,12,16,3156,e2334af7910235546650e36b7a577a8f2f4076150c6e24543966092ae1e8436a
52,C52-Cs-225.xyz,C52-Cs-225,Cs,225,52,78,1,3,3,3.0,1.3883197963428289,0.04025779116236756,1.3076892826661843,1.4730136896851977,3.209590324557815,0.2776927159710579,2.63667391659701,3.9240405889359584,3.221580869076318,10.378583295998522,4.255238756127222,3.524333032431189,2.5990115074401126,0.019187356158879287,12,16,3156,2b310187002ffd2471951dc98224a90c026e26b8a6ab5914fb24b3ba8d9d7539
52,C52-Cs-229.xyz,C52-Cs-229,Cs,229,52,78,1,3,3,3.0,1.3888016338635474,0.0341684230967065,1.3192783671386414,1.459445583089688,3.2222052318801664,0.37226977097662783,2.611747608460579,4.084457552101005,3.2436385955804177,10.521191338738905,4.959662327872205,3.2987589684790812,2.2627700423876194,0.050160595126440284,12,16,3156,f443aecc830ba9895c4af6149371f7f7b9aa11f8b18eb36e04b45cc717935359
52,C52-Cs-241.xyz,C52-Cs-241,Cs,241,52,78,1,3,3,3.0,1.3889834831397179,0.031993867215700134,1.3234987646386378,1.465808749462221,3.2259545290033103,0.4295733312114335,2.5590802404438837,4.298214300966196,3.2544301913061613,10.591315870085058,5.214599864954547,3.0549149251555434,2.3218010799749678,0.060485233756278386,12,16,3156,d3c286b89438dce8c1ca3170429dfe56414dbb2a927c72f8c68d3074dab5244f
52,C52-Cs-294.xyz,C52-Cs-294,Cs,294,52,78,1,3,3,3.0,1.3884109163417666,0.03932859367498904,1.3109629514215877,1.4766915656290587,3.2168195731545164,0.3384069226170931,2.739822013842009,3.997281103237864,3.2345706688067857,10.462447411505178,4.870081014494723,2.8368845332123414,2.755481863798114,0.03933776330801734,12,16,3156,a562265161e81dc6cd322012ac83da011dc2fd539b9c9b51c1934863a271d933
52,C52-Cs-3.xyz,C52-Cs-3,Cs,3,52,78,1,3,3,3.0,1.3897022715237317,0.033841205102742127,1.3080903676734266,1.4564020118085528,3.302384328716239,0.7563953027130771,2.29058722411758,4.765144005062489,3.387901431346109,11.477876108517012,7.321750681536925,2.2423571208336455,1.9137683061464412,0.20932820838536542,12,16,3156,776030be8f78c2e86a806ce1c32f5ca175e546a013a5c6f598a0f2c28e3596d0
52,C52-Cs-314.xyz,C52-Cs-314,Cs,314,52,78,1,3,3,3.0,1.388490923425254,0.03827678618376215,1.3041076259266333,1.4761369109943698,3.2101934781458517,0.27613378741835876,2.64335213396239,3.7603586726800997,3.2220478015827405,10.381592035684172,4.024632480369168,3.9472604454268825,2.4096991098881215,0.023094306535541082,12,16,3156,46d8c3b391ccdb91352f54bece5713d842d7ff8f9afbbf36a39b12f0428e1069
52,C52-Cs-319.xyz,C52-Cs-319,Cs,319,52,78,1,3,3,3.0,1.388902168884946,0.02901577837828691,1.3317118682357678,1.470896767281783,3.2185174871948443,0.34146054149759936,2.7406012440335203,3.906979606219293,3.2365800031482066,10.475450116778845,4.967005231932312,2.849198663498892,2.65924622134764,0.04486687608227123,12,16,3156,af80582ef35ca3a0cc19a6af258b192155efd5eff4c3a4ffa5ea6d85520dae22
52,C52-Cs-347.xyz,C52-Cs-347,Cs,347,52,78,1,3,3,3.0,1.3888898284749047,0.03108666958064753,1.3164877895369935,1.4586202727235076,3.2209327798139693,0.36645205568816475,2.64182857614283,3.9672183817886526,3.241711751713626,10.508695081198226,4.998992176063295,3.1748931616846776,2.334809743450253,0.05039697566535218,12,16,3156,4cf39aed5caaede15bb220540669692117dc15115d53829847acd754ceceeeaa
52,C52-Cs-38.xyz,C52-Cs-38,Cs,38,52,78,1,3,3,3.0,1.389066214809201,0.041313151860684676,1.3014581783522665,1.4652658325368815,3.244189988776516,0.5360430569222943,2.3700066556547124,4.47100361820492,3.288177434712483,10.812110842152364,5.697441989339941,3.2901644995489736,1.8245043532634502,0.09812852375351361,12,16,3156,88a639aab1e8e74b160060363a4bc3bff829f42b71b067af9ba2b67238150f95
52,C52-Cs-390.xyz,C52-Cs-390,Cs,390,52,78,1,3,3,3.0,1.3889632478843406,0.028368432273589924,1.325736549997774,1.4712856520744027,3.221383460156363,0.3637329142290964,2.729863345186215,4.037452016900744,3.2418533326266594,10.509613030262578,5.080184521951412,2.8179495024579277,2.611479005853237,0.05094904453729178,12,16,3156,70636e502681c15f2a88b9eedf9fd1b8e26364fd73295417aac1f27e2c5a2c30
52,C52-Cs-392.xyz,C52-Cs-392,Cs,392,52,78,1,3,3,3.0,1.38902253481486,0.027863114705944606,1.3357437067042464,1.4551872800433627,3.2217732218284585,0.3672793596014523,2.662163888189711,4.04248965094111,3.2426404088150407,10.514716820880174,5.073582643605912,2.9227249247298572,2.5184092525444055,0.051187798029518256,12,16,3156,0789448fe4384ed7fd619481045cc7a12ea3acdcbd083dba471e37c5fe5afcf1
52,C52-Cs-40.xyz,C52-Cs-40,Cs,40,52,78,1,3,3,3.0,1.3892663161529952,0.02926370128575567,1.3272217787544023,1.4654522510133179,3.2434604166315113,0.5189477151922646,2.6085953218725053,4.512543661905424,3.284713412972086,10.789342205358729,5.877026219630859,2.493087638098958,2.419228347628911,0.10056215404037494,12,16,3156,19db6b583d85522d2f3b4372344db23299224b99547018bc8a70b047c8c77101
52,C52-Cs-400.xyz,C52-Cs-400,Cs,400,52,78,1,3,3,3.0,1.3889461469947748,0.026090126920504546,1.3281355728990925,1.448946689840589,3.211679428026268,0.27779497947269255,2.7838237420047904,3.8637851459232633,3.2236710128403874,10.392054799027369,4.567713714285056,3.202409611261019,2.6219314734812933,0.02771929077826164,12,16,3156,8b2854e374571dc7f74f10953a9accbfa974c0e0332c6d253280a9d54f23471c
52,C52-Cs-410.xyz,C52-Cs-410,Cs,410,52,78,1,3,3,3.0,1.3888861744762957,0.028846652294507207,1.3283450041310805,1.4598471495331284,3.2097517980512356,0.265208859288622,2.6609534995604913,3.733652888760055,3.220689731119456,10.372842344138313,4.069483827569787,3.871358002119077,2.432000514449449,0.022270166791965314,12,16,3156,6a5fb6fd60dee30a5ae103fe0469778bc33b396c55a08b3e54286458c9ac8409
52,C52-Cs-411.xyz,C52-Cs-411,Cs,411,52,78,1,3,3,3.0,1.38870575790005,0.030815185664782058,1.3285767008343927,1.4642565485597119,3.206064065851296,0.18743738678095243,2.8110599410326356,3.73267344083628,3.2115385048767844,10.313979568306213,4.096200008040108,3.4101122985747523,2.8076672616913525,0.011722202495245401,12,16,3156,37898c18a6fd15e09770b26c23418a26829b16350772bb6d324d29403cc69120
52,C52-Cs-43.xyz,C52-Cs-43,Cs,43,52,78,1,3,3,3.0,1.3890407390900987,0.03454726631110812,1.3215605358817284,1.4645746583906196,3.238374745677682,0.49326808204625133,2.5355808752674776,4.515827167949569,3.275726544479649,10.730384394208581,5.691270134555691,2.6591750887462218,2.3799391709066677,0.087876862215263,12,16,3156,7a7066fbb0ccc8e500c6191b53fb89f639bc285f56ac67e8b4a1b47ccb10e870
52,C52-Cs-44.xyz,C52-Cs-44,Cs,44,52,78,1,3,3,3.0,1.3890313834806163,0.03389114835313986,1.3250359391352373,1.4669099018003797,3.2370413525944155,0.4938480582275986,2.5559433784239665,4.479961354471206,3.2744957814939157,10.72232262302145,5.631106901671247,2.7620330718692023,2.329182649481001,0.08403039922112546,12,16,3156,6184e9e131ce25852290360e1fabcd59d08a3391eb2947c7973e75e296539982
52,C52-Cs-6.xyz,C52-Cs-6,Cs,6,52,78,1,3,3,3.0,1.3898679309762916,0.026357083562839598,1.328576704597819,1.450604212044071,3.2815763549263406,0.6943168746691498,2.375818911026651,4.682283617973788,3.3542240974123922,11.250819295661977,6.892868602588576,2.339964219111012,2.017986473962389,0.17616035078108142,12,16,3156,fdb5c8cf006266b9ffce4a2d8cc3cc15a32da8476a5b8d6e149fd841b8ef5e47
52,C52-Cs-66.xyz,C52-Cs-66,Cs,66,52,78,1,3,3,3.0,1.3891743542990582,0.026409483025845077,1.328174461431931,1.4471048372526436,3.2295009008949926,0.4423347682533125,2.6467055823574244,4.324049857891108,3.2596527600478056,10.625336116087277,5.436994697114197,2.6747842880826953,2.5135571308903852,0.07175645759394865,12,16,3156,e80d680f8a279ce55404636197eb0d3f943ba962c3ba3f6629197bf49796c45c
52,C52-Cs-67.xyz,C52-Cs-67,Cs,67,52,78,1,3,3,3.0,1.3890881234047718,0.03330956635384609,1.3166566029151263,1.4689963852916728,3.2303207319571903,0.4583093956184146,2.5156186426844585,4.307339506188876,3.262670613688203,10.645019533424556,5.320335291042131,3.274496136075923,2.050188106306502,0.07226775957784319,12,16,3156,a22366fcc4be685c5c32919db6705659e12112eac6a2ca63f61450847efc4768
52,C52-Cs-92.xyz,C52-Cs-92,Cs,92,52,78,1,3,3,3.0,1.389047298235656,0.02884343781955787,1.32209395278853,1.4702371713434537,3.226700964643887,0.41588490790892446,2.6361317391254193,4.31961040731967,3.2533919794362625,10.584559371860202,5.273136450916878,2.659138101039007,2.6522848199043176,0.061151224182900824,12,16,3156,2c9311dd6fbb061eb3c5931076072601278eb845459333b760c9e13c58af72e0
52,C52-Cs-95.xyz,C52-Cs-95,Cs,95,52,78,1,3,3,3.0,1.389433416933094,0.022750895432051724,1.3424174239036084,1.4523068856133678,3.236171890024392,0.4845588384348165,2.622179449413414,4.375817799645601,3.27224781605693,10.707605769689348,5.691996379340928,2.617763079326164,2.397846311022256,0.08874922660589306,12,16,3156,1a458095b4b505ae15447a1fd7563f0110c4f3a68a99717ddaa332ece172a7d6
52,C52-D2-179.xyz,C52-D2-179,D2,179,52,78,1,3,3,3.0,1.3893939316596349,0.033445882053794056,1.3280431092400578,1.461840104115358,3.281657516389925,0.6843755387203196,2.29902116567023,4.453392862600518,3.352259824786441,11.23764593287722,6.833345852057748,2.5207063714584605,1.883593709361011,0.17224898539610142,12,16,3156,4c1a7d2711e5f901b4cf1479a4f2246fc042986467fb3a36eaf58353ff2bda11
52,C52-D2-2.xyz,C52-D2-2,D2,2,52,78,1,3,3,3.0,1.392469122554121,0.02359978628807946,1.3483674054203476,1.4488015357529131,3.3987025190332583,0.9977317626725534,1.9613318485019877,5.206126092952173,3.5421247130964626,12.546647483128696,9.038348503221487,1.9463002468947093,1.5619987330125007,0.3377644130552504,12,16,3156,33677849cb23aa918e67b1045690f3138515714bf0da53637ff4a06b9e6f4c30
52,C52-D2-333.xyz,C52-D2-333,D2,333,52,78,1,3,3,3.0,1.3891592155179335,0.0217258936391478,1.3491887377235254,1.4391240321806873,3.216720955509018,0.3242630159894251,2.8138448175058337,3.890824318642889,3.233023385184433,10.45244020914941,4.876910238069794,2.946645595794232,2.6288843752853848,0.04064178057471379,12,16,3156,13b8841aa130b85ff224d6cb608ad87aac7c8c2886c04e5a75edfdd5c3d290d9
52,C52-D2-354.xyz,C52-D2-354,D2,354,52,78,1,3,3,3.0,1.3884607849916966,0.04014600055740167,1.3282204071614019,1.476546325043681,3.2235865701352773,0.3881994708718676,2.690604112727756,3.986813740691428,3.2468768384929105,10.542209204341717,5.142539305353449,2.9145570376865986,2.485112861301668,0.05493271147070028,12,16,3156,b5ac56df9dfd3ce68bc4e56978b9d329b083a1c44359ae3549e53524f160556a
52,C52-D2-368.xyz,C52-D2-368,D2,368,52,78,1,3,3,3.0,1.387953623556508,0.047507662107525106,1.2996207485262767,1.4915585774618443,3.222236062357931,0.3593516271905094,2.5618661670395175,3.8103200011152167,3.2422120278483337,10.511938833524404,4.806491192519605,3.5108307539376096,2.1946168870671894,0.046302999290960906,12,16,3156,090274a9d2c769bf22077774069ff59ea4dff5239a6d3d62cc0fd8f3fca4317e
52,C52-D2-394.xyz,C52-D2-394,D2,394,52,78,1,3,3,3.0,1.3897562290399992,0.03700804657351859,1.331838751501097,1.4626768508457364,3.227430228068405,0.49032910686128034,2.3215285115032795,4.023272221820999,3.264464505869999,10.656728510085056,5.203543956472672,3.7131857796595913,1.7399987739527925,0.0797369001623825,12,16,3156,15a3fafa6360444f34fc9032b0a8f274198ad753eeb271590e7c30fa78a17d29
52,C52-D2-428.xyz,C52-D2-428,D2,428,52,78,1,3,3,3.0,1.3886879637294165,0.03436824202245734,1.3466453356396406,1.47679954631629,3.2110166548139563,0.27230357433868824,2.664022815677115,3.599626484275053,3.2225420391501847,10.384777194090232,4.316871401282272,3.646301156093405,2.4216046367145547,0.025692680243814832,12,16,3156,89f69ec00570a230f2870947eddc3dd3467109e2703b61d03dc9cccdf2f72138
52,C52-D2-433.xyz,C52-D2-433,D2,433,52,78,1,3,3,3.0,1.3886205044286766,0.032700422458520347,1.3322299688867536,1.4792914824333978,3.20978433096319,0.23712317661678894,2.8782898911718466,3.5966483878860855,3.2185311637741916,10.358942852185653,4.426694578764738,3.107598100701693,2.8246501727192217,0.020439453316767456,12,16,3156,bb0f2ece017295761cac48043c3ce361f75755664efc562566bee3e01f67637c
52,C52-D2-58.xyz,C52-D2-58,D2,58,52,78,1,3,3,3.0,1.391367241899198,0.03000772704885469,1.340556604549021,1.4524910602134526,3.2393559846143436,0.5983044215834311,2.2365079589402552,4.404381389377561,3.2941456215448413,10.851395375943047,5.868649085432617,3.405163270383848,1.577583020126582,0.11813759101766959,12,16,3156,39a5d4b32a832e08f4dd086f4116d419d1530e4307a520290715d2400d8f4a5a
52,C52-D2d-178.xyz,C52-D2d-178,D2d,178,52,78,1,3,3,3.0,1.3893153682967072,0.03320702897819323,1.3242430064002604,1.453656936832071,3.280166225368478,0.6793788597588752,2.38503867179969,4.465165710963553,3.3497829931408027,11.221046101135355,6.812201986820898,2.2476668238055004,2.1611772905089572,0.168667539164963,12,16,3156,7b16dfb4bd032b9253bd47330934282c2e5c8502dbb8b149917adb6748cb6552
52,C52-D2d-313.xyz,C52-D2d-313,D2d,313,52,78,1,3,3,3.0,1.3895545446838975,0.038457801244112126,1.3320151876011024,1.4590138416067202,3.2187242030371435,0.45502945326714583,2.3147648761433466,3.8795745444645977,3.250728733462344,10.567237298557695,4.409665855105132,4.397977402994444,1.7595940404581187,0.06261539268246236,12,16,3156,1ff133f3abffe8226b7eb31f5c266f380157b53dd66381db0f8004030a73e930
52,C52-D2d-432.xyz,C52-D2d-432,D2d,432,52,78,1,3,3,3.0,1.388832688939488,0.0295124694164882,1.3316310487518679,1.4601754243925624,3.215373905057372,0.3002534288403614,2.817619198030005,3.8141274094970243,3.2293623938564537,10.428781470854286,4.774483959395303,2.841487130648248,2.812810380810736,0.03487264796559114,12,16,3156,a1d19e30e2e07c500fbc965a2d348abd30a18a125607d82d4b437bf1049fbefc
52,C52-D2d-435.xyz,C52-D2d-435,D2d,435,52,78,1,3,3,3.0,1.3883366031702835,0.03714111365104508,1.3226002948737006,1.4871349266290532,3.2034258259976003,0.11475299369352379,2.996014293684574,3.366201724993155,3.2054805056699416,10.275105272230025,3.5923028396638745,3.573617295542506,3.1091851370236454,0.0021285210697773874,12,16,3156,9aeb08ae88bf8b80e4055f2359488df5eddbf29258ecdbee09a53e371eb033f6
52,C52-D2d-94.xyz,C52-D2d-94,D2d,94,52,78,1,3,3,3.0,1.389696077662736,0.016985440540237158,1.346602290953049,1.423843063683635,3.24617833727111,0.5480961638546786,2.6265710745247928,4.405246121858086,3.29212442082623,10.838083202200442,6.040598276126271,2.4210175467963224,2.376467379277849,0.1129247849359795,12,16,3156,d3a349e050ea9fc895b46877a8313ea5a16302ea94e3f8c667fcd9ee6b650524
52,C52-D2h-103.xyz,C52-D2h-103,D2h,103,52,78,1,3,3,3.0,1.3888039311702014,0.04019051261996449,1.3247128028369017,1.4687369880274685,3.247242439600435,0.5310881114074945,2.43891422437925,4.353752168889521,3.2903856983065927,10.826638043620562,5.926136986654042,2.855771588721353,2.0447294682451678,0.10728159008341649,12,16,3156,d94f60d5e6787d74c924bc7a47efbb834568414901cbf43c783f5fb10b085579
52,C52-D2h-431.xyz,C52-D2h-431,D2h,431,52,78,1,3,3,3.0,1.3888819018431182,0.029054280135312284,1.328332017983456,1.4708668838477532,3.2161986423109616,0.3122567692385457,2.6966468347447274,3.8137929887389195,3.2313214010274756,10.441437996738166,4.784479326934578,3.13308555338869,2.5238731164148978,0.03764588383489555,12,16,3156,47134ad6a3b953762abd8312dcb7b0f277b491ca1a5b9b3c03d83ec24320c5c5
52,C52-T-437.xyz,C52-T-437,T,437,52,78,1,3,3,3.0,1.388886924581385,0.025307077325497845,1.3434552095250514,1.4240515791220485,3.2006493969946685,0.021241942675003903,3.1480581139692316,3.2453915979912398,3.2007198850588203,10.244607782610949,3.4472238931833705,3.4189073077638277,3.37847658166375,3.4123533809079444e-05,12,16,3156,4b06298cbd14f8020bbae0a82ac274763e0f70ce25677506d466dec14c5a2cc9
60,C60-Ih.xyz,C60-Ih,Ih,,60,90,1,3,3,3.0,1.3892370455169258,0.002315413825009653,1.384468580358543,1.3933047656561,3.4424734493904574,0.00963999150470144,3.414876693889872,3.4653548726124557,3.442486946844453,11.850716379194447,3.956885555783975,3.951831242517006,3.941999580893466,1.2240144455942786e-06,12,20,3628,8e675f66e648a24000f7eeeb6c7da9d81a0f86152a580d3755f6d402ed53922e
70,C70-D5h.xyz,C70-D5h,D5h,,70,105,1,3,3,3.0,1.3891799606382966,0.015024795665496695,1.3696690731705963,1.4392608450173303,3.724830215492617,0.17563409847493153,3.504432950410153,4.054623818757381,3.728968687290614,13.905207470793883,5.5060851606419865,4.204084265983474,4.195038044168421,0.008828673498536749,12,25,4218,2752d1226a16196da8270cfcd110236165d8789dd0ab6b74c8779beba342a7f4
72,C72-D6d.xyz,C72-D6d,D6d,,72,108,1,3,3,3.0,1.388885915373959,0.027898040252186205,1.3448882258388613,1.4402304607249494,3.782695014564158,0.26717987611927696,3.292016562104705,4.0869700225438015,3.792119019679057,14.380166659411653,5.462812150114115,5.4496161467746145,3.467738362522925,0.01912172726143767,12,26,4336,6a7b52d3f6a2b9634f5f314d16f1f7cb1c469488d9f2cf5631b1a2dcc961161a
74,C74-D3h.xyz,C74-D3h,D3h,,74,111,1,3,3,3.0,1.3891368549365828,0.01812032021371036,1.3638335382296476,1.4388342017063676,3.8274992814707094,0.08152085381721653,3.6849241086730755,3.988360594439105,3.8283673281525497,14.65639639926589,5.058941785194345,5.050308903453396,4.54714571061815,0.0011991598486062111,12,27,4454,2309f31df5a27c312aea2d6a760e347544e2a4d28a2f52ceef4aad689251915f
76,C76-D2.xyz,C76-D2,D2,,76,114,1,3,3,3.0,1.3889921616065748,0.02339697826612965,1.349152774892451,1.4556709586991148,3.8847143060804825,0.23733086116138682,3.4628252298673132,4.323173347112577,3.891957242509991,15.14733117752597,6.14232881873346,4.942878089754136,4.062124269038374,0.014255608226038087,12,28,4572,3176fe60a992a6ab5f8e7c0263ed8653f318927121f20179d5e8dd5016561cc6
76,C76-Td.xyz,C76-Td,Td,,76,114,1,3,3,3.0,1.3891394361528568,0.01847392886558349,1.360406343707644,1.4391670716077407,3.878612002857188,0.035020263632139115,3.8277228088479256,3.9492523699937143,3.878770099860614,15.044857487572717,5.039688148510019,5.004835494527856,5.0003338445348415,6.149241036652282e-06,12,28,4572,8bc3d67e50a786112e71c5a36b1999bf6d2f85bba5ae139765927a92c0aa3317
78,C78-C2v-2.xyz,C78-C2v-2,C2v,2,78,117,1,3,3,3.0,1.3889205117660322,0.025625660463993165,1.315402067810447,1.4382781163599758,3.9344980379514642,0.21082359382684418,3.6249438611710953,4.338882508171769,3.9401423068663384,15.52472139835799,6.254246353088389,4.780024452468977,4.490450592800624,0.011136474365943871,12,29,4690,b7efa8ae8cec80e7818075b139d968c326c0f09fe4c66ec141be1ee16744a9ac
78,C78-C2v-3.xyz,C78-C2v-3,C2v,3,78,117,1,3,3,3.0,1.3890614189389712,0.020683214339727057,1.3231104602413208,1.4394160691058024,3.9318349118737697,0.14634466650085562,3.709994728674588,4.245014546001885,3.9345574764695805,15.480742535642673,5.878491940269523,4.956063287321793,4.646187308051355,0.005143829708610386,12,29,4690,5d4aa9004c2f6424ab0fe85f93b7d5d57d240190b9c5a8b3a12e278cc148b0b0
78,C78-D3-1.xyz,C78-D3-1,D3,1,78,117,1,3,3,3.0,1.3889629027940196,0.024429102977130034,1.3543162739921573,1.4500973829367458,3.9381601530786883,0.2809785652482088,3.605578342148339,4.4465725987822315,3.9481710126874834,15.588054345425707,6.669471122463654,4.462666111816361,4.45591711114569,0.020103622093325873,12,29,4690,e10f451d935a0f1fa74c4644e64a8272446aeed022e7e095e1dc87554fe35a2d
78,C78-D3h-4.xyz,C78-D3h-4,D3h,4,78,117,1,3,3,3.0,1.3887462315095649,0.030705346670176235,1.310502571535058,1.4362147924318285,3.938009670182216,0.2789310438783222,3.612309425235555,4.436906431062594,3.9478757186223215,15.58572268968771,6.660337133333646,4.467062514053229,4.458323042300837,0.019882275409528895,12,29,4690,00f23070199b68c23e7b7741a32d67ea91ca65d5e56cf9c778059a4b8b17f327
78,C78-D3h-5.xyz,C78-D3h-5,D3h,5,78,117,1,3,3,3.0,1.3892004131275186,0.015977886283636528,1.3525345393001982,1.4337948423676241,3.929949928085965,0.06718806897696035,3.8560701580516623,4.071000819079354,3.930524223799637,15.449020673875742,5.488082192900782,4.996720164190697,4.9642183167842635,0.001082921027001808,12,29,4690,29ce9cf2924c04e8cc02a77dddfdd48b34c79e0e6af4b4522ceb41402555d61d
80,C80-C2v-3.xyz,C80-C2v-3,C2v,3,80,120,1,3,3,3.0,1.3889819125393454,0.023503834195200638,1.323146828587062,1.4378005042425044,3.9823266794451087,0.15207261950507361,3.710174859417217,4.3208233079416205,3.9852292109016063,15.882051863423438,5.93653449757635,5.330356889811784,4.615160476035305,0.0052033598311842936,12,30,4808,dcb17b945a9f0340ac64c7db2ff84f18545738597390963d18969654907db83e
80,C80-C2v-5.xyz,C80-C2v-5,C2v,5,80,120,1,3,3,3.0,1.389102148296656,0.019773905724852592,1.323814020170507,1.440020767211362,3.980664789359524,0.08092229095625299,3.828640060707547,4.149704714459173,3.9814872324823942,15.852240582420313,5.630866031500796,5.266673675059819,4.9547008758596975,0.0013672505089543264,12,30,4808,fb38503fb045af155eedb96817b7b0d8fd5b5ed2812344d4e587875cc2b92bc1
80,C80-D2-2.xyz,C80-D2-2,D2,2,80,120,1,3,3,3.0,1.3888954384329346,0.026580557120812635,1.3454921218647098,1.4593910853503251,3.988730136581478,0.2848017999199409,3.5550180682612655,4.566145494058864,3.9988848655232543,15.991080167710937,6.791927631615598,4.835108061563112,4.364044474532227,0.019446794609538937,12,30,4808,5c97e924635a2eeca327ab731b1d3e39ef033077eb9e3513effe49c4cdcb74e7
80,C80-D3-4.xyz,C80-D3-4,D3,4,80,120,1,3,3,3.0,1.388956514900325,0.025092121259020862,1.353534458371858,1.4512024565855726,3.985252959613793,0.22611553206852952,3.4756613198133786,4.335206598686719,3.9916624839724517,15.933369385953124,5.886413101599193,5.873688880984072,4.173267403369859,0.011475186952152338,12,30,4808,1e42eedeeac0508b2ca865eedc83876a1b3a0a09e9210f37a3a038916728a879
80,C80-D5d-1.xyz,C80-D5d-1,D5d,1,80,120,1,3,3,3.0,1.3890233264425398,0.023195887174992286,1.3536342305068974,1.4527516511778606,3.9959472206214586,0.3764153634863699,3.5375230390082355,4.686299143275433,4.01363709319377,16.109282715860935,7.388245328502469,4.3749060332861935,4.346131354072273,0.035327290878368806,12,30,4808,6b35e873b91beb156ad117f92692d87c3ba68bb28719f2482de5507cafaceff2
80,C80-D5h-6.xyz,C80-D5h-6,D5h,6,80,120,1,3,3,3.0,1.3892662970236345,0.012594292526324984,1.351839110249441,1.4247840362665496,3.9797509737002903,0.011138697692222671,3.961886351268839,4.01053937446328,3.9797665614021493,15.838541883254686,5.3106340701791925,5.264791710780993,5.263116102294502,8.694684541610305e-06,12,30,4808,e317908833e13cff6441eb5a2c8a96cbdf8085bb0ea3508245438578f3243b60
82,C82-C2-1.xyz,C82-C2-1,C2,1,82,123,1,3,3,3.0,1.3888965806510543,0.026408482171575293,1.3344550685579488,1.45826504449637,4.035934804959685,0.24593666097716796,3.682674325332531,4.567559915489381,4.043421149360721,16.34925459109757,6.726345109520755,4.858457075256181,4.76445240632063,0.013742830306770261,12,31,4926,0fb054484592b31496409fa238409f7e6748799d879e52af20ca0e40a23afa30
82,C82-C2-3.xyz,C82-C2-3,C2,3,82,123,1,3,3,3.0,1.3889231801731619,0.025599832960190718,1.3253637236623013,1.4608150464723453,4.032916101537236,0.17673159453593468,3.7001006505414713,4.430180913113809,4.036786635251547,16.295646338545502,6.288065641651762,5.219561799941321,4.788018896952421,0.006737141243728747,12,31,4926,8ade5ca7eec8f7cceb29bc15e94128fbbf37262b3c303411db306604741ca072
82,C82-C2-5.xyz,C82-C2-5,C2,5,82,123,1,3,3,3.0,1.389009648215871,0.0231100479812263,1.3250915062741893,1.452594268885844,4.030652295414915,0.09648756784866248,3.836902105346163,4.251385602555898,4.031807011413476,16.255467777282867,5.8777150813000985,5.252565641884622,5.125187054098148,0.0018417626039770214,12,31,4926,1731f39746e8fd45738df3587622f3c4a0f8b443cd56602f46d7f0f4d3d3d9c0
82,C82-C2v-9.xyz,C82-C2v-9,C2v,9,82,123,1,3,3,3.0,1.3891790420139238,0.016900337996591602,1.3430570873942775,1.4367356611429951,4.02989489405047,0.06273213409701549,3.9049114286278397,4.114196494360571,4.030383130391255,16.24398817774241,5.583063127142603,5.5768733591946,5.084051691405206,0.000932143161605725,12,31,4926,b8bf99a1ea6e3eeb2afc4cc6ca1e32a7a69e0874cd6ec3e8ecf448beebc3b7a3
82,C82-C3v-7.xyz,C82-C3v-7,C3v,7,82,123,1,3,3,3.0,1.3888757435941834,0.0270848379947216,1.3172831624218084,1.4387526472608136,4.030610100628755,0.08819349579999373,3.84086776465858,4.200351957841121,4.0315748630022945,16.25359587599197,5.596342876264038,5.593070043580675,5.064182956147255,0.0010654246474688512,12,31,4926,a425aec00bde2db24eec2544899b028db0fbe41a10d21e16369afdf292e2a76a
82,C82-C3v-8.xyz,C82-C3v-8,C3v,8,82,123,1,3,3,3.0,1.3891210817468187,0.01924949800324667,1.3309623811362967,1.4452847228141588,4.030177884278187,0.07328675136124736,3.9176981692500292,4.2115452820097055,4.030844170499535,16.24770472685008,5.769575453798923,5.250178171546605,5.227951101504553,0.0010675195709151997,12,31,4926,60ad53c28ddb0eacc4456e0e21baf8bc25c1fa7d508ad68a6be1bb3ca445ad5c
82,C82-Cs-2.xyz,C82-Cs-2,Cs,2,82,123,1,3,3,3.0,1.3888357680848673,0.02812336390013498,1.32064721254391,1.4615130721276495,4.034553530183917,0.21373256389959133,3.6864083636647207,4.508461851683727,4.0402108604366935,16.323303796790604,6.525683092033053,5.074739100495512,4.722881604262039,0.010281723198752445,12,31,4926,d3b0492416909dc78dfbba3d7cc9003fb11946ff5128a45db742278a46bdd0f5
82,C82-Cs-4.xyz,C82-Cs-4,Cs,4,82,123,1,3,3,3.0,1.38896783232685,0.024302887786167255,1.3262201363272992,1.4611046061114175,4.031956331903096,0.14988657908050593,3.730177239340207,4.407332504385027,4.034741360851018,16.279137848961927,6.1398559575151745,5.296892204279157,4.842389687167597,0.004906561866471285,12,31,4926,973e5947f79a068ebbd7069773f93eecf85a1a84a4039b31a6f79fd58e654849
82,C82-Cs-6.xyz,C82-Cs-6,Cs,6,82,123,1,3,3,3.0,1.389093326720659,0.020345972653604834,1.3312613905615984,1.4427890663572416,4.030175120966338,0.07224778961064589,3.9234933472448352,4.213400205415625,4.030822651613398,16.247531248759664,5.763851007118212,5.248369652068855,5.235310589572598,0.001032733251417423,12,31,4926,d401f41d97d843558cae362e51ba7226c560ab934a76e74e69579ac06775320b
84,C84-C1-12.xyz,C84-C1-12,C1,12,84,126,1,3,3,3.0,1.3889810610975502,0.023915794899144176,1.3320893551109851,1.4509493030426668,4.079792924644535,0.10192063298184165,3.867939167809996,4.3175486648121915,4.081065807286992,16.655098123407026,6.007108321286023,5.534951404934696,5.113038397186306,0.0021635492352710117,12,32,5044,4e67c98aababcc7bfcd2e062ea487a0a5c4d99f41637798a942a87578dfa5ac1
84,C84-C2-11.xyz,C84-C2-11,C2,11,84,126,1,3,3,3.0,1.3889202628648678,0.025732980016509477,1.3311810169920544,1.4535772631683535,4.079784968181129,0.10303534493734355,3.9302480192127205,4.308737319005671,4.0810858443437645,16.65526166890306,6.028408552432443,5.431804343279301,5.195048773191316,0.001994389534282723,12,32,5044,7fc456bd9c2e1b13a9e78bda03d350142b0fe48b15a65b1a24296dd69d46cd78
84,C84-C2-13.xyz,C84-C2-13,C2,13,84,126,1,3,3,3.0,1.3889293667142029,0.025447310822348912,1.3282128632113155,1.4522269003155122,4.079695757179678,0.09487522098103685,3.8998045553876803,4.293690439025022,4.080798791744829,16.65291877870606,5.923922355134116,5.541939657899815,5.187056765672129,0.0014691050325721532,12,32,5044,f280bb024aa53f9da87e4e0f4ef42de3a75b65502064476f87f498eef49fbc53
84,C84-C2-2.xyz,C84-C2-2,C2,2,84,126,1,3,3,3.0,1.3887650695627005,0.031118394865667292,1.2980097611343298,1.4785135575976298,4.090572424849939,0.3278729306566097,3.453847257761634,4.706328440003488,4.1036914384003165,16.840283421600056,7.191221954088369,5.504308964210443,4.144752503301244,0.02463907709866957,12,32,5044,4fc2e8321af25fa9ff3e8ede68d60de7f06521c77e859804b56bc4b276200c88
84,C84-C2-8.xyz,C84-C2-8,C2,8,84,126,1,3,3,3.0,1.3889240705707722,0.025689524427438874,1.3262054667358296,1.4500912971258049,4.080683410315614,0.13320337525105352,3.881285918659223,4.3761684630128315,4.082856871652905,16.669720234403343,6.246721747083738,5.216777255556,5.206221231763607,0.0038569557072374925,12,32,5044,87ddab74ec47762502c340e0f11ef52f279f1b152be0d4657690970a5f554efe
84,C84-C2-9.xyz,C84-C2-9,C2,9,84,126,1,3,3,3.0,1.388953331142459,0.025044215256048805,1.3297287956572197,1.4454504695768722,4.080506844967612,0.13546317535967725,3.8754692949596294,4.360825528578125,4.082754754293487,16.668886383706067,6.256448927682677,5.2100872487606855,5.202350207262705,0.003969844624946591,12,32,5044,f4d9a10121ecbf5dcaffff5bb92e1cd444329f6c253aaa08097adad9cf464f04
84,C84-C2v-17.xyz,C84-C2v-17,C2v,17,84,126,1,3,3,3.0,1.3888753393079134,0.027064485698739513,1.3203829217314198,1.4432762209639567,4.080122206057433,0.11758818959296279,3.907439105974719,4.339314546539034,4.081816286739853,16.661224198694725,6.142568714227986,5.317875251397487,5.200780233069254,0.002847292221542203,12,32,5044,6f0e1cabd77a68cc03f0aef1a81ea83dca9d41cd8af869192a7d58130292ae87
84,C84-C2v-18.xyz,C84-C2v-18,C2v,18,84,126,1,3,3,3.0,1.3887954755649843,0.029337610392844556,1.31230945664504,1.442203900285948,4.079596949944567,0.08946955855813524,3.895528042961461,4.274484087379558,4.080577909549775,16.651116075905612,5.879197900624595,5.565117872844312,5.206800302436708,0.0012247657287407924,12,32,5044,e6635fec4043b33083892a0789f7f0dc6c99142d220db9c43bd62686ed8e0813
84,C84-C2v-6.xyz,C84-C2v-6,C2v,6,84,126,1,3,3,3.0,1.388798787100163,0.028892255730188696,1.3286351718963336,1.4621161957929336,4.080807548496649,0.13785056680425095,3.878339712586,4.435216555971593,4.083135195733235,16.671993026635484,6.202279866830855,5.246695437381692,5.223017722422937,0.003368628402888049,12,32,5044,f0bb325a71cab9f2955d48aeda9dbd9c13725fbf2006651615c08c1c81927902
84,C84-C2v-7.xyz,C84-C2v-7,C2v,7,84,126,1,3,3,3.0,1.3889616491813617,0.02466707609497105,1.3286748511204687,1.4566027770123189,4.081209229075477,0.15413725821297042,3.7787229796109347,4.446514912235759,4.084118884883282,16.680027065860262,6.223621679096531,5.599925501818473,4.8564798849452595,0.0050513112356813175,12,32,5044,3bef788ef91267b4387f6630c3a81657aa4ead0e5bab73dc913a4b62a55475b9
84,C84-Cs-10.xyz,C84-Cs-10,Cs,10,84,126,1,3,3,3.0,1.3889914303432205,0.023517610856469896,1.3309329584918996,1.4486486772161151,4.080143240423432,0.11530760306354594,3.855303437507235,4.31679420028753,4.081772250591314,16.660864705697282,6.079335640883396,5.531663156559775,5.049865908254112,0.002867383029972357,12,32,5044,58e81be55cf7e12d60abc392766133c64bfcced731297effef8a9ff232e585b6
84,C84-Cs-14.xyz,C84-Cs-14,Cs,14,84,126,1,3,3,3.0,1.3887755636388286,0.029772557647278697,1.3207229951810486,1.453078728080485,4.079841055001428,0.09497712098861358,3.895607231798062,4.273639605062781,4.080946420572861,16.65412368758645,5.89694752142128,5.541413782998058,5.215762383167112,0.001255528335483337,12,32,5044,a07ce4bf34302e354a2800fe2825395ff6077f9cd59895c548c2e6cdd408beca
84,C84-Cs-15.xyz,C84-Cs-15,Cs,15,84,126,1,3,3,3.0,1.3889760580238426,0.02408292548754416,1.3307095889036045,1.451458511291315,4.079582984542845,0.08677616492817151,3.890254917773665,4.281840687498699,4.080505781220159,16.650527430571145,5.93529656415604,5.515932963206636,5.199297903208469,0.0014749268359263424,12,32,5044,ce2985ef6861e3548b919210b238d3e2fad718f65857350bf47a55a18cb64690
84,C84-Cs-16.xyz,C84-Cs-16,Cs,16,84,126,1,3,3,3.0,1.3889397018820286,0.025430637303036754,1.3208912559329022,1.4417682268658856,4.0798064160727545,0.10883633495610114,3.8690235678389815,4.330035993682814,4.081257862526588,16.65666574043509,6.054202608284376,5.526592387198465,5.07587074495225,0.002592690986003252,12,32,5044,dda5bd1d062f697cb3339352560262aeef89a21cf976a6a89b3c372290c201e4
84,C84-Cs-3.xyz,C84-Cs-3,Cs,3,84,126,1,3,3,3.0,1.3889058774440575,0.026205890191282017,1.3219072622540509,1.4542133749900668,4.082518071009333,0.19167913446178592,3.795092256235919,4.5484138476541816,4.0870153768619195,16.70369469070578,6.565217093246853,5.232651519166679,4.9058260782922485,0.008308067188453956,12,32,5044,158f8d33b0fc953680005a4cf303d922099bf401b7fc600fec26fb49291d5cd2
84,C84-D2-1.xyz,C84-D2-1,D2,1,84,126,1,3,3,3.0,1.3885800092774134,0.0358463450603601,1.2954593818410518,1.4888683823629272,4.095315453822306,0.38397834719149915,3.3598340702829637,4.801008206004224,4.113277043602548,16.91904803742772,7.507634029504086,5.484811142380658,3.9266028655429754,0.03378747032652379,12,32,5044,cd4ea01c8c5c7b9b24aa5d5a2b62cf91411cbbbf6435c310d9af9b302d2da5fe
84,C84-D2-21.xyz,C84-D2-21,D2,21,84,126,1,3,3,3.0,1.3890499173865334,0.02170419150991494,1.3368541468686854,1.4460905296695639,4.07993721292563,0.10920904035155325,3.8272319797353784,4.224878839744248,4.081398568617118,16.65781427590986,5.895266833568685,5.79057420267637,4.9719732396648055,0.002763305102691632,12,32,5044,8ad39b2bcf6ea00be501bee08e0092f4c8c108b610822b360d804597c67cacc1
84,C84-D2-22.xyz,C84-D2-22,D2,22,84,126,1,3,3,3.0,1.3890519210487666,0.021656809016157685,1.3339877248310796,1.437522093743258,4.0791772880965835,0.07541126745866053,3.946513464323759,4.206488272390093,4.079874288134711,16.645374206982712,5.9123438412942,5.513536545910366,5.219493819778146,0.0013093324968536432,12,32,5044,014cc9ba960e071130fe8c45dd8ae1bff9250cf971ca3e5e0a7924a9b6714898
84,C84-D2-5.xyz,C84-D2-5,D2,5,84,126,1,3,3,3.0,1.3889608325982092,0.025383090862626054,1.352530835138334,1.4699379612759171,4.086261750004834,0.262634034786675,3.578183228001003,4.594290483104837,4.094693117411963,16.766511725780898,6.837842797176547,5.533110945279114,4.3955579833252365,0.01593845557304362,12,32,5044,f843b08f0f6180deef4c5c4b62c74195b76fc7ad4a6e825196825ebcfe2a5120
84,C84-D2d-23.xyz,C84-D2d-23,D2d,23,84,126,1,3,3,3.0,1.3890442928423117,0.02195132020427454,1.3357452788612056,1.436288372855535,4.078699200408382,0.02840180402389925,4.026619811463282,4.12659455058019,4.0787980864322995,16.63659382988379,5.58568630532168,5.5462531554703745,5.504654369091735,1.7797059669851077e-05,12,32,5044,c58f97d31e292d334541ec352b8e9c6773f08da5cdaa097e744021d8e1a92fa2
84,C84-D2d-4.xyz,C84-D2d-4,D2d,4,84,126,1,3,3,3.0,1.3889091772459585,0.026263399846143426,1.3221947625066435,1.4432247399487024,4.084721232701346,0.2494726899381357,3.795802669412312,4.619086996327461,4.092332363323656,16.747184171906184,6.921477625222625,4.9178496522442074,4.907856894439351,0.014385399126695477,12,32,5044,b59d6b5d7133e6466388818d2563fde58289583ce47dcf41ad19a5a49c941306
84,C84-D3d-19.xyz,C84-D3d-19,D3d,19,84,126,1,3,3,3.0,1.3889646225403771,0.025081790609061922,1.3352412590988942,1.4424486611314804,4.080638701596341,0.14059065156870218,3.9193993051671416,4.363158106017541,4.08305987517626,16.671377944274372,6.300143497889187,5.197244084883885,5.173990361501299,0.004470739822609482,12,32,5044,471042c6675a275334cbf160d00fcb43f64a5999172e6b03fb484fee654bbe95
84,C84-D6h-24.xyz,C84-D6h-24,D6h,24,84,126,1,3,3,3.0,1.3889473386913265,0.02557480207181039,1.3340267988312682,1.4313476062787822,4.080091809011376,0.11907442086994924,3.8408958132556976,4.231258302089277,4.081828988047788,16.661327887667234,5.8872478343254055,5.867475021383435,4.906605031958393,0.0033957554859116073,12,32,5044,f5cbfbadc0781dbedc141d1f3b2e3cef25ef3e882cb2a68f67bfb055ea9ff499
84,C84-Td-20.xyz,C84-Td-20,Td,20,84,126,1,3,3,3.0,1.3885439150850796,0.035417370962757856,1.3136620760302096,1.4386052585751243,4.07959746369019,0.07990797676976213,3.969447507612566,4.206979057921116,4.0803799762398185,16.649500750498863,5.566288212558402,5.546184373744098,5.5370281641963635,2.4244632934537576e-06,12,32,5044,8c5d7d25dc4c21eeb88efc73d0848c8e5ddc448c6c7b232a9b8610a2e55f9d36
86,C86-C1-1.xyz,C86-C1-1,C1,1,86,129,1,3,3,3.0,1.3888077090942816,0.029927103123727615,1.3137538658363672,1.4626020306289744,4.136879390102094,0.3042337128111066,3.5700430861471406,4.797303761292356,4.148051258152713,17.20632924026231,7.2627427783111065,5.498484809958503,4.445101651992698,0.020538768397333422,12,33,5162,a453eee6ddc184ade922c5c9e9d4260efe62be8f737d15f3ead7b9bd1b93eb36
86,C86-C1-11.xyz,C86-C1-11,C1,11,86,129,1,3,3,3.0,1.388876662033711,0.027204909767582917,1.3280772492592439,1.458508556711273,4.129099743125736,0.13315245822075952,3.84157694736951,4.431136360133338,4.131246091170465,17.067194265811246,6.316273708860564,5.583402807730629,5.167517749220054,0.0034839962331579296,12,33,5162,cf7dd93398f38d7b8a748a706e20f3db1dd9b8aa308f4ae6381a1a79d73d692f
86,C86-C1-12.xyz,C86-C1-12,C1,12,86,129,1,3,3,3.0,1.3888560309484606,0.027603508294815053,1.3279380407232861,1.4488701943238393,4.129084706887872,0.132470428926365,3.8257332612819703,4.39578676707543,4.131209136705045,17.06688893119524,6.186177131349586,5.804428313219135,5.07628348662652,0.0032748549168042573,12,33,5162,70587ac2882ba1439db0a19774ea7933acabee2514a518e06a0e9ced5369514d
86,C86-C1-13.xyz,C86-C1-13,C1,13,86,129,1,3,3,3.0,1.388957166765173,0.02500255289671576,1.329634528733366,1.4530018719877824,4.129362442287002,0.14678563817544732,3.7915612306136053,4.4029108367030645,4.131970498847378,17.073180203345053,6.2774243853002245,5.83460545097891,4.96115036706592,0.004616895140253478,12,33,5162,f5a8cc1d3c8b3fcf3eea1bcb7cbb8ed6bfbf4ba85f36dfff2e402862c8dd5819
86,C86-C1-5.xyz,C86-C1-5,C1,5,86,129,1,3,3,3.0,1.3888690549242237,0.02755507484770124,1.3231009825406372,1.4579056931091254,4.13174799342107,0.2079124369456386,3.7391342324755867,4.629542515507272,4.136975835386969,17.11456906257571,6.739663084440993,5.503142362500865,4.871763615633854,0.009246354271910147,12,33,5162,90c51430d9e33adcd04b37d008fa4c9e6eb6451f701a7a6f997cdb826915b2bf
86,C86-C1-7.xyz,C86-C1-7,C1,7,86,129,1,3,3,3.0,1.3888740553410097,0.027424614598745792,1.3291964866038426,1.4618457784595473,4.130559786816142,0.18168107483300228,3.7403949699169816,4.521263480211244,4.134553442079942,17.094532165415092,6.446936257982938,5.7872968774773135,4.86029902995484,0.006522187548983576,12,33,5162,21f376bc5982db7949ad56f9a28f2fa947132e436428aff47be1cd7c0e6a954d
86,C86-C2-14.xyz,C86-C2-14,C2,14,86,129,1,3,3,3.0,1.3888838315024223,0.02704342248454645,1.3274400852769213,1.4516292846315824,4.129912471907285,0.15612103838414285,3.8500142456173054,4.464871485097072,4.132862301630855,17.080550804241483,6.504489614590988,5.402753041929523,5.173308147720972,0.0052074761957476385,12,33,5162,1abc3a38ba77f19750dd8088c1bb8dfc865020bfbb69f6ee7ec4bd5f8d123961
86,C86-C2-17.xyz,C86-C2-17,C2,17,86,129,1,3,3,3.0,1.3888560830169938,0.027445569247957446,1.3250019283004837,1.4594057043879196,4.128582673403698,0.1166775506277275,3.895790966516874,4.3747676566774105,4.13023105188435,17.058808541949706,6.038313188171672,5.877907186770885,5.142588167007148,0.0023517759269496724,12,33,5162,2526c5cd33f2da6890da5ef1fa8e5f5adfb8048cd984c396a6f4c09061a98335
86,C86-C2-2.xyz,C86-C2-2,C2,2,86,129,1,3,3,3.0,1.3887339145413538,0.03192622354640283,1.3136454963193074,1.4607339593505726,4.140263579572673,0.3548203390334692,3.545776238375138,4.869357833605526,4.155439806004624,17.26767998132775,7.619999784144024,5.305499572144558,4.342180625039166,0.028555580300537058,12,33,5162,c29541383dafc7d3b20e96eaea1cb2d22446a874521653f612d040b8016c186b
86,C86-C2-3.xyz,C86-C2-3,C2,3,86,129,1,3,3,3.0,1.3889021092928835,0.02747355647992193,1.3502548722370897,1.456134094099853,4.1388034753571326,0.3346516802061621,3.5759646753535876,4.8277688809856985,4.152310917392034,17.24168595469308,7.459038644559945,5.38980601601124,4.392841294121894,0.024686220254886957,12,33,5162,a64c704efc29ff4ff330ae7fe0a279ed3eb12c19d28e58671c3e841f4097d668
86,C86-C2-4.xyz,C86-C2-4,C2,4,86,129,1,3,3,3.0,1.3888654572925414,0.02793514063353717,1.327108107879686,1.456183851716534,4.133612558795083,0.2534168749272509,3.6680249997080123,4.650770907476716,4.141373310717876,17.15097289872634,6.908690417518108,5.650881855995325,4.5914006252129065,0.013724721522059518,12,33,5162,fd82ec327bb5e29dc2d3327a86e1bba9ae9c1670b0f434d7ea69ddbf88800fd6
86,C86-C2-6.xyz,C86-C2-6,C2,6,86,129,1,3,3,3.0,1.3888686906882244,0.027702416897207215,1.3285338798841375,1.4585534923341001,4.133998574594305,0.25617480105322066,3.6445020501800927,4.653469862901198,4.141928263917954,17.155569743442395,6.92697343152304,5.654570594950821,4.574025716968535,0.014139594494673176,12,33,5162,610150ea34c3e1d34de961bd5911afe3fb4b65cc8515edb2104c163fc0d33914
86,C86-C2v-10.xyz,C86-C2v-10,C2v,10,86,129,1,3,3,3.0,1.3888274905748323,0.02833195440961263,1.3207311838523388,1.4572112990228976,4.129650874048277,0.16073487503613676,3.861563882758994,4.445737553576446,4.132777763391177,17.07985204158058,6.444264274211002,5.635327212528137,5.000260554841442,0.0053867082691706585,12,33,5162,050844e3653766b92b40a96c5d2b5dfd2540a3c09ac10fe0fa19ecd5a936a3d1
86,C86-C2v-9.xyz,C86-C2v-9,C2v,9,86,129,1,3,3,3.0,1.389026884452096,0.023610868398103526,1.346793577353263,1.46942094037073,4.131794870612875,0.20543063448041715,3.7154166069060377,4.557629670312232,4.136898669100549,17.113930598405894,6.549198044876544,5.876210314496447,4.6885222390329035,0.009091623739433344,12,33,5162,0c3fb218d22ff839617fd16979b11f96add3c5fc060bcbe9b1290840b56f4fec
86,C86-C3-18.xyz,C86-C3-18,C3,18,86,129,1,3,3,3.0,1.3888090078889568,0.02909899026424125,1.327784613557485,1.4516193509319169,4.128400193845848,0.10321904511029052,3.8553350601886254,4.334214747450489,4.129690343333251,17.0543423318199,5.889470388796458,5.884583108454233,5.280288834569207,0.0012657660673270142,12,33,5162,c59144a024a16e5157cc35b3ddc92709700f3ea16f080205423298e5896a64ee
86,C86-Cs-15.xyz,C86-Cs-15,Cs,15,86,129,1,3,3,3.0,1.3889655342753484,0.024912906088408505,1.3301076873697106,1.4506334443959303,4.129397040121521,0.1385813849939011,3.8207269383208553,4.3947684604989945,4.131721761594214,17.071124715231196,6.26510306914286,5.796433406529284,5.009588239559051,0.004143618689162248,12,33,5162,8c93b5814866b7e7c14a91536073b051a2f301f92d47c88626a6ee106c64a23c
86,C86-Cs-16.xyz,C86-Cs-16,Cs,16,86,129,1,3,3,3.0,1.3887348361266019,0.030653747164782537,1.3203693574148105,1.4618025516464257,4.1287293998983925,0.12430176580291874,3.9044887736487626,4.356235227762125,4.130600124263672,17.061857386567063,6.096465737027199,5.814714355374108,5.150677294165756,0.0024301115188338288,12,33,5162,0cc2d6bf9f340fd7feea0a4b0904d4b29e7e96a22c30a4444a5c234878da181c
86,C86-Cs-8.xyz,C86-Cs-8,Cs,8,86,129,1,3,3,3.0,1.3889624015114235,0.025461143400839735,1.326976299712998,1.458795180962701,4.13174910203731,0.20436703156984687,3.716081757873196,4.557987233396184,4.136800276273777,17.1131165257788,6.539997352404893,5.880165911143082,4.692953262230824,0.008974331731568298,12,33,5162,83a830bfcba3e18ebfc6a710536fccab2c071ca8d979d6f73d4659250d8d2ef6
86,C86-D3-19.xyz,C86-D3-19,D3,19,86,129,1,3,3,3.0,1.3890349313720547,0.022780626585132135,1.3373461631155938,1.4494985960669295,4.129669568452718,0.15079280843025716,3.764239663939727,4.299967673474523,4.132421713194183,17.076909215678747,6.106809329859188,6.0966770428265775,4.873422842992981,0.005174005820504017,12,33,5162,de7c68c455b8bf66036ba231823463bfb096088ae648028b7436a69aa109d2d3
90,C90-C1-11.xyz,C90-C1-11,C1,11,90,135,1,3,3,3.0,1.3887499537525754,0.03127807107220631,1.3097568247579396,1.4646056465820414,4.229461266195741,0.2645007006698847,3.648147755396726,4.760380873660981,4.23772382569994,17.958303222904938,7.068897591644542,6.23237643074878,4.657029200511614,0.01395128281905596,12,35,5398,71331fc27ee0679d05264bd8c16eb9d9f84b1835207504abe0f8f7b2d6819006
90,C90-C1-14.xyz,C90-C1-14,C1,14,90,135,1,3,3,3.0,1.3886074214181838,0.03471737953247768,1.2958447437868472,1.4911562057678598,4.2295762910892405,0.25797310670245643,3.6702509753219674,4.716358038579565,4.237436220868218,17.955865725925925,6.879783712569809,6.446247227848352,4.629834785507766,0.013258732117708278,12,35,5398,46fb0e5572243475886f23d654211e05291c23bc44f8e54f10cfb6c3b6da5d47
90,C90-C1-15.xyz,C90-C1-15,C1,15,90,135,1,3,3,3.0,1.3886105254997938,0.034312869155825,1.2988185131110503,1.4754012369521723,4.228500024186538,0.24385371143703102,3.6722798394768876,4.69575871262634,4.235525597505834,17.939677087127155,6.760140881625557,6.4462199387695645,4.733316266732033,0.011093680953372532,12,35,5398,1f8ff8f6460667082a5aa257f52d1cc3de2681bc7c8b17d313a00f58352e14b7
90,C90-C1-20.xyz,C90-C1-20,C1,20,90,135,1,3,3,3.0,1.3888291574148268,0.028885129385328806,1.3242292437489818,1.4672446081005035,4.227127142067941,0.2114603141208399,3.775697436649582,4.636416378460368,4.232412945313294,17.913319339655555,6.898933913436985,6.076328597253692,4.938056828964878,0.009064531888302352,12,35,5398,5bcd196d5193277e347c22abf9500c2d71d2c0fe000d7b44933e9914862ce077
90,C90-C1-21.xyz,C90-C1-21,C1,21,90,135,1,3,3,3.0,1.3889221227890785,0.026746169217678535,1.3237958037401385,1.4678048984793586,4.227433064886618,0.21159167214965344,3.76387686511339,4.606736374866004,4.232725050581451,17.915961353819746,6.825142524748349,6.220170855948642,4.8706479731227565,0.009357624160604119,12,35,5398,c45efed52bc657d5c0875226c14fed158f2c9b072d32a99345a8ea5c014f1ebe
90,C90-C1-22.xyz,C90-C1-22,C1,22,90,135,1,3,3,3.0,1.3888472328841999,0.028520064520819885,1.3242264345647234,1.4650280304485643,4.227524430797977,0.22112575188004285,3.7381241517601898,4.6156261805325265,4.233303604885701,17.92085941113827,6.824740785899819,6.257281781177163,4.838836844061287,0.00977373415281519,12,35,5398,d267843e95f4b8c41b33bd5de4d6699e2344cd9d58dfea4b7305995587e0f697
90,C90-C1-24.xyz,C90-C1-24,C1,24,90,135,1,3,3,3.0,1.388719561688394,0.03184438584618037,1.3099898320216077,1.46616815543102,4.229415476122207,0.2511358933389442,3.6790495936485996,4.682342568353453,4.2368649384403545,17.95102450658519,6.981145059575986,6.288398899711423,4.68148054729778,0.01295704961961477,12,35,5398,2f35aea908429095e164aec668a3b90f9bb4c6f73a32a1198ef0fa7a0d3cb2fd
90,C90-C1-26.xyz,C90-C1-26,C1,26,90,135,1,3,3,3.0,1.388816951146821,0.029607937871905354,1.3084531745538317,1.4668432022544198,4.22772945234889,0.2158714101028139,3.7307704533808765,4.581143763035332,4.233237152340751,17.92029678795803,6.830424051435137,6.256771740644619,4.833100995878272,0.009879294539390506,12,35,5398,87cbaa1c157193cd63b8ae12452ad144c45e1cf3789a5475cdd71a1102744dba
90,C90-C1-27.xyz,C90-C1-27,C1,27,90,135,1,3,3,3.0,1.3886684123014807,0.03290566778506742,1.297044170412095,1.479362203789187,4.227200612825178,0.20140853933449704,3.7681766118069806,4.586085839579472,4.231996032699749,17.909790420786415,6.7534944744776375,6.231512075828301,4.924783870480478,0.008299315467516019,12,35,5398,f2953c7ad26103ea53b2e300ffde732b69d480a817f187604efe97bb88922a1c
90,C90-C1-29.xyz,C90-C1-29,C1,29,90,135,1,3,3,3.0,1.3887174624591554,0.03178498565134768,1.312128522668416,1.4782299685772844,4.228672462766427,0.24062945394345447,3.7078259065390964,4.628923587075104,4.235513349225121,17.9395733314642,6.93900216082117,6.250406742131417,4.750164428511613,0.01167688091977262,12,35,5398,db989fe3e7e85657bab97d497ca47bd6d3815c2cd15b8360b6a3125a3693678d
90,C90-C1-3.xyz,C90-C1-3,C1,3,90,135,1,3,3,3.0,1.388649023806931,0.0339494048175374,1.2976037723434684,1.4855701026878536,4.236264871100108,0.36187196630918,3.5486605615819555,4.99042535608544,4.251692766195282,18.076891378117285,7.912322238359461,5.66201188469611,4.502557255061714,0.027595109865922743,12,35,5398,f6c30deb0d71b7f7dbda0dad1b250fa4503df06ad53d66b55334bcceac6ea466
90,C90-C1-30.xyz,C90-C1-30,C1,30,90,135,1,3,3,3.0,1.3888272411505485,0.029058287802417447,1.328024867990054,1.4690280494258778,4.226082079671962,0.18275779380842275,3.8052292755145958,4.5498358370031085,4.230031933132683,17.893170155322224,6.596888470325166,6.265018854927563,5.031262830069494,0.006377130778640493,12,35,5398,fbab960eb5746bdb5aee9d793b94d8bae8db9689901a71e95c134218b6f7e4a3
90,C90-C1-32.xyz,C90-C1-32,C1,32,90,135,1,3,3,3.0,1.3888149620546386,0.029542977905803822,1.3117524194755654,1.4797462282432081,4.226838930033515,0.19732359909059444,3.762906105055204,4.5474301681420455,4.231442300587937,17.905103943204935,6.5676624865518285,6.437379868832548,4.900061587820559,0.008049486240513326,12,35,5398,e2dbefb4b4e38206af5229ddf03a8cb73cb7a3ae7341d099ffda87419cd55ccd
90,C90-C1-38.xyz,C90-C1-38,C1,38,90,135,1,3,3,3.0,1.3888495053719734,0.028835492890643032,1.3130497667643828,1.4803597974816798,4.22765723377795,0.2190455832566174,3.7295153405900203,4.598614698136659,4.233328082473559,17.92106665385926,6.786344316559576,6.329817457308849,4.8049048799908345,0.0100569564310789,12,35,5398,3e540c1e2efecde43060f221a4495cdf7bbdcab837a40bc3717e18baaa42eeb3
90,C90-C1-7.xyz,C90-C1-7,C1,7,90,135,1,3,3,3.0,1.388790533054683,0.030191192631367724,1.3125211845909381,1.4738539581654624,4.229961212826833,0.27311345722082325,3.799281469672755,4.875825533978709,4.238769022078765,17.96716282253457,7.467212612441594,5.472771565013053,5.027178645079922,0.015690086069991546,12,35,5398,83d1438d60da3fe2d4414b7fa80a872ad9b18b10b0b5d5be0fd85deb72bb7ed4
90,C90-C1-9.xyz,C90-C1-9,C1,9,90,135,1,3,3,3.0,1.3888661148777404,0.028157134152307518,1.329743817432516,1.467069821106003,4.228537740441953,0.24856905453839426,3.86693423459371,4.83126308311071,4.2358373431018395,17.942317997216048,7.323276436332333,5.459481779704062,5.159559781179652,0.012806256155860526,12,35,5398,13124dd728b75773b4ff6397d12e3b8023289babc554d1271a5d12453225f998
90,C90-C2-12.xyz,C90-C2-12,C2,12,90,135,1,3,3,3.0,1.388738547034389,0.0320351748123639,1.3076622232059776,1.4667573248496153,4.230518167194095,0.2756804291718442,3.6399433060314905,4.763386174772348,4.239490967319975,17.97328366198766,7.110319672631808,6.308213947170644,4.5547500421852085,0.015863328820375187,12,35,5398,548b9858edce596a52e2c754144d082c30d0a8af7c37a0efa19b96865c3a2ceb
90,C90-C2-18.xyz,C90-C2-18,C2,18,90,135,1,3,3,3.0,1.3887519455116772,0.030789656520374496,1.331891204265574,1.4597428540671127,4.2277531346084505,0.2335563425925644,3.7528225539924374,4.729178206033369,4.234199467710135,17.92844513235679,6.878499406709378,6.200958916027228,4.8489868096201825,0.009964577228166484,12,35,5398,be8176a344c5ea1c02e213dd15f31971ac1541416ed2e23e0193dc46f43b28a2
90,C90-C2-19.xyz,C90-C2-19,C2,19,90,135,1,3,3,3.0,1.388865746521279,0.028117729860046032,1.3217853910525716,1.4685761437528528,4.228168618077325,0.23427395855431749,3.7534331318739893,4.649537036153222,4.2346539587728556,17.932294150550614,7.033828518045979,6.064007461129894,4.834458171374742,0.011334450250018386,12,35,5398,1148ffc47bff87c6a7c44dca0efa1618056a9adb7141eba1ebca2ab756d30085
90,C90-C2-23.xyz,C90-C2-23,C2,23,90,135,1,3,3,3.0,1.3888689368696288,0.027954722229408487,1.3378173455296505,1.4673352105091733,4.227759479543029,0.2232438309146734,3.9146047632598924,4.703159855681347,4.233649492448259,17.923788024907402,7.1974211445585095,5.4204870820666535,5.305879798282242,0.010503194332169638,12,35,5398,ade522b17c674ceb3d58b179b3d2507b9ea743382559d7bcd03bf1db8d2fa07f
90,C90-C2-28.xyz,C90-C2-28,C2,28,90,135,1,3,3,3.0,1.388855362987737,0.028372684376351754,1.3419012109689745,1.4681073428056957,4.227755084407331,0.22291784182742402,3.776687522795702,4.577115453081857,4.233627926251554,17.923605417937033,6.9242291846523525,6.1430296079650315,4.8563466253196514,0.0101818669009031,12,35,5398,ef9b0cb7dade51838fef38a0849fe45e1210fe57d1e2246901721b62dc1ad0ef
90,C90-C2-31.xyz,C90-C2-31,C2,31,90,135,1,3,3,3.0,1.3887134918081172,0.032238429502271536,1.3117548589580295,1.4800530429683931,4.22954786504352,0.2549144863725822,3.675805195985242,4.585751805071987,4.2372227387826555,17.95405653805679,6.898240893945713,6.441685941675363,4.6141297024357115,0.013596430243680548,12,35,5398,8996dde3d54e398dcb87bce387e60953690fdde91ed4e2868b97f8485cbfe549
90,C90-C2-37.xyz,C90-C2-37,C2,37,90,135,1,3,3,3.0,1.3887043035593811,0.03214100325859108,1.2998995268865974,1.4795322132349806,4.227319672521078,0.21085415549991837,3.758181617467301,4.5612142270918055,4.2325749950326115,17.91469108857531,6.569309117309136,6.493374479233838,4.852007492032338,0.008800779233561706,12,35,5398,71de55b2697c2cda4f261e01c1c2fae03d5ad74628d96f2fd734125024d9e307
90,C90-C2-4.xyz,C90-C2-4,C2,4,90,135,1,3,3,3.0,1.3888781791587694,0.02851386493723427,1.3346066723945298,1.4718823118714348,4.240306812739544,0.41697656932727006,3.640605809388811,5.093856076994455,4.260759477550138,18.15407132553333,8.38349143220338,5.140946800813377,4.629633092516575,0.03772638098725189,12,35,5398,9f42c4cc8c6fd170cec55d52c1080e3088a15fc5d725ee77719384789caec646
90,C90-C2-40.xyz,C90-C2-40,C2,40,90,135,1,3,3,3.0,1.3889462803705268,0.025893300014061982,1.32811193052393,1.4668168051941592,4.225378075034131,0.1589740840627036,3.8573191559042885,4.446891519259462,4.228367608945882,17.879092636382715,6.499807896605409,6.2788520341929095,5.1004327055843985,0.005311461835282046,12,35,5398,9f3c0e791892fb2a4477a8479bc7f95b28d5315e6e11d6f04fc9d4fa93ae4186
90,C90-C2-41.xyz,C90-C2-41,C2,41,90,135,1,3,3,3.0,1.388974572329829,0.025183597227502217,1.3300273869360735,1.4692554781248903,4.225077996167811,0.15204613973146464,3.863776875994412,4.439423122524195,4.227812921867363,17.874402102308647,6.378698191813091,6.362361129874815,5.13334278062074,0.004791421281676804,12,35,5398,e9f3b38bc45b6b00915f3dfe64156b8d004c46c019efc10016cc39da1b6424ff
90,C90-C2-42.xyz,C90-C2-42,C2,42,90,135,1,3,3,3.0,1.3889595918877404,0.02541747487394512,1.3250114942897664,1.4670019631888702,4.225586574271273,0.1662022684736076,3.8576932195669205,4.4626920571759685,4.228853874362108,17.88320509070741,6.581587398848817,6.235493325950191,5.066124365908402,0.00591576970709773,12,35,5398,da531b58fa1cc9dbebb73f53ca63d4823511ed4f04de01956d06457b022a0984
90,C90-C2-43.xyz,C90-C2-43,C2,43,90,135,1,3,3,3.0,1.3889559193931889,0.025634841402518465,1.322839997883342,1.4696140445708867,4.224975986965944,0.1423112378657138,3.9072981434496317,4.455855653983674,4.2273720653452935,17.87067457886173,6.5579762451878905,6.0826303903227945,5.230067943351045,0.0042524866555112536,12,35,5398,fa486a04d54ca2929ea08be22418fc357f272f4ac4a93e2d7bdae7891d2f29f0
90,C90-C2-44.xyz,C90-C2-44,C2,44,90,135,1,3,3,3.0,1.3889673129304803,0.02541908840076505,1.3239400590661197,1.4680819868113633,4.22716752972586,0.20131150716377724,3.7700757016188726,4.489845209970227,4.231958370221189,17.909471647285184,6.669649366488582,6.372709371622561,4.867112909174042,0.008736003379808848,12,35,5398,95a5414093ae48e50b3b0e5e3fd48c66eb0907291338e090e3da2f24c5ed141f
90,C90-C2-45.xyz,C90-C2-45,C2,45,90,135,1,3,3,3.0,1.3889316229105302,0.026298318307212052,1.3310721167540096,1.4698674021829317,4.224915370767873,0.1426553145881175,3.8894339341009254,4.429983263996757,4.227323080736894,17.870260428930862,6.460859013122128,6.218305847933684,5.19109556787505,0.004268552651818084,12,35,5398,3fa454696b26a7326f2dbff26528d0d955e2e2fc1fa81060b33d58b809e64d00
90,C90-C2-6.xyz,C90-C2-6,C2,6,90,135,1,3,3,3.0,1.388836086061391,0.029042183527515163,1.3256866371808989,1.4637611758753544,4.232311199653307,0.31444022046286124,3.7983428204269414,4.905483244123639,4.243975817904192,18.011330742955554,7.726592859364712,5.373366309177051,4.911371574413792,0.021079294797872593,12,35,5398,860969d6d7711a338f4659dd7819a54d8abad866a665a60ad0a48ad80c5576d3
90,C90-C2-8.xyz,C90-C2-8,C2,8,90,135,1,3,3,3.0,1.3888081750589694,0.030083720227199295,1.334006705380449,1.4768751707575016,4.233383222624529,0.32296234947579217,3.643622430692352,4.902060115309798,4.245684654891101,18.025838188777772,7.659644983981888,5.762290559462566,4.603902645333319,0.02197294893004231,12,35,5398,d60ee879b2e99448934c34afda6dd95b8077a5fd4b5c4796ccd460bad02d9314
90,C90-C2v-13.xyz,C90-C2v-13,C2v,13,90,135,1,3,3,3.0,1.388673239032695,0.03360497000828989,1.2896032955913226,1.4659005525614621,4.233164222604866,0.3219242416153551,3.597904133459223,4.7763490434532,4.245387444377895,18.02331455288148,7.262766803787086,6.426550996893929,4.333996752200465,0.021019178255461176,12,35,5398,c68e501da58b08167615ea43f62217786767f8b476ad9bcdc20c2d6633fe220e
90,C90-C2v-16.xyz,C90-C2v-16,C2v,16,90,135,1,3,3,3.0,1.3884290182433312,0.03817355546574249,1.2978703479161544,1.4917087483822034,4.229268088130042,0.26136482663633215,3.685843377604823,4.66074567863341,4.237336443318819,17.95502013387778,6.7047491383638915,6.624914183196286,4.625356812317605,0.01291706177918136,12,35,5398,8dea099ce78e8d6fcbc2e59f3e9081e472d57dccc516a39c3a3bcf098886a881
90,C90-C2v-2.xyz,C90-C2v-2,C2v,2,90,135,1,3,3,3.0,1.3885463075185112,0.03638242996340375,1.3019618005148998,1.4974108253916156,4.238635900444781,0.3997032425625084,3.5286101186052643,5.041371398186885,4.257440190848761,18.125796978654336,8.158209795019786,5.549748542642975,4.417838640991572,0.033596157321051104,12,35,5398,7e950d7a86e6b8745e2217c8158cc73d7734349ed7ead34a4f37ee5eb9a1356d
90,C90-C2v-25.xyz,C90-C2v-25,C2v,25,90,135,1,3,3,3.0,1.3887149904826381,0.03253172732702898,1.3209216328003714,1.4661228666111172,4.230687734431537,0.2656817085191618,3.6638450875397135,4.566952855842601,4.239021759381651,17.96930547651111,6.85372646002087,6.588431028423933,4.5271479880663055,0.01507023724966416,12,35,5398,e35acd2000f9f6f636648daa63074de8b2523fadb0d270b9579a8a290d96d695
90,C90-C2v-36.xyz,C90-C2v-36,C2v,36,90,135,1,3,3,3.0,1.3888702168878921,0.02819664107132784,1.322268735923224,1.466128190166194,4.229529769848036,0.2605592297610305,3.7088677303607245,4.590862951314879,4.237548015804004,17.956813186244446,6.901424557860517,6.465828626919658,4.58956000146427,0.014040821547523197,12,35,5398,793e7bb0bdf27aa60196f083b52f51b5686bb7f6872efb5d60245b6796c5d7c5
90,C90-C2v-39.xyz,C90-C2v-39,C2v,39,90,135,1,3,3,3.0,1.388611851692293,0.034353968001951375,1.2951814467479066,1.4683007219231354,4.22749794443391,0.21171066203526834,3.7896137427988457,4.592942545114297,4.2327957988322975,17.916560274612344,6.941370357728769,6.034362276290221,4.940827640593356,0.009377872395591702,12,35,5398,794740bfcb5125a5ad6b4c8e4fcb7fa275fd9564fe9132c8dad10c750b57ecaf
90,C90-C2v-46.xyz,C90-C2v-46,C2v,46,90,135,1,3,3,3.0,1.3888767856081627,0.02794381185449762,1.319409174592931,1.4700005034012746,4.224968337600356,0.14483953548640408,3.914239665334636,4.45463400847441,4.227450288857981,17.871335944765427,6.583547320506139,6.053018934789647,5.234769689469641,0.004336766508566306,12,35,5398,129fe25adfa04933daea1d5649acd55e30199568f6859616047f3d3e95506e38
90,C90-Cs-10.xyz,C90-Cs-10,Cs,10,90,135,1,3,3,3.0,1.3889273436138916,0.026492435233905078,1.3401275088587654,1.4658139479483743,4.228015103215816,0.23577601768885836,3.896763536437151,4.838541385010749,4.234584046106331,17.93170204353827,7.257638303051557,5.400650011588804,5.273413728897909,0.011509617861873217,12,35,5398,52d02f883f970d2e9489632c89092f4e0a994a5bd7d1bfa2de60c4e623644763
90,C90-Cs-17.xyz,C90-Cs-17,Cs,17,90,135,1,3,3,3.0,1.388669662683806,0.03343170618861801,1.2933374694951043,1.4681866536649897,4.230235087457739,0.26900015350067663,3.687973148241038,4.761023270163233,4.238779302787769,17.967249977741968,7.148882422167643,6.184116898305701,4.634250657268625,0.014955964351280765,12,35,5398,ba71a9a8222ed1caa820563578df8de488ab97d7c87a8103ff6ffef6f7265241
90,C90-Cs-33.xyz,C90-Cs-33,Cs,33,90,135,1,3,3,3.0,1.3886586078515093,0.03333959978737948,1.3011417025059184,1.4823528797152183,4.229698743277205,0.25717208924596696,3.7064376849939364,4.651014583874134,4.237509757200319,17.956488942367905,7.010591818520475,6.299976900520889,4.6459202233265415,0.01369661364734128,12,35,5398,9f0c088781f72ec0841b5195203a7e2c7270575da4c9857ec85411b88b34ed59
90,C90-Cs-34.xyz,C90-Cs-34,Cs,34,90,135,1,3,3,3.0,1.3886302582726293,0.033845659966667024,1.3002749978369965,1.4820031241532523,4.226866974440587,0.2000907109152984,3.791339737657975,4.571713518499746,4.231600254302278,17.906440712211108,6.6958495945577905,6.271622211879462,4.938968905773856,0.007863263670635922,12,35,5398,8e51dad78afb73c1b31aed6e5f05cb8c5f3f6cdaece1d6b84a606cf1048fe33f
90,C90-Cs-35.xyz,C90-Cs-35,Cs,35,90,135,1,3,3,3.0,1.3888845759806734,0.02765240749050977,1.3261462211988544,1.4705403462673168,4.227006370143632,0.19769897871488123,3.8159487905255722,4.569344639724633,4.2316270794364375,17.906667739419753,6.787923931057872,6.174964171554755,4.943779636807124,0.008252649060923106,12,35,5398,64d4e3e49d64c9689245c4560f424dbb4d7710b9f690503a94c2badc4fc88cc4
90,C90-Cs-5.xyz,C90-Cs-5,Cs,5,90,135,1,3,3,3.0,1.3887383552567576,0.03185258943274244,1.3333876930585489,1.476693190882927,4.234220954310288,0.3309657712683923,3.637987215586778,4.954060349596027,4.247136144706407,18.038165431671604,7.711539367589133,5.753823104141626,4.572802959940845,0.023171891948871835,12,35,5398,6578a8769fe31b4aea2d48c94f7b11f8754abe34510552ffa32dda6da0612f5c
90,C90-D5h-1.xyz,C90-D5h-1,D5h,1,90,135,1,3,3,3.0,1.3890114598839618,0.026261484540758627,1.3434674242422107,1.4678851453707131,4.260064350802104,0.5875747100543214,3.4863865755753265,5.312685435960138,4.300394436894175,18.49339231287037,9.547345088858874,4.489309631368353,4.456737592643144,0.0752898116952364,12,35,5398,e9c043f18ccfbaa66c05de30f2c7191d025b6d47d358a69db2a9cc66e4d16066
92,C92-C1-10.xyz,C92-C1-10,C1,10,92,138,1,3,3,3.0,1.3888942928917807,0.027665293464838096,1.3185882829753948,1.4640773920800771,4.275809656365589,0.2568590753416438,3.8693778131196757,4.938480509050481,4.283517806902942,18.348524802054584,7.49781377109289,5.6605136488596,5.190197382102095,0.013250372658667079,12,36,5516,da35e1ae345a6d8d8e275114f9daa0b8012c2fe586cb78664485857d6d5bdd38
92,C92-C1-11.xyz,C92-C1-11,C1,11,92,138,1,3,3,3.0,1.3888395871620944,0.028863673339837297,1.3282315009063743,1.4637599188391515,4.275382148575478,0.2523090669997619,3.878409216248065,4.915329699431434,4.282820610491193,18.342552381648154,7.456836121732795,5.637738929244911,5.24797733067045,0.012394271062838672,12,36,5516,48963218f9f3dc9ea0cbc4fe0dfab0935390be7179bbe80f4bcabb6c0eff778a
92,C92-C1-12.xyz,C92-C1-12,C1,12,92,138,1,3,3,3.0,1.3888136169318248,0.029446936384348223,1.3266040969332185,1.463680655061069,4.275816786055218,0.26025339221389254,3.8979096555237445,4.9187566244820555,4.283729801944845,18.35034101607042,7.519169904000361,5.564551148289292,5.266619963780768,0.013338795036254686,12,36,5516,b31709b2e9167801cb4d47719fc6df4d9e0e3bdf9f76160204d197a6e655eb93
92,C92-C1-13.xyz,C92-C1-13,C1,13,92,138,1,3,3,3.0,1.3887333990117912,0.031709112979850365,1.3136543457089465,1.457739006132442,4.276866344982316,0.28450115408270243,3.78606466534278,4.918071590235229,4.286318541536173,18.372526639516785,7.6160524272210655,5.668672163153202,5.087802049142517,0.015585480985125478,12,36,5516,928bea653455ca7b8d1df2572d10f7067d292526b14c6fc3f7f69575467151a0
92,C92-C1-18.xyz,C92-C1-18,C1,18,92,138,1,3,3,3.0,1.3887295839156513,0.03197074302602846,1.3029772292714863,1.4675676304688654,4.278596022629915,0.30026238964130036,3.6571570912839455,4.883690394290466,4.289118957023416,18.396541427497635,7.496434814387858,6.25699593435375,4.643110678756028,0.01814584059716988,12,36,5516,a73873979a4e8f4b5ff677321708cc1613110f142326185d5c38dbbdfe24bc3d
92,C92-C1-2.xyz,C92-C1-2,C1,2,92,138,1,3,3,3.0,1.3887809646544151,0.031178767565206315,1.2949474931440272,1.4601996644294917,4.28545507720495,0.4025244387827686,3.6490576344009775,5.1334109018279594,4.3043177325284745,18.52715114255907,8.406539756853281,5.462546254938491,4.658065130767299,0.03403494080876325,12,36,5516,47cbdf05bdd3816576a1022de430003071670a1861cc7883b2cbef85fd6e7d2a
92,C92-C1-20.xyz,C92-C1-20,C1,20,92,138,1,3,3,3.0,1.3886609048285208,0.03377211602970566,1.3060303748381967,1.4673041061756764,4.279798493385342,0.3203596561307997,3.623658661956276,4.890265044242077,4.291771831453728,18.419305453259685,7.608644098561944,6.273498691113929,4.537162663583812,0.020973620045800622,12,36,5516,4b6e43dfdbe31dcee302f2df13a2a78ec61aace38e1852b0d4c9ded5115780ba
92,C92-C1-30.xyz,C92-C1-30,C1,30,92,138,1,3,3,3.0,1.3887497488826042,0.0313609880696813,1.3055089926921222,1.4648530335839156,4.276630656575524,0.2654708205727931,3.71178065188772,4.755211799026158,4.2848622532512275,18.360044529337188,7.3537278415469345,6.198073902755495,4.808242785034759,0.014457007064434644,12,36,5516,6cf68cad003f4d995ba68db2ab21af17c5e0557cb82d03c1b72a4130750898e9
92,C92-C1-32.xyz,C92-C1-32,C1,32,92,138,1,3,3,3.0,1.388880327858791,0.028061200505564803,1.319908883218838,1.4662202869964662,4.27555446522227,0.23886474314577097,3.7703314372600074,4.716211828899545,4.282221660610317,18.337422350600185,7.153250507657143,6.300277388679807,4.883894454263236,0.011722559685746644,12,36,5516,9dcfe899a7f036bc887f2d9aebe1d59023c79c62f6624baf711938a86dc0a654
92,C92-C1-33.xyz,C92-C1-33,C1,33,92,138,1,3,3,3.0,1.388748801931428,0.03130736919492405,1.3096189598505363,1.4650594697827115,4.276133409226963,0.25666213591115855,3.7106089405220963,4.7341369683538606,4.283829173241796,18.351192385517486,7.230523228854373,6.30882047947092,4.8118486771921924,0.013273964959539242,12,36,5516,e14ef02097aa62b4d2e53db73c344663764122c6818ba3bb175956dc66da130b
92,C92-C1-37.xyz,C92-C1-37,C1,37,92,138,1,3,3,3.0,1.3886375021661657,0.033804455340981955,1.3028029014398148,1.4788515206064468,4.275473079220587,0.24904433178293783,3.7454257748754824,4.69687637565064,4.282720295598719,18.341693130333176,7.021136115276789,6.495785528488096,4.824771486568291,0.011729909853136636,12,36,5516,3d334649ae62b1f376c850372eb45830fa7337ccd0ba518dd574a1ded5b14f88
92,C92-C1-38.xyz,C92-C1-38,C1,38,92,138,1,3,3,3.0,1.3888578895263917,0.028310273989138476,1.3204678905600091,1.465443625664256,4.2737373779781045,0.207420822819101,3.839078288459463,4.700121635721039,4.2787678803209355,18.307854573666113,7.014128012594192,6.224960603993388,5.068765957078531,0.008568600394552922,12,36,5516,d3e4385acfe76e1ff44c5f1650c1e75d7458676b78a09f3e6b8121de54a4a3c2
92,C92-C1-39.xyz,C92-C1-39,C1,39,92,138,1,3,3,3.0,1.388734396357655,0.03165344493160765,1.3110481989614264,1.4659137116488132,4.276372657614899,0.25828568546964725,3.7241333588959566,4.747436936235944,4.284165566608607,18.354074602114842,7.278588379826354,6.261888224146158,4.813597998142331,0.013666021333766019,12,36,5516,f1eb1a81a0fffe2677c871236ccfca4c0baf0b5959b2e8b7d6c16d2b5e3cec4b
92,C92-C1-40.xyz,C92-C1-40,C1,40,92,138,1,3,3,3.0,1.3887479139076122,0.03127709413061416,1.3161481413579554,1.4780734081905404,4.275216944249371,0.239767331973838,3.7461262281031176,4.65874499681624,4.281935110890727,18.33496829387878,6.922179169882422,6.5808511874133995,4.83193793658296,0.011220940183656991,12,36,5516,fd71c2532d4c20a99f269e8fc42b4db91c184bc0784668e4f8e277f40e31f756
92,C92-C1-42.xyz,C92-C1-42,C1,42,92,138,1,3,3,3.0,1.3888513158811193,0.02846089712462816,1.3232790975451854,1.4687925142783103,4.272829555669779,0.1775641075626238,3.8798856708598723,4.636279307294602,4.27651744110786,18.288601424099717,6.811238857618907,6.28411386102871,5.193248705452099,0.006107728262193031,12,36,5516,4ef40b27385aae1b5edb0e48bc86d6c80752a993a1328c84922c7b2859afad88
92,C92-C1-43.xyz,C92-C1-43,C1,43,92,138,1,3,3,3.0,1.3888374672794412,0.02873994447389746,1.3240856392242912,1.4625728221186116,4.273521087512821,0.19887972031774057,3.8383128808386884,4.668273168690596,4.278146284148126,18.302535628570418,6.920496827866652,6.2994477335492896,5.082591067154474,0.007827774360346079,12,36,5516,d32257c3a785294944047f1b5376b26d2ef5e4da18c6b2ef085e0cee96d25451
92,C92-C1-44.xyz,C92-C1-44,C1,44,92,138,1,3,3,3.0,1.3888585295897413,0.02843499202265596,1.3229463292212575,1.470107564091825,4.273397663906531,0.19376736774235506,3.90125507635894,4.6949719136715,4.277788375630987,18.299473386683598,7.038097845316112,6.053653749031813,5.207721792335672,0.0075178377131951855,12,36,5516,7d7e9cfb810bd89fc4365fbc799f927cad37924ebab4235eb09d68b5a46e8157
92,C92-C1-47.xyz,C92-C1-47,C1,47,92,138,1,3,3,3.0,1.3887859392342072,0.030495696771707444,1.304524959515915,1.466601725077398,4.275951993949346,0.24479097202662045,3.726847124919412,4.699561841176456,4.28295319546515,18.343688074545135,7.156475206572349,6.349861278241039,4.837351589731745,0.012357906455674932,12,36,5516,7b27f047a6502ca13334ea1d426429a3054d74d8ffbcb0c131d191d5c4b76339
92,C92-C1-50.xyz,C92-C1-50,C1,50,92,138,1,3,3,3.0,1.3887740215482343,0.030426920769736354,1.3130921864058136,1.4772918804352781,4.274397861863426,0.21958028644526778,3.823892258720424,4.680280725136537,4.280034180202071,18.318692583698013,7.113295451440319,6.190929269895476,5.014467862362217,0.00989332935755801,12,36,5516,8d2434a432794eff19de813d263fb630cde6f7d1e85e64d31b0711d6eed58d76
92,C92-C1-52.xyz,C92-C1-52,C1,52,92,138,1,3,3,3.0,1.3887726725781262,0.03058582107666014,1.3162671651302402,1.4778790681243172,4.275210268363458,0.23349080640705713,3.7552206769282033,4.634659469718914,4.281581576403395,18.33194079539698,6.913934556983944,6.577232097181547,4.840774141231492,0.011049585952215361,12,36,5516,37bcecc7919c9ad19d9e4f4525947c5590f378d43cdf8916cf0120dac95acd72
92,C92-C1-53.xyz,C92-C1-53,C1,53,92,138,1,3,3,3.0,1.388768020212757,0.03071796584482719,1.3135666484803885,1.4805092299610967,4.273127613357117,0.18494831559843114,3.8793735717252695,4.638029899818367,4.2771281813242155,18.29382547947779,6.948961831765915,6.140231184211415,5.204632463500459,0.006830842993564565,12,36,5516,6d6bb45b82369fe38182ce48b92c9981b657b3fa6d7dfbfe07b13981a87719b5
92,C92-C1-54.xyz,C92-C1-54,C1,54,92,138,1,3,3,3.0,1.3887662946689026,0.030721915800413162,1.3171515630328954,1.4796380131640305,4.273325281856847,0.1913784990495063,3.8486462138457216,4.631377049187456,4.277608525152265,18.297934694455336,6.890920298067134,6.2931688558938745,5.113845540494329,0.007326603569788331,12,36,5516,5367713d7581eaddf594fdda65d223f4104cfc88d19a48a622a08a3e18cdb176
92,C92-C1-55.xyz,C92-C1-55,C1,55,92,138,1,3,3,3.0,1.388787761258467,0.030301371119792257,1.3143250320982252,1.478623478103875,4.27365284863775,0.20019226743743013,3.8680953903666415,4.685054212884983,4.278339118701473,18.3041856146113,7.097104628556604,6.020717988730437,5.186362997324259,0.008216387991775638,12,36,5516,29e4aa045d60e92aff77a103667b7d5390f53ede5622f514dd1d1fa663510f93
92,C92-C1-56.xyz,C92-C1-56,C1,56,92,138,1,3,3,3.0,1.3887999171738465,0.030175881528666768,1.311229323955196,1.4640757801425444,4.275740841385749,0.24640834534968423,3.724235814387921,4.714251100292011,4.282835137540562,18.342676815352085,7.114642995189596,6.415427903290275,4.8126059168722115,0.012419706591005556,12,36,5516,13d48089f66df17f6128a519389c3e184479061274c8ebdd9a8804e9dabd9488
92,C92-C1-57.xyz,C92-C1-57,C1,57,92,138,1,3,3,3.0,1.388776253250964,0.030491123685526634,1.3142062737637497,1.4663816590506031,4.2733446141228,0.1930327444390623,3.833827272132081,4.644103612780336,4.277702167224598,18.298735831478027,6.882539318650425,6.305711838809096,5.1104846740185055,0.007319049301234311,12,36,5516,852f2ffd93169642c1b0a7090895fd01628da8521529468f42dca7e1fcd7b9dc
92,C92-C1-58.xyz,C92-C1-58,C1,58,92,138,1,3,3,3.0,1.3887499019026466,0.031145312209625655,1.3145799519238077,1.462853505994363,4.272774267769011,0.1747075107506674,3.866689588581365,4.59029744864668,4.276344543839012,18.287122657621687,6.710781843020416,6.394120453289665,5.182220361311604,0.0058391989753959865,12,36,5516,a2376ff471377ca37496325611e837888ee1ffba611c0e328e6f11ed34005a50
92,C92-C1-59.xyz,C92-C1-59,C1,59,92,138,1,3,3,3.0,1.3888933929903502,0.02732472619031833,1.3232205447316787,1.4671419733618147,4.272464387384134,0.16794952912053165,3.894529186531535,4.544792399975648,4.275764140571542,18.282158985797494,6.717153366619459,6.367373466304233,5.1976321528738,0.005683963183270684,12,36,5516,8ec5448f2bf35822c7e7355985d8feeb0ce197bd146bc137f0848d097756bca2
92,C92-C1-60.xyz,C92-C1-60,C1,60,92,138,1,3,3,3.0,1.3888614090819285,0.0281084903992599,1.3213773117471026,1.4668236533407826,4.272487998983719,0.16436033769639874,3.9059232563168425,4.556162649129608,4.275648257523948,18.281168022067575,6.881259004774992,6.094463284415525,5.305445732877059,0.005572668107199281,12,36,5516,139f54c91481ad456a1e89c706a4f3b6e068fca550052f67db7d69c09cfa6a4c
92,C92-C1-62.xyz,C92-C1-62,C1,62,92,138,1,3,3,3.0,1.3888632047237814,0.02801080819936059,1.3228117968932693,1.4544787004284387,4.271342270368541,0.1345970992240677,3.9786718501420735,4.5300159516256135,4.273462433408842,18.26248116975662,6.709416400434502,6.100555964158801,5.452508805163315,0.0035537681644922823,12,36,5516,457b396919873458f218ab560bf32c76b6bf05fb5b4a410d95b021278440f032
92,C92-C1-63.xyz,C92-C1-63,C1,63,92,138,1,3,3,3.0,1.3888486880328803,0.028364073444952995,1.3207937802700316,1.4572587519037243,4.272315460625294,0.16152653255265764,3.8938607937128453,4.536634373503944,4.275367845673212,18.2787702158164,6.748693987817407,6.276084961977592,5.2539912660214005,0.005240990956314744,12,36,5516,0b689e225024b5d8ba66c2a61d43a23104198bc97b5cb4ea4582dc3a352a3eea
92,C92-C1-66.xyz,C92-C1-66,C1,66,92,138,1,3,3,3.0,1.3888887941137127,0.02756160251479651,1.321092400250641,1.4692836145550658,4.272700401896105,0.17116174004021198,3.903043057921853,4.5880985556243665,4.27612734441068,18.285265065616734,6.927177945478124,6.068375284470079,5.289711835668532,0.006019355435971145,12,36,5516,b5c504898f9bc37b58f27003fefe59e63ec87c6a3184e35a05d96d556f329fde
92,C92-C1-67.xyz,C92-C1-67,C1,67,92,138,1,3,3,3.0,1.3888713509574244,0.02795868685863292,1.3226906138625163,1.47218032183561,4.271296415646716,0.12474029278961361,4.012026481028392,4.51368664880533,4.273117504932637,18.259533210961724,6.695853599186273,6.006656189838574,5.5570234219368775,0.002960459483640918,12,36,5516,119c66c55cfa7de3321410ff6cc2e56f82474d5f29a6b6a74765e7f5f0a2aaa0
92,C92-C1-68.xyz,C92-C1-68,C1,68,92,138,1,3,3,3.0,1.388841771537411,0.028494730167492318,1.324056207266142,1.459261878485147,4.270663243545006,0.100162081506847,4.0245475405896505,4.480083966865115,4.271837658705928,18.24859698233814,6.522333517616874,6.071616226243491,5.6546472384777715,0.001696472042013254,12,36,5516,d045f382d02dbbc4a7ed1e827d4af532e52448c76df48846240182e143f7073e
92,C92-C1-70.xyz,C92-C1-70,C1,70,92,138,1,3,3,3.0,1.3888611411462035,0.027954114153793248,1.3226219414481224,1.4677625012242272,4.2718851701032206,0.14558667823304447,3.9456821553229706,4.532563934195882,4.274365261348958,18.27019838742675,6.722924471972739,6.199206766786174,5.348067148667836,0.004327367065822197,12,36,5516,339322187e1ac1e176430ddd4ddf562ff4dd133ede484d374d07e24dc315eb1a
92,C92-C1-72.xyz,C92-C1-72,C1,72,92,138,1,3,3,3.0,1.3887961808171827,0.02908168211372734,1.3228601362200014,1.4530995664440889,4.270461689723247,0.09260716002871235,4.085765005569322,4.470810238341214,4.2714656886697,18.245419129482517,6.507251621716848,6.054781361719272,5.683386146046399,0.0015341430255479756,12,36,5516,5df3d2b749879a463216df5d54a26deabcb127936087f445b90aeb629a262fe7
92,C92-C1-73.xyz,C92-C1-73,C1,73,92,138,1,3,3,3.0,1.388816744743558,0.028781366474486543,1.322204012246219,1.4562377003772426,4.270973155308128,0.11575666893704613,3.98246213096644,4.455955967995218,4.272541550384979,18.254611299766076,6.50668047243461,6.263695676709093,5.4842351506223705,0.0025687820357729336,12,36,5516,1e9ceed276980f2124aa614457cd166b3c19f68457a479df9b71b6b4b9786dee
92,C92-C1-76.xyz,C92-C1-76,C1,76,92,138,1,3,3,3.0,1.3888818921053752,0.027685483807886917,1.3231515483874094,1.4660802501909642,4.273568401288771,0.1925878163921119,3.8568761723148977,4.5662392117589725,4.277905673050371,18.300476947516543,6.844654363043427,6.4007217945022115,5.055100789970907,0.007778677218017726,12,36,5516,db4e882c4bf119728951e3825998457f4c351e0f51b49ca16afd1c72c6af2491
92,C92-C1-8.xyz,C92-C1-8,C1,8,92,138,1,3,3,3.0,1.3887656621741182,0.03091110772159414,1.3061855381223606,1.4618945310794484,4.277682597287047,0.29026069725481357,3.7969921941637135,4.959562888669788,4.287519058325374,18.382819675503306,7.714720624043194,5.5535660374417155,5.114533014018396,0.017199392641337765,12,36,5516,fb1633aded9dcb9e8af7559064a1d1a2b7d14a210b5433d1942f94914750fde0
92,C92-C2-17.xyz,C92-C2-17,C2,17,92,138,1,3,3,3.0,1.3886471177405952,0.03450951978736598,1.3029841556979886,1.4772717894822198,4.282215904185818,0.3517868339745657,3.551460914800902,4.9477324699442935,4.296641365836786,18.461127026619803,7.804283070338381,6.236973767104744,4.4198701891766765,0.025252211262430272,12,36,5516,c32fcb0995069380b9e70ebeacceba4a1a4cb95b0983c0f447e77f059632dd16
92,C92-C2-19.xyz,C92-C2-19,C2,19,92,138,1,3,3,3.0,1.3887370338845109,0.03227826803309749,1.3061458532644812,1.4669998943421911,4.278774361236816,0.30393108782398953,3.6333881840057023,4.8791531520000735,4.289555238078115,18.400284140523393,7.457384993690591,6.365095345208524,4.577803801624278,0.018725047236140952,12,36,5516,9c3bf0e33769dedea979e258088e5c38c7451056d1a931bfc9bcdc73ecf5d141
92,C92-C2-23.xyz,C92-C2-23,C2,23,92,138,1,3,3,3.0,1.3887797541929259,0.030843522732661176,1.3326071776784034,1.4766089292700353,4.277899953339361,0.2968249932493726,3.7590008884174724,4.8959848786923565,4.2881852907026285,18.388533087398386,7.692964186794191,5.6870052368593536,5.008563663744842,0.017286071500652835,12,36,5516,95df6fc0a4a81bd8f8143d32ccf4e183dbd80c2084d9b174ee4c71082c300705
92,C92-C2-25.xyz,C92-C2-25,C2,25,92,138,1,3,3,3.0,1.3886923923542764,0.03343765121544947,1.3291248173140098,1.4818951143721337,4.281277563497172,0.3403827609725019,3.5760977027891263,4.868377474033444,4.29478730552184,18.44519799967155,7.575084984670189,6.468737444384704,4.401375570616654,0.02288251359226338,12,36,5516,39b212342ff97f2f17b7db5ec822dbb6088313738a93654fc231551fd363d892
92,C92-C2-26.xyz,C92-C2-26,C2,26,92,138,1,3,3,3.0,1.3887551827359472,0.03070956449678574,1.3239874546233434,1.4595813646385047,4.274835906435187,0.24498338787090204,3.8764423203979095,4.808744314007802,4.281849937501343,18.334238887280254,7.3362172708864035,5.7903842366732,5.207637379720649,0.010799001627605512,12,36,5516,2e6fe7840f1bfef017a07fdc59982b785b676dbc0aa55a17ae076d515d2d662c
92,C92-C2-27.xyz,C92-C2-27,C2,27,92,138,1,3,3,3.0,1.3888152616754124,0.029731306801447623,1.3199065648749537,1.4571538216674311,4.277563912930235,0.2938841686428043,3.802085464386711,4.839595887349328,4.287647482452574,18.383920933781894,7.630368908072744,5.798834953200794,4.954717072508357,0.01660829743783267,12,36,5516,31ff218d6c3bca0b6700ce1bb70480d5c2be3d7a1e3158bed8913e29e3b6d459
92,C92-C2-3.xyz,C92-C2-3,C2,3,92,138,1,3,3,3.0,1.3886184911220711,0.03522008070514947,1.2889720439171672,1.4694392161637717,4.290419062048359,0.4548363797564841,3.556987954485895,5.190042016133137,4.31446078442462,18.614571860337907,8.735815401189953,5.444682915886439,4.434073543261515,0.04380615744637533,12,36,5516,d1efcdd83c22129d234a9fe6e2a537445b285715ad35c467c6f2af2a0b839998
92,C92-C2-31.xyz,C92-C2-31,C2,31,92,138,1,3,3,3.0,1.3888238945761022,0.02940727257931711,1.3236159299434258,1.469179805197444,4.275876216509256,0.2483503896388793,3.7559373525607502,4.740351402890169,4.283082457173022,18.344795334943292,7.264079070034237,6.165398348722884,4.9153179161861695,0.01231159487593033,12,36,5516,48c285525c131b29c3084ed99711df37b25a2d6b71cfec3600c2c91f26b3adac
92,C92-C2-34.xyz,C92-C2-34,C2,34,92,138,1,3,3,3.0,1.3888647508971796,0.0281945894585339,1.3413777991304312,1.4643231405669992,4.275768658601528,0.24952664181092654,3.90848404370372,4.7878086700693165,4.283043446762192,18.344461166852554,7.505276011784106,5.4626169527568,5.376568202311647,0.012943178160770325,12,36,5516,20a0b5766204f4abb81f2a923ce82a01b6d7119df01e58c1ddfd4cbd67de67cf
92,C92-C2-36.xyz,C92-C2-36,C2,36,92,138,1,3,3,3.0,1.3888657084579117,0.02859155698056479,1.337863703820385,1.4701141112172211,4.275069345542942,0.23299666876403108,3.770175383273821,4.642766554660991,4.2814139436471335,18.3305053568561,6.906217204872744,6.542303550735175,4.881984601248181,0.010396510971768962,12,36,5516,a2cb4c77a37a890140aa68bd6617ca230149b39452960d3cc124708f1ba4c056
92,C92-C2-4.xyz,C92-C2-4,C2,4,92,138,1,3,3,3.0,1.3888110249540215,0.03027983153923952,1.3373184101028448,1.480544909822056,4.287179275298259,0.42204240487580374,3.6046826624250254,5.16054633224258,4.30790272987451,18.558025930060253,8.551743619725116,5.243391778616721,4.762890531718416,0.03706657502429258,12,36,5516,d2760ba2a972627c5a3513b38f2ffc1e842a609d0609d4db3a1e3ec5a5eedcf7
92,C92-C2-46.xyz,C92-C2-46,C2,46,92,138,1,3,3,3.0,1.3888184973413342,0.02943400491705612,1.3316358961818355,1.4632434315588094,4.275588974317642,0.24543427862886746,3.7844565045525296,4.720174018354154,4.282627588576044,18.340899062432662,7.243380399509919,6.1930197630361015,4.904498899886639,0.01223868864605922,12,36,5516,39352860ae02213f833628d1d4a22ddf81f4809d79f39c1f02f0aff308c26c17
92,C92-C2-48.xyz,C92-C2-48,C2,48,92,138,1,3,3,3.0,1.388676360481882,0.03304793792528144,1.3013700511384148,1.4786897274276303,4.275082238987122,0.23436031232791632,3.7479861974959032,4.618494126605485,4.281501244434899,18.33125290609759,6.8418700022076955,6.625224215501203,4.864158688388689,0.010504311656040415,12,36,5516,868c084cf76d5457193138c3d63b22d9aca6296f7f7c21f3c642afacb97fdca0
92,C92-C2-49.xyz,C92-C2-49,C2,49,92,138,1,3,3,3.0,1.3886892570626752,0.03282104860846042,1.312777764893967,1.4759772626974983,4.276108173021988,0.2590715619194302,3.7356166567576596,4.687970353392687,4.283949017154711,18.352219181580814,7.183126704898079,6.395388129066924,4.773704347615811,0.013443587102412561,12,36,5516,08d705316f29853fcf0e8cf7ad47e5bf1225770716141a11cb72e17bf4f170ff
92,C92-C2-51.xyz,C92-C2-51,C2,51,92,138,1,3,3,3.0,1.3886959557747902,0.03267625486700338,1.3127770336199522,1.4915709671349868,4.276498383104269,0.2633669700007578,3.7329740053640257,4.738023086660041,4.284600399288224,18.35780058158081,7.306250123136228,6.26882335098521,4.782727107459374,0.0143214413907239,12,36,5516,a867d1c1852c0d0d53cbbf0833018193a90c7e6b58a476d75bc7bb6f31a4534d
92,C92-C2-61.xyz,C92-C2-61,C2,61,92,138,1,3,3,3.0,1.3888380534440858,0.028552546293549197,1.3197441911219008,1.4569764891720112,4.2713188854602,0.12893649591466455,4.028782042964169,4.540642006815596,4.2732645180549875,18.260789641267724,6.769407181060604,5.842280814197333,5.649101646009786,0.003226757284767312,12,36,5516,08df1bafe7e0929c413efc108e030b310a714beaaa60ae9fba7d86f578a2bdb3
92,C92-C2-64.xyz,C92-C2-64,C2,64,92,138,1,3,3,3.0,1.388864163362904,0.028073606696100796,1.319937597009798,1.4701394525690412,4.271886687602147,0.14614414553155156,4.02839072898645,4.5601179676237384,4.274385801841662,18.27037398298559,6.883590965363675,5.703984418490403,5.682798599131511,0.0042447079300408025,12,36,5516,f98f22064689127537ee9044905baaf3a8e8e8d0a6b50161b076b8b1a7f59e4e
92,C92-C2-65.xyz,C92-C2-65,C2,65,92,138,1,3,3,3.0,1.3889272208293508,0.026818585786796564,1.3234124716051305,1.4679011853663722,4.274686818392258,0.22170098167460398,3.7979274824562794,4.612646730791731,4.280432071720331,18.322098720612004,7.029318096061305,6.361686056845444,4.931094567705253,0.010269408503613976,12,36,5516,862e1fb9d7bb6ddc35e3561cdf17c1c78fe8917fec71e8fe2e2faeb7a10d6f5d
92,C92-C2-69.xyz,C92-C2-69,C2,69,92,138,1,3,3,3.0,1.3888420797024361,0.028146881233518446,1.3245125518469048,1.4700227413206912,4.270992504665436,0.11372025019463533,3.9905403374464634,4.4230239274294485,4.27250620481851,18.254309270212662,6.474180209012871,6.290911274155521,5.489217787044271,0.002470517790654261,12,36,5516,57e477e1745f42d9429c776c5bf0b874dd7086598cf30dbef5c349096103c9b3
92,C92-C2-7.xyz,C92-C2-7,C2,7,92,138,1,3,3,3.0,1.3886926913315978,0.032830590390542314,1.3080784418374916,1.4581864626994727,4.279006439015764,0.317872380910489,3.7868215690089726,4.9522847108650865,4.290797007047067,18.410938955684074,7.862801833526754,5.54432396426844,5.00381315788888,0.02041715637534287,12,36,5516,3f33f176cd12a6a05b420b3e12ed73e35b3d0ce070f2956086ac75abfe3cdc8b
92,C92-C2-74.xyz,C92-C2-74,C2,74,92,138,1,3,3,3.0,1.3888339790481103,0.028514777825484748,1.3209338136333704,1.4581948223745687,4.271591335882283,0.13518554955857248,3.953311436011791,4.477103822966734,4.2737299486039175,18.264767673594044,6.455255973852646,6.452176396690706,5.35733530305069,0.003603273047493576,12,36,5516,0f2c28333af16eee3c1af55ede9267973ae19540afe08615600032899270b201
92,C92-C2-75.xyz,C92-C2-75,C2,75,92,138,1,3,3,3.0,1.3888012464779405,0.029083486003754353,1.3255543180119025,1.451520206542093,4.270312651466576,0.0813015334566406,4.119271206743758,4.408121170059367,4.271086522258465,18.24218008061791,6.418703688294667,6.083162143977688,5.740314248345555,0.001037248309768347,12,36,5516,4d82a4361167ef51ca780f46a089cb4ec6b5929a0f138e4d77f94ad83dc4fd60
92,C92-C2-77.xyz,C92-C2-77,C2,77,92,138,1,3,3,3.0,1.3888951333189123,0.027289907984876058,1.3234883414673513,1.4668168460990623,4.273548479361696,0.19421119378055854,3.8489555781569154,4.578353251017608,4.277959162175853,18.30093459324433,6.8428928183340965,6.399940138921124,5.05810163598911,0.007736402894490978,12,36,5516,13f76625c42757014caa3a6039fbb46367cfb3885ea176fd46a0371da2f3d7c5
92,C92-C2-79.xyz,C92-C2-79,C2,79,92,138,1,3,3,3.0,1.388862137019867,0.028181094065934654,1.3233451741703675,1.4536538687046514,4.273002545536839,0.18317099596013173,3.860716650260209,4.527633101890605,4.276926743343323,18.292102367925327,6.725550802823069,6.466845011950343,5.099706553151917,0.006843024456355534,12,36,5516,d3bab2a0246a6db65a8992de0de95946fb23fb66201502ca105a77b658a10811
92,C92-C2-80.xyz,C92-C2-80,C2,80,92,138,1,3,3,3.0,1.3888329282340517,0.028632233089124055,1.321464978726262,1.4543927736344129,4.271594078853646,0.13774192465450552,3.9707442544050346,4.491556865795334,4.273814316545005,18.26548881230505,6.602087419743207,6.29507351300376,5.368327879558083,0.0037096361905776544,12,36,5516,023fd12397589eb3cb147adda0b7ba6684ca0771828b245ccbfd56f47c5b45ea
92,C92-C2-9.xyz,C92-C2-9,C2,9,92,138,1,3,3,3.0,1.3889053611179152,0.02747429818599229,1.3375973758945552,1.463784813420333,4.281226481578295,0.3473967525496245,3.7377257217676836,5.0253127584769866,4.295297974558842,18.449584690249296,8.072715698401986,5.477402377979759,4.899466613867549,0.02517599365910329,12,36,5516,4c8852981c0aa0c53738dba6c3b361629620824412d059e695341a31baff47ae
92,C92-C2v-22.xyz,C92-C2v-22,C2v,22,92,138,1,3,3,3.0,1.3884884064649075,0.038050850371467784,1.283416713308659,1.4665973066932858,4.283432877346349,0.3612436689520431,3.552437392077141,4.863162577508592,4.298638645325932,18.47829420308956,7.544421096808454,6.715485764986664,4.218387341294441,0.02633661458227432,12,36,5516,0816b80b3faf1c8544ece0b9edfeffc2c4cb00acd7a03f4f66a55390b1bf469e
92,C92-C2v-35.xyz,C92-C2v-35,C2v,35,92,138,1,3,3,3.0,1.388734550980344,0.03240831594527291,1.3230256724644462,1.463500799453147,4.279184364758171,0.3016543038913585,3.6685297549451934,4.697118091757779,4.289803509095373,18.40241414664698,7.185715232746246,6.744171244858072,4.472527669042662,0.01877566174944367,12,36,5516,7b2b2e451f3b48fa4ab3b0e1e5e246b69e82a1a69b1f0e9540b52472f507036d
92,C92-C3-41.xyz,C92-C3-41,C3,41,92,138,1,3,3,3.0,1.3887587043012635,0.03068816858732081,1.3255892463353796,1.4587072975754936,4.27494058977371,0.2403381175468051,3.7251023274399313,4.654949402927107,4.2816911912047955,18.33287945684074,6.750710411285195,6.739668090419891,4.842500955135654,0.010771716086666388,12,36,5516,961677f94e453de4564aae043e346034e94c5bf8b58f7fb2e99723a497fb0588
92,C92-Cs-14.xyz,C92-Cs-14,Cs,14,92,138,1,3,3,3.0,1.3887651613707213,0.030865255980186614,1.3050912688390803,1.4643287096823583,4.277365057165352,0.28793085237207083,3.894589419523842,4.966267492700969,4.287045137155294,18.378756008006853,7.7181410915379765,5.43374276685642,5.226872149612456,0.016975157160672712,12,36,5516,e35c5b95c5abaa74701c8c665a69526a7defd23838ddf90740f881a116eb5733
92,C92-Cs-15.xyz,C92-Cs-15,Cs,15,92,138,1,3,3,3.0,1.3888938517275151,0.02736863107356643,1.323002834464084,1.462972022972415,4.274356805085992,0.22527479562271904,3.893047356971148,4.873309747216535,4.280289105974945,18.320874830727792,7.263157880237553,5.836005529492942,5.221711420997296,0.009804167113584011,12,36,5516,b4e0cc01b7c9cc37a0c2690e96d89d88625bc76ff4bf6f70adbb7e290c38ce31
92,C92-Cs-16.xyz,C92-Cs-16,Cs,16,92,138,1,3,3,3.0,1.3889709718218997,0.025872959162759234,1.3198667546385128,1.4650567429284094,4.2774525521884685,0.2854033642563,3.7869895247285887,4.963059927580152,4.28696342608057,18.378055416552456,7.620781503148001,5.836613146840831,4.920660766563626,0.01674726816392348,12,36,5516,5d7b48ee064295eee6a5e2b9d060334bb978e85a8b92961d6c4ee9308d4659df
92,C92-Cs-21.xyz,C92-Cs-21,Cs,21,92,138,1,3,3,3.0,1.3885220772416522,0.036884502433594424,1.2872187420947534,1.4675428477560712,4.280702502153257,0.33511332312696485,3.572346563903716,4.816961467544514,4.293799582104217,18.436714851278353,7.18338328404747,6.897706588890814,4.35562497834007,0.021387870511285975,12,36,5516,6da3c7278cba59c4689ef7d3801e0f82f1b40792e960c5c8efda7a01186a89a8
92,C92-Cs-24.xyz,C92-Cs-24,Cs,24,92,138,1,3,3,3.0,1.3888313550060374,0.02904455405425623,1.344524242994525,1.4660543134549961,4.274559317348858,0.23133780921715763,3.884785450479028,4.858694899616346,4.2808147051124905,18.325374539507337,7.273971142311959,5.822568239645824,5.228835157549552,0.009888754943687385,12,36,5516,b8826d0fc035af164655ea30349e2ac357f23776bbe260162b444b4556c19d86
92,C92-Cs-45.xyz,C92-Cs-45,Cs,45,92,138,1,3,3,3.0,1.3887130769247207,0.03215811108740671,1.3305120593215232,1.4635114861182335,4.277274383744843,0.27532335337597263,3.6886127156788526,4.707482229984044,4.2861263517019665,18.37087910275401,6.916671450780727,6.826441098410348,4.627766553562936,0.014935880805651135,12,36,5516,8dae8ed6e2c80e27d5383e623ea4278cdb10ca7e7ec8f61b4696084aec80e666
92,C92-Cs-5.xyz,C92-Cs-5,Cs,5,92,138,1,3,3,3.0,1.3888343298058938,0.029618686652026938,1.3276324717330472,1.4716701192862482,4.285275746877962,0.40277906149881676,3.6494920051603033,5.135082303822727,4.3041630079682545,18.525819199162335,8.428140055747935,5.365611357640988,4.7320677857734115,0.03415064317055068,12,36,5516,641e54249225481dfb1aeec0334f1de23771a921578d035d8fc6bb0c48d622a2
92,C92-Cs-6.xyz,C92-Cs-6,Cs,6,92,138,1,3,3,3.0,1.388794769645488,0.031009138103395825,1.3253276349642755,1.4735904722819027,4.283034689778726,0.3679345729160873,3.6316700946864495,5.101217527315191,4.2988093704879375,18.479762003794896,8.136361805327573,5.697029272894461,4.64637092557286,0.028161306269148607,12,36,5516,90cf93c7b98a29e33b937ec7a23200bd9b651f166391a7743b8767ab19db4c48
92,C92-D2-1.xyz,C92-D2-1,D2,1,92,138,1,3,3,3.0,1.3887107928833748,0.033905306608032905,1.3339772711706903,1.4687175392157608,4.297131193125472,0.5178670912392159,3.447112378544435,5.2687289136500155,4.328223979315363,18.733522815120516,9.10504639063973,5.485347936431465,4.143128488049321,0.05631140643745619,12,36,5516,b5669ad6410cafb79a3a0f27f8b57f1770f32807b45fd2d194e53731ab91e2cb
92,C92-D2-81.xyz,C92-D2-81,D2,81,92,138,1,3,3,3.0,1.3888001941076356,0.029008629004809574,1.3216098440916668,1.4502269374135897,4.270670676500072,0.11430144838587962,4.08992042896406,4.486212289390122,4.2722000009621155,18.251692848220703,6.614868518268131,6.096996365928362,5.5398279640242105,0.0026031430761367445,12,36,5516,be3a1879d7bacb2dc4894d5f469b2f1dee485bdb4ff1d1245165da62de520c43
92,C92-D2-82.xyz,C92-D2-82,D2,82,92,138,1,3,3,3.0,1.3887890297371495,0.029074803784040038,1.3216517733503028,1.4531854458395872,4.270569832052097,0.10125806799469254,4.077011755746282,4.474485802857312,4.271770111647803,18.248019886767487,6.58388291194108,6.026129915466939,5.63800705935947,0.0020367097345018468,12,36,5516,dceae06a92a352b3373fa1860aa51a1ae538f332b089858506ecec503fd2215a
92,C92-D2-84.xyz,C92-D2-84,D2,84,92,138,1,3,3,3.0,1.3888876465989153,0.027385946258304275,1.3245130954430009,1.4647154604222623,4.272546841320151,0.17334900422923868,3.943805797364711,4.592223336574526,4.276062018790427,18.284706388542055,6.9686128121498685,6.0236672154092785,5.292426360982907,0.006336897983810177,12,36,5516,965b4e95a08b78fe85f26df3e1821122024bbe3d9ba9535a097b30f71ff11aa3
92,C92-D2h-29.xyz,C92-D2h-29,D2h,29,92,138,1,3,3,3.0,1.3886612993694272,0.03429836238948222,1.3385069779422145,1.4606804886764249,4.284902181057542,0.38104629736951634,3.5805510771489883,4.9337411705770196,4.301811593035044,18.5055829819707,7.875192479425717,6.427455435846538,4.202935066698446,0.029974466597164504,12,36,5516,458a3839f98e6b80755eaae1253a82f3acf37b6fcbe25d2e319b11f799a59b4f
92,C92-D3-28.xyz,C92-D3-28,D3,28,92,138,1,3,3,3.0,1.3887862178353922,0.03030347695701465,1.3476599200094954,1.4566954692041847,4.275214716968349,0.27243983853352277,3.721304732848253,4.767328844393721,4.283886593013748,18.351684341802937,6.772971868817669,6.770493693097878,4.8082187798873885,0.011447658427912831,12,36,5516,77a62cc0632600221ca572385dd0f4e12156d43f5a26116a8b97900738a98de3
92,C92-D3-71.xyz,C92-D3-71,D3,71,92,138,1,3,3,3.0,1.3888077576665414,0.028707982508803926,1.3251059957603393,1.4537348348306165,4.270261257040759,0.08546520059061213,4.126284214498811,4.474180467405067,4.2711164235941075,18.242435503895322,6.52701093991056,5.86610878550452,5.849315778480242,0.0013467260854862155,12,36,5516,e151e19ebc1224de22db527347805d8aba1a4ffe92f65379cd3a4d6c98be19ca
92,C92-D3-78.xyz,C92-D3-78,D3,78,92,138,1,3,3,3.0,1.3888629680929714,0.028114385749451184,1.325784205668479,1.4533786636661485,4.274736844177943,0.22371483768013886,3.7547478133307375,4.529206720321739,4.280586807386419,18.32342341557065,6.732555139990698,6.7257786149867425,4.86508966059321,0.010349488035050746,12,36,5516,b826758087c92be076414aa182913b396af78e9fe0f1196d2c918887192b846e
92,C92-D3-83.xyz,C92-D3-83,D3,83,92,138,1,3,3,3.0,1.388817528502758,0.028747004663337888,1.3234010918840893,1.4445068189524062,4.270372114057774,0.0899121592190371,4.061883231296695,4.43605469971006,4.271318553900855,18.24416218889769,6.30766206713337,6.300492218845035,5.6360079029192836,0.0013410118575851557,12,36,5516,03378d8948ce5fb9dff32cec1f023fd30ef0105c0e67e9fa6753e50d7b0638f2
92,C92-D3-85.xyz,C92-D3-85,D3,85,92,138,1,3,3,3.0,1.3888972904383328,0.02733602663497191,1.3194897536547983,1.470233688907991,4.272011239711827,0.14560763870340515,4.03429033353867,4.596124047884741,4.274491971763775,18.271281616672965,6.885687514773313,5.698883680923633,5.686710420976021,0.004262820341089227,12,36,5516,ef93048ef0d480e93c47d5998c1c7609a3f813fc1a68a92c53d90cb9c6e5a8d9
92,C92-T-86.xyz,C92-T-86,T,86,92,138,1,3,3,3.0,1.3888259418325102,0.02882996182512272,1.3242682432196282,1.449289915786348,4.269992593404842,0.05145272586685049,4.154784847935959,4.379604534512812,4.270302580699795,18.23548413073133,6.09070896499124,6.074967893634939,6.06980727210515,1.0695094337016386e-06,12,36,5516,0a6053b2c6ca427c62dae62193fee487f00ace0e2da954a65715e463777f3b70
94,C94-C1-10.xyz,C94-C1-10,C1,10,94,141,1,3,3,3.0,1.3886748745786819,0.03320495697607726,1.291994291783056,1.462996408061209,4.323698972930364,0.2888538231261512,3.8477741648029493,5.035228474915674,4.3333369750867154,18.777809339653686,7.814845745999478,5.79407980816395,5.168883785490259,0.016272377265745732,12,37,5634,a8cdad8e82087aa6e75f70c767ec7871af0c157bc811c274ac8a36a1e880c65d
94,C94-C1-100.xyz,C94-C1-100,C1,100,94,141,1,3,3,3.0,1.3886998350272195,0.03261252376023203,1.305920234930143,1.4618040429551424,4.320251853904062,0.20960701761950573,3.8478460899992237,4.666826576564268,4.325333649904574,18.70851118299683,6.953524118660421,6.605284531295192,5.149702533041215,0.007848043393836966,12,37,5634,7539f54adfc69946193b61aaea7a1983bee5233f389cc0aa172c874d2a57245f
94,C94-C1-101.xyz,C94-C1-101,C1,101,94,141,1,3,3,3.0,1.3887645598094953,0.03047619182579661,1.320325024378467,1.46652239328283,4.317688580645138,0.13386600960360764,4.081820371687152,4.64943344731114,4.319763279157855,18.660354787960625,6.834438555349364,6.120430977390481,5.705485255220777,0.0028094093232027355,12,37,5634,6c1d52e8a9c9616599e7be172cef992183b29f09f81db2ea45990ad903590c7b
94,C94-C1-102.xyz,C94-C1-102,C1,102,94,141,1,3,3,3.0,1.3887858976795027,0.030121142797339486,1.3240264989795334,1.4653443383723845,4.3181666254472955,0.15008766039308682,4.012007097083649,4.668043668142777,4.320774156436455,18.669089310929156,6.946820562857064,6.0805059814654,5.641762766606694,0.0037961369818649425,12,37,5634,1af0b16171ea26cd7dd3ae0ed32d22c5859667ac14b2dc6335f52fc667ed4363
94,C94-C1-103.xyz,C94-C1-103,C1,103,94,141,1,3,3,3.0,1.3887161756142108,0.03191936269884149,1.3141384440004793,1.4632481163493767,4.318790947224995,0.16616473222339317,3.9659654824058514,4.7086236623220765,4.321986344734033,18.67956596406745,7.0473132041030535,6.126401463481533,5.505851296482866,0.005171961743852434,12,37,5634,07b24859408126087c997f9b08f34ef3d7bc96a6ae59fb8e013a504ad36bb212
94,C94-C1-104.xyz,C94-C1-104,C1,104,94,141,1,3,3,3.0,1.3887155585410147,0.032038705838271286,1.3122935494774026,1.4640890751590219,4.3198095841712565,0.19268738429143864,3.856467491860589,4.675350187570531,4.324104909870125,18.697883271562922,7.027142481295133,6.416950497239555,5.253790293028234,0.006964964126824864,12,37,5634,f8c85738bd590b225382fdf82e03d8ca8fe33c2baaad5efd636cfc662c971177
94,C94-C1-105.xyz,C94-C1-105,C1,105,94,141,1,3,3,3.0,1.3887062145737872,0.03213329222770279,1.3100670059199262,1.4656250918976517,4.319958517306153,0.19822749501361228,3.8604604478206244,4.715098354317706,4.324504102324953,18.70133573102535,7.140316717542855,6.309793870307207,5.251225143175286,0.007690003388565401,12,37,5634,8f9be184adf5776586989a5d7584e93d757f3bd74a14e686c67394159818f736
94,C94-C1-106.xyz,C94-C1-106,C1,106,94,141,1,3,3,3.0,1.388601722831606,0.03462194956453057,1.3099462508057345,1.4665993079229243,4.320580655206482,0.21818606408534882,3.8430619029895117,4.7646146654264285,4.326086263206679,18.715022356705525,7.090864601925803,6.502114244411742,5.122043510367977,0.008747241448487406,12,37,5634,9b8a92d137a9a8d2d025e5bc6f788a273081a3a72746d66c79dbf314bc9dd6d7
94,C94-C1-11.xyz,C94-C1-11,C1,11,94,141,1,3,3,3.0,1.3888207022736645,0.029997795189443253,1.3042329584855614,1.4625605833605662,4.324211165129913,0.29663366838658867,3.820448787436092,5.056338633789234,4.334373511114921,18.786793733854694,7.8347971688791755,5.917871986747277,5.034124578228241,0.017423999104803526,12,37,5634,233906b35525e8dfca997868a52ff6c466ad32bf3ff7ec4ff8e6a6c87faa8dc0
94,C94-C1-111.xyz,C94-C1-111,C1,111,94,141,1,3,3,3.0,1.3887248615629226,0.03177870084500856,1.3091729221153332,1.478191195346529,4.319049247394656,0.17473837359503194,4.006269835853658,4.6835821958777695,4.322582549891556,18.684719900626984,7.1499209705715225,5.898162499483342,5.636636430572119,0.0056217621745576546,12,37,5634,908ef0b490757a883676d5f9b258d90cbcf83f009d0fd1dfdd5d54f1852e39db
94,C94-C1-112.xyz,C94-C1-112,C1,112,94,141,1,3,3,3.0,1.388821822949059,0.029352958235764292,1.3153294150135928,1.4661138871179145,4.319575600585619,0.1917233456252027,4.018414093521782,4.75380894660737,4.323828304920574,18.695491210432326,7.280689126733314,5.7805322876182235,5.634269796080789,0.007127689449737905,12,37,5634,64fcedf84642d01ac58d75932f3c9fd28a00461180336236e88c21394a096e6a
94,C94-C1-113.xyz,C94-C1-113,C1,113,94,141,1,3,3,3.0,1.388670024134549,0.032975950175977535,1.3038123369565116,1.479348464696537,4.320219753969878,0.2086061615976619,3.897859634840913,4.770965411865822,4.325253201056335,18.707815253248075,7.297638829851112,6.088186061492883,5.32199036190408,0.008504741298383018,12,37,5634,07f4e0da7e955842d4b78fd2c1e6b1b61726a9bdab5aa8ec84b5c716fd6078c4
94,C94-C1-115.xyz,C94-C1-115,C1,115,94,141,1,3,3,3.0,1.3888393600029558,0.028802007789030002,1.319099655067804,1.466508796427761,4.31867134281574,0.16221118377120505,4.033314316840607,4.658951096239885,4.321716630622416,18.67723463539837,7.101653534318841,5.956659016722944,5.6189220843565835,0.005193757379446515,12,37,5634,7ff3271e1037fbc518b5667a8f033accbd70aad57d72be27861b4883240069b2
94,C94-C1-116.xyz,C94-C1-116,C1,116,94,141,1,3,3,3.0,1.388785152975092,0.03048039964428473,1.3083340781314228,1.4677746080376237,4.31953457397533,0.1846265912581667,3.9663588629969797,4.694140126373747,4.323478450734761,18.692465913967855,7.230386955741211,5.963078865610251,5.499000092616393,0.006896143597158215,12,37,5634,bd2de86f598476757fb4b565fad6a0301ec7c42016bf174b188ee1af76605aea
94,C94-C1-118.xyz,C94-C1-118,C1,118,94,141,1,3,3,3.0,1.388854511088956,0.028501216961423773,1.3222798796018942,1.4674648411461177,4.318284177864751,0.14660579409137436,4.036961098179437,4.626083188616625,4.320772095315629,18.669071499658212,7.000157991358421,6.009628510334709,5.659284997965082,0.004162904757387213,12,37,5634,0e2266e8a5949635ce161594200f0c62f25b76b350e2fbc231447de1191df818
94,C94-C1-119.xyz,C94-C1-119,C1,119,94,141,1,3,3,3.0,1.3888369927867015,0.02894943658413941,1.3209170337307337,1.4671704093253788,4.3189882815595215,0.16729822168987893,4.027584708995286,4.65141643778614,4.3222272581655234,18.681648471229057,7.131660489288053,5.954236275828047,5.595751706112958,0.005549871736153275,12,37,5634,64d840f1091137d2cac476c640a814bafe21c9313f1355b848634fd690ab0ee7
94,C94-C1-12.xyz,C94-C1-12,C1,12,94,141,1,3,3,3.0,1.388844381198251,0.029011708174641767,1.320133228125101,1.4612205138171308,4.324195964970845,0.3021115919588455,3.8461881587394515,5.036839171235831,4.334736688365979,18.789942157466054,7.920805442743361,5.674402320977743,5.194734393744951,0.017996661101274004,12,37,5634,05fa98f4dbcda2407c66615a81ed924ec79ff1ae2e2be46e8c01a8d0e237e9c4
94,C94-C1-122.xyz,C94-C1-122,C1,122,94,141,1,3,3,3.0,1.3888552776483802,0.028623492868366553,1.3202334528408224,1.4654840190189726,4.318509274924055,0.156305159843182,3.994385126321702,4.623079005857602,4.321337022334487,18.67395366059869,7.011401205284692,6.137134930283926,5.525417525030075,0.004798578166722171,12,37,5634,0fe17d0600a9907dca420dc26c974fa7260b606e17921ea8ff00a3880f789aa0
94,C94-C1-123.xyz,C94-C1-123,C1,123,94,141,1,3,3,3.0,1.3887988593080443,0.03000252970884486,1.3143374528636094,1.4751612962655982,4.318609474516371,0.15794573270096876,3.977657841714895,4.669088589500852,4.321496806415692,18.675334647861025,7.058539106558718,6.029717722448944,5.587077818853361,0.004902400203031591,12,37,5634,cf7022f2bf11380baa154f32d6758b3b137b05a51b5604cbb411a510ab3a942b
94,C94-C1-125.xyz,C94-C1-125,C1,125,94,141,1,3,3,3.0,1.3888348608447052,0.02890568199169658,1.3264741271506204,1.4682828405998618,4.317678899994279,0.12466839914696974,4.098680730104535,4.6143099780696595,4.319478358922716,18.657893293201674,6.856526549275804,6.034364238691954,5.767002505233915,0.00277851398129565,12,37,5634,ae1296fb98e36897ce6ff8c20d434b8e8df841d88f4399b7264fee4aaddac6f4
94,C94-C1-127.xyz,C94-C1-127,C1,127,94,141,1,3,3,3.0,1.388789445802327,0.030239458881654215,1.3096619640197236,1.4749760337035989,4.320097691268661,0.2019311264975223,3.881338486552746,4.692141784575278,4.324814474859397,18.704020241953366,7.228418162970055,6.21276925401658,5.262832824966731,0.008285847046825449,12,37,5634,7119a8fb6dec5a591a6c4f7e489d6009de10c075e1f05160c5d2e9b2b3cf266d
94,C94-C1-128.xyz,C94-C1-128,C1,128,94,141,1,3,3,3.0,1.3888512351669695,0.028603525684197915,1.3232279848914927,1.4664660787075845,4.318774668505672,0.16651728005843533,4.001385056496026,4.66163685446463,4.321983646647027,18.679542641884336,7.068723228644877,6.1416622075572445,5.469157205682214,0.005546053021302711,12,37,5634,d697d14d4d336e4aafe3fa5c4ffd9196ed6ba12d7510f90c2f2797019b24c2a0
94,C94-C1-129.xyz,C94-C1-129,C1,129,94,141,1,3,3,3.0,1.3888505318621227,0.02857183811961159,1.3218351523544833,1.4647779422151328,4.319072738296779,0.17641925735031605,3.9708689424090275,4.668764100656171,4.322674296435307,18.68551307306247,7.112624129069425,6.151114936701423,5.4217740072916225,0.006179911274724389,12,37,5634,364cc1c41164cf4669a96cca3d0c435aaec71910824f34b5c593507f5bec3a62
94,C94-C1-131.xyz,C94-C1-131,C1,131,94,141,1,3,3,3.0,1.3888055070528502,0.029926686391905318,1.3146733206390095,1.4799467929625039,4.319285848096931,0.17848862704039284,3.976283766723728,4.691232239712173,4.322972175199975,18.688088427553197,7.203410280119598,5.9464105811814365,5.538267566252164,0.006470148122910692,12,37,5634,5b04f7dbb1413a8ff81a3b4ad8a70cb9f323c933139b911e0e6a1a284594fe6d
94,C94-C1-132.xyz,C94-C1-132,C1,132,94,141,1,3,3,3.0,1.388870830715656,0.02812882948499981,1.324508323869654,1.4671206562515573,4.318295801138306,0.14721521616916786,4.024553166972302,4.648098825024166,4.320804432741713,18.669350946000442,6.988988152523404,6.063359310439457,5.61700348303758,0.004215190344984571,12,37,5634,c9b69ad1658e88825e437e86b95dd00b2af1ef069b70beeba257464a3eda7ae9
94,C94-C1-15.xyz,C94-C1-15,C1,15,94,141,1,3,3,3.0,1.388816246534216,0.02949312266609747,1.3189800680829102,1.4602901732190077,4.322205744627794,0.26294832147069425,3.8786444555290274,4.981641944612335,4.330196799067886,18.750604318657764,7.653777788037149,5.793671134195676,5.303155396424939,0.013120616381917014,12,37,5634,a0c2d0cb7e7d285ee20df538c6111cb974016437644b23ee692859a8c9d87d38
94,C94-C1-16.xyz,C94-C1-16,C1,16,94,141,1,3,3,3.0,1.3888111467507853,0.030038402273151455,1.311703552636799,1.4570878834167829,4.322415432583852,0.26844733593727066,3.8257393203769774,5.003379642251803,4.330743486286259,18.755339144010865,7.633742917472959,6.006434877495848,5.11516134904206,0.013909592724491883,12,37,5634,dc45595c9c059047efaadc3fc098fd7ab61ecc4f2ebd97456ccd399a02cbfd3a
94,C94-C1-19.xyz,C94-C1-19,C1,19,94,141,1,3,3,3.0,1.3888134324251475,0.030059128265398773,1.3124422653968442,1.4735808393162555,4.325973561925014,0.32335549287022664,3.741032264324099,5.065407092454501,4.338041727927885,18.818606033243547,7.998687513825082,5.892274073030311,4.927644446388153,0.020893991388384745,12,37,5634,c9324444a8a64a90b855089934e1df0866e5d1906cd671e809ae5b4d92c72f98
94,C94-C1-2.xyz,C94-C1-2,C1,2,94,141,1,3,3,3.0,1.3886461214118813,0.03492212996793691,1.2936718285562223,1.4809920729024848,4.334356217200889,0.43219384966277435,3.5704528893855207,5.239197680009319,4.355850702362781,18.97343534127433,8.59236843834394,5.992223548840177,4.388843354090214,0.03750258475806342,12,37,5634,7e1e651928a033c3acc27c6e2622684f3937e78f4019d38c5b378dc989bec100
94,C94-C1-21.xyz,C94-C1-21,C1,21,94,141,1,3,3,3.0,1.3888012408012462,0.030237673228146047,1.308387224792416,1.4605354360644591,4.325547098460685,0.3198741746349607,3.7710411215246302,5.080006401342084,4.33735831913851,18.812677188600045,8.010070308822483,5.783904906726555,5.018701973051007,0.020470392343216723,12,37,5634,afbcc568ecdb5e6fd09f012da805edee4f8c85ca64c6a4a5053728b1fa7e5774
94,C94-C1-25.xyz,C94-C1-25,C1,25,94,141,1,3,3,3.0,1.3886102524948076,0.03506034715889366,1.2961550408805267,1.4855887923648319,4.326068483871333,0.3201744500382234,3.640058987178999,4.975795381830399,4.337900437493014,18.817380205602078,7.7335966470317254,6.404545818435133,4.679237740135219,0.019870684673838446,12,37,5634,4022613e8f247887e130f2e05e81c2783cab4a9cdcec6954ff14ca79b8fc096a
94,C94-C1-27.xyz,C94-C1-27,C1,27,94,141,1,3,3,3.0,1.388594558513998,0.035500420655723786,1.3070392304747396,1.4752993391173193,4.325982360752649,0.318638617596774,3.607192531254062,4.917458440140985,4.33770145977879,18.815653954167047,7.495952043925707,6.747477765221856,4.572224145019482,0.01954660972015304,12,37,5634,f84e108059d8d9baea3fa8e746e8b2506ae6e43177970b5da76d59f38ab99302
94,C94-C1-28.xyz,C94-C1-28,C1,28,94,141,1,3,3,3.0,1.3885591025986355,0.036119876382747926,1.3038994746528583,1.4684385891143015,4.32703079052013,0.32898773406305254,3.6070392630249253,4.924228097528866,4.339519373303131,18.8314283912732,7.668507552514779,6.619478209332227,4.543442629426193,0.021397977721746866,12,37,5634,3af72fe22b836851929ccac461bb47b4b4196186c578f6da11024c6dc1a07db1
94,C94-C1-29.xyz,C94-C1-29,C1,29,94,141,1,3,3,3.0,1.3887228515838088,0.03255588974394127,1.303252980046468,1.479939823100926,4.325713127441666,0.31016868922461,3.679476440757674,4.951785250452749,4.336818958256901,18.80799867669647,7.652123006281136,6.477592902919234,4.678282767496099,0.019026308460529603,12,37,5634,f4f70f4acedcc7237e91f3dc8f8ba0c10f58e1cbc5ea76b3e07f7db00e41cc1e
94,C94-C1-30.xyz,C94-C1-30,C1,30,94,141,1,3,3,3.0,1.3884668722553102,0.038184308127098235,1.2950783798674117,1.4917790888734161,4.327999573779149,0.35495189299573027,3.5563562524746613,4.936077203097734,4.3425305015594,18.857571156973734,7.51694478518065,6.934755351233568,4.405871020559515,0.023077350520999892,12,37,5634,90a788d4296d66869528294b3f258defe74516ab8a446f5027cdd4c9b9fa879c
94,C94-C1-32.xyz,C94-C1-32,C1,32,94,141,1,3,3,3.0,1.3887460238629448,0.03169654430963468,1.328178410455463,1.4784719003078817,4.32451198446689,0.30481290419043705,3.7684781997346466,4.941940328213198,4.335241032556178,18.794314810358756,7.83779213575791,5.924525040929489,5.031997633671358,0.01745294732048472,12,37,5634,1db2f59615b8300b3b640ac6fcab3edd5858162aaac787d2ddcc0dac20dbef2e
94,C94-C1-34.xyz,C94-C1-34,C1,34,94,141,1,3,3,3.0,1.388833703278818,0.029137629370866162,1.3270676471077125,1.4641838067674426,4.320727855043597,0.22962345783187418,3.9646963414279006,4.91731654965582,4.326825179012471,18.7214161297363,7.464938376052374,5.814573752325896,5.441904001358031,0.00992214613694464,12,37,5634,4ac2a209926a77f5157e141f6abbabaabbd5bfc68553bd1726d1038e319a782c
94,C94-C1-35.xyz,C94-C1-35,C1,35,94,141,1,3,3,3.0,1.3887227554638482,0.03188016929826383,1.3143380615351594,1.4747433030870152,4.321640656677316,0.25339053294931446,3.869403309217921,4.933978312057592,4.32906280014909,18.740784727634676,7.47396852003598,6.11173064614162,5.155085561457074,0.011599779816326252,12,37,5634,5a076bb531c8c67aa9a46532385c611fa2f457dcc4efc6cebb58917a360594b9
94,C94-C1-36.xyz,C94-C1-36,C1,36,94,141,1,3,3,3.0,1.3888541626967885,0.0286170522903498,1.3246096708087256,1.4610804700631654,4.3210830862290495,0.2387558122379226,3.8876500422965368,4.912728921317254,4.327674130057872,18.728763375972157,7.470305464922419,5.99176744936444,5.266690461685299,0.010787416571913684,12,37,5634,65ffdbe560560de626a9c3aee5b7e316020717220b07b5fb555fa507f0acf9c5
94,C94-C1-37.xyz,C94-C1-37,C1,37,94,141,1,3,3,3.0,1.388727865778071,0.031559001190872044,1.3319370067687135,1.4605579824163095,4.321129001865079,0.2466814812149683,3.85346696195999,4.9160855910375,4.328164461285396,18.733007603933903,7.41519155501654,6.081681368965104,5.236134679952256,0.010317697003550445,12,37,5634,7c7c43dedb4dcde78161cf1cbca78b3b945f4a16e8bed8e1f87ad16a4b4dc346
94,C94-C1-38.xyz,C94-C1-38,C1,38,94,141,1,3,3,3.0,1.3885538198768326,0.03657642848966971,1.302073427268985,1.481286420649295,4.329247084605279,0.36152344821299653,3.5560806222789765,4.985214051084141,4.344315771576822,18.873079523171118,7.836002827329053,6.629404785619073,4.407671910222992,0.025471334393807426,12,37,5634,81aabe21e2454053f76ac3538ed237bbde36fe8532b767b484fede69345408d2
94,C94-C1-41.xyz,C94-C1-41,C1,41,94,141,1,3,3,3.0,1.3886636082978636,0.03375130378057346,1.32422337617186,1.4822429659134833,4.325499522436463,0.31281386556070606,3.663448841481062,4.932825872068558,4.336795894792042,18.807798633085106,7.518404303133248,6.656995938946816,4.632398391005043,0.01861579065311572,12,37,5634,d791e24a036df11fcee6abc43b7a3beafc62adb16388aed73c0cfec9c54c5c14
94,C94-C1-48.xyz,C94-C1-48,C1,48,94,141,1,3,3,3.0,1.3886716676109705,0.033332800706426614,1.2948488019842317,1.4741900996818558,4.323655909459171,0.2776411837365237,3.7632723529756507,4.855263344711663,4.332561026726321,18.77108505030783,7.531316705791172,6.357905679443465,4.881862665073192,0.015006519177727898,12,37,5634,c678626d9db4abbef7d42fe779404b6bad00fcc97a6440378f7a04e8b5294c8c
94,C94-C1-49.xyz,C94-C1-49,C1,49,94,141,1,3,3,3.0,1.3887964595744142,0.030401888026211025,1.3099186081585374,1.4748524570274817,4.322597014535124,0.2571130765214132,3.7965072825075503,4.82620138011791,4.330236954738885,18.750952084186288,7.465752587377255,6.308897212199157,4.976302284609875,0.013241658095021683,12,37,5634,10ea52cf755f7a026b1507b011b88cd02d8f291968e0efeda194ec5aa936a604
94,C94-C1-5.xyz,C94-C1-5,C1,5,94,141,1,3,3,3.0,1.388795970292327,0.031073426980827174,1.33273077926489,1.471798539202971,4.330626885946296,0.3887754238094326,3.656745163493226,5.2063103839401075,4.348042726956476,18.905475555439104,8.368046805703283,5.907795600883682,4.62963314885214,0.0303039188847469,12,37,5634,222e10c43a00b2f03d638e5154a7585cfa377dda5971d0a3f1d71fb1aa3fdaa3
94,C94-C1-50.xyz,C94-C1-50,C1,50,94,141,1,3,3,3.0,1.388696136168257,0.03289145766150714,1.2990589363073564,1.4743899450281124,4.323357587155416,0.2797726420539987,3.7604276340545155,4.8265304416918235,4.332400438285475,18.769693557656176,7.473989451683169,6.471443076614258,4.824261029358747,0.015241734431658181,12,37,5634,4abf8a8d18f694e191148f71fe18dac801d395f5f746132d75b42d5cb41ebcfb
94,C94-C1-53.xyz,C94-C1-53,C1,53,94,141,1,3,3,3.0,1.3886721712662402,0.03311814289786939,1.30751676853492,1.4649017782773015,4.322758432964741,0.2639732747491529,3.757954873250423,4.745025666547559,4.330810820106274,18.755922359549576,7.144285996674673,6.763643338215991,4.847993024658911,0.012916378036509994,12,37,5634,7880ee6a0f936453c09e1a59b9404b3bfa1244523f1880b628cb79525413c1d2
94,C94-C1-54.xyz,C94-C1-54,C1,54,94,141,1,3,3,3.0,1.388857352350932,0.028648576230768042,1.322723255257879,1.4660825147310093,4.320014866946759,0.2019367378706778,3.9197314956432896,4.74183142102129,4.324732002880972,18.703306896742866,7.240706556846511,6.127010603362552,5.335589736533803,0.007855804302559067,12,37,5634,f31dc1b10e62203ef15a538c32ed756eec03d227a2cf75a10212cb32ac8f296d
94,C94-C1-55.xyz,C94-C1-55,C1,55,94,141,1,3,3,3.0,1.388716482968086,0.03224308717132966,1.3101174947309113,1.4649544600430418,4.322699099324046,0.2597297854210463,3.7504079274938404,4.756730103115506,4.330495013821373,18.75318706473178,7.148002911930493,6.752213422300392,4.852970730500894,0.012839645179583409,12,37,5634,210d2b75d9a9a055fdf20d23280b89b5dd2abf547002afb6e037e2985538a31c
94,C94-C1-56.xyz,C94-C1-56,C1,56,94,141,1,3,3,3.0,1.3888443181611805,0.028977869705732545,1.3227299119623779,1.4655386893562383,4.3213870096963785,0.23628006111926844,3.8359620339062785,4.7562648105326115,4.327841720171285,18.730213954855145,7.206175097094643,6.525558664431555,4.9984801933289456,0.010930255081739058,12,37,5634,bf9690c4a42c4b47b18a7606552020dd37476cc7226e791bf17543ed83009318
94,C94-C1-57.xyz,C94-C1-57,C1,57,94,141,1,3,3,3.0,1.3888515303006006,0.028781617978359025,1.3200887621671509,1.4645572846427009,4.320165215109308,0.20576555933080307,3.8992921727317764,4.756936072549987,4.325062652869571,18.70616695124717,7.176830603435526,6.311360616485368,5.217975731326274,0.008261359663303599,12,37,5634,2ee69e5a27d3ac69710697e9d6faeda7d3b88a50b5cffeb3de6121307a2cfb0f
94,C94-C1-58.xyz,C94-C1-58,C1,58,94,141,1,3,3,3.0,1.3886103587912169,0.034701481311976985,1.2994964986486113,1.4810755585046969,4.322488309179179,0.25695649810798515,3.747489445897171,4.7596516855266024,4.330119146733793,18.74993182491059,7.209741501183773,6.6065165853323045,4.9336737383945115,0.011865356258819492,12,37,5634,bc43055a7afd631c78fd556ff4a7fa3d61e7ff71232843ae3ada9bf471542805
94,C94-C1-59.xyz,C94-C1-59,C1,59,94,141,1,3,3,3.0,1.3888443220970237,0.029048801689016822,1.3213245589180578,1.4677006608978547,4.321317007210993,0.23099558436068188,3.8218641524371644,4.754955284227539,4.327486526472973,18.727139636805116,7.219551597607065,6.448512805072233,5.059075234125818,0.010254601637146586,12,37,5634,2cd91a1c2628a63ed58a85854fcf6ca20e121fab78d99c4e43160ca98b99f295
94,C94-C1-6.xyz,C94-C1-6,C1,6,94,141,1,3,3,3.0,1.388692817272511,0.03373759977702907,1.3110564480601128,1.471464596923759,4.332477364304269,0.4133484998376828,3.5713922661130053,5.207437792576899,4.352150858429305,18.941217094526937,8.464246641140308,6.007989369497686,4.468981083888943,0.033954780489526985,12,37,5634,88f796caad25d81f8caff1c9ab13480adc975912d15af19da8f7ea0320c58ac6
94,C94-C1-60.xyz,C94-C1-60,C1,60,94,141,1,3,3,3.0,1.3887564894485451,0.03148694596696088,1.308030680068323,1.4806724688465036,4.32326649658686,0.2699884832834472,3.733346251230305,4.808190402609445,4.331688698604289,18.763526981616117,7.4084600279500465,6.486787627571482,4.868279326094589,0.01409033528773757,12,37,5634,191a623225a4113dd938de94ebc6ec61497099f1b52bcb92a6e72d9cdd353596
94,C94-C1-62.xyz,C94-C1-62,C1,62,94,141,1,3,3,3.0,1.3887372877079929,0.03137910130884978,1.3112004003965223,1.4752449898237239,4.31987819179102,0.20178413518508437,3.875948812106198,4.740014332124779,4.324588353719234,18.702064429124036,7.133654900488805,6.327435172867053,5.240974355768179,0.007737470502362799,12,37,5634,1bd46b16633f77aab52a944b11cbda63e3033a91815d40f534c0e747874be83c
94,C94-C1-63.xyz,C94-C1-63,C1,63,94,141,1,3,3,3.0,1.3886394123874026,0.033725651934580075,1.3019304013656032,1.4726090316170142,4.3205116445232585,0.2233016045059251,3.862578218210448,4.771598826309752,4.326278363332158,18.716684477035983,7.171793828319169,6.417781236552525,5.127109412164288,0.009156211314779509,12,37,5634,28257b48fe3ac79d7b6e46317b7f2d58bbe1fa959148670e857b8e38cd606229
94,C94-C1-64.xyz,C94-C1-64,C1,64,94,141,1,3,3,3.0,1.3887013692907464,0.0323253383181328,1.3121631224813475,1.4812499654008437,4.3220655354167326,0.25185388274400267,3.9000976126561,4.831133022315742,4.329397287231833,18.743680870690355,7.57272607659218,5.993344834801662,5.177609959296514,0.012661261239787775,12,37,5634,e4b68102ee60838f582c1ecdd85b8bc6c869f08dff95bdf809f9b506b35d0cf5
94,C94-C1-65.xyz,C94-C1-65,C1,65,94,141,1,3,3,3.0,1.388800384006056,0.029818985483567862,1.3215922555765829,1.4624413902785987,4.32079133323285,0.22538801490260704,3.8965292755703587,4.820990758116525,4.326665864450577,18.72003750260186,7.409252740129406,6.04123188237052,5.269552880101933,0.010052061664234495,12,37,5634,feedfc53b70031466ed926abcdb0cbd3de6c22a5dbd1a0a62e53ede16f96de2c
94,C94-C1-66.xyz,C94-C1-66,C1,66,94,141,1,3,3,3.0,1.3886888458249216,0.03259353119521455,1.3141026063439643,1.4784777340223965,4.3215820591371035,0.2430129349380816,3.8830841252060058,4.826669497324798,4.328409266740254,18.735126780402897,7.490577339088412,6.074586147272065,5.169963294042421,0.011693029560020314,12,37,5634,f3df29327262646e16f96a3d84f2bcd39d38bee9cfa339b1e54b2b7fd7379732
94,C94-C1-67.xyz,C94-C1-67,C1,67,94,141,1,3,3,3.0,1.3887072583177082,0.03219952403678838,1.309133323997216,1.4600476738791783,4.319536998715475,0.1908175718020101,3.991235406708601,4.773081264342741,4.323749672330754,18.694811228980306,7.272770397408507,5.790449406185904,5.631591425385895,0.007032956404442196,12,37,5634,9ccc480fbe47a17d48da4362682c30739a921e45efb022b77ce5abe8262ed0fb
94,C94-C1-68.xyz,C94-C1-68,C1,68,94,141,1,3,3,3.0,1.3887144833239908,0.03191573864971516,1.3099064623094276,1.4754166394615453,4.31931333504508,0.18510858069086622,3.9770850011423793,4.7561811907772364,4.3232780240164566,18.690732872943634,7.171765459446316,6.042276069126904,5.476691344370415,0.0063961526106702605,12,37,5634,d3e03b586ad87d56fc732aa0f55b112c0493775908b7b03b7cd1e5d12ab73bf4
94,C94-C1-69.xyz,C94-C1-69,C1,69,94,141,1,3,3,3.0,1.388736303865551,0.0315635308841689,1.3097767290649196,1.4735228298197487,4.320241240084657,0.21299901983140582,3.873320603290373,4.776794642110437,4.325488753306078,18.70985295497737,7.258956081767932,6.220496459898982,5.230400413310456,0.008818133178467174,12,37,5634,eb0a10c89d18dc9ab73f5bf2fa36b77c14f1856fc7bd3233f3f9c0fe61890dad
94,C94-C1-70.xyz,C94-C1-70,C1,70,94,141,1,3,3,3.0,1.388625848184014,0.03411541211651455,1.2961288554769543,1.47356636090812,4.3206373511477425,0.2227082383349178,3.861737894396672,4.755216635412112,4.326373317174008,18.717506079555232,7.191865919653811,6.379688418293828,5.145951741607594,0.009087474760649248,12,37,5634,cd4e62abde9397002659b3e6f24d8f2d90d028b51ac2c0ae38b88a41442ffa29
94,C94-C1-71.xyz,C94-C1-71,C1,71,94,141,1,3,3,3.0,1.3886370568172561,0.033742668778860084,1.301137905834735,1.4825006644180636,4.320285957715833,0.21013362977817723,3.9895766453970416,4.81325373607037,4.325393265218825,18.709026898800364,7.3976824378288155,5.66108400418304,5.650260456788509,0.00866984965116706,12,37,5634,9005520c33cebca14732cc6235e8e36aef957b1734318476f5361ff3d580bbb5
94,C94-C1-72.xyz,C94-C1-72,C1,72,94,141,1,3,3,3.0,1.3888202707869037,0.029396638087108812,1.3164429535684408,1.4667888941493932,4.319950635055799,0.20557258025401512,4.021067107618481,4.819003978281679,4.324839138635251,18.7042335750713,7.3749692621226215,5.691284293405771,5.637980019542905,0.008367579820757108,12,37,5634,fb33c5342bec53a43bb22d9ba1aaccb7c57b688b31febcc0dfed66fab5e09252
94,C94-C1-74.xyz,C94-C1-74,C1,74,94,141,1,3,3,3.0,1.388814305729919,0.029459489216344087,1.3234845635669497,1.4658283937760244,4.320865238921602,0.22298628928048042,3.909239004352188,4.804026544689846,4.326615224182539,18.71959929812812,7.378647809169647,6.086541344026872,5.254410144931602,0.009808658818844688,12,37,5634,c97a4bd4107e4e31449bb904fe0f5b39fd81f8ec5d3a39b218f3b6d4f1d03b10
94,C94-C1-75.xyz,C94-C1-75,C1,75,94,141,1,3,3,3.0,1.3888147916684697,0.029523426981602683,1.327117361049881,1.4668997136818864,4.319289261678145,0.18596738963227302,4.007102902175844,4.764411821181872,4.323290829455587,18.690843596054776,7.198149003365437,5.991595522630186,5.501099070059153,0.006549831884137661,12,37,5634,e1c594b9339230f29f0b0aa73492179e930e5bca66163282760e37d14b3c6ae4
94,C94-C1-76.xyz,C94-C1-76,C1,76,94,141,1,3,3,3.0,1.3887829780843213,0.030653831275972033,1.3102922193159814,1.4666711458264936,4.322506531284278,0.2552934723245984,3.763208633683695,4.775749324785033,4.330038968647602,18.749237470006793,7.326738746432247,6.521905386324083,4.900593337250463,0.013032300577220452,12,37,5634,96b0f252a5e08238aa547ab5a878d3dbdb6b0b9abd4260544c49f88f19d05d8e
94,C94-C1-77.xyz,C94-C1-77,C1,77,94,141,1,3,3,3.0,1.3887295459977873,0.031595211085860116,1.3102428820642378,1.4632729512978773,4.320115761168641,0.20294685574192803,3.8571780123358015,4.732506626279877,4.324880069568779,18.704587616153244,7.047968303810281,6.471836486824357,5.184782825518606,0.007802935728104907,12,37,5634,9cbeede90094599ba37c01e8c8a7428e45fe8e4f0097dda67f9dc39914d600cf
94,C94-C1-78.xyz,C94-C1-78,C1,78,94,141,1,3,3,3.0,1.3887102171763954,0.032009723931961095,1.3101735572053042,1.4612504542343177,4.319546087765027,0.19222167961874467,3.958837061262086,4.7659108312304,4.323820946621357,18.695427578441606,7.205751663632156,6.097894085959807,5.391781828849641,0.007176189729927359,12,37,5634,63006bf71ede2ef2326f44b20e7fb5d67d13ac99d71bbd7a9d791da987b1200e
94,C94-C1-79.xyz,C94-C1-79,C1,79,94,141,1,3,3,3.0,1.3887259199489943,0.031721343902533616,1.311604929084974,1.4660496785579948,4.3202241398077765,0.2109129042578718,3.8511096550797097,4.777959252286691,4.325369449117653,18.708820871360345,7.221000863824335,6.281872553202179,5.205947454333831,0.008713812670392134,12,37,5634,397a8f64d472f9a5ad7c13ea14f43741088b2c30c18e026a442e3ad2e8ed7073
94,C94-C1-8.xyz,C94-C1-8,C1,8,94,141,1,3,3,3.0,1.3888016040572724,0.030363513247670816,1.3060781944431965,1.4620162345199865,4.326378575130003,0.33272698041156373,3.7977230118138112,5.091926853989073,4.339154159376884,18.82825881883771,8.137069035718678,5.613261343048135,5.077928440070896,0.022587274093865323,12,37,5634,adffade87ba660eb8e8f7a17887a262a6d82acf57a14a5505420a2b91736b09a
94,C94-C1-80.xyz,C94-C1-80,C1,80,94,141,1,3,3,3.0,1.3887245600927653,0.03157220964876514,1.3121060399220787,1.475804597499276,4.318965752079041,0.1765888782395202,4.00577060438045,4.754480860380766,4.322574325508999,18.684648799549574,7.160717390707577,5.928682422089912,5.595248986752086,0.005843012302454924,12,37,5634,2398fc5cdbb8ffb05267dc17d1189a9d1247e7a5a9aab967e98d86d6335091a2
94,C94-C1-81.xyz,C94-C1-81,C1,81,94,141,1,3,3,3.0,1.388717452738841,0.031886000469181046,1.3087375176100058,1.4622574670693256,4.318562253971237,0.16434075092920028,3.9857855329495004,4.7264968977742425,4.32168807572239,18.676987823841095,7.062578502415243,6.009683934256909,5.604725387168945,0.004870445959103423,12,37,5634,62e02ab86c11f8fe60452dd46014d87d3340e3150f207f9fb79a021c7622109c
94,C94-C1-82.xyz,C94-C1-82,C1,82,94,141,1,3,3,3.0,1.3887242149740928,0.031687586108502384,1.313111701265357,1.4768567973909996,4.318240744846192,0.1541669295276768,4.005102504856961,4.7190702005827925,4.3209918505604445,18.670970572609775,6.959914804123839,6.095994718199818,5.615061050286118,0.003996336241681316,12,37,5634,f348459854451f1d314c4d172b14a2feeb4c28eeb8a00e67e165788fd87e3205
94,C94-C1-83.xyz,C94-C1-83,C1,83,94,141,1,3,3,3.0,1.3886693732940003,0.03307517937746396,1.3048118025217277,1.4783261683403972,4.320631977781753,0.22138430029057574,3.8813679155631595,4.805590664252011,4.326300000675567,18.71687169584541,7.374173949845331,6.091101829312752,5.251595916687327,0.009785848053099554,12,37,5634,46ce30c04d560e0f1e402c3c3dfb839a6d2b41596ed021a8d30bf1f6532dbe29
94,C94-C1-84.xyz,C94-C1-84,C1,84,94,141,1,3,3,3.0,1.3885609196871833,0.0354193747081707,1.3016528300587678,1.491779571518527,4.321152503913778,0.2353413881147033,3.858844021333489,4.809418347160339,4.327556415696977,18.727744531040067,7.377440851119861,6.201416880524566,5.148886799395638,0.010631167577164842,12,37,5634,2504930ee63d9b3b9413af1cbeaef33967ba6faf7be41540f148fd1bc519034f
94,C94-C1-85.xyz,C94-C1-85,C1,85,94,141,1,3,3,3.0,1.3886669260359132,0.033065866277648744,1.3031773824004156,1.4818856433611873,4.319395360168708,0.18759644419215277,3.982847424425641,4.766742074272211,4.323467208539982,18.692368703320504,7.206259966254896,5.97161517971414,5.514493557351471,0.006576016573577102,12,37,5634,615e4859efc8218689aea147f7bff15ab41388ebbc32f56c9604b2700d06c4ef
94,C94-C1-87.xyz,C94-C1-87,C1,87,94,141,1,3,3,3.0,1.3887468866489026,0.031275586976277275,1.3092313928408532,1.4800733258862548,4.321209246634219,0.2347216356944796,3.887004475993165,4.81043623392372,4.327579415731173,18.72794359946016,7.476873490778701,6.013199914325938,5.237870194355524,0.011057626130569627,12,37,5634,ce2fed9b52428e0df3138fd95fcc9e40a05b80424f5ac23fd2fbe4af5804aba4
94,C94-C1-88.xyz,C94-C1-88,C1,88,94,141,1,3,3,3.0,1.38867631881559,0.03330993505769763,1.3136938151639443,1.466565924191613,4.323571372273036,0.27545735064275156,3.7188313753839473,4.7852524357285935,4.332337263321274,18.769146163162066,7.359117997251049,6.619224555322255,4.790803610588762,0.014884153245808485,12,37,5634,f1e4eb13b2a73989134bcff6069f2d316aff35f54375a0024153f6a5145463a4
94,C94-C1-90.xyz,C94-C1-90,C1,90,94,141,1,3,3,3.0,1.388812067245272,0.03028053048406783,1.3230827411768322,1.4659262293853672,4.323268611363068,0.2668279230503547,3.7648498566703443,4.796020134231252,4.33149496438776,18.76184862651652,7.436637947114252,6.456395835499679,4.868814843902591,0.014310801383692947,12,37,5634,c3595986912bc9c6938ee7b5f42fbb0d65cbf06bbf3971b376c73338cbae2c0a
94,C94-C1-91.xyz,C94-C1-91,C1,91,94,141,1,3,3,3.0,1.3887809157996203,0.029983539860080857,1.3203359951163944,1.462727678004351,4.318143828510854,0.14900449968311244,3.9791958493113055,4.64030315399825,4.320713883680818,18.668568464632177,6.838025797594029,6.330920922971123,5.499621744067025,0.00393029792632533,12,37,5634,4c98fe89a2c5b9ddf77b6d86b8f837ec657f7ae7a64e8cd7d8b3025a8996fb11
94,C94-C1-92.xyz,C94-C1-92,C1,92,94,141,1,3,3,3.0,1.388800241803639,0.029806082442188592,1.3190298669855811,1.464737853678944,4.3189943786994665,0.17368758950331334,3.937917879525585,4.625345874259089,4.322485375566361,18.683879821985062,6.869518098716342,6.489800293048843,5.3245614302198785,0.005570035920184387,12,37,5634,e2c04ced5efcaa73eb34c5cfd1e759259e685408ad70726a138df5d5dec9619a
94,C94-C1-93.xyz,C94-C1-93,C1,93,94,141,1,3,3,3.0,1.3886804101081873,0.032767634527637764,1.3133206919865381,1.4637813600398113,4.320232915764901,0.2080726302531539,3.8443985926246835,4.66648257206192,4.325240648324549,18.707706665918963,6.869961685265607,6.698804473469361,5.138940507183994,0.007798919075437146,12,37,5634,55e4070ad237effec9e969d470c588eb936df0250e5ee515ccb783c3b4eb66c4
94,C94-C1-95.xyz,C94-C1-95,C1,95,94,141,1,3,3,3.0,1.3887959977061863,0.029895707903015607,1.3223305524716582,1.4658754449133802,4.318200985435742,0.14851389899086873,4.013058252186683,4.6303536145600335,4.320754115754758,18.66891612881168,6.929817557068002,6.104248752759255,5.634849818984423,0.0036996130510952895,12,37,5634,1fe2c02e2ef279cfb90cf90769b31a74931f35b9a20c6b905c8962136a618c57
94,C94-C1-97.xyz,C94-C1-97,C1,97,94,141,1,3,3,3.0,1.3887696365791216,0.030341030752112523,1.3257916465267083,1.4629499000307564,4.318074558960705,0.1502890386275717,4.06980968802495,4.669115603730225,4.320689145480762,18.668354691875283,6.975924777929713,6.032845293340424,5.6595846206051466,0.0039618575154208345,12,37,5634,81a424ab754e44ecdb2362087bf033ab1ce2bc767d8761f4a93dc367d29758d2
94,C94-C1-98.xyz,C94-C1-98,C1,98,94,141,1,3,3,3.0,1.3887820763386665,0.03008100601264069,1.3248272566640527,1.464585405498771,4.318702291801537,0.17027455908870062,3.975055383778009,4.672035892260528,4.322057717185727,18.680182910684696,7.02417193170442,6.218990149560812,5.437020829419463,0.005414601864418082,12,37,5634,815cbfd8e0654074e908607a171d2e6e5d38393d5d903ec2fccc9f988fd6f14c
94,C94-C1-99.xyz,C94-C1-99,C1,99,94,141,1,3,3,3.0,1.3887947846799231,0.029981741780159173,1.319125323841522,1.4626835132727787,4.319349994068247,0.18540058958108446,3.930891524131304,4.677037526225481,4.323327162021673,18.691157749874378,7.006664765457896,6.387775257114218,5.296717727302266,0.0064365663454429844,12,37,5634,f150353d77abfd7f698fbd3ddbc3162bc52c5728cf5b5250be12dfeadcec403c
94,C94-C2-1.xyz,C94-C2-1,C2,1,94,141,1,3,3,3.0,1.3886321513697095,0.03565171195483468,1.308791415772582,1.4663294888939526,4.338394989637048,0.47632198042726587,3.51011609865318,5.292321696577673,4.364464883023575,19.048553715145992,8.891741080294729,5.922519571046345,4.234293063804917,0.04596726786823029,12,37,5634,51f0cb882822da99e7b88cd3b2253d511b516bd527ae7aa1b29c70739bab4598
94,C94-C2-107.xyz,C94-C2-107,C2,107,94,141,1,3,3,3.0,1.3885891676954825,0.03475245627179394,1.3116765988611674,1.4652341075746222,4.320383150358969,0.21022527154184675,3.8552987996132617,4.694486589860979,4.3254947960551915,18.709905230700542,7.092461989581419,6.449202411577774,5.16824082954135,0.008223252335279103,12,37,5634,4e5a2970c65b9cd629df31bd80f7c317956d7e04ead9ce13b34a1f3cfc2136c8
94,C94-C2-108.xyz,C94-C2-108,C2,108,94,141,1,3,3,3.0,1.3886717981450905,0.03345093815473006,1.3115809010503316,1.4650579271824034,4.3232450224985595,0.27651519630363397,3.7195885410110283,4.7805811721111855,4.332078967233331,18.7669081783454,7.241411267077506,6.766555865142791,4.758941046125102,0.014790966375570482,12,37,5634,95998a59bf1be110f1a2d91c23ef9076be291a22bd59e9a5f2e2364b4e56dd7a
94,C94-C2-109.xyz,C94-C2-109,C2,109,94,141,1,3,3,3.0,1.3886271138455804,0.03418255493212888,1.3117191238981005,1.4632156197908772,4.320719793837041,0.2247659632491969,3.8304891614205787,4.720413157789115,4.326562061855872,18.71913927509054,6.92320316881592,6.7427300984715215,5.053206007803098,0.009109359389309344,12,37,5634,db24ec3026efef19a7ebb1895318a57e87f01ef83c9aecaa3b13b443e8c08ca3
94,C94-C2-117.xyz,C94-C2-117,C2,117,94,141,1,3,3,3.0,1.3888726544777557,0.028032115547505537,1.316349824324826,1.4656703483389435,4.319504363916263,0.18627992475712882,3.9358458433226784,4.659948400117978,4.32351918698867,18.69281816025917,7.154390382592243,6.179531449448291,5.358896328218635,0.006936595950677759,12,37,5634,ee149f62e6093c4a46f26c67291ba611d13ea75522ffb51e28d7c0318728fda2
94,C94-C2-121.xyz,C94-C2-121,C2,121,94,141,1,3,3,3.0,1.3889085358135715,0.02737731490032086,1.3185492520190514,1.4642438902040877,4.321594598364528,0.23443886598198727,3.8276427961013,4.713269779182461,4.327948873831157,18.73114145449638,7.351049178537078,6.3176579258214804,5.062434350137822,0.01123145845029147,12,37,5634,3f0b504a2a74e4d8d6c86bba848278108842a7218d989fae4cb12ecf51b90600
94,C94-C2-124.xyz,C94-C2-124,C2,124,94,141,1,3,3,3.0,1.3888498221724108,0.028606498131560274,1.3287117595626226,1.465607713544112,4.317784203292822,0.1267532680222447,4.100055457158699,4.557331696647303,4.319644292897199,18.659326817159346,6.9071846303977775,5.958370843245079,5.793771343516491,0.003112023975151649,12,37,5634,ccbbdb968feab6c46d786f320842eed8b6d3fdb428d47a0d191f294f55574d3f
94,C94-C2-126.xyz,C94-C2-126,C2,126,94,141,1,3,3,3.0,1.388858256152881,0.028323086409848347,1.322275062156131,1.4640187328036485,4.319160990677083,0.18007336099220134,3.933001808564032,4.636781936814821,4.322913147256798,18.687578078725668,7.042338423730265,6.315244145067731,5.329995509927672,0.006344751847796028,12,37,5634,6ed498bca25b973db36767999213b97cced7e6eabee5be68f2cc422ccda3fee0
94,C94-C2-130.xyz,C94-C2-130,C2,130,94,141,1,3,3,3.0,1.388867741188476,0.028152958038273227,1.3302368736431869,1.4663801621680512,4.319628800586902,0.186883169793748,4.007406478691186,4.687645142142008,4.323669540333997,18.694118294011993,7.262236831207328,5.906182972741019,5.525698490063647,0.007152566855345983,12,37,5634,ababf9abd678af5aab6837a7baeeb2af6ff0ac81f1c1e00b3449023fe54c25eb
94,C94-C2-133.xyz,C94-C2-133,C2,133,94,141,1,3,3,3.0,1.3888382896389257,0.028852217957203625,1.3201705533755854,1.4643291638152947,4.319021867147047,0.1734336096644131,3.9829400881033856,4.658772693657172,4.322502643822858,18.684029105855597,7.134048508932821,6.07839877403224,5.471581822890536,0.006082074608916297,12,37,5634,78927b1b98c911587b0b6d99318ebeeb11bcae82759d00b49b6128094eac9922
94,C94-C2-20.xyz,C94-C2-20,C2,20,94,141,1,3,3,3.0,1.388916286119358,0.027143178484196118,1.3411876565194,1.4619315202840384,4.325201478379137,0.31499570410105876,3.8201678689520624,5.08122591395776,4.336656560321003,18.806590122175194,8.003249079027693,5.719597032637645,5.083744010509856,0.019993457930003428,12,37,5634,3b65aac86b02dec0207125867fbea8504d78fc75d4e02f83ddeea1179b78d1af
94,C94-C2-22.xyz,C94-C2-22,C2,22,94,141,1,3,3,3.0,1.3887910955663751,0.03100277903948863,1.3069967329721983,1.4600319037610103,4.3259416569604285,0.3251693292521239,3.728661598079741,5.078456598996214,4.338145492271071,18.819506312111816,7.9840354691687665,5.9891341721750875,4.846336670767963,0.021360657255936468,12,37,5634,b7088ff2fad197b37410d53c13036591933ca7e048da1c2dd2fdecee0795d5ea
94,C94-C2-26.xyz,C94-C2-26,C2,26,94,141,1,3,3,3.0,1.3884906016360457,0.03814210762458293,1.3039154650513198,1.468688214019572,4.32979331762117,0.3726648070209662,3.5185598987450875,4.9376664288022605,4.345801333667811,18.885989231708926,7.758423651625454,6.819298089366507,4.308267490716966,0.026761771734330433,12,37,5634,62d29cf7842a7158a1a7edefe3db68dfd0435df56f5fe84ff2564d6287a43cfb
94,C94-C2-3.xyz,C94-C2-3,C2,3,94,141,1,3,3,3.0,1.3887915031844467,0.030654867402273172,1.3135544526208267,1.4758800357752655,4.334032599637514,0.43516791376532477,3.708531950252632,5.238846270896594,4.355824799953687,18.973209687891583,8.778073294295043,5.238132137001407,4.957004256595134,0.03779457449189844,12,37,5634,ede86e4c955999c9af6492dac9d7b4ba7883cf532d8d0559a58ba901563fa043
94,C94-C2-33.xyz,C94-C2-33,C2,33,94,141,1,3,3,3.0,1.3888715247856709,0.02823236500636083,1.320133425074905,1.4603531456466277,4.3223252223434825,0.2651763129555656,3.894071421762505,4.958622988024189,4.330451916908829,18.75281380465935,7.636305364670018,5.953730275575789,5.1627781644135435,0.013613692866840017,12,37,5634,4abbaefe4057fb2f6c7200485395855f915198c40b12e948f1c99cdb4c6bb0be
94,C94-C2-4.xyz,C94-C2-4,C2,4,94,141,1,3,3,3.0,1.3887297638468281,0.03272419711551074,1.3302870254197023,1.481330115133018,4.339427018815299,0.48486615551855433,3.557081876899957,5.285040203095131,4.366431270544813,19.065722040391584,9.092624316067885,5.501434383562858,4.47166334076084,0.04856971554453544,12,37,5634,d96112aaad31fb6c245b6f12e6eb72eb758611dda815ed9aeb95a238e122c76b
94,C94-C2-43.xyz,C94-C2-43,C2,43,94,141,1,3,3,3.0,1.38881266212515,0.029384878443477327,1.320796736822135,1.4571094742674622,4.319792772758108,0.2083670842545345,3.9437683386643805,4.879874195809144,4.324815191586102,18.704026441373927,7.26666944002124,6.055610562214108,5.38174643913858,0.007823121588857285,12,37,5634,4931cd36a66c0031e2cdd68cbc278c0110d3341a9bf06f32aae132aa8bcccd65
94,C94-C2-47.xyz,C94-C2-47,C2,47,94,141,1,3,3,3.0,1.3888288312172996,0.02973655232417389,1.320007219677226,1.4563252418330184,4.323974759364871,0.285803368966798,3.7935924314479723,4.875573903892989,4.333409891221606,18.77844128533725,7.662948071433717,6.23233802864221,4.883155185261326,0.016439600470232518,12,37,5634,b70a1419859876b2fb2d5173d7fd339d0667e035b2f94e7e34d581920d6cc576
94,C94-C2-51.xyz,C94-C2-51,C2,51,94,141,1,3,3,3.0,1.388879713804109,0.028024075548832093,1.3352686958062039,1.4626805666310057,4.324016905074464,0.288930985902189,3.9171653275576843,4.922396317702028,4.333659344016803,18.78060330998415,7.89819864788325,5.550672239514974,5.33173242258593,0.01721744101724357,12,37,5634,851c91f9246e8c0d43c07bf4f910d7bd869ae6cb37bf819599b459012dce6208
94,C94-C2-61.xyz,C94-C2-61,C2,61,94,141,1,3,3,3.0,1.3887569911715185,0.030719846610577976,1.3210325847608755,1.4579911419484,4.320769593519913,0.22376216069714847,3.890437955115172,4.77997102410926,4.32655976323523,18.71911938484609,7.305364592236387,6.231590700614924,5.182164091994777,0.009649203967720255,12,37,5634,1c94a70bca40fb6e1a0f3fdf3dbc255d960dbc150ffe0df77a16b8b55bbb00f0
94,C94-C2-7.xyz,C94-C2-7,C2,7,94,141,1,3,3,3.0,1.3886845484908714,0.0334039359766706,1.2968851336953477,1.468870127002384,4.3296447798593825,0.37881432932081655,3.6773806404815756,5.142484885246497,4.346185018595318,18.889324215862384,8.404072623265648,5.6483723160264825,4.836879276570253,0.029395862229199935,12,37,5634,0e6718de7f4bcd6b46ed6f7ccbed563e6a8e5618c47876c358f2564609ab0758
94,C94-C2-73.xyz,C94-C2-73,C2,73,94,141,1,3,3,3.0,1.3888139942201194,0.029794884327965888,1.3217359532069937,1.4638445477577187,4.321379502496884,0.24283014578637366,3.907716845530915,4.795194421407896,4.328196770515738,18.733287284302858,7.433902552408621,6.145674731633478,5.153710000260759,0.01117411985180459,12,37,5634,27cce0043b51fc46428c132eed538e4a9e9a3a6a274f6361ae5c72986fe248e7
94,C94-C2-86.xyz,C94-C2-86,C2,86,94,141,1,3,3,3.0,1.3886396528132148,0.03369553535528834,1.311135858711827,1.4754161548525895,4.322344064011131,0.26098129817257265,3.8649865185492205,4.847729348820774,4.3302158659457275,18.750769445688103,7.630734982841235,5.994871360462319,5.125163102384548,0.013809117545996655,12,37,5634,53a3ce02c98847c0e3c950b3b8d5db4048620e97662a4d8883095bdf6988a102
94,C94-C2-89.xyz,C94-C2-89,C2,89,94,141,1,3,3,3.0,1.3886735566497483,0.03344761350189,1.3226440602066754,1.4609541163226176,4.324253106387953,0.2875502666385429,3.709819947125844,4.786648245889815,4.333803189341869,18.781850083949756,7.539527724011738,6.470162236438604,4.772160123499413,0.016562460265020923,12,37,5634,02fc4c43cc0613eba1fd5b4444563d4b29e9bfb4691a94bf15bea95e0aed8312
94,C94-C2-9.xyz,C94-C2-9,C2,9,94,141,1,3,3,3.0,1.3887892671855926,0.03127222164411174,1.335759667754645,1.4742762122478947,4.330577707970039,0.3852636888944882,3.654762540826263,5.088597961654934,4.347681151458514,18.902331394747627,8.3022127783726,6.028088595771029,4.572030020603997,0.029675513066011454,12,37,5634,1b2401479dc4fdeeb3a88e430235b6fe379e0fcf8f9d004ef57d9e6da5561852
94,C94-C2-94.xyz,C94-C2-94,C2,94,94,141,1,3,3,3.0,1.3887725269610847,0.03073307623952904,1.3313500253502082,1.4581229474910542,4.320336338968795,0.21248647676430904,3.8631546202353952,4.62991205806093,4.325558528632111,18.710456584621998,6.93435902641641,6.651876596974901,5.124220961230686,0.008126869014061185,12,37,5634,59adc898f0f3c63541fd3d2d2c2fabc96fbbaed6f7c735337e3608f024d81940
94,C94-C2v-24.xyz,C94-C2v-24,C2v,24,94,141,1,3,3,3.0,1.3887957253607954,0.03093455158870061,1.3218580370070003,1.4752057043002513,4.326658462008848,0.3282057983642658,3.7148144158743297,5.072512615372301,4.339088901250203,18.827692492952693,7.950961763847268,6.122862891979145,4.75386783712628,0.021774733725669678,12,37,5634,50f0a46178bbb90f077f1c433c5db4fea11b3e333a4f591ccc5ecffc4d100f64
94,C94-C2v-52.xyz,C94-C2v-52,C2v,52,94,141,1,3,3,3.0,1.3887082719742534,0.033103584943316465,1.3370411586783706,1.462003741445281,4.327781888512509,0.3322024206686269,3.671625591431453,4.800604803456905,4.340513163536657,18.840054522834997,7.552711923024811,6.836270847714519,4.4510717520956655,0.022288686927312788,12,37,5634,f7e3c93a0e70510e2215233dae4761c3e16b89a819ce6e2a8673fb8855c41f27
94,C94-C3-110.xyz,C94-C3-110,C3,110,94,141,1,3,3,3.0,1.3887875015367084,0.03028066304013365,1.3223111661027447,1.4668211820123134,4.317078790972904,0.10327168110902768,4.140413384730492,4.593078796900888,4.318313829214725,18.64783432758714,6.613479219699752,6.022832609572298,6.011522498315093,0.0010228039658867765,12,37,5634,02eed67e6bbd31697cf73c7dabee7ae4ac9b24f5334cdc0f7054bb5a30df065d
94,C94-C3-114.xyz,C94-C3-114,C3,114,94,141,1,3,3,3.0,1.3886245919051368,0.03421280282086623,1.3034155477053357,1.480743515940556,4.320450913585593,0.21719807268992097,3.991729621805854,4.771420182443807,4.325906968426713,18.713471099482796,7.448829629423792,5.649822963207512,5.614818506851491,0.009425128762386634,12,37,5634,486a9cb9ca188052e305bb25b77229717b468f8693b560ebcb6ddb8c728c69fb
94,C94-C3-96.xyz,C94-C3-96,C3,96,94,141,1,3,3,3.0,1.3887550410665344,0.03068779571597617,1.3209000302823828,1.457240988992555,4.318380468961475,0.1576676910114864,4.0706851149711705,4.676011998070463,4.321257800166155,18.67326897549684,7.071371937819732,5.818803353291532,5.783093684385573,0.0046314133951882355,12,37,5634,254f8cfac5ac4883374bb8c3bd03c16ab867ced1169e07cc74af959fed52e336
94,C94-C3v-134.xyz,C94-C3v-134,C3v,134,94,141,1,3,3,3.0,1.3888101813492366,0.029652496274534024,1.320343182661235,1.4670788390539888,4.31730534028096,0.11325594434122876,4.128513448588005,4.623227820135425,4.318790607351452,18.65195231014712,6.79283878856042,5.933932538850368,5.925180982736332,0.0021423492879913764,12,37,5634,9ad1ff362740566b532b9148d69b8a62a91cdb6213143ed30e026bfc6237b2a8
94,C94-Cs-120.xyz,C94-Cs-120,Cs,120,94,141,1,3,3,3.0,1.388887100431289,0.02782243699331866,1.318635374165277,1.466102516879362,4.319760286056068,0.1922104534147026,3.9417786929785166,4.689226806808988,4.324034434112324,18.697273787389086,7.191151214435754,6.18584936973804,5.320273203215293,0.007523195480794751,12,37,5634,39cf0cc7f017b87b0847b72f763c4df68c6a05571c1b44f7558c558afe01658f
94,C94-Cs-13.xyz,C94-Cs-13,Cs,13,94,141,1,3,3,3.0,1.3886136961250453,0.03476728547951325,1.2894975843327507,1.4627835109817173,4.32500131777508,0.31240380323289624,3.8567214109488868,5.0803175235591524,4.336269426019394,18.803232535030563,8.00214665977678,5.6099450114033225,5.191140863850461,0.019515384348514134,12,37,5634,8c7aac940925597a586092ae5acdfdfcfd280f80e177d2a97fb68c680e5955cc
94,C94-Cs-14.xyz,C94-Cs-14,Cs,14,94,141,1,3,3,3.0,1.3887003144436019,0.03319105767569653,1.2919763852331048,1.4645530444473494,4.32763754717665,0.3554719785253902,3.764708501640543,5.106247541355705,4.342212231944667,18.85480706724989,8.226580004412252,5.732141811828829,4.896085251008809,0.02533504610725229,12,37,5634,c2ebe99ebad53581830e1700df7059169dc7ae6a8cf465704747484dd2c7035b
94,C94-Cs-17.xyz,C94-Cs-17,Cs,17,94,141,1,3,3,3.0,1.3886276084470444,0.03406570239872246,1.2984293088189285,1.4597346539696863,4.322419638524675,0.27035440951725775,3.852916113160091,4.988087747392477,4.330866314982397,18.756403038249204,7.65806432322161,5.9107098167776435,5.187628898249952,0.013756497910341867,12,37,5634,6335a59d693422155aec467b3aa6b1ebcf1c7db8d77e2c7d712385e1a0b9b999
94,C94-Cs-18.xyz,C94-Cs-18,Cs,18,94,141,1,3,3,3.0,1.3888862564742146,0.0281230146486575,1.3232709548690322,1.4529127916017532,4.322531562667023,0.26761049290329414,3.8710761058306926,5.0034624765836035,4.330807602071992,18.755894486164557,7.660841554674244,5.9335712597532835,5.1614816717370315,0.013966520103934331,12,37,5634,f0d6ee3eb0b8288bb4f1c3ac3ba64a9667ccf52fe3ed957ec2fd6aff09cc06a0
94,C94-Cs-23.xyz,C94-Cs-23,Cs,23,94,141,1,3,3,3.0,1.388759109134822,0.031731015780011806,1.2943584240850754,1.4602346968895101,4.325960944291412,0.3267596096642013,3.763785906193333,5.082349784888624,4.338284215452297,18.820709934042547,8.005066686516754,5.927494435773074,4.888148811752718,0.021331037576336087,12,37,5634,17a28571129e068b5563c5ec8a29ed2a6f801d7baaf16235ffe55f828666b6dd
94,C94-Cs-31.xyz,C94-Cs-31,Cs,31,94,141,1,3,3,3.0,1.3888179988647888,0.029553396814002132,1.3312807592690579,1.4637912487783222,4.323699430099831,0.28938465661891727,3.8803873601945087,4.992456813975724,4.333372848178662,18.778120241332054,7.835370272474146,5.76494269741091,5.177807271446997,0.016581748656950966,12,37,5634,f1329578310f3b744b3ba246eda9e5182cbef1df5d0b0dea95959b1d1c7a1f63
94,C94-Cs-39.xyz,C94-Cs-39,Cs,39,94,141,1,3,3,3.0,1.3887622872720529,0.03094351323264983,1.3123862579286634,1.463699033271526,4.321764872728944,0.2519074544327133,3.979808888653429,4.942047547860221,4.329100250716377,18.7411089807526,7.630978180615683,5.630810319051887,5.479320481085028,0.012318526397115975,12,37,5634,a8c72d63ea82cc49d7c55a7c5f611a40b199c6b19defdf408dacfd16c8b844a4
94,C94-Cs-40.xyz,C94-Cs-40,Cs,40,94,141,1,3,3,3.0,1.3885371993978077,0.03594798451402519,1.302669662654351,1.4747556034814717,4.322731765196434,0.27848431504728066,3.8785569623782865,4.96056693722713,4.331692905500762,18.763563427565632,7.677280120213163,5.920098922313772,5.166184385038698,0.014147239961462823,12,37,5634,63ac4ef6ee51b2d6a1a7715e7999d998b209aded26f4ab32f48c906b0f15a084
94,C94-Cs-42.xyz,C94-Cs-42,Cs,42,94,141,1,3,3,3.0,1.3887813432277956,0.03019331439764431,1.3278930115035623,1.456069205086077,4.320777769266989,0.23475902011448457,3.875940085378613,4.889138685437832,4.327150601598809,18.72423232891693,7.299721343929157,6.261249954512043,5.163261030475729,0.009766865647861564,12,37,5634,fbef9521cbb3590e2c5c522d70fef17720946da4ce6e1d8c18179b1373ff464f
94,C94-Cs-44.xyz,C94-Cs-44,Cs,44,94,141,1,3,3,3.0,1.3887606384221816,0.030775262108838252,1.3157964166237877,1.4560110782545577,4.319739320433739,0.20692509567479017,3.985801645826643,4.8848254007955445,4.324692566150959,18.70296579172137,7.298179707374655,5.90818729868842,5.496598785658294,0.007643172685149229,12,37,5634,33ba2eccc96dd43bbf2bea29b985b659ad0ad486549ee3695010ebe89af85d9e
94,C94-Cs-45.xyz,C94-Cs-45,Cs,45,94,141,1,3,3,3.0,1.3888579252650481,0.02880147299887637,1.3233067558204332,1.4549338850958142,4.3238333761100245,0.2950892508158975,3.7789909405042645,5.016286354922685,4.333891176565246,18.7826127303101,7.649216482019508,6.268025168524838,4.865371079765754,0.016475859777200688,12,37,5634,2205b171b39abf6502fb1964cc64e1d4da5c621b9fc5fefe06e9ca41d6a313d8
94,C94-Cs-46.xyz,C94-Cs-46,Cs,46,94,141,1,3,3,3.0,1.388474741530896,0.03858300625724409,1.2829250835493082,1.4665259459007194,4.332125994989011,0.3907634783427592,3.555218252955924,4.974997175470375,4.349713982834508,18.920011732466044,7.858831022116712,6.8767022615086395,4.184478448840693,0.030328944089692476,12,37,5634,458b945a164c7d269caf490b4cce62c9f6a2de3652ab0ad92f9537cc0c0d9916
96,C96-C1-100.xyz,C96-C1-100,C1,100,96,144,1,3,3,3.0,1.3887304336537727,0.03223450755227288,1.3072174111447568,1.4766124576204822,4.370095704951761,0.2867519682666426,3.7980224134200045,4.908651113863399,4.379493482326765,19.179963161742617,7.809212160909984,6.379921215024105,4.99082978580853,0.01619552403393661,12,38,5752,f22e3ab6b0fb231d00f82f7faa99a71ee1f5e65b8cd320686054d88636ce9b8d
96,C96-C1-101.xyz,C96-C1-101,C1,101,96,144,1,3,3,3.0,1.3888789262612427,0.02835440135687777,1.3301004247800239,1.463847293948382,4.3676645505375395,0.24565315335513754,3.9322028001616847,4.894818270113072,4.374567304062839,19.136839097775614,7.680203589798291,6.132053084796332,5.32458242318099,0.011738521317588426,12,38,5752,17db7f4f313a0ef9760b439da2d8e322339bb2fd53bf9b14c1f07e1dbcb72372
96,C96-C1-102.xyz,C96-C1-102,C1,102,96,144,1,3,3,3.0,1.3887732681031029,0.031068707631536758,1.3237416402002316,1.4802895291124638,4.368830975578212,0.2610343692448746,3.8004244655483896,4.873717635462047,4.376622331787235,19.154823035098737,7.5816342993955,6.539495456319346,5.0336932793838916,0.013416874600272528,12,38,5752,68759c514898859765b1958fd61f89e91de5f9e75d9d97d2f8fe7b86fadc5511
96,C96-C1-103.xyz,C96-C1-103,C1,103,96,144,1,3,3,3.0,1.3886582267131198,0.03382859685690638,1.3132974682074126,1.4763142653242907,4.370115667890402,0.29012556719190247,3.746642178746466,4.893862825342615,4.379735585110088,19.182083795479603,7.582422743800414,6.739645626298625,4.8600154253805625,0.015837356285579446,12,38,5752,bd22e413e247fb09d4c8da58346be3c3cd8f65a4d44fb35a4e90c62e46e710e1
96,C96-C1-104.xyz,C96-C1-104,C1,104,96,144,1,3,3,3.0,1.388787790241777,0.030589958325602202,1.3139137795152311,1.477791345217585,4.367380873730422,0.23678571148361735,3.906063440836575,4.856568081977409,4.373795053427756,19.130083169389103,7.500950614772026,6.40118796792294,5.227944586694135,0.010592049098465655,12,38,5752,b79329e8dbc223fb3a7bb78f3c77af7ad1eec8554e9927723af4d589593cd981
96,C96-C1-106.xyz,C96-C1-106,C1,106,96,144,1,3,3,3.0,1.3884887176842673,0.03743235605950672,1.2969392160005035,1.4928366086079214,4.3698841925410745,0.29497773982729614,3.7426683579803983,4.874830855710383,4.379828732178232,19.18289972321398,7.596914128714492,6.699272301889584,4.886713292609901,0.01553916843660613,12,38,5752,377e575dd1e273955459a74081db3cf374197a02aaeab65d9104d158c335e0f7
96,C96-C1-107.xyz,C96-C1-107,C1,107,96,144,1,3,3,3.0,1.388706834321113,0.03267959104614661,1.2939943547017505,1.4821805119485278,4.368916449317651,0.2662122891128475,3.7967635305127896,4.8675549264114055,4.377019525201259,19.158299923993056,7.612175453235006,6.508226871372868,5.03789759938518,0.013632662211069327,12,38,5752,0af7bdcbdb63b6f18aee50ee530a66e97e95f81b99231f6567c3610731e19b56
96,C96-C1-108.xyz,C96-C1-108,C1,108,96,144,1,3,3,3.0,1.388608789230131,0.03483878726117416,1.3140277394332285,1.477206640927396,4.370015878490193,0.292664425194818,3.7260500688047387,4.848292000371347,4.379804932189449,19.182691244031027,7.37921135904119,6.98606444292542,4.8174154420644175,0.015517876675785924,12,38,5752,15aef84d01d39160aa7820e7297693624f373a6afe5465e7609d53530381a4b7
96,C96-C1-112.xyz,C96-C1-112,C1,112,96,144,1,3,3,3.0,1.388797801648931,0.030104244054559668,1.319655265590222,1.4661909936976152,4.365030107243586,0.18246792458583733,4.022093553538615,4.740335471413589,4.368842224279289,19.08678238064561,7.280155137816085,6.186778724417487,5.619848518412037,0.005865273384996875,12,38,5752,3adbae35e5b4c4887e2076247a1e940961f92d5b5c7235d98e74da82f50994d6
96,C96-C1-113.xyz,C96-C1-113,C1,113,96,144,1,3,3,3.0,1.388717237685546,0.03211623861546127,1.308859686903069,1.4751272385797776,4.364787946920532,0.17232576954704554,4.092240344601468,4.749703053663875,4.36818841082121,19.081069992432724,7.271569558213859,5.989338226269888,5.820162207948978,0.005190131206817688,12,38,5752,eada3b7211f24dcc3e0bc97d6f327bbb7f218564949d19be22d8bd5d5ddfb3c6
96,C96-C1-114.xyz,C96-C1-114,C1,114,96,144,1,3,3,3.0,1.3887649405515787,0.030753185793291286,1.3241502067363808,1.464231078074769,4.363929950540644,0.14389565219987516,4.083101415951867,4.66920251035868,4.36630170418258,19.0645905719477,7.073493881538894,6.158573915104649,5.832522775304158,0.003416341068571448,12,38,5752,a6cf2d9fea4d05360cb86f88c426c29882f51bc52571f6f0a58b3147922fade3
96,C96-C1-116.xyz,C96-C1-116,C1,116,96,144,1,3,3,3.0,1.388779796437814,0.0304879688115793,1.3226612453685938,1.4635956750414372,4.365213519341731,0.18934166281438117,3.9863388818835213,4.762363294950455,4.3693179484584475,19.09093933472114,7.298976004845599,6.248461641244912,5.543501688630627,0.006423459507028355,12,38,5752,fb56ab3b56f52b1046d19f94861ecba54c405f88b8b2ef50a6b20fbccae91ce1
96,C96-C1-117.xyz,C96-C1-117,C1,117,96,144,1,3,3,3.0,1.3886568769960588,0.033384391926922656,1.3128639114546488,1.463036616083138,4.365389537266631,0.19499053549655032,3.9855270825526494,4.7928017362770845,4.369742225922509,19.094647121010198,7.351303217712421,6.091387093378334,5.651956809919443,0.006401803051283646,12,38,5752,65cf5c056663c5305d361e3b36a074c871211b52e22510ecad169fd7a823c45c
96,C96-C1-119.xyz,C96-C1-119,C1,119,96,144,1,3,3,3.0,1.3887949883187103,0.030265287757690197,1.3262761627956674,1.4642742024634594,4.364324733781079,0.16219627850741566,4.086740946383199,4.751283297363291,4.367337634607031,19.07363801465494,7.1989272474601,5.997951004593267,5.8767597626015755,0.004405065700008449,12,38,5752,1fef76b76864ec3a96d97d3ad8003ff0672a2359abf89cbdae34d8bbb276fcd8
96,C96-C1-12.xyz,C96-C1-12,C1,12,96,144,1,3,3,3.0,1.3888351678234656,0.029751414860649403,1.306671075672834,1.45970376789265,4.3741836885571095,0.36537431728103276,3.8508897620997717,5.198230991910758,4.389416969594898,19.26698133296766,8.489916360527141,5.6616792029695695,5.115385769470952,0.026513927788238106,12,38,5752,2a308dc57ba9da346c61073e7a5fc1e58654efb83116099e1f09ba70f5b69905
96,C96-C1-120.xyz,C96-C1-120,C1,120,96,144,1,3,3,3.0,1.3885791186174368,0.03551429318145781,1.309474268552078,1.4664382223605603,4.368178089890235,0.2608282667898336,3.8372971716127418,4.851876736542311,4.375958319014669,19.149011209753688,7.512945387144686,6.546222236100215,5.089843586508785,0.012172605585374639,12,38,5752,da2cac5bcfcf5bf377ac5e9ae1b8baea0dd6fec2f712c1b8e41c3a5f08198c51
96,C96-C1-123.xyz,C96-C1-123,C1,123,96,144,1,3,3,3.0,1.3887018210258004,0.0327596252041293,1.3229064214826385,1.4656602812384596,4.366941119162004,0.23278498075652831,3.861887911672061,4.7610561000188945,4.373141157737045,19.124363585493704,7.317428279355516,6.613896485877912,5.193038820260275,0.009606276895102111,12,38,5752,a8a4a095b31a66024e5d588368cb6da45ee8053057484b3a9ec16a6aacb89c34
96,C96-C1-125.xyz,C96-C1-125,C1,125,96,144,1,3,3,3.0,1.3887300825320603,0.03185106763338337,1.3164758828022638,1.478273499728653,4.365805553658427,0.20557604210700017,4.0057833934479685,4.784263973501064,4.37064293227474,19.10251964144314,7.437923069302478,6.132693738877454,5.531902833263209,0.007806780993206711,12,38,5752,6570f1ad75bbf926e328951c7bbca03588e79d844d5d8e11c361d2ae2b10c54c
96,C96-C1-128.xyz,C96-C1-128,C1,128,96,144,1,3,3,3.0,1.3887143278356975,0.03209347519291748,1.30865232204738,1.463809284025757,4.366922248006259,0.2288582203624385,3.951710988075671,4.871881965031035,4.372915046643316,19.122386005159512,7.643108280502357,5.934886493332156,5.544391231325001,0.010221252047122339,12,38,5752,457b8c751946e7becf6a9cdc78a58e86c3238f6decaf5b73520b14950e421745
96,C96-C1-129.xyz,C96-C1-129,C1,129,96,144,1,3,3,3.0,1.3885444582824056,0.03581738712473667,1.3018724399878816,1.4768905341967629,4.3678030381745225,0.2564734470120094,3.9796497020209403,4.902405949353203,4.375326503166227,19.143482009308805,7.81882978022448,5.724661872380435,5.599990356703892,0.012721719004174886,12,38,5752,5f2936ae9e2a2723d9a9c3d47d7529a548c1bcd0a80b0d102134670a94f587c4
96,C96-C1-130.xyz,C96-C1-130,C1,130,96,144,1,3,3,3.0,1.388809031134667,0.029871426516337538,1.326383504119378,1.463226182105829,4.365771697216668,0.20427640368753863,4.023676031179289,4.854533550984762,4.370548176295694,19.101691361321613,7.4772852851914795,6.022278011484649,5.602128064645483,0.007961346913868364,12,38,5752,58a6ef2174b529052d3cf283231b3c3973739bdcfdfa3a1d2fecbfd4a98c292a
96,C96-C1-131.xyz,C96-C1-131,C1,131,96,144,1,3,3,3.0,1.3887394428122728,0.031683278181823135,1.3125066742687443,1.4777888110281523,4.366687839107523,0.2265050274242501,3.980357422080168,4.865669433773598,4.372558428615675,19.119267211657984,7.612753072129215,6.014631069663267,5.4918830698655015,0.010019725812078458,12,38,5752,2b488efda7dcea9909bb9483372ab37c81323e10e6ad6c5610b1f934c98f7ea3
96,C96-C1-134.xyz,C96-C1-134,C1,134,96,144,1,3,3,3.0,1.3885826839366746,0.0350100681407682,1.2999826383456052,1.4762860867731566,4.366139180782674,0.21744508122428624,3.987863843752789,4.860052343260041,4.37155049259576,19.110453709314232,7.541494604652499,5.999999779204952,5.56895932545678,0.008834516408007606,12,38,5752,d37992b9b83d37ac23cffa4ff357022adba57c9fdbb39d355463c7d087b9a8d0
96,C96-C1-135.xyz,C96-C1-135,C1,135,96,144,1,3,3,3.0,1.3885278733243294,0.036328160010502805,1.3014204009465964,1.4896901087138894,4.367531388156356,0.24798113938462052,3.9695112558831074,4.881850854350669,4.374565700960666,19.136825072021484,7.763327201472193,5.890049308251602,5.483448562297687,0.01211346664057439,12,38,5752,e685300896873b1f6620ab90f41504706aabe82547dd6f78c522b53469e0079c
96,C96-C1-138.xyz,C96-C1-138,C1,138,96,144,1,3,3,3.0,1.388710140797331,0.03209199103085154,1.3135986411381522,1.4786379881499054,4.3647172452140754,0.1751993771563694,4.007227018693314,4.746381802749406,4.3682320740117655,19.081451452425128,7.246244866110906,6.163164241978375,5.672042344335846,0.00534517825535724,12,38,5752,15207ced144f44c86d10d586fc36f67507e017b887b0062d51e7672a60d2b855
96,C96-C1-139.xyz,C96-C1-139,C1,139,96,144,1,3,3,3.0,1.388647309781055,0.03380907601772328,1.308032449903289,1.4766176079134368,4.3658388461731,0.20425856500814538,4.022425557959412,4.781026283954811,4.3706144181491515,19.10227039213325,7.48019702314694,5.934634448333495,5.687438920652816,0.007760895598403818,12,38,5752,391dabf92c5f756c1ffca2106ce432f993a194b975343a8e852f470b60a5bcde
96,C96-C1-140.xyz,C96-C1-140,C1,140,96,144,1,3,3,3.0,1.3887587903532497,0.031231144221057067,1.313586632087888,1.4776052517502773,4.366397157514408,0.22224683041180293,3.911480853679482,4.820117353078778,4.372049609825807,19.11481779077799,7.482537806809401,6.256655220103112,5.3756247638654795,0.009193379677857084,12,38,5752,db796e65af5ecdd75db06b650d2bcbb8d091a942cda9dcf07135ce1f1a507020
96,C96-C1-141.xyz,C96-C1-141,C1,141,96,144,1,3,3,3.0,1.3888168649202075,0.029770546441550395,1.31917843372305,1.4616360490901967,4.367233444919485,0.2371301408847278,3.9228706283773462,4.8575872961261,4.373666501476687,19.128958666139326,7.6033808816944894,6.223400016167549,5.302177768277286,0.010997756426154151,12,38,5752,357ea4b22c3cb65dcecd95d6f6d00c47a74a47aef2c96d0e2c7fe1c285098145
96,C96-C1-143.xyz,C96-C1-143,C1,143,96,144,1,3,3,3.0,1.3886960236625239,0.032426347783276445,1.3071879015658,1.4741467566019335,4.366335991715794,0.21641853224617943,4.008927390407064,4.840273390188237,4.371696120918327,19.111726973652345,7.56149426605144,5.938058437045132,5.612174270555774,0.008954753753506935,12,38,5752,0c10d2a5a1be9a3c5b2571e4d3658f7471483173332017ef534ec42d48840207
96,C96-C1-144.xyz,C96-C1-144,C1,144,96,144,1,3,3,3.0,1.3887743807506163,0.030410064281926375,1.3249275187722533,1.4623749108898167,4.365146841448503,0.18531171991630763,4.018671112742016,4.783208222771319,4.3690785505580205,19.088847380946174,7.328234154067481,6.161484751735213,5.59912847514348,0.006404444199320589,12,38,5752,2d93fb4318ba444246581b7393fb64e3abdc58fdb0373ec1a9ef7951bb2b0909
96,C96-C1-145.xyz,C96-C1-145,C1,145,96,144,1,3,3,3.0,1.3887947334816408,0.030086055800957617,1.31390828827586,1.4628375371175022,4.365143479708199,0.18926130555447818,4.058557988270688,4.815229623720535,4.369244493069618,19.09029744021918,7.381533914107784,6.00127213165553,5.707491394455865,0.006577015720502899,12,38,5752,29e8214c9c965bed12d88858a5e4f80a13b36c4c5ee64a67d40017e9569792f6
96,C96-C1-152.xyz,C96-C1-152,C1,152,96,144,1,3,3,3.0,1.3887767541417704,0.030837511021558007,1.3121875056561085,1.4703079677400919,4.367483324585112,0.23685356045660746,3.8608208778562676,4.790626615074224,4.373901027644544,19.13101019962999,7.499125741380716,6.4514480096318945,5.180436448617381,0.011051253254851906,12,38,5752,cc5525b8aabed03c420dfac5f76285c553c18ffe6bdf8b6a25241f78bd4d0337
96,C96-C1-153.xyz,C96-C1-153,C1,153,96,144,1,3,3,3.0,1.3887868363528486,0.03044826747929787,1.3083872897578912,1.476743589794789,4.366511480107455,0.22148358602436372,3.9535484025301986,4.776797610946141,4.372125053653934,19.115477484788414,7.557083497460294,6.1584462845138574,5.399947702814263,0.009831297069205418,12,38,5752,027ac323b835d502a2d8f0ad3b2601b29da58caa1c4c8130fbcbd1e598e3ffb3
96,C96-C1-155.xyz,C96-C1-155,C1,155,96,144,1,3,3,3.0,1.3888278592771885,0.02927569983957386,1.3186916622167595,1.4546376937230803,4.366078736995893,0.2091600843760192,3.937447308959342,4.731024452725804,4.371085846622535,19.10639147854384,7.343298116501908,6.452485012010881,5.310608350031051,0.008531963287489366,12,38,5752,583b85eab978d5822bace2a9951a9104464c1bb2e460e6bba2a3aaef1ca7db3d
96,C96-C1-159.xyz,C96-C1-159,C1,159,96,144,1,3,3,3.0,1.388866529054138,0.02844686739833466,1.3214488601531273,1.465789347075493,4.3659116419140185,0.20742189494576502,3.9717249534859005,4.763755105798112,4.37083611080343,19.104208307503256,7.47483473343224,6.153757853356303,5.475615720714715,0.008496567341571906,12,38,5752,ea0e39a6445584410608c7f5eab13cb4ad62d2682109f3dfffbc3ecb16e3c5ce
96,C96-C1-16.xyz,C96-C1-16,C1,16,96,144,1,3,3,3.0,1.3887107835550077,0.03261233554505832,1.3065798329991167,1.473173394410855,4.371569284871716,0.32706006849983604,3.801625675874937,5.1403283772671795,4.383786753577429,19.217586300840928,8.134571684325806,6.047366817643242,5.03564779887188,0.020285262569222254,12,38,5752,a8e73b7100712e2c8370fa34071fbfa51d14171c5f939ac2e04be201e1a96fc0
96,C96-C1-160.xyz,C96-C1-160,C1,160,96,144,1,3,3,3.0,1.388859267610731,0.02858274624480897,1.31850288585198,1.4645100511775262,4.365869542146343,0.20098289574287762,3.941222028724427,4.73873729143141,4.370493219697556,19.101210983422305,7.285271504068249,6.4742039734552606,5.341735505898797,0.007835479551883564,12,38,5752,8f66ed27c58adbe65399e8e641bc7a737ec22048390b091780391e74e8cc8c88
96,C96-C1-164.xyz,C96-C1-164,C1,164,96,144,1,3,3,3.0,1.388831587476253,0.02910237610331049,1.3246705628192994,1.4651161592174187,4.364390025462683,0.160392394813942,4.075084959405062,4.717234080444037,4.367336260774102,19.073626014672314,7.213769216081819,6.128954486638052,5.730902311952442,0.004857245202276012,12,38,5752,3e5524dffff6692ca63473bfb0842de4137f58969242b47a3f504bb4a5235bf0
96,C96-C1-166.xyz,C96-C1-166,C1,166,96,144,1,3,3,3.0,1.388776231352739,0.030924277934892764,1.3093740260139577,1.466982890152438,4.365742384994612,0.19821845073673425,3.9534373045547238,4.7747172489150165,4.3702399392196885,19.09899712635091,7.3725779602925465,6.279683077037655,5.446736089020707,0.007672041112792514,12,38,5752,3ec44a0f1b3de2a7314d279effde292cb46deb0fd0ed86b85ebdc2774a0edc6c
96,C96-C1-169.xyz,C96-C1-169,C1,169,96,144,1,3,3,3.0,1.3887414768616604,0.031542449786574334,1.3052189931195455,1.4659173305476678,4.366309486762289,0.20761340064594938,3.959603010932012,4.776599011938151,4.371242598886288,19.10776185831815,7.488683434718584,6.114603907636783,5.504474515962782,0.008487162487167547,12,38,5752,9e0a80ff6c9ca7dcf3fb1a3eb2cd6f29589a89d8ee4f1da2dc29bd43c9e3c4d5
96,C96-C1-17.xyz,C96-C1-17,C1,17,96,144,1,3,3,3.0,1.3887689949348025,0.03149462078409628,1.30381189210714,1.474573328119019,4.371712440907221,0.3240939904558814,3.779718604700828,5.159257199007745,4.383709226286866,19.216906580632596,8.130879116963778,6.077186471909514,5.008840991759302,0.020452974780924033,12,38,5752,84c1993662accd05b64c1b691233ac6c5367c982b73271ca5ffb80802dbab529
96,C96-C1-172.xyz,C96-C1-172,C1,172,96,144,1,3,3,3.0,1.3887453914801824,0.03125809012256799,1.3121192971677533,1.463241183127375,4.365464024327621,0.19217679494482215,3.9589363857442015,4.735686334730446,4.369691987796621,19.094208068213984,7.328620003553673,6.302146339228189,5.46344172543212,0.00718064280086807,12,38,5752,8349813b4a0f2ae984c0e1b1ca1b8bfe0170b31db547653ffd154a4657b82324
96,C96-C1-175.xyz,C96-C1-175,C1,175,96,144,1,3,3,3.0,1.3887407173534736,0.03127094019486033,1.3095167772884775,1.4740075033730324,4.364813075225253,0.1720182989738648,4.053534440375046,4.707647689524105,4.368201400672729,19.081183476839193,7.289716567943145,6.106776037116076,5.68469087177997,0.005704075698425061,12,38,5752,c44460e867ccbf80d6f08398fdf2e2f09362db4fb9eef6e1e2ac1aeaa2c1d677
96,C96-C1-177.xyz,C96-C1-177,C1,177,96,144,1,3,3,3.0,1.3887817217528966,0.030656792206505152,1.3148916381207998,1.4619591375958496,4.365128386189523,0.18438458775443287,4.03595070690778,4.763726486848933,4.369020886207677,19.088343504118917,7.380692526679848,6.054613198190392,5.653037779248679,0.006730259552753545,12,38,5752,48500186279dfd4e06b7aa4dda19fb1b5091db5eab4784635957bef0cc8e2429
96,C96-C1-18.xyz,C96-C1-18,C1,18,96,144,1,3,3,3.0,1.388793240550283,0.030550326224103995,1.3290316963865085,1.4738040371772634,4.371381103846997,0.32416065281338585,3.8373664906950844,5.141516429512908,4.383383725377348,19.214052883902998,8.179917828586701,5.84528524182085,5.188849813495446,0.020082224872532566,12,38,5752,65daf19b44cce1c9640fbeef40bcf4eb33ad8e7de2d4d55d6a6dcacaeb125cb4
96,C96-C1-19.xyz,C96-C1-19,C1,19,96,144,1,3,3,3.0,1.3887261693000776,0.032488122291402376,1.3110310827741651,1.4839216488750342,4.373430816147409,0.35855561348078563,3.720674908545531,5.149925214391981,4.388104286771951,19.25545923158638,8.315409182033395,5.99844363864175,4.941606410911231,0.0240953270037665,12,38,5752,3769416ab1ab65a29ce02e0607b35b53a343a385c07a9b08c02f54c40311ece8
96,C96-C1-20.xyz,C96-C1-20,C1,20,96,144,1,3,3,3.0,1.3887824942938751,0.031093130736449908,1.3008472854259259,1.4590412502736172,4.373280913607149,0.3541276870478904,3.810069823366062,5.190590493982007,4.387595283074143,19.25099236805447,8.3666551303801,5.895307628408046,4.989029609266325,0.02473990487651451,12,38,5752,3c1870d697ada86e1afd910f6560bcdaf26fcbf64e00a8400311d8eaa6cc1793
96,C96-C1-22.xyz,C96-C1-22,C1,22,96,144,1,3,3,3.0,1.3885201808647543,0.03725837114258407,1.2906638369459336,1.4856811434490238,4.374580003122586,0.3631021623681928,3.639964371495305,5.102028756893857,4.3896233761037475,19.26879338403646,8.205758288586885,6.421976867948538,4.641058227501036,0.02566837078359901,12,38,5752,8d9f12101a1fce13c0db467a3cf9cde128880763dbb11d9e5ae12e45b00a8e74
96,C96-C1-23.xyz,C96-C1-23,C1,23,96,144,1,3,3,3.0,1.3887241562187316,0.032667531087451046,1.3125836697140494,1.4806467168099215,4.372196812760389,0.3256872371188919,3.753189027680761,5.075558937037043,4.384310338688885,19.222177145934243,8.027090930560753,6.351597431799476,4.8434887835740135,0.020591770469767366,12,38,5752,af65672341be9be3b8e0c14b3fe99343c26b1bca117d7961f306185ea9055295
96,C96-C1-24.xyz,C96-C1-24,C1,24,96,144,1,3,3,3.0,1.388587001302113,0.03579228786150381,1.3055825098399565,1.4767654485394763,4.374230781467225,0.35675320858869636,3.6443800428824153,5.0944271347965415,4.388754695967148,19.2611677813737,8.164755779049207,6.445802606868728,4.6506093954557635,0.024969156074400978,12,38,5752,04bc42e321fb2c8c00de71aaf64827db49e0b0d8e58b472402e788e8c7aa7bdb
96,C96-C1-25.xyz,C96-C1-25,C1,25,96,144,1,3,3,3.0,1.3886797736646967,0.03366641861475972,1.3083976497991732,1.4813165934397683,4.373814892891677,0.35209092834786415,3.667812858710092,5.079477211848259,4.387963620987064,19.2542247391059,8.13651465481151,6.424047890407032,4.693662193887357,0.023980041780035558,12,38,5752,152c1fe1169f65037e6bf75953e97c113ee55866af0d544fa3ed5c4de916ec6c
96,C96-C1-26.xyz,C96-C1-26,C1,26,96,144,1,3,3,3.0,1.3887112364118062,0.03271840273426673,1.295524843451487,1.4800925275130608,4.3702071821087145,0.2991013739673671,3.8167920330340346,5.078646388361312,4.380430623404937,19.188172446463764,7.970444786417738,6.108456751437153,5.109270908608874,0.017181110989284473,12,38,5752,2d2647a52d6b45a6a4bb079789462587ce4021bd885cd8f0ab0b57a16df80881
96,C96-C1-27.xyz,C96-C1-27,C1,27,96,144,1,3,3,3.0,1.3886213499264153,0.034749063747360955,1.29720457908535,1.4885987337089874,4.371522712468866,0.3159858460909685,3.70886656877271,5.054161208511905,4.382928003123138,19.210057880560974,7.8706517922259,6.536080710882486,4.803325377452589,0.019228997278966667,12,38,5752,3b0ad1ca17b479b78db1d18a12fe6d4e5ddae74a1775376e0d44cfa1e26fd8b7
96,C96-C1-28.xyz,C96-C1-28,C1,28,96,144,1,3,3,3.0,1.388524306512205,0.036859598701925206,1.2960218400937538,1.4928407483720427,4.37247729403756,0.3338152309424744,3.668382719524272,5.051812490399292,4.385201283325909,19.2299902952832,7.853993588345527,6.678323665225829,4.697673041711844,0.020643381016326227,12,38,5752,64a8ed23f8894a5a4ff53770bb4ebc0db337b65857937af40a1e13645d193b92
96,C96-C1-29.xyz,C96-C1-29,C1,29,96,144,1,3,3,3.0,1.3886594218587234,0.03389926580156684,1.2978160270238612,1.4869740582807758,4.369272705848115,0.28270678234598934,3.8140115820458127,5.035180814493783,4.378409197739942,19.170467102853728,7.731337478816986,6.398346799808133,5.040782824228611,0.01477377858483242,12,38,5752,e2beeb0a5bf29e15b927477c40834905849dad120f87fcf457f89680af458000
96,C96-C1-32.xyz,C96-C1-32,C1,32,96,144,1,3,3,3.0,1.3884637049807174,0.03815139004453467,1.2923181380759148,1.486944884654438,4.3724949060373195,0.3387224944952517,3.635929906855641,5.0169142851815725,4.38559512855432,19.23344463159939,7.664008846270214,6.950739809268679,4.618695976060495,0.020573218207588586,12,38,5752,b6583ffc583274b76880e716fcb2213c0c71b9b3c28dc0fb049a090315053a17
96,C96-C1-34.xyz,C96-C1-34,C1,34,96,144,1,3,3,3.0,1.3887252030430082,0.03194234306336186,1.3193694289318665,1.475297329354324,4.369025001932381,0.28459845851391324,3.858249335812435,5.054136323329347,4.378284567053488,19.169375750098748,7.873530929956021,6.043655290518252,5.252189529624473,0.014758268988867921,12,38,5752,dd200b509734e1d0abed4d53792656e61958406128109cad2b72ca06f462a85f
96,C96-C1-35.xyz,C96-C1-35,C1,35,96,144,1,3,3,3.0,1.3887809371533861,0.030866206384724617,1.3202640720704324,1.4770960530717019,4.3697398069925475,0.29339462551316436,3.8260857927424428,5.057668080920188,4.379578334394223,19.180706387095277,7.8885500111562985,6.217824811697846,5.074331564241133,0.016334250314900513,12,38,5752,176efe6540200ff0257778729436da115e5456e2c0ebd2fd74c49a68b719f601
96,C96-C1-36.xyz,C96-C1-36,C1,36,96,144,1,3,3,3.0,1.3887596663120456,0.031163529073269237,1.3153589091955094,1.4773781844876415,4.368259924874259,0.2646495730556971,3.9061267851807457,5.02658889687196,4.3762694350075195,19.151734167781036,7.784337742292846,6.037154510010797,5.3302419154773935,0.013052413017318179,12,38,5752,0929e2471692910302be746fbccfcde5ed34e36de789f85d110bb1a124dccf2e
96,C96-C1-37.xyz,C96-C1-37,C1,37,96,144,1,3,3,3.0,1.3887446207658567,0.03169522772537677,1.319769900399308,1.4779300964524675,4.369772155897723,0.28782333704366775,3.8205000730034033,5.0634580668446345,4.379240912282172,19.17775096780599,7.917498935064851,6.112160166127078,5.148091866614066,0.016121177812156554,12,38,5752,1c79a2067d5b99a4587ad4fd45ab5856a3dfc4d512a58bfabb5efca38b9dc378
96,C96-C1-38.xyz,C96-C1-38,C1,38,96,144,1,3,3,3.0,1.3886745043020294,0.03343670831024059,1.311811430808559,1.4774997191201087,4.368932727407883,0.2714560200899658,3.8063893624239977,5.000845294239388,4.377357827212526,19.161261547458768,7.681566082622582,6.397834607252906,5.081860857583279,0.013806498378895879,12,38,5752,662871e18c52d682bd85c419ec6ab1fca543183c567ffe899150229d7ac83cc2
96,C96-C1-39.xyz,C96-C1-39,C1,39,96,144,1,3,3,3.0,1.3885560836576616,0.036234933207048355,1.3043161809929371,1.4767596588477085,4.37234039623052,0.32887009912781306,3.632224672462398,5.001702135397966,4.384691104583034,19.225516082609587,7.602405455837107,6.98852558853515,4.63458503823733,0.019920220721289343,12,38,5752,788460b58a67cbec9dfc749b9c00203375c6af2ca4e0cbce84c458c09da5a198
96,C96-C1-43.xyz,C96-C1-43,C1,43,96,144,1,3,3,3.0,1.3887289066387372,0.03169973127960876,1.3187679553280025,1.4749333578165487,4.3682455951505785,0.2711027737280657,3.8620482492243706,5.023519577029172,4.376650122351052,19.155066293475475,7.780479894874458,6.079915105690798,5.294671292910221,0.013201601924194064,12,38,5752,5137274438d093284d929f7855969587ea5448d9d399c5c89383fc1611e8b0d6
96,C96-C1-44.xyz,C96-C1-44,C1,44,96,144,1,3,3,3.0,1.3887683263829385,0.030820959399565556,1.323112319495212,1.4751501923533077,4.368701701666887,0.27313990098594665,3.8266108759074347,5.022735226757733,4.377231997924918,19.16015996365777,7.763822395168082,6.227702760333162,5.168634808156527,0.013914411119852425,12,38,5752,f15d4ebd353baad14bd7fee634e486fd70e322ce86cc10b5b57f809c4505cadc
96,C96-C1-45.xyz,C96-C1-45,C1,45,96,144,1,3,3,3.0,1.388755710846394,0.03131910195205044,1.312955353391729,1.4714685487634453,4.370988608493613,0.3221496158057186,3.8736344946581234,5.10739506951655,4.382844029913077,19.209321790544703,8.154430484910835,5.9359094080318995,5.1189818976019685,0.020058581212942114,12,38,5752,b7f49847cfde5c9913bd4d3b1c4d46cfb1eaa36467a15b250a3a875f2e2f5219
96,C96-C1-47.xyz,C96-C1-47,C1,47,96,144,1,3,3,3.0,1.3887891346005452,0.030193066789163708,1.321761684268386,1.4584163774450698,4.36968539591353,0.2980003298500055,3.887279505990143,5.061967450032741,4.379835003267897,19.182954655850697,8.002391337620345,5.957622083239273,5.222941234991078,0.016911225703936918,12,38,5752,5feb387ae27c33946608899de4f44afb667cf1346aeeddb8457a870538f5b4a6
96,C96-C1-49.xyz,C96-C1-49,C1,49,96,144,1,3,3,3.0,1.3887398375197566,0.031765052285668026,1.325928942289141,1.4737309048805347,4.371393309473801,0.32761048845730883,3.7288777784384566,5.104073841986299,4.383652369686669,19.21640809825955,7.9598050751233576,6.396308919546303,4.86029410358989,0.01951257444375011,12,38,5752,90f9e37b0735e96e071bdd838892dec66c75c6f2a23b2362ba1b853e2538da8b
96,C96-C1-5.xyz,C96-C1-5,C1,5,96,144,1,3,3,3.0,1.3887264316297434,0.03258681411293223,1.2950272390957651,1.477526869468031,4.379657232771909,0.43658589452534546,3.739830294184066,5.33539012929672,4.4013639613044715,19.372004719869793,8.925613761344058,5.497757727976201,4.948633230549532,0.037130292460495075,12,38,5752,7fc9e32187eeec36ad2029dd7c78bd0815eb1200397f46c2c62ee5df5c107ece
96,C96-C1-51.xyz,C96-C1-51,C1,51,96,144,1,3,3,3.0,1.388757222149264,0.03159757283108415,1.3224400175433288,1.4758024427408976,4.371364995169003,0.31184235885263556,3.7408280817118325,4.96070980676393,4.3824739106769,19.20607757776368,7.943851881940896,6.381403847425341,4.880821848397444,0.01907855455988247,12,38,5752,a80461b47917eb466aec4989d5dd256891ca279a6d78d4179cf41705d034a795
96,C96-C1-53.xyz,C96-C1-53,C1,53,96,144,1,3,3,3.0,1.3888021690895318,0.030325920458514247,1.3061834212697694,1.4634350583473115,4.369356104199325,0.27959441235445803,3.8100115214727928,4.9631192970001665,4.378292566825992,19.16944580072374,7.830347216363716,6.245617351464551,5.093481232895473,0.015415264065772665,12,38,5752,cc671643dedbaf1c5080da0b1c0ceb948d511bf4d8f2588c3dba2ea989767788
96,C96-C1-54.xyz,C96-C1-54,C1,54,96,144,1,3,3,3.0,1.3886919224792846,0.03304421064960099,1.3104673441181205,1.4859368021554618,4.37008720564555,0.2958896140583202,3.741885911276846,4.952740178436123,4.380092789959422,19.18521284865451,7.792710728488615,6.4634518482085985,4.929050271957297,0.01673837653204655,12,38,5752,3742a70dd8a5c68d3901ab605c82ce805a3c00dc42621cc9bdb2515b825a0e0f
96,C96-C1-56.xyz,C96-C1-56,C1,56,96,144,1,3,3,3.0,1.388770099822715,0.031232691510050814,1.3115543984143394,1.4657034147466534,4.366708266071563,0.22767004715383313,3.956157284327653,4.856771975916421,4.372639332411117,19.11997473134874,7.591910776897583,6.078905351045285,5.4491586034058725,0.009953066320528213,12,38,5752,0759bd162c2ccb2adbf98fef6cd0a2444d527f12eb4e0827b2c3c09d3e661467
96,C96-C1-57.xyz,C96-C1-57,C1,57,96,144,1,3,3,3.0,1.3888270555527722,0.029481615752780337,1.3204739641507515,1.465976360655246,4.366338948360542,0.21947946149527897,3.986992872317097,4.878599342424764,4.37185167245968,19.1130870459885,7.530554041953492,6.141557024618342,5.440975979416669,0.009288633219918659,12,38,5752,63a9db67a77af644279bbaf8b5a54d620fde7214fc34350e0933d246cc0ddc5a
96,C96-C1-58.xyz,C96-C1-58,C1,58,96,144,1,3,3,3.0,1.3888222513858048,0.02949675876917367,1.318212251498218,1.4657775820362378,4.3661835137074325,0.21667039019353762,4.00400301429929,4.877431783648316,4.371556305637296,19.1105045333572,7.557187875167557,5.977826494578662,5.575490163610983,0.0090131126941582,12,38,5752,6d95d5a25b8208744d383d1d81e13430ae500d63151720552b89c25ddaa8098c
96,C96-C1-59.xyz,C96-C1-59,C1,59,96,144,1,3,3,3.0,1.3888302581132506,0.029434217789156357,1.3243709563411605,1.4671958594543537,4.366449444057684,0.2253158755604466,3.939602325684929,4.891200111888911,4.3722589117401585,19.116647991291234,7.55125233473295,6.117237910641088,5.448157745917196,0.009477553615506873,12,38,5752,17ef687b6f41f61e04933b789f84a97d57887a63a18c133c42abf30ff7bb5594
96,C96-C1-60.xyz,C96-C1-60,C1,60,96,144,1,3,3,3.0,1.388828413176059,0.02950969011062706,1.3178283044463721,1.4654051897001048,4.366933213365705,0.2321297428752932,3.9112349577287557,4.870403916062931,4.3730984333220615,19.12398990752387,7.551853000995253,6.24038065650828,5.331756250020341,0.010218534331380601,12,38,5752,147cb612f31808549a8190dd2b486bff67291b86db15e9b8070b9a08bc87e77e
96,C96-C1-61.xyz,C96-C1-61,C1,61,96,144,1,3,3,3.0,1.388761952559924,0.03122549300833652,1.3129574631342784,1.4635112469673746,4.36724835882379,0.2402883080891326,3.864954834227355,4.868964451438047,4.373853758260949,19.130596698653424,7.596909214928378,6.261411392775231,5.272276090949816,0.011156167362538365,12,38,5752,8365aed4bfa4a7fe20007acdad9b3c5e85143c4b7fc70ad27bfecdeeebd12039
96,C96-C1-62.xyz,C96-C1-62,C1,62,96,144,1,3,3,3.0,1.388634607057215,0.03409668075648823,1.300584587791198,1.4784239006455488,4.36744087284394,0.24503687378572508,3.8820458318002227,4.876070580394541,4.374309413759218,19.134582847302514,7.658019377694187,6.09203959014002,5.384523879468307,0.011091146324975095,12,38,5752,054de880845dfd8681b7b389d6bb169baeb31fafb8c3f859fed85ea9b22d455f
96,C96-C1-63.xyz,C96-C1-63,C1,63,96,144,1,3,3,3.0,1.388694138566417,0.03274004721792219,1.309031707026228,1.4613185997584512,4.367336990576798,0.24180174360026782,3.8691249228306095,4.878805085171365,4.374025659786249,19.132100472468537,7.576564914570534,6.257601286090569,5.297934271807433,0.010726753958851375,12,38,5752,51ccb4e9dcb3556dd92b557d4173d19c5462355c81037b5728dcb94d09730cec
96,C96-C1-64.xyz,C96-C1-64,C1,64,96,144,1,3,3,3.0,1.3887233671525152,0.032175746941553,1.3065258856984043,1.4646847135134577,4.368346953630536,0.2670976908692069,3.8788810671256497,4.903426021393696,4.3765050307021065,19.153796283760848,7.808361981791769,6.067315719957255,5.278118582011822,0.013705485733965597,12,38,5752,631c2eabea66e6c62126d166a17f7b2c748dd07bb0c6d753a0e9846ad326fab1
96,C96-C1-65.xyz,C96-C1-65,C1,65,96,144,1,3,3,3.0,1.3886962938463772,0.03262204625373654,1.310065651026696,1.4777056100590535,4.3668850671294726,0.23121567502822624,3.8635097728645045,4.857075812733885,4.373001929784292,19.123145877897137,7.462562570189144,6.359041333968666,5.301541973739325,0.009579129634046701,12,38,5752,6b8c73d509a191eff5458ed5c9edbc5ea4de018308327fb617d52763dd774542
96,C96-C1-66.xyz,C96-C1-66,C1,66,96,144,1,3,3,3.0,1.3887015151604811,0.032444888946674216,1.3120336885918746,1.4777183087449381,4.367553808792844,0.24660919292962524,3.8453411323167055,4.852096945794336,4.374510528817856,19.136342366738276,7.524160112562177,6.422859346038404,5.189322908137698,0.011176883196398871,12,38,5752,c62f6943e3fc673120e600e9b5285db2066d8b911195f478bdf00e31c7931ce2
96,C96-C1-67.xyz,C96-C1-67,C1,67,96,144,1,3,3,3.0,1.3888126740461688,0.029835446021233846,1.3254471019244791,1.463909303884636,4.366414412945361,0.21924612988132625,3.995579653595447,4.800294288688724,4.371915334386626,19.113643691044928,7.560125385277746,5.989403179300985,5.564115126466195,0.009076821182991334,12,38,5752,0a413d485c566d9d6b3f96cc7766d69c52fb1357322e81282c70a1bd1b5f22ed
96,C96-C1-68.xyz,C96-C1-68,C1,68,96,144,1,3,3,3.0,1.3887731231170215,0.030713799956930653,1.319131210304722,1.4646254401723329,4.367381517602297,0.245414891924911,3.901597363327915,4.870482106966142,4.3742713438323255,19.134249789472662,7.59635471944792,6.261407543315382,5.27648752670936,0.01110830597760991,12,38,5752,0ae915f42517fd2c6312886b5d072a8b705b4724b0e524e7ba9b7023e4725aa3
96,C96-C1-69.xyz,C96-C1-69,C1,69,96,144,1,3,3,3.0,1.3887272022580088,0.03179181520767716,1.3104003853784536,1.4673741002212082,4.365411339535912,0.19212960598709505,3.9581574606159258,4.791404581351503,4.369637278864859,19.093729948845493,7.351546182788944,6.173081815604328,5.569101950452222,0.006762309440418146,12,38,5752,dff77dcfba7cd7f57abb0b4a972471cc5d8d5d85c314e93413ade0bcb5d9fee3
96,C96-C1-7.xyz,C96-C1-7,C1,7,96,144,1,3,3,3.0,1.388717285790923,0.033190998293427525,1.3004629406484445,1.470244452463603,4.379523109298202,0.4263292961093457,3.642736908211129,5.3218310556167525,4.4002249185238345,19.361979333598086,8.806095655276511,5.891338231462139,4.664545446859435,0.03621534526822988,12,38,5752,8dc451667d987542f9afaabc7d5423c2fcbdf884661bdbaaddd3815df9de8db6
96,C96-C1-70.xyz,C96-C1-70,C1,70,96,144,1,3,3,3.0,1.3888006738856467,0.029979921860708702,1.3213187124989947,1.4640255086575504,4.364546912594754,0.16967719578534407,4.08914291043857,4.801174087366375,4.367843873470065,19.07806010300998,7.244163542599147,6.098395558134034,5.735501002276799,0.005111018892598603,12,38,5752,f66f163bad0a67ba76af38e494a76dcd09cc631977f3004c49d9ad53c4c3f58f
96,C96-C1-71.xyz,C96-C1-71,C1,71,96,144,1,3,3,3.0,1.3886091937175857,0.034628278596429515,1.3051620627339733,1.4738528590059456,4.3669678033799535,0.2371143911359026,3.9725916904628034,4.893774652276003,4.373400396744035,19.126631030240883,7.673658538065562,5.8854937383129045,5.5674787538624155,0.010571443214854601,12,38,5752,d90f6f4db391a6fd7d58e9811728a200fc1460f21125d3c42f642496ed409aeb
96,C96-C1-72.xyz,C96-C1-72,C1,72,96,144,1,3,3,3.0,1.429690780128032,0.02791890981453935,1.3592480092315753,1.4796518552010811,4.481349636393895,0.2992579082547519,3.802303047587263,5.085072454811539,4.491330522157182,20.172049859260703,8.109400095680934,6.219912966260849,5.84273679731892,0.010874826473543407,12,38,5752,82f569d8f85df6878fbf2a0602952558a4d7074b7a7165a06d213b2bdce93eb5
96,C96-C1-74.xyz,C96-C1-74,C1,74,96,144,1,3,3,3.0,1.429613738986751,0.027868334223724797,1.360249375077967,1.476683643066449,4.478547034261149,0.32713516064924153,3.7946690558770446,5.107234006650881,4.490478922277927,20.164400951422337,8.191402835222743,6.115405234201401,5.857592881998195,0.012079227844157941,12,38,5752,79ce2ba643e0edf549a6b964ddcc730cbd92696a543d736b86163ba5ea2a53cb
96,C96-C1-75.xyz,C96-C1-75,C1,75,96,144,1,3,3,3.0,1.3886708711532367,0.033285700541081674,1.297149251242894,1.473467400385906,4.367599244355192,0.24406321242794116,3.8948704698837306,4.896976831581635,4.374413104743616,19.135490010952683,7.676060507307645,6.131563035135685,5.327866468509352,0.01166874181859035,12,38,5752,5e1be6c967b9019ea146ef3bcfc718ee1aab1ba94c4969c0eed8cad6e0023b43
96,C96-C1-76.xyz,C96-C1-76,C1,76,96,144,1,3,3,3.0,1.3886537050193541,0.033687645607489776,1.296504585414182,1.4658266473222545,4.365965712967914,0.2088576953816261,3.990710389887488,4.875384354476333,4.370958492565623,19.105278143731546,7.497832263351148,5.984718507126213,5.622727373254186,0.008132026910889418,12,38,5752,83d581dd34514dc79f86b06b4b8e17c53a4cbb46f405e825da7db4fdd91f5711
96,C96-C1-77.xyz,C96-C1-77,C1,77,96,144,1,3,3,3.0,1.3886043399065766,0.034584896123054355,1.2971275380624683,1.4774519856834603,4.368070462440982,0.25999889468293214,3.980556322302003,4.93936206626778,4.375801525444878,19.147638990085717,7.850297255962182,5.686421509478371,5.610920224645165,0.013232432099061643,12,38,5752,e17da2d5381609c4c622e899fd9e6d50de5aafb3e2a5bea4b7522e42efea301d
96,C96-C1-78.xyz,C96-C1-78,C1,78,96,144,1,3,3,3.0,1.388593756253397,0.035167329530456,1.2990983873440842,1.4777335077746594,4.367554090661564,0.24548981439880865,3.9612597440877573,4.926720764164219,4.3744478490237055,19.135793983828123,7.743716015890422,5.920054875542071,5.472023092395632,0.011861781248187464,12,38,5752,6a3face209591db13ad9646aac8cf2b3003e2b46dcf93702aa1473d316d462c2
96,C96-C1-79.xyz,C96-C1-79,C1,79,96,144,1,3,3,3.0,1.3886214052581922,0.03433104074687332,1.2965966065048913,1.467403782194935,4.367185395292694,0.23273288906796197,3.9801978632334705,4.89477818443934,4.373382315155139,19.12647287451172,7.669993465143666,5.915452936280497,5.541026473087559,0.010594098833144949,12,38,5752,4ba4b2598cde52659c89799d7a5f2534bffc0c35aef4fda4f3b9a8655aad7e0c
96,C96-C1-84.xyz,C96-C1-84,C1,84,96,144,1,3,3,3.0,1.3887985519316433,0.030405750320804135,1.3131352748289111,1.474758926062155,4.369155923493384,0.2732334908564344,3.790483069210143,4.895827932924327,4.377691175074244,19.164180024322917,7.712986268580924,6.417300993043225,5.033892762698768,0.014662624174990339,12,38,5752,8f483ca4d9bb35e07dd15613cba3a0d82c58cdd0ecaa650ff5e353ca2209ed4c
96,C96-C1-85.xyz,C96-C1-85,C1,85,96,144,1,3,3,3.0,1.3886820166404972,0.03306087387689139,1.3078138858415596,1.4644285335925409,4.36581322133875,0.20995660888439224,3.973635819794369,4.825711373878245,4.370858824216412,19.10440686123047,7.465029986088853,6.039371207932209,5.600005667209407,0.0078139711028017,12,38,5752,0013df33ab017ca09d5ba1b3866e8e8b93dfea54046950a3193d55360ad5018d
96,C96-C1-86.xyz,C96-C1-86,C1,86,96,144,1,3,3,3.0,1.388610408646532,0.03475797288489585,1.2972016381426597,1.4781031526926665,4.367543164592977,0.25298631086844126,3.870963827001122,4.851561184831075,4.374864039952517,19.139435368069663,7.409727411101814,6.604072731334224,5.125635225633625,0.010990361292862027,12,38,5752,58edc714ce82f8d01af1386fbee0fa763dd8b483eb9d7e431ab7030f35624b97
96,C96-C1-87.xyz,C96-C1-87,C1,87,96,144,1,3,3,3.0,1.3885902771298093,0.03542815848075329,1.2922668764616694,1.4748943216379944,4.371412443074931,0.3097041164646444,3.7235418741999333,4.949342351847905,4.382369608696359,19.205163387225475,7.880803982917201,6.491577487798017,4.832781916510257,0.01894053775287777,12,38,5752,fefc08f4b9a8ccc85809ed482423d809d01f8c445a9e5386717e7ea584c44300
96,C96-C1-88.xyz,C96-C1-88,C1,88,96,144,1,3,3,3.0,1.3886017323071604,0.03467631184248989,1.3057969673727998,1.475645614637878,4.366096365939403,0.2163430813557077,3.975287987733436,4.850328086046629,4.371453054250926,19.109601805519752,7.504065257416267,6.027816972101379,5.577719576002105,0.008342127698127534,12,38,5752,16b65b16368ee777c2564ef102157a6cf20dbd2fff00e0c77fae5ed44a4452f0
96,C96-C1-90.xyz,C96-C1-90,C1,90,96,144,1,3,3,3.0,1.3887664421784074,0.03066910739771511,1.3194916786399222,1.459940495362739,4.366377049900209,0.21776409436505245,4.004195001380546,4.881280218975784,4.371803946049032,19.112669742689885,7.576685294319387,5.911426057599069,5.62455839077143,0.009124401428483274,12,38,5752,58d7b58048f515b26e7c8d41abfacaab010d9b19c9ad0a56f44ed19f1bb495ff
96,C96-C1-91.xyz,C96-C1-91,C1,91,96,144,1,3,3,3.0,1.388808600473415,0.02980675144375477,1.3184713307463307,1.4639260705377168,4.365699575629274,0.20397504157257565,4.058208273743271,4.878184823544683,4.370462058207823,19.100938602234166,7.477795166714514,5.989379100518526,5.633764335001127,0.007869479493222885,12,38,5752,2f0fefa05a420581f20f4fa7e728e70c4ffe574a1fdaae883e81830a2adab492
96,C96-C1-92.xyz,C96-C1-92,C1,92,96,144,1,3,3,3.0,1.3888089640054473,0.029749941144745808,1.3149108943194592,1.4628023243076966,4.3668935801934206,0.2309188135883369,3.9809682574255443,4.907427385156923,4.372994744932076,19.123083039203557,7.596508593310307,6.115546818234915,5.411027627658334,0.010207928933448861,12,38,5752,3dc933e8604cec3e54c3b09efd0e188395abe499757b2c1efb7ed16a8b273b24
96,C96-C1-93.xyz,C96-C1-93,C1,93,96,144,1,3,3,3.0,1.3886655744088878,0.03317562620141157,1.3065600981202512,1.4740355287441342,4.366345683173113,0.22398023108241474,3.9956502813313284,4.901520159292739,4.372086660723939,19.115141768880207,7.57248235740711,5.977471094330514,5.565188317142584,0.009227527287636825,12,38,5752,b1f802b8e460fb449067d641a34496d65b43728f66f9e73b6c37674dadb14795
96,C96-C1-94.xyz,C96-C1-94,C1,94,96,144,1,3,3,3.0,1.3887289157764247,0.031562011497520116,1.3207245473602738,1.4613014952431957,4.365351314866447,0.19527644308491068,3.9980931583885346,4.84161169238301,4.369716809065563,19.094424991430127,7.334931025146531,6.172843011354917,5.58665095492868,0.006514798566631946,12,38,5752,ead00278a46bac1f5a8e8e218142834a96ee2ba1a3a160aa4b842728c4c5f3ba
96,C96-C1-95.xyz,C96-C1-95,C1,95,96,144,1,3,3,3.0,1.3887131524270826,0.03203544908780385,1.309412513305108,1.4748026613754128,4.3655931342330385,0.1968416059490047,4.026062068749244,4.83650740565577,4.370028607628928,19.097150031495225,7.440976972890103,5.9107458285204455,5.745427230084676,0.007189210505640759,12,38,5752,c5f58ab3e4dc85640c3e73b0bfd130c99c09f14121d9640eb9333cdeb12f429b
96,C96-C1-97.xyz,C96-C1-97,C1,97,96,144,1,3,3,3.0,1.38867853334997,0.03294223857634256,1.312731949028437,1.4742725833440706,4.364809046485295,0.1831819423221642,3.990001028571051,4.801858276520633,4.368651237655942,19.08511363627279,7.207654195479712,6.27501359019566,5.6024458505974195,0.005352024720341372,12,38,5752,92a50c4700af73395cf4e5ff97ed16df44d99fa41c9f566c8f353e7ba075be5a
96,C96-C1-98.xyz,C96-C1-98,C1,98,96,144,1,3,3,3.0,1.3887204534402973,0.03200640954762393,1.3063773957015636,1.4624725125622018,4.367597772092559,0.24278420098901732,3.9461185477319236,4.9210498387924195,4.374340460805236,19.134854467037762,7.730025590020232,5.936135965079764,5.468692911937767,0.011676007080188225,12,38,5752,c4fc7a8b8d51208ca7c341768c45e59dcb6fcbac9f59ec0e083d700133a3eb34
96,C96-C2-105.xyz,C96-C2-105,C2,105,96,144,1,3,3,3.0,1.3886594203676992,0.03383324181664719,1.3099396131119938,1.4808607969691145,4.3713976212467704,0.307363528137989,3.752506796266817,4.931596558311042,4.382190034842323,19.20358950147136,7.883825214750978,6.444283567642125,4.875480719078257,0.018416994330877734,12,38,5752,89d97df6f84b533d0161973252c12846b6c5265e51913b279974720bf6ebe6ac
96,C96-C2-115.xyz,C96-C2-115,C2,115,96,144,1,3,3,3.0,1.388723043668412,0.03172036672073073,1.3261326517358665,1.4583256803608722,4.365042681843556,0.18420140577041905,3.98632422746094,4.764897584898027,4.368927531122916,19.087527772203778,7.242044310623416,6.256164344192549,5.589319117387814,0.0056927786830209175,12,38,5752,90bb751393207b945d1f478cf0962092f9b19599983173282341cc327b272da2
96,C96-C2-118.xyz,C96-C2-118,C2,118,96,144,1,3,3,3.0,1.3887219510933828,0.03186472681942832,1.317955579676341,1.4590808956325896,4.3642322666355895,0.1647759799931302,4.0807664345228405,4.710621982618458,4.367341800308961,19.07367440072592,7.046634387975539,6.361476411037831,5.665563601712548,0.003932178192347896,12,38,5752,193a03387d27d386b0a4fd9f6da77e0fdde3d84048637a1a864031349a28fddd
96,C96-C2-122.xyz,C96-C2-122,C2,122,96,144,1,3,3,3.0,1.388781188358441,0.030617416758083743,1.3435994566834268,1.4665586282177745,4.366501567964122,0.22943876399433086,3.93665656718229,4.7808809837359245,4.372525367502901,19.118978089456384,7.337829232577923,6.546115611933767,5.2350332449446935,0.009256969116938645,12,38,5752,1a60b43dacea9d36053ef1bdcb6aae47087a30e3158b7f85bdb1e586535188f7
96,C96-C2-124.xyz,C96-C2-124,C2,124,96,144,1,3,3,3.0,1.3887345889797476,0.0317502829668218,1.3228068528700627,1.4671446554447178,4.363294152883204,0.12830763867709438,4.123090745595855,4.6739529084688956,4.365180261424222,19.054798714727646,6.786484724270428,6.324382486592395,5.943931503864825,0.0014709727968927207,12,38,5752,7dff2c43b4e3a7cce32b411c4c654f8a30577a52d27c5dfdee6ad8db405eea4a
96,C96-C2-126.xyz,C96-C2-126,C2,126,96,144,1,3,3,3.0,1.3886073085068977,0.03461707165717555,1.3031368692505019,1.4785024213710303,4.365829333699054,0.20960761382989385,4.016863648984003,4.795404498400431,4.370858167770098,19.10440112276258,7.467905407097115,5.882226752254083,5.754268963411384,0.007489900380653832,12,38,5752,d60d68c068e0d914dffe71b0a67bb939cd005010db7bfd462ed172ddbca041db
96,C96-C2-127.xyz,C96-C2-127,C2,127,96,144,1,3,3,3.0,1.3887635053507918,0.030831473325934035,1.3116615569574341,1.4629922009361502,4.3673464166776474,0.2452880946106032,4.02201420424469,4.897413699212001,4.374229186110941,19.133880972624784,7.749377242880729,5.785870132831479,5.598633596912576,0.011630688726898332,12,38,5752,098626ab327962f0ab1799a045816aaaa9ae0d08d1b790cfa5c6e48efebe5e9f
96,C96-C2-13.xyz,C96-C2-13,C2,13,96,144,1,3,3,3.0,1.3887626979903214,0.03184933155724514,1.297143049166128,1.456662414562825,4.376900353938397,0.4070405079069903,3.7527026207166245,5.226374781252943,4.395786469266136,19.322938683383242,8.72017389519692,5.7389500939077305,4.86381469427859,0.03284231749880921,12,38,5752,2becceeff77e71f4af4649a7eae18821153674c8c4ffd56981b660a2def15119
96,C96-C2-132.xyz,C96-C2-132,C2,132,96,144,1,3,3,3.0,1.3887441816070276,0.031197144142168332,1.327863174427245,1.4619620446509547,4.366936868958398,0.23588220224711862,4.010402095985706,4.866587972961126,4.373302874350817,19.12577803080512,7.66316046860877,5.778030290156144,5.684587272040204,0.010220466936357578,12,38,5752,4f628874bb3de6da79a05f5c55209a960361fc3185f0fcaa1ce9b1342ad134c7
96,C96-C2-14.xyz,C96-C2-14,C2,14,96,144,1,3,3,3.0,1.3888474782815101,0.029342976425964815,1.335644391295827,1.4784847987044032,4.376545228728455,0.397300540035517,3.8195854647066545,5.1892419689591165,4.394541598189544,19.311995858218314,8.692423126808333,5.442895736642333,5.176676994767649,0.03082259721532118,12,38,5752,3dfea5d7dbfce125b34a34d5fb0377ddcbc36315425f622fbde36e56475a710d
96,C96-C2-142.xyz,C96-C2-142,C2,142,96,144,1,3,3,3.0,1.3887194078718175,0.031687108842798774,1.3229742287739397,1.4605631140077446,4.3664823723207284,0.22257272375056042,3.9989985005181317,4.823340117126263,4.372151292572731,19.1157069251454,7.583733428570884,5.949941681618591,5.582031814955926,0.00932026738314202,12,38,5752,3a5741c2feaa2f078d2a22673f37bd640369fcf24502091b5da04320b7759d67
96,C96-C2-15.xyz,C96-C2-15,C2,15,96,144,1,3,3,3.0,1.3888745111174998,0.028676954429429833,1.326754253808896,1.4546790058291212,4.374792595684333,0.3806968418911181,3.8113749952235745,5.1879781259022755,4.391325578988688,19.28374034068034,8.549683125526393,5.746119099005794,4.987938116148153,0.028398708026545608,12,38,5752,d844bc4a6c328239d11157b628b4c925a4c9e3970b56e392b0de6592382ce161
96,C96-C2-151.xyz,C96-C2-151,C2,151,96,144,1,3,3,3.0,1.3886339708342725,0.03421527603987998,1.2959745290706912,1.4659158263693042,4.367956534054166,0.25252974785664223,3.8115323382956467,4.743044304342604,4.375250342202034,19.142815556939016,7.299155805354627,6.786643159267442,5.057016592316947,0.01129966511951125,12,38,5752,7b82644bd21139913299cfd7a49742af193004157609e6336fa80d2d588feef8
96,C96-C2-157.xyz,C96-C2-157,C2,157,96,144,1,3,3,3.0,1.3888755645586965,0.028381748920065134,1.311998220273183,1.4661835799107832,4.367652099920726,0.2420408865404691,3.8547043548231357,4.757937167640769,4.374353513000432,19.134968656699215,7.459926703410201,6.569843152259742,5.105198801029273,0.01158301816934546,12,38,5752,c0121942b678b50ed258208fee29a72175781b5156c982fdc1d8bd186aac50f5
96,C96-C2-158.xyz,C96-C2-158,C2,158,96,144,1,3,3,3.0,1.388930407214698,0.026888761809268892,1.3410213943110678,1.465369127557968,4.3679860876173295,0.24882951486257088,3.91168142608059,4.822564169347799,4.375067838226658,19.141218589085284,7.704113651934003,6.17481337288098,5.262291564270304,0.012464919911105527,12,38,5752,9128765d29db9cbae974b77fae5ee2c75fcf520e61f884a22ea11bb136d042b8
96,C96-C2-165.xyz,C96-C2-165,C2,165,96,144,1,3,3,3.0,1.3888165927120246,0.029330381044346807,1.3229094753610315,1.4656696217087943,4.364324334064759,0.15443904834313038,4.038420594626535,4.616230540975728,4.36705602352007,19.071178312562928,7.081118978968542,6.395928721920409,5.594130611673977,0.004568889697958773,12,38,5752,b220db84d4969a8cfae564d02bb3a0e299361b89284b10c622f3b5208343d5cb
96,C96-C2-167.xyz,C96-C2-167,C2,167,96,144,1,3,3,3.0,1.3888501236445816,0.028921623440427237,1.3279944013436202,1.4638277425981514,4.365649450807269,0.19611493781935102,4.034759816410633,4.750181935208407,4.3700521960463705,19.097356196169706,7.428927941492448,6.090772983472528,5.577655271204731,0.007514427629185035,12,38,5752,d0857160baacd7ef73688a6928ba96e099b5fc83dab87458fd07e5f956393830
96,C96-C2-168.xyz,C96-C2-168,C2,168,96,144,1,3,3,3.0,1.3887064968500853,0.03274772546345992,1.3078968843146617,1.4648522690018952,4.367167614145145,0.22956212053864475,3.9426383252346313,4.818385875441132,4.373196969863625,19.124851737224393,7.607245489857194,6.1515277743077,5.366078473059499,0.01060651143618214,12,38,5752,e9382f79ec0dae6f67c51ce70ab8532f32287ee35d7e1aae7bf1c7fa8497cb19
96,C96-C2-171.xyz,C96-C2-171,C2,171,96,144,1,3,3,3.0,1.388687813596064,0.03278337646675021,1.3083389354444819,1.4899740501095984,4.366318107023962,0.2141477128472389,3.963498634892472,4.7641929473988025,4.371566430313397,19.11059305464302,7.522358007795898,6.129122993161769,5.4591120536853515,0.009100128108991693,12,38,5752,56fc7643e9877bb2ed3af532d670273b25668238a809ace27d685f2d849ad7b9
96,C96-C2-173.xyz,C96-C2-173,C2,173,96,144,1,3,3,3.0,1.3886902215576884,0.032866905552758716,1.3103618202618694,1.4653835982431356,4.366808049187848,0.22453686855511032,3.9431224142564796,4.7880762042132865,4.372576968309685,19.11942934379232,7.5805833576622295,6.139573016547162,5.399272969582928,0.010097959100083901,12,38,5752,4ba963772277299eb6975b5abbd1de017102f71a36f9331a32957ce8a40faec0
96,C96-C2-174.xyz,C96-C2-174,C2,174,96,144,1,3,3,3.0,1.388719713732937,0.03226818321260124,1.3043954845061372,1.4772161960931784,4.366076357509164,0.21082732441408683,4.05539050603647,4.782892405184936,4.371163565953589,19.107070920320098,7.572833733131835,5.777130577105834,5.757106610082427,0.008932032603887382,12,38,5752,610198e872cb619775071e41415753b9eee428f632c5f2957d372f373fe73478
96,C96-C2-176.xyz,C96-C2-176,C2,176,96,144,1,3,3,3.0,1.3888234065684921,0.02956226631554279,1.3183829716740125,1.4668989126725807,4.365425388154674,0.1897414075793317,4.0669201128787575,4.750502949311028,4.369546958357991,19.09294062129557,7.43461673146532,5.872441200518906,5.785882689311342,0.007085921023182147,12,38,5752,d49d057129783708b3a01c855b5eca55001396c8f5b9786291f7dcb46e0eb76a
96,C96-C2-179.xyz,C96-C2-179,C2,179,96,144,1,3,3,3.0,1.3888214955918414,0.029345778256596188,1.3237388639758223,1.45428310173776,4.364590436783057,0.16535843577208342,4.029489359848432,4.652258513534767,4.367721727988071,19.076993093139105,7.216088639476719,6.258061436589083,5.602843017073304,0.005426415329628987,12,38,5752,622eaaa1a3e8606d03784b4c21ec387e93041ac3022cf59a19803b642cc2e161
96,C96-C2-181.xyz,C96-C2-181,C2,181,96,144,1,3,3,3.0,1.3888045521768164,0.029596709748766,1.3181897207913587,1.4526642626567228,4.364152704931954,0.1522150405299316,4.0413014247930175,4.602347523093595,4.366806413218754,19.068998250528438,7.078205549967318,6.389526004252963,5.601266696308158,0.004505968184205633,12,38,5752,072461f054869b75e630c17b65f3e0cc3d0c3682966ba4105abdc4d6f4da42dc
96,C96-C2-182.xyz,C96-C2-182,C2,182,96,144,1,3,3,3.0,1.3888217361221886,0.029249014648067492,1.3258238683927814,1.460298205847011,4.363768674334902,0.14020058580847822,4.131866345365701,4.632128693444557,4.3660202985519465,19.062133247367626,7.142966438184877,5.9873369532492084,5.931829855933541,0.003860323576021196,12,38,5752,34f8c01f08f7b63acd4b627e04b13e58697b3e5b78fd579cb38fa842cd9a86ce
96,C96-C2-30.xyz,C96-C2-30,C2,30,96,144,1,3,3,3.0,1.3883594345325063,0.04012874233322117,1.2928189239023382,1.4912144580844167,4.372349452815584,0.33857266261012736,3.6656567798867488,5.045952236612995,4.385438539690602,19.232071185403644,7.870819936099502,6.644326064594761,4.71692518470938,0.020501944488882793,12,38,5752,d618086816fa84b4e20afbd99fdd51c4ff567232dcaac2bf448d8e40f3c78855
96,C96-C2-31.xyz,C96-C2-31,C2,31,96,144,1,3,3,3.0,1.3885579685872307,0.0361552472081312,1.2930873945716121,1.488088535672525,4.371817277225116,0.3234235746545789,3.697147174297181,5.049149492950632,4.3837642630605,19.21738911408637,7.900981158688495,6.532531451344763,4.7838765040531115,0.019830044833522763,12,38,5752,1962935499e511efea45701eba923183e7b1f243128fa5dea83edbc069c5daae
96,C96-C2-4.xyz,C96-C2-4,C2,4,96,144,1,3,3,3.0,1.3885984005301237,0.03542071981770078,1.2974938689643198,1.486606114611399,4.382807654112572,0.4716647728175762,3.6512749353635874,5.371322411201239,4.408114176250973,19.431470590864794,9.1298352937287,5.558976021923956,4.742659275212138,0.04325513149520043,12,38,5752,6b4584d1fe2025d2b1848c88b76abf6dcb418583fbd07a00bf92879089f0674a
96,C96-C2-40.xyz,C96-C2-40,C2,40,96,144,1,3,3,3.0,1.388689344491369,0.03332920676987797,1.3271304871790113,1.4781631202272634,4.371930101911861,0.32110776815436987,3.6992702416066066,5.025345448907256,4.383706538395577,19.216883014772137,7.777573210360179,6.721613502279288,4.717696302132667,0.01962365210581016,12,38,5752,926c27b884d9807a21427216ff54817823baf98af2e0833c88180ca235edc86f
96,C96-C2-41.xyz,C96-C2-41,C2,41,96,144,1,3,3,3.0,1.3886617751491426,0.03369318267953846,1.318139874975338,1.476399146572498,4.370724427180089,0.29975898842996307,3.7462921638415887,5.01623873567828,4.380991608014477,19.19308746949327,7.780586075439027,6.541453566760666,4.871047827293581,0.01736156251863359,12,38,5752,b3153fe7f7670d62b4c866b3ffcdef464d898f56ec359df46891e221e05352b3
96,C96-C2-42.xyz,C96-C2-42,C2,42,96,144,1,3,3,3.0,1.3886743493000233,0.03317038503513033,1.308962558670033,1.478409016476834,4.367296385358682,0.24329549256112756,3.915502687395739,4.980724331883023,4.374067948062487,19.13247041426758,7.5207658689047605,6.344632911321753,5.267071634041067,0.010413242841643461,12,38,5752,6d1c03866a54f659de25d8df4da088ab168c0d2621259d1a84dd4eec8e4d9892
96,C96-C2-46.xyz,C96-C2-46,C2,46,96,144,1,3,3,3.0,1.3888441475389466,0.029034808365420852,1.325100486755627,1.455271472956163,4.369578017178332,0.294546586790115,3.9626147148224202,5.078963221527321,4.379494233355929,19.17996973999783,8.039918272299266,5.761921936408844,5.37812953128972,0.016883194299744747,12,38,5752,2b81acb09011a7a8ee9c52514af10b2cfb05fa964cb808a48e7bebf17a2c1436
96,C96-C2-48.xyz,C96-C2-48,C2,48,96,144,1,3,3,3.0,1.3884545190829836,0.038476762925994765,1.30432515117972,1.4755729937891924,4.3730738381785175,0.3478296944871665,3.599977795734867,4.963124982516129,4.386885032745722,19.244760290528433,7.439861826202843,7.279280155868596,4.525618308456993,0.021737256457204715,12,38,5752,96e16660da243cf19796acd2b11c49fdf2002696add40b54d04205c61ff8ce3d
96,C96-C2-52.xyz,C96-C2-52,C2,52,96,144,1,3,3,3.0,1.388666402762897,0.0335196889288735,1.304084801690442,1.4609147853314377,4.3702203707280045,0.296001818224577,3.77657828722896,4.9620440360410845,4.380233231817488,19.18644316511828,7.900356906383393,6.251924075474703,5.034162183260184,0.016863197409493554,12,38,5752,0d33a211a1b1789462dc26a88208d1c3a1f2e9bd3410f555078c7d7908264db3
96,C96-C2-55.xyz,C96-C2-55,C2,55,96,144,1,3,3,3.0,1.388907111639424,0.027492667480805175,1.3346028697706294,1.4576204101205499,4.371869375588754,0.32533953055814824,3.951099570760279,5.037227063195291,4.383957988776192,19.2190876473546,8.270635203908599,5.581977969466469,5.3664744739795305,0.021265028834496064,12,38,5752,b40667e43a158bd89f81b43afed823150b2d7d13e623e92e058290d9b6cd7d53
96,C96-C2-6.xyz,C96-C2-6,C2,6,96,144,1,3,3,3.0,1.3887510502330511,0.03226046650033867,1.3159129644471173,1.4744874228015648,4.384060625270937,0.4806405796282423,3.648564905987736,5.37512611695812,4.410329118426013,19.45100293283637,9.196682906477431,5.5776536554071185,4.67666637095182,0.045381882397729494,12,38,5752,d1a46a26abf894e7fa75bba28d67ffd29aa704e3a5a1c9ff8935a96d6b3ac149
96,C96-C2-73.xyz,C96-C2-73,C2,73,96,144,1,3,3,3.0,1.388585073419,0.03527340027328793,1.2974724582818704,1.4673866361664876,4.3679542066060835,0.25466216050928414,3.985422263161746,4.916134525624642,4.375371614732061,19.143876767003043,7.81898628720946,5.720632689470185,5.604257790323395,0.012717541643618643,12,38,5752,de9342bca1801b0bec0d60a1f76ee43c280aa5778d0d607a98db3b053e638f9e
96,C96-C2-80.xyz,C96-C2-80,C2,80,96,144,1,3,3,3.0,1.3884552381058617,0.03781078125578129,1.2962241318537469,1.4912284700876657,4.368735466435708,0.27248235666579634,3.9842435839671584,4.947896171914901,4.37722471554607,19.16009621038738,7.9376077065737025,5.644601289971515,5.577887213842163,0.014751206776889448,12,38,5752,d67bc840a074e1b66cf5cdf8da0f317c868c7bcfe9d2f8c00b4fa86d240e5f66
96,C96-C2-82.xyz,C96-C2-82,C2,82,96,144,1,3,3,3.0,1.3887856152536209,0.030373690015820222,1.3143949368435652,1.462210610685068,4.368268207596579,0.2684977234303856,4.020995854179183,4.952202778704595,4.376512099947438,19.153858160986335,7.910305419407411,5.641649456378777,5.601903285200146,0.014279025245545092,12,38,5752,10b175549a2463b7d0dfce082cf22eeb95bba13c3f0635a314d31f091011eb02
96,C96-C2-83.xyz,C96-C2-83,C2,83,96,144,1,3,3,3.0,1.3886411853862333,0.03417663450866214,1.3048089936845162,1.4741064717312653,4.370701861355929,0.2990928883794836,3.7141578848472676,4.921676877412461,4.380923568922353,19.192491316739368,7.7956049522881905,6.531065447332737,4.86582091711844,0.017586091214968874,12,38,5752,5df3a52fb78cb4ef0706b76184cde76f8859a1ce83efa0f0253ffb7ec96f7064
96,C96-C2-9.xyz,C96-C2-9,C2,9,96,144,1,3,3,3.0,1.3888841246741355,0.029002046725557912,1.3351307276817501,1.4594608456549973,4.386813769239516,0.510880312892021,3.6176510876380967,5.3709070306503275,4.416461676510967,19.505133740090066,9.461593362822182,5.326554061380538,4.716986315887346,0.05254487243517475,12,38,5752,fdd8646fbd45b21e803efc85d65446ee5d93e2b1a40e2d27d68d236a6a0cee8b
96,C96-C2-96.xyz,C96-C2-96,C2,96,96,144,1,3,3,3.0,1.3886144126960103,0.034181316048441275,1.3116817068176256,1.4718121381480722,4.365738389103139,0.21061989939291706,3.9981639287817696,4.852749450864944,4.370815990648561,19.104032424109164,7.45059561176525,6.111891001641802,5.541545810702109,0.007893783971576264,12,38,5752,72411d1c2433ca6deac437c1de6e01002c2fcdb0e7c384408f457512f23ce258
96,C96-C2-99.xyz,C96-C2-99,C2,99,96,144,1,3,3,3.0,1.3885272195397311,0.0367934725874189,1.2925127039994615,1.479540749692282,4.371544909991567,0.31433253772655856,3.726958814786064,4.936813016999922,4.382831258940595,19.209209844346795,7.931415164932044,6.4298548056454825,4.847939873769267,0.019329539473397137,12,38,5752,3708eca8d3019ca3a54e16cb3cd250d019700fb35861bcba8d6b0fb3fd6787e6
96,C96-C2v-110.xyz,C96-C2v-110,C2v,110,96,144,1,3,3,3.0,1.3883162583437645,0.04200778795563589,1.2780495373810832,1.4758046517069934,4.379402544452411,0.40873752241758965,3.5776758208098607,5.017716839552877,4.398435290940214,19.346233008588328,7.774947131350337,7.413503708140813,4.157782169097177,0.03181368816181101,12,38,5752,5ac55ba10a69df6715c4fe3d62100f401d226abc2b35c4b95f3182d153b85082
96,C96-C2v-149.xyz,C96-C2v-149,C2v,149,96,144,1,3,3,3.0,1.3885451320025808,0.037010601938160186,1.2814738897066924,1.4631131501015222,4.375270587896959,0.3559400190142169,3.6653362425661298,4.851750681071434,4.389725049983433,19.26968601445205,7.612266593281933,7.245643524918883,4.411775896251231,0.024787675451636314,12,38,5752,fed0466aa0df9bb84dce0eea217003bb1c55914a9229d2f68cfb92430dcdddc5
96,C96-C2v-162.xyz,C96-C2v-162,C2v,162,96,144,1,3,3,3.0,1.388778504600415,0.030366329697203695,1.3131210378331466,1.4540077235008073,4.364316495092414,0.16389192841781855,4.0515412894746525,4.690160359632485,4.367392704295807,19.074119033536242,7.087774126902628,6.4384416258691495,5.547903280764463,0.004928087494932681,12,38,5752,54fb2f15acb782ac0bf483e9007e291b1941619939fea7a4842c3ff856dcc885
96,C96-C3v-137.xyz,C96-C3v-137,C3v,137,96,144,1,3,3,3.0,1.3885238294467794,0.036212845750374006,1.3016790118919488,1.4578144463545422,4.3647438493352775,0.1849404441610396,4.078033286341802,4.81085832106341,4.368660187997759,19.085191838196618,7.3229424286651374,5.889010757476919,5.873238652054561,0.0057077722444922865,12,38,5752,d1aec502c7bc27c30748f63a9ac310061a10b9c3b01c7fd5a1bceb59e2f84f1a
96,C96-Cs-10.xyz,C96-Cs-10,Cs,10,96,144,1,3,3,3.0,1.388849785877718,0.029793459912000816,1.3355781856559352,1.4694551949617245,4.376113313938171,0.3877507810756407,3.7386861874129624,5.275649670877273,4.39325829022739,19.30071840465169,8.57556972174277,5.8440752759291,4.881073406979821,0.02957944776421125,12,38,5752,847513ba9ed2c1341d986aa57cd3ca192122532d4b31cc6281daaf819b346030
96,C96-Cs-11.xyz,C96-Cs-11,Cs,11,96,144,1,3,3,3.0,1.3886701061920506,0.034114383602218336,1.3068140189024602,1.4672034930438245,4.377008677162223,0.40468638338133145,3.6311761808196996,5.280621480993251,4.395676970484485,19.321976028847658,8.518521972640984,6.192849297630773,4.610604758575898,0.03104964010433339,12,38,5752,0c88df888ef7ac4ce891ac37f2af55153e3968fc7a433723275410885faab1b2
96,C96-Cs-133.xyz,C96-Cs-133,Cs,133,96,144,1,3,3,3.0,1.3886009657308873,0.034665002750490205,1.301242025912167,1.475336642939502,4.368059460806054,0.25837500617903414,3.8947124020270145,4.885956234381833,4.375694355980007,19.14670109695529,7.756949868737976,6.129410396061501,5.260340832155814,0.013144195574001453,12,38,5752,07f85e7f054b978f6cadf098afadcb84a74338e4edda24035ed8e7ca823e8b21
96,C96-Cs-146.xyz,C96-Cs-146,Cs,146,96,144,1,3,3,3.0,1.3887287236040697,0.031674355659675434,1.31650211165801,1.4636037202740364,4.364137639944751,0.15826450778808074,4.118803291117606,4.79447158976752,4.367006411125126,19.07074499480795,7.1784359678934875,5.983773315882591,5.908535711031869,0.004186942801715908,12,38,5752,4c25c70608ad16d33378eac278aba42a099c074db380bfcf2b7fb1a7aeacac83
96,C96-Cs-147.xyz,C96-Cs-147,Cs,147,96,144,1,3,3,3.0,1.3888040934911112,0.030030821659674634,1.3145275158778533,1.4604136160690915,4.366705248747647,0.22638834301277794,3.977883356585951,4.8447665415093555,4.372569772032497,19.119366411292322,7.570059128108428,6.120319682799459,5.428987600384433,0.009798753144744767,12,38,5752,0b96a3a33bb31c7e79788832d3f3fcff5990b685ac408cf6eeecb972eb78e12f
96,C96-Cs-156.xyz,C96-Cs-156,Cs,156,96,144,1,3,3,3.0,1.3887585561500604,0.031196810476203866,1.310132489483411,1.4590019259754252,4.367558062806714,0.241103202042789,3.862791932403204,4.755904104912399,4.374207835256941,19.133694186023217,7.518525506001885,6.4608965376108305,5.154272142410501,0.011493554310228315,12,38,5752,0a09949829bb2d045d6bbe6f43ff2dbba3d68bc1dad263740f80e73fbb592317
96,C96-Cs-161.xyz,C96-Cs-161,Cs,161,96,144,1,3,3,3.0,1.3888542965452662,0.028507130852131843,1.3211231358204276,1.4623001914791642,4.364788585105856,0.1761178624979808,4.064774686394223,4.730934702297343,4.368340290563596,19.082396894161242,7.322987744553396,6.095964398072156,5.663444751535688,0.00610585005639359,12,38,5752,220c20f78deda07d5b35b0557c59a5e8cedb5d3132d1e0e168e01085b17a9d03
96,C96-Cs-170.xyz,C96-Cs-170,Cs,170,96,144,1,3,3,3.0,1.388809029555674,0.030318067031324877,1.3149174612879702,1.4627207525703598,4.368055753653816,0.24496954876883736,3.8656010852563782,4.800876181546825,4.374919558900736,19.13992114685221,7.5339067646790125,6.484721284599001,5.121293097574196,0.01198410388521406,12,38,5752,755979f37e708866fff44eace8e4c7ad1cf283661b0da5970d24db0b0a726784
96,C96-Cs-178.xyz,C96-Cs-178,Cs,178,96,144,1,3,3,3.0,1.388705247899109,0.03231747268595295,1.3147837008420817,1.4570034763170605,4.363821293912426,0.14641603596800454,4.065123836013433,4.70168987654966,4.3662768969445915,19.064373940792095,7.102033880953522,6.190946074706465,5.771393985132107,0.0038199267798575596,12,38,5752,c99508039dd7f97db4fede86464f8fbca2f8058d4b123c65a00dd7266f3e7e0c
96,C96-Cs-180.xyz,C96-Cs-180,Cs,180,96,144,1,3,3,3.0,1.3887591969413944,0.030633897702894722,1.3171937177196074,1.4523485084510535,4.362981008756854,0.11025384304931334,4.142894409536632,4.580349301230007,4.36437386032408,19.047759192680115,6.914603619297643,6.251681085011827,5.881474488370645,0.002265431914201472,12,38,5752,dada437e3f4c3286cfd3bcf0aed3db02eb0642f8f34fbcfb5cbfd0245aabce3e
96,C96-Cs-50.xyz,C96-Cs-50,Cs,50,96,144,1,3,3,3.0,1.3887436499007835,0.03216704877536802,1.321726147883895,1.476102577736385,4.372553438854627,0.33705813319466327,3.7203212765666582,5.133131606619352,4.385525254834602,19.232831760792095,7.956332829559335,6.557342728622999,4.719156202609763,0.02137785592164394,12,38,5752,c5d3c10ec42498526c2e12bee7d6551e97ce83d59938c57449b4625e789c45fb
96,C96-Cs-8.xyz,C96-Cs-8,Cs,8,96,144,1,3,3,3.0,1.3885758028297401,0.03634476603260573,1.293197970149969,1.4793359794177927,4.38366210676616,0.4673992471113969,3.5497185676299985,5.335627999296538,4.408509444528597,19.434955522497834,9.04874874668436,5.933961349879897,4.452245425933576,0.0437168329768383,12,38,5752,91a8b5834c985625a8225de38a282cea3667577c7dd5700b8c68f6748d990870
96,C96-Cs-81.xyz,C96-Cs-81,Cs,81,96,144,1,3,3,3.0,1.3887535692577313,0.031544756326365095,1.317375288215169,1.4648297989868992,4.367847135418483,0.24560420185973433,3.8914973851841914,4.90919841341015,4.374746852373815,19.138410022354606,7.686326366073866,6.148881096145653,5.303202560135088,0.011955634201092665,12,38,5752,f53fc793b84ba1360d6ed69abf584f0582c4f5ed7db407647aabc4af67b1495e
96,C96-Cs-89.xyz,C96-Cs-89,Cs,89,96,144,1,3,3,3.0,1.3888447014583147,0.028900526630108322,1.3158910631203482,1.4608471959791,4.367645473256379,0.24688893914700688,3.955037110406267,4.924821553250172,4.374617826545546,19.13728112833008,7.701108870280315,6.119061908338345,5.317110349711419,0.012054329986395974,12,38,5752,dc7547ea4ad7637f171aeb2849997a140f22ffe2aed0fe176fea73480c5f4cbc
96,C96-D2-1.xyz,C96-D2-1,D2,1,96,144,1,3,3,3.0,1.3887935030258984,0.03168686167883478,1.3382741535275948,1.474639399989028,4.395450483314367,0.5871518549335423,3.618626367557115,5.534515507595306,4.434493460590555,19.664732252020396,9.984893202838645,5.002415371398096,4.677423677783656,0.06865749290776428,12,38,5752,f4e8d2f6799a9da1f165fa059eaf54a452d1acb82d2397b70f3d99f51a336641
96,C96-D2-109.xyz,C96-D2-109,D2,109,96,144,1,3,3,3.0,1.3886478352243747,0.033949737218616244,1.3297928034096136,1.4780575563894665,4.370735246314655,0.3101894339415507,3.861732269268067,4.878059858749989,4.381728435024952,19.199544078306218,8.013258022799254,6.0570518457218965,5.129234209785066,0.017640244125521988,12,38,5752,7e28c31af083afebd7586a2b7aadce8f3e5ac86b75f9bd4bbe80d47ee82f28e5
96,C96-D2-111.xyz,C96-D2-111,D2,111,96,144,1,3,3,3.0,1.3884641584798887,0.03847168771477859,1.3192668759580073,1.4787459213806813,4.376238697904589,0.37734765098297096,3.56972133770177,4.923712068324059,4.392477249883034,19.293856390740018,7.979302814714354,6.911820673030047,4.402732902995615,0.02716821305731557,12,38,5752,19d9a27e7d508775c76914617626f43c6877954ac77fd7079cf7f14bc3134326
96,C96-D2-150.xyz,C96-D2-150,D2,150,96,144,1,3,3,3.0,1.3884130315397052,0.03895248035395615,1.2965797275910185,1.4667476060999725,4.368843335288531,0.27236266377539653,3.782453439367362,4.749349028325565,4.37732492612941,19.160973508913845,7.261117234686048,6.918188866044397,4.9816674081834,0.012343431659586646,12,38,5752,c29fe995b365d94e8c626a631a9c44037092f87d749e46332cdd28b6d9e8aae0
96,C96-D2-154.xyz,C96-D2-154,D2,154,96,144,1,3,3,3.0,1.3888508739009289,0.028936304487689364,1.312741265444185,1.4553352878288908,4.3680546081732,0.25163347561239574,3.848633393560706,4.764587022033557,4.375296614634476,19.143220466031906,7.510515930450371,6.577806315099436,5.054898220482099,0.01257870153439149,12,38,5752,c4a6c3f0edd50874f1136b95350abe3067a0e7b2b8c1e39c0a5abfd5ab9cec96
96,C96-D2-183.xyz,C96-D2-183,D2,183,96,144,1,3,3,3.0,1.3888854660811711,0.028234625071576435,1.3404468322167797,1.46471920175848,4.366606387111388,0.21558062517186452,3.914756485312576,4.715658330423959,4.371924787311815,19.11372634591146,7.305303617816388,6.557686681903579,5.2507360461914905,0.008879941991396753,12,38,5752,c7df2d559bda8987a9b8b1f2707b89f8f7cad8d327f23765849b7ee3735261a4
96,C96-D2-186.xyz,C96-D2-186,D2,186,96,144,1,3,3,3.0,1.388889969759425,0.027949363170974018,1.320341107441558,1.468503612525349,4.36662056669712,0.21722550085794035,3.9117242815327704,4.705118254109002,4.372020367258742,19.11456209172526,7.315266631153544,6.558510623419542,5.240784837152175,0.009049209365124909,12,38,5752,665bb0b0e55968953fda7f5470216b8b94754b64ef286613baeb983e40c4ce09
96,C96-D2-21.xyz,C96-D2-21,D2,21,96,144,1,3,3,3.0,1.3885132609610857,0.03789912006733885,1.3055225965106847,1.4785224956016054,4.377891237003517,0.40573784821094744,3.601879006515946,5.1499887909138815,4.396652690911921,19.330554884503037,8.495132783155213,6.350612360151304,4.484809741196521,0.032331810672005454,12,38,5752,bbae8d2644ccdfd9a324421772465e26bf30cc9c11346f2052a7dd636e74ce9a
96,C96-D2d-163.xyz,C96-D2d-163,D2d,163,96,144,1,3,3,3.0,1.3888878869922234,0.027631048953601363,1.3245572392312839,1.461216322109769,4.365686673779553,0.20560237105607457,4.121252525267621,4.756169961475452,4.370525422486439,19.10149246860027,7.544342011407851,5.786720189299591,5.770430267892826,0.008545939282752926,12,38,5752,f5592b7e0ab8cfaa4ed3fe048727093b6c98a70150833e6dc4bddcd69ede1679
96,C96-D2h-148.xyz,C96-D2h-148,D2h,148,96,144,1,3,3,3.0,1.3882894778973818,0.04234542400796873,1.2782325962046188,1.4643366040634234,4.379712241661253,0.40707684040175235,3.577741944430674,4.885728053846931,4.398589645983007,19.347590873748917,7.947456232263438,7.233562980428454,4.166571661057025,0.03233939907981897,12,38,5752,b2257197ec124c20948b7c2ed9d1c2101d341af72c35a183ad81815a316d3ff9
96,C96-D3-121.xyz,C96-D3-121,D3,121,96,144,1,3,3,3.0,1.3887245506664185,0.03213072821767654,1.3248851837046107,1.4575629145940836,4.366675241867992,0.22419332813402015,4.063596378008624,4.814326750031943,4.372426707941792,19.1181153163227,7.627799346601339,5.7613896745177895,5.728926295203574,0.009699333157954407,12,38,5752,98cd5c77a34279f84caf8ed95428c479d6e060bec326e754298d11db6bc44789
96,C96-D3-136.xyz,C96-D3-136,D3,136,96,144,1,3,3,3.0,1.388349822861726,0.0397517022533197,1.2996222720467667,1.4902374206816844,4.36904562125473,0.28282751954499363,3.991769079441206,4.92250429949867,4.378190384898434,19.1685510464171,8.005359345640699,5.586492134782583,5.576699565993817,0.015988481759226965,12,38,5752,f287d8718fb9b5d53ea5ec5662fb9057d6999289d57091daf23c512364af8a9e
96,C96-D3-2.xyz,C96-D3-2,D3,2,96,144,1,3,3,3.0,1.3888500722391068,0.030508968987000073,1.338720411437728,1.4524953459477936,4.402184116521604,0.6349499994575128,3.589745833713437,5.517433386268744,4.447739481755445,19.78238649756619,10.366367305407959,4.731178114593561,4.684841077564671,0.08181732495424704,12,38,5752,b2865ca0e8013d40079b52457a93f635b581ecd19157921120130f16f58bb80a
96,C96-D3d-3.xyz,C96-D3d-3,D3d,3,96,144,1,3,3,3.0,1.3888466960820713,0.029821564088629102,1.3427689637461835,1.468178153358781,4.402542758549945,0.6345231046957215,3.59866554070407,5.508997828996901,4.448033533063038,19.785002311253255,10.36505885078066,4.719324724715179,4.700618735757416,0.08169772311558936,12,38,5752,6fd5e2f935f7d4ed1a616bf9c365181b4a72bad10f011ee1ed0ae72259ec62af
96,C96-D3h-33.xyz,C96-D3h-33,D3h,33,96,144,1,3,3,3.0,1.3880512681661334,0.04667684559405325,1.2733733270333567,1.471346013009856,4.3837925843864065,0.4560595700928534,3.4989597708314877,5.014084166353029,4.407451389907156,19.425627754394526,7.756694642334447,7.74003262373468,3.9289004883253993,0.038659899572399535,12,38,5752,7a00938dbd9f1d824087641baeb7365004b1cfa2b85c93fb2bdc5e5de5258dc3
96,C96-D6d-185.xyz,C96-D6d-185,D6d,185,96,144,1,3,3,3.0,1.3886726582245632,0.03203516136082872,1.3208397972502193,1.4500665743337442,4.36205638561701,0.061913991282868175,4.270848536642783,4.4416194210776085,4.362495759725012,19.031369253618706,6.664623478411729,6.193485441850807,6.173260333356172,0.0006402909840380169,12,38,5752,8c5020705df92e8fe6306cdd4359b84b2692f7231d1ec824a577db21af54016a
96,C96-D6d-187.xyz,C96-D6d-187,D6d,187,96,144,1,3,3,3.0,1.3888555288093747,0.03011060787734799,1.3471868207490751,1.4530954855067166,4.371551817596018,0.29555659335769585,3.7835646216217076,4.685359625932757,4.381531580829272,19.19781899380426,7.254423405391856,7.245146576240142,4.69824901217226,0.01766460430999219,12,38,5752,8e79f8d8f27ba83d59fa06c0949231347f558ba90d515a75a4676bfc7553eb86
96,C96-D6h-184.xyz,C96-D6h-184,D6h,184,96,144,1,3,3,3.0,1.388807211886824,0.03084102296061522,1.355170516946115,1.4521242405524397,4.371482399973664,0.3001652708470888,3.775604996846239,4.705117000573448,4.381775617612364,19.199957563102217,7.272725942198635,7.246422733860482,4.680808887043099,0.018040851628147198,12,38,5752,a97fcc9c6c4cbe90399858da93215e5acb4ff457e7301edf7eb02bea9cd86d95
98,C98-C1-10.xyz,C98-C1-10,C1,10,98,147,1,3,3,3.0,1.388794929651937,0.03068622259948033,1.3061567363835018,1.481293741970174,4.421152601812359,0.38868763292260966,3.834504897302859,5.2864105091369025,4.438205538784698,19.69766840449917,8.807177931432362,5.617493156037911,5.272997317028896,0.029359933182954094,12,39,5870,d278e9a3dd6b50c5d20ba270487b13a05b07ce96a9bfb21f50202e6c1845d436
98,C98-C1-100.xyz,C98-C1-100,C1,100,98,147,1,3,3,3.0,1.388703868788352,0.03275937497875999,1.3221024355170063,1.4726439250545258,4.414937741672114,0.2882304659415881,3.861030850950139,5.019337997831841,4.424336341683098,19.57475206433778,8.072317410120116,6.208985892216056,5.2934487620016055,0.015700987429805285,12,39,5870,97b40127da0e7436266616cf017d2f3a723fa982bffc82413cf7383c77718380
98,C98-C1-101.xyz,C98-C1-101,C1,101,98,147,1,3,3,3.0,1.3887473568750317,0.03167555760336874,1.3155520362190163,1.4750103084385546,4.41480102044454,0.28172108895543924,3.822242890988946,4.999253746306585,4.423780602841915,19.569834822080377,7.918781634519281,6.515100754764498,5.135952432796599,0.015166008594248074,12,39,5870,155c0a14726d2ebd02f65996718091a6d20ec6a9c6db4e7e856f6a7c170f0430
98,C98-C1-102.xyz,C98-C1-102,C1,102,98,147,1,3,3,3.0,1.3887058471619766,0.03270562045211125,1.297659666476538,1.4756539533372992,4.415359390899288,0.29488296996411884,3.814812480514333,5.020602616287371,4.425195421309367,19.582354516777386,8.001258024400071,6.503701701841333,5.077394790535981,0.016723666909316107,12,39,5870,a62ea806c15e08cdb5eab140824172e53de631cd669282169e06cabe171da416
98,C98-C1-103.xyz,C98-C1-103,C1,103,98,147,1,3,3,3.0,1.3885662423707104,0.03569539220509902,1.3003971239586776,1.4885891374049456,4.414207645941978,0.2775788006664659,3.8770207584955614,5.007634133589148,4.422926534781248,19.56227913207206,7.996760922581707,6.211755288812366,5.353762920677986,0.014251797384919275,12,39,5870,6f148295b88a5b957fb64dab08e2be59e07ce3b4fc17f2eef42f45eaac241a67
98,C98-C1-104.xyz,C98-C1-104,C1,104,98,147,1,3,3,3.0,1.388673961913731,0.03329237343104193,1.298712662600931,1.4757082198049858,4.413782264843942,0.2662365518100768,3.919872169014841,4.998149155844609,4.421804584439552,19.55235578297064,8.000226364431242,6.083948499268604,5.468180919270794,0.013683876582868099,12,39,5870,2a3896c6b097be50e8a3cc66258b2687912e4f4486bbb4b7d0b9a6bb220a3fc4
98,C98-C1-105.xyz,C98-C1-105,C1,105,98,147,1,3,3,3.0,1.3886949642744468,0.03289234669192725,1.3000529450756997,1.4759672015326084,4.413443331434956,0.26096151813479657,3.8904755642675686,4.971826745409291,4.421151767778945,19.54658295373489,7.8366703171175125,6.4141013164388445,5.295811320178534,0.012733618711387173,12,39,5870,41e2cd8a2431c2e5f9a2d6803b3e530652620677070c25d43f2e1231b05b5c40
98,C98-C1-106.xyz,C98-C1-106,C1,106,98,147,1,3,3,3.0,1.3886032525400775,0.03471656411906965,1.2961451500507186,1.4747657847943179,4.41241124219331,0.24367463086704322,3.961521823918788,4.9820783217896185,4.419134564138335,19.52875029596211,7.794664035977104,6.147610935001146,5.5864753249838595,0.01036226131878426,12,39,5870,7f1c08234c09262a1683263847ddef9682ac3fcd0d2eec6d4920cedd53a2f38b
98,C98-C1-109.xyz,C98-C1-109,C1,109,98,147,1,3,3,3.0,1.3887634782242744,0.03113256797166691,1.3169826422546351,1.4753350636380878,4.413180056690153,0.25689975711559854,3.9274237811471426,4.9995732519912375,4.420651049107333,19.54215569797376,7.811318965473626,6.423314362709852,5.307522369790286,0.01236010545548863,12,39,5870,51ae86f4fdb13725ba75a088bf99290830ff916181f5905b97a5874ddbd19a00
98,C98-C1-112.xyz,C98-C1-112,C1,112,98,147,1,3,3,3.0,1.388687167131993,0.033050799995401614,1.3120744300534175,1.475091610714399,4.41421063099353,0.2713204878843701,3.9078244921366654,4.992669752902476,4.4225411588725905,19.558870301922113,7.918497161244167,6.384432633477931,5.255940507200018,0.014006107682664906,12,39,5870,0e00aabc19adde2c684e12c4ae18a69a71855ba11543393897df6b2ebd3d411d
98,C98-C1-114.xyz,C98-C1-114,C1,114,98,147,1,3,3,3.0,1.3887755937493402,0.03094974863970774,1.3181641551794676,1.4751161920336986,4.412514515166027,0.2404325885831538,3.927305885604336,4.962858474269952,4.419060100994742,19.52809217620366,7.713124854307015,6.415964256520966,5.39900306537568,0.01058354775674961,12,39,5870,392e10389e78f26052d373ed462a8ed6129deea0e3db9d5e7a7ae8e4ae587f6b
98,C98-C1-115.xyz,C98-C1-115,C1,115,98,147,1,3,3,3.0,1.38875372371406,0.03151287458945194,1.3101938215393933,1.463873119501824,4.4160672333088895,0.3113717277376791,3.9134714617509063,5.0376394492979,4.42703085170397,19.598602161938775,8.258889206935846,6.061886398091366,5.277826556911562,0.01865153797708003,12,39,5870,7974042a4f066ecf552e40258dfad77a53eb91d0f89ed31b73e456e3f0e91706
98,C98-C1-116.xyz,C98-C1-116,C1,116,98,147,1,3,3,3.0,1.3887983839065554,0.030294322923564668,1.3171889082436126,1.454176516108,4.415159304508355,0.29651838329120517,3.923991308825071,5.032952649422258,4.425105064946631,19.581554835816327,8.128145524966202,6.191833711944781,5.261575598905343,0.016732731892365633,12,39,5870,4db02e236d6754aeacc292cbf6784c5debb234363f3270cb0e694230ad4de748
98,C98-C1-118.xyz,C98-C1-118,C1,118,98,147,1,3,3,3.0,1.3887781865299667,0.030902731636841048,1.3061773041972515,1.468450513296243,4.414420460208706,0.2850432922563702,3.943739222837217,5.054493152065329,4.423613644744486,19.56835767796959,8.105466074626378,6.09795274530854,5.364938858034674,0.01577077317148016,12,39,5870,bfd550862d64ea1604f8b787e9a9861455d8c910dc39fb34e5e3c0ba63032721
98,C98-C1-12.xyz,C98-C1-12,C1,12,98,147,1,3,3,3.0,1.3886439548675522,0.03494665435517005,1.30267768845559,1.4684118870398726,4.422976171712119,0.41314364885301913,3.679519219436929,5.28456365868899,4.4422298331041805,19.733405890120792,8.769216080819357,6.262243586679936,4.701946222621498,0.032436631939751284,12,39,5870,b24e0e08eb889af20d764ddb6414253f280b9c45736f57356f105ceb829ac460
98,C98-C1-121.xyz,C98-C1-121,C1,121,98,147,1,3,3,3.0,1.3888117029623719,0.029862239946469298,1.321813322674575,1.4630252834452313,4.413306683336847,0.25607488628678055,4.002309558484667,4.993033504538893,4.420729603648302,19.54285022857247,7.932165290467632,6.104014014505742,5.506670923599098,0.012544385784300043,12,39,5870,89a9b955bc0b9af7075ee4bcea99d8ebbdc32f432ba72839f9be9de680257704
98,C98-C1-122.xyz,C98-C1-122,C1,122,98,147,1,3,3,3.0,1.3887769663443879,0.03084973339591109,1.3233969208064524,1.4594342945127745,4.412387103671704,0.24360620202369773,4.049159862239687,4.982353894698142,4.419106689627757,19.52850393431279,7.809040061107837,6.159413650291795,5.560050222913158,0.01067024134922568,12,39,5870,373430f5446e0e79bb9878b95ca16aaf343c3e016164de7e9bd3a4de5d218112
98,C98-C1-123.xyz,C98-C1-123,C1,123,98,147,1,3,3,3.0,1.3887261040907057,0.03218410359996785,1.3097614821027528,1.4732469107383186,4.413790844729841,0.2721336179064566,3.962859984333682,4.9922654744997415,4.422172127701026,19.555606327015823,7.967663792121224,6.20016301887859,5.387779516016011,0.013649627829108873,12,39,5870,f4186fb70336fe9ef1747a8e62def5f2e22eee3156a47b3ccf47c3bef3697bbb
98,C98-C1-124.xyz,C98-C1-124,C1,124,98,147,1,3,3,3.0,1.388803749441332,0.030161569912756543,1.321395697737813,1.4631228861582337,4.415184243101714,0.29440945295567567,3.915449482200013,5.015031731002953,4.424989132927144,19.58052882652332,8.096631931821495,6.229460065330732,5.254436829371093,0.01632129428230215,12,39,5870,85cad24e1ddfd2e88c28efe747ab909d10a78a13afa5f4c5681eed543d14c85d
98,C98-C1-125.xyz,C98-C1-125,C1,125,98,147,1,3,3,3.0,1.3888097964929766,0.03015483933309155,1.3144566367895139,1.4736245179827865,4.414759553090479,0.28347196909291006,3.873427085415821,4.982681315307097,4.423851067663225,19.570458268865057,8.021339395690399,6.305190305868844,5.243928567305814,0.015385597640328348,12,39,5870,a3155fd57099c48ed9b6d6f0b31f5151129cbd16fa673613087b57f33ea34545
98,C98-C1-126.xyz,C98-C1-126,C1,126,98,147,1,3,3,3.0,1.388630805809684,0.03452773685213402,1.306419974587039,1.4852686793977716,4.416557820001254,0.3177153858126849,3.761469285097816,4.992569821661271,4.427970872058253,19.60692604379633,8.047490881528894,6.616689910285995,4.942745251981441,0.018844352921243486,12,39,5870,1a40db873d2db86fc518106f76d42c8cb2a06b318bc1cc401c6d838b96d90e55
98,C98-C1-128.xyz,C98-C1-128,C1,128,98,147,1,3,3,3.0,1.3886756299327359,0.03333346259959942,1.3129399376970754,1.4750200371520379,4.413613268578838,0.26855721434378516,3.8649942370376755,4.924025972830561,4.421776233817273,19.552105061951266,7.735613066546729,6.624264318984096,5.192227676420441,0.012758333462172273,12,39,5870,da9a43fbb16a0d0b6dc86ef5ba1af9525fe0da548474605cdcf2d09059c91daa
98,C98-C1-129.xyz,C98-C1-129,C1,129,98,147,1,3,3,3.0,1.388722173758859,0.03239128591126648,1.3038148411488495,1.4760633624611106,4.415995563518073,0.3012964311323678,3.827336614903329,4.961260186553173,4.4262621201669035,19.59179635642441,8.119124205311326,6.324059887939439,5.1486122631736455,0.01749156841182411,12,39,5870,bb97e0b7931f6caa4c21528e7da1bacde1867f6cba52cd1cfea354f71c8d4498
98,C98-C1-131.xyz,C98-C1-131,C1,131,98,147,1,3,3,3.0,1.3888512883158055,0.029026672545043205,1.3313228421386005,1.4652564929049112,4.4139935950499245,0.27104498618818185,4.015866092146897,5.019203994908373,4.422307637611782,19.5568048416795,8.04893901738034,5.946055082198417,5.561810742100745,0.014060724431112752,12,39,5870,c3791d9b9b7b8f9a2a01efdf322216ef2421ace435a44f2018ec90edc84b70e7
98,C98-C1-132.xyz,C98-C1-132,C1,132,98,147,1,3,3,3.0,1.3887599712395715,0.031151010897620703,1.3143296808639755,1.4765661448103162,4.413143944349381,0.25046297486097197,3.933726103690984,4.912124185041336,4.42024560124478,19.538571175323824,7.807683762011671,6.325491765615713,5.405395647696443,0.011544630108617263,12,39,5870,eec4d660043a70c8b326c2f853eb032570770918a4cac68c0d7d5d5e348e4510
98,C98-C1-133.xyz,C98-C1-133,C1,133,98,147,1,3,3,3.0,1.3886770837259483,0.03342923267112441,1.2980348454490735,1.470868090618598,4.414723885711954,0.28870410347865705,3.8997579931831248,5.0044249459534695,4.424153822646887,19.57313704644106,8.084589960853323,6.131623163662345,5.356923921925395,0.015471368020852208,12,39,5870,4d2b5a1adaebe9d70413e65dff5babfed11b8c0a3df976e6e8fba93a3b4e846c
98,C98-C1-134.xyz,C98-C1-134,C1,134,98,147,1,3,3,3.0,1.3887679518248828,0.03122691688049337,1.306694700379549,1.4639962909789082,4.414884889040852,0.283995793114378,3.86968071866135,4.992889783082746,4.424009741624438,19.571862193987926,8.038080276917015,6.285819881242632,5.247962035828279,0.015575097962213584,12,39,5870,d47d0107d840f132950a9f8155f983ccd477de948b02a95b37e895de961f557f
98,C98-C1-135.xyz,C98-C1-135,C1,135,98,147,1,3,3,3.0,1.3887365473213873,0.031716571526292946,1.3067756081286488,1.4633501494857615,4.412916915018293,0.24346307459283933,3.958394574773728,4.979568394542302,4.419627808712491,19.533109967544775,7.83188839806566,6.174484027163033,5.5267375423160825,0.011113162728943516,12,39,5870,beffe7d86c978e882c01fdeaa30a6354b249c7385730e1107adb933b524b6f4d
98,C98-C1-136.xyz,C98-C1-136,C1,136,98,147,1,3,3,3.0,1.3887671813106617,0.03137824529359935,1.3029900575215454,1.4628246716541253,4.414390725417721,0.27290980326273045,3.957976109444729,4.99328445660448,4.4228186982252495,19.561325237370887,8.031232105592899,6.123347435786426,5.406745695991563,0.014427809116771129,12,39,5870,24743bf37caa20e67daebd87967b336ecbf4d0c1ea8fea41f23ab6f187ea6c44
98,C98-C1-137.xyz,C98-C1-137,C1,137,98,147,1,3,3,3.0,1.3888301481491974,0.029555990910155393,1.3225018941385298,1.4630923484182397,4.413362642353355,0.2581232028353888,3.994583033520119,4.959458711603007,4.420904590778021,19.544397400762186,7.924601356561955,6.1257950806720745,5.494000963528156,0.012490967346410564,12,39,5870,740585ec9265503feed041614570a7e62297d3c04e562b27bdc8e803e1ceb06d
98,C98-C1-138.xyz,C98-C1-138,C1,138,98,147,1,3,3,3.0,1.388708108735546,0.03240229831701198,1.3145565868383149,1.4755659287202318,4.413649151985678,0.2647882798067335,3.8734730624680154,4.950630331805835,4.421584746439551,19.550411669946907,7.816743539392377,6.444923996321241,5.288744134233289,0.012570583709981048,12,39,5870,48d1d57deefe917b676424cc4ad3caa1eee177ac45c2f40205d486f8380ec421
98,C98-C1-139.xyz,C98-C1-139,C1,139,98,147,1,3,3,3.0,1.388834992663522,0.02942026622720345,1.3203739053768064,1.461953385029769,4.413085935731262,0.2528691400635828,3.996875849720495,4.963218939986648,4.42032468017289,19.53927027814557,7.908223538412076,6.100523990812829,5.530522748920664,0.012109153765776658,12,39,5870,6153e83a3a042db5f4ca52e145de7a0b15f66fe52d6f162115da6f1c254e578b
98,C98-C1-14.xyz,C98-C1-14,C1,14,98,147,1,3,3,3.0,1.3887962787278838,0.031261785822418175,1.3348823206560192,1.471882722909675,4.419393891227,0.3603350854228379,3.754224133558175,5.263261001478504,4.434059510155587,19.660883739601204,8.483713557011217,6.235234173348853,4.941936009241134,0.02492879376094123,12,39,5870,7a1c53681ec4f0b0d49f3853bb97141e49649a7e004f1e669011e1318bfaad5a
98,C98-C1-140.xyz,C98-C1-140,C1,140,98,147,1,3,3,3.0,1.3888233250109823,0.02968443900506226,1.3196643626316507,1.4617668794989165,4.413478165953696,0.25855611213247043,3.9656955495927266,4.959950749469353,4.421045214027001,19.545640784471054,7.904294727541258,6.241704461219271,5.399641595710525,0.012756211121430204,12,39,5870,b466ffc3cadca5d2d245050e28b9f7e21315febdffe66d9ea6015532684a800f
98,C98-C1-141.xyz,C98-C1-141,C1,141,98,147,1,3,3,3.0,1.3887961934664077,0.03012329911000014,1.3239395794370676,1.4617645535447903,4.4115655773598474,0.21504949354335987,4.081564917036164,4.939370017020556,4.416803949466127,19.508157128019576,7.668784776209561,6.133095795604671,5.706276556205346,0.008397908592605384,12,39,5870,820774d04be296f180ac5a0ec7c2270091160f652f67bd06f8bbfbb9ee496512
98,C98-C1-142.xyz,C98-C1-142,C1,142,98,147,1,3,3,3.0,1.3886510090506154,0.033594163954825736,1.3127955057814602,1.463173954114821,4.411035827760836,0.20420393009684773,4.015614516334496,4.857308561891965,4.415759993348453,19.49893631885673,7.54144577195968,6.20871089015048,5.748779656746571,0.006840155552762473,12,39,5870,741a156ff0102fec4bbbcc16a8a0a0ffbba89091d019fb7ae2060899b6d75992
98,C98-C1-143.xyz,C98-C1-143,C1,143,98,147,1,3,3,3.0,1.3887708203175022,0.03062757186689397,1.3239398249165255,1.4641169522958202,4.411088523745939,0.20073302669492019,4.009988361148735,4.832405865803744,4.415653486442209,19.49799571232924,7.477593296265752,6.472097361335355,5.5483050547281305,0.007347424084456575,12,39,5870,9c41f58d97f8778503ffd3c4f97165081ecf5bf4d1d5611c9e171d92fe57617e
98,C98-C1-144.xyz,C98-C1-144,C1,144,98,147,1,3,3,3.0,1.3887866815799057,0.030575868696506935,1.325134249802638,1.4638750151566902,4.411132794862567,0.2060725630981597,4.048124858830723,4.842506359233189,4.415943663043481,19.50055843517388,7.580683259508126,6.243558791605182,5.676316384060574,0.007542341162799143,12,39,5870,c526676f22b7e34eb01524910919e96e8e68358ac70223b29aa23b39f50c702d
98,C98-C1-145.xyz,C98-C1-145,C1,145,98,147,1,3,3,3.0,1.3888248862538493,0.029671389863038085,1.3222991076152173,1.4632787191782706,4.412455304328568,0.24061588779567056,3.9234763107252952,4.837479606074833,4.4190109547450795,19.527657818157017,7.582474601653516,6.6534512780021675,5.291731938501332,0.010443550155539112,12,39,5870,413311057b451d366c7c33325e9548c394d8facbf03e4afd16e6ada329f7b1d1
98,C98-C1-146.xyz,C98-C1-146,C1,146,98,147,1,3,3,3.0,1.3887198537128778,0.032202051508725314,1.3070402365650415,1.4766752452722975,4.412306243877637,0.23106347296152957,3.941764360090147,4.872284359566555,4.418352262812307,19.521836718298633,7.657357474262077,6.435992026949729,5.428487217086828,0.009806639674003817,12,39,5870,dc5ea4e577eaa3d53c1c883b3aac27037e1cddb34c2255999a9e17fd43cecdaa
98,C98-C1-15.xyz,C98-C1-15,C1,15,98,147,1,3,3,3.0,1.3886718157649174,0.03390059003807467,1.2921512140612645,1.4720862101113505,4.419276860580223,0.3650689742421248,3.747255871684201,5.261838125667575,4.434330087669839,19.663283326413996,8.545009719076385,6.081387862721995,5.036885744615619,0.025174728353156657,12,39,5870,52840d5ee579cc9e260f2d80c1215f4efb1703fce5be309b6dd7819bef0ab0cd
98,C98-C1-150.xyz,C98-C1-150,C1,150,98,147,1,3,3,3.0,1.3886842654957487,0.033039036114731114,1.2937445033699662,1.4782762732317662,4.414011438169216,0.26772239969019485,3.860391548623113,4.9732216380460805,4.422123048896824,19.555172259584545,7.828921739482605,6.505563629419844,5.220686890682097,0.013343288262964869,12,39,5870,3c3fd97755ff6391a1becb7cbd3816362b0cab9b41393faeda28c6b6fbc7c59f
98,C98-C1-152.xyz,C98-C1-152,C1,152,98,147,1,3,3,3.0,1.3886817548973227,0.03335548292474101,1.3080106459811403,1.4882006484342092,4.4141730008049,0.2702133381291887,3.848320339466019,4.9394161811345665,4.4224358140212585,19.55793852913787,7.840317619447271,6.517926346594048,5.19969456309655,0.013671881669948552,12,39,5870,54cfce739bcb4e69bbc72786e56f4ec5374e05d2e3958efdf08aa113c818a71d
98,C98-C1-153.xyz,C98-C1-153,C1,153,98,147,1,3,3,3.0,1.38873032048349,0.031921649890444104,1.3095140396345508,1.462321267711032,4.412968333695015,0.2463848327351264,3.8982552577524934,4.930001752235383,4.419841060490397,19.534994999996876,7.722295578982128,6.485233388984178,5.327466032030571,0.011275675030733408,12,39,5870,503ad33092ed9b76d23ffbf170307d2b3628692454de8defd0350765fcbbcf93
98,C98-C1-154.xyz,C98-C1-154,C1,154,98,147,1,3,3,3.0,1.3887580078558877,0.03153525783776422,1.3074230340635737,1.4635716791466007,4.41460223162509,0.28202053046261455,3.8248888047582636,4.946636671598786,4.423601297932674,19.568248443071635,7.822268589037019,6.669844254230119,5.076135599804497,0.01489781724222218,12,39,5870,81f303ed930feceba5a3e5ca95ab8d083ff1cf9554b2571b45c6feafb9e2c381
98,C98-C1-155.xyz,C98-C1-155,C1,155,98,147,1,3,3,3.0,1.388749126530038,0.03164525451762314,1.310232849534769,1.462009281776282,4.412826744140993,0.24807554128407822,3.938923318892189,4.944249217171443,4.419794265346452,19.53458134798938,7.841752076661766,6.223726190259367,5.469103081068249,0.011552581370507884,12,39,5870,f25dbd7f80547fa0bd7fb484d01313e8ff893cc0df3632194883446a12f162c2
98,C98-C1-157.xyz,C98-C1-157,C1,157,98,147,1,3,3,3.0,1.3887518172707862,0.031688694520643254,1.3215830620887963,1.4742489511612344,4.415236431750744,0.28417778219998274,3.8573865555220683,4.967612621952685,4.424372244754632,19.57506976015514,7.954288651406437,6.49164289721024,5.129138211538463,0.01562858411971214,12,39,5870,9d55083d06882e0bf081e2b1b71348a0f78f870deb05a0a1a54b08f538e7a5c1
98,C98-C1-159.xyz,C98-C1-159,C1,159,98,147,1,3,3,3.0,1.3887537376355554,0.031476764119992014,1.3113881995808867,1.4702859925878367,4.4131430193237815,0.24915974953353967,3.884464905392578,4.897378006606588,4.420171024948451,19.53791188979384,7.642926623787741,6.626986797573164,5.267998468432937,0.011158759764375104,12,39,5870,a518a9dd9311c25dd48252a505c843727cc3f18776c16ec5b6f79f1a0d0399aa
98,C98-C1-16.xyz,C98-C1-16,C1,16,98,147,1,3,3,3.0,1.38867622318879,0.03376963989576567,1.3122848852288134,1.4837291599210418,4.418783236437098,0.35437308088804187,3.7621074850714367,5.245502722745702,4.432970287637352,19.651225571075592,8.408276148043972,6.270604759186372,4.972344663845246,0.023384406138680747,12,39,5870,6780a5ba58459c5274bdb04191945d35497348871449dba50dff0ac554dc7e22
98,C98-C1-161.xyz,C98-C1-161,C1,161,98,147,1,3,3,3.0,1.388882212293929,0.028352543096737674,1.3165163918462996,1.4648343387564347,4.413140845890052,0.2478098077570836,3.9331069009411035,4.869165507469271,4.42009296581913,19.53722182648375,7.799611276087563,6.403483886700675,5.334126663695513,0.01201367299968093,12,39,5870,0cb4fc766ae842f20b7ba824ab897a8ada1800481930a358ea535ae87f12498e
98,C98-C1-163.xyz,C98-C1-163,C1,163,98,147,1,3,3,3.0,1.3887886656318469,0.030813137188531566,1.308630948739942,1.4756831401083363,4.4133906890101064,0.24818274341818958,3.8848435648629267,4.832355853883169,4.420363338909108,19.539612047971676,7.616559564981089,6.737405607553437,5.185646875437151,0.011904515626057228,12,39,5870,d96706c1747369ae399596ab01e9f020b49e8bf616cb706d89352b016d52304e
98,C98-C1-164.xyz,C98-C1-164,C1,164,98,147,1,3,3,3.0,1.3887262881744264,0.0325287805995506,1.310262542393699,1.4759270205535229,4.415657673263425,0.2905804609834508,3.782953659116113,4.8903350121751075,4.425208434837337,19.58246969175552,7.809856615611378,6.817906368090441,4.954706708053703,0.016438387241729125,12,39,5870,a2b66e399ccb8fdfe9769fab42f25ca2ee1cbcaf4473dd22b47ccd8c24a9089c
98,C98-C1-165.xyz,C98-C1-165,C1,165,98,147,1,3,3,3.0,1.388782509192465,0.030983670010823656,1.3073553457266314,1.480679404867914,4.41355274947981,0.25127036349202675,3.8913737716733596,4.842617443019712,4.420699567716652,19.5425846680102,7.636069582226833,6.720778968969037,5.185736116814333,0.012042345791843372,12,39,5870,12c2b500b01a3c0c3ecb82f823b5a2c03a7eedd8828379e92e0a4245654e8792
98,C98-C1-168.xyz,C98-C1-168,C1,168,98,147,1,3,3,3.0,1.3888551592664344,0.028973745694182623,1.32095948083202,1.466440813670978,4.412000165651588,0.22071215715775117,3.936823831755653,4.772698950069399,4.417517325152994,19.51445931802686,7.453400321317169,6.727918667002216,5.333140329707473,0.009147812885292551,12,39,5870,1375cbf657e5c7d2a04e4b75f2b8ac88a3e279e8dd6c4a1ac32be0b50f00d2ad
98,C98-C1-169.xyz,C98-C1-169,C1,169,98,147,1,3,3,3.0,1.3888086790582934,0.030025819607569514,1.3138743547234644,1.463273323750556,4.411816818403827,0.21679316153198933,3.9307017750953337,4.75488583004665,4.417140128413168,19.511126914037895,7.332012944492617,6.855621193745568,5.32349277579971,0.00867979555503054,12,39,5870,a41606c4600322400207fb2925cb5b47ab131b45724513d5265f6df5b3e98145
98,C98-C1-17.xyz,C98-C1-17,C1,17,98,147,1,3,3,3.0,1.3887133324962644,0.03307807622447027,1.3225836722113273,1.4678551699673918,4.4207484440245075,0.3868547141364686,3.7117550621006474,5.244862958191897,4.437642772373043,19.692673375194705,8.57495227425187,6.319786169096321,4.797934931846514,0.027936549754549515,12,39,5870,478eb4308364e5a8138ab4d89088a8b27be65de5e7d754cbb0125ac7926b129d
98,C98-C1-170.xyz,C98-C1-170,C1,170,98,147,1,3,3,3.0,1.388768812252294,0.0313404564515358,1.3082687109305946,1.4660478368729992,4.412825639587532,0.2341306922745115,3.893929526350856,4.7790292802720105,4.419032394819713,19.52784730646605,7.4404268756748895,6.871423417552864,5.2159970132382965,0.01050552857633043,12,39,5870,a2cae1794c9eb1ad943985649402cb54b55e0c969ba50c5635567b212ca08f9f
98,C98-C1-171.xyz,C98-C1-171,C1,171,98,147,1,3,3,3.0,1.3887034371514693,0.032571535674762245,1.3061734379476562,1.468750574467973,4.4106699590930205,0.18011086513613456,4.001026413124563,4.742275663381452,4.414345864540489,19.486449411785713,7.2895467536544265,6.626907318817318,5.569995339313969,0.00594252434436806,12,39,5870,d539e4f7606a3cb8062a709aa9a5a8423fd41fbdbffd2809d3bcfc4e30bada5d
98,C98-C1-172.xyz,C98-C1-172,C1,172,98,147,1,3,3,3.0,1.388780471168666,0.030561083739200266,1.31432986346655,1.4658689982396107,4.409859164194702,0.1617753170159855,4.0768373101418,4.723238137157918,4.412825523542441,19.473029101227617,7.244099875802675,6.498416940353886,5.7305122850710575,0.0045314851066486465,12,39,5870,1960c29f5866104bf940c08ada2ca82841ba07fd0832fd769f57fd5dffc94068
98,C98-C1-173.xyz,C98-C1-173,C1,173,98,147,1,3,3,3.0,1.3887826383007305,0.03050166857329879,1.3193161789351329,1.4635174785427059,4.410796402632452,0.1901679751094602,3.979413973335214,4.717421433016744,4.4148939697610645,19.49128876423261,7.265127661890684,6.741192846921194,5.484968255420732,0.006608895479911008,12,39,5870,08778daf0141bd8249e7203d32b845e3a028fbe2e55ed6f6d6dcb79104c42844
98,C98-C1-175.xyz,C98-C1-175,C1,175,98,147,1,3,3,3.0,1.3888188182668206,0.029645651515900148,1.318076234517564,1.4674203930707792,4.410810165361027,0.18791024297192402,3.993857350563792,4.7088670305442175,4.4148110462698105,19.490556574265938,7.248154988889512,6.728477176648548,5.513924408727875,0.0062555763597166025,12,39,5870,b52ca7514fe78b9ddf0eae14a17ce8c3092580fb579d6d9d6d0a08124b01d02a
98,C98-C1-177.xyz,C98-C1-177,C1,177,98,147,1,3,3,3.0,1.3887511122362113,0.031203681822577788,1.3139653382034093,1.465301965466504,4.4098510928659955,0.15961451647444266,4.07290507109416,4.72595238731032,4.412738770324024,19.47226345512078,7.279456689581577,6.430256077747809,5.762550687791392,0.004573126471503954,12,39,5870,670df7f56fa8020d18d6bc2fc39b8386ff26cf4341b451b8a53b2113ee56bd39
98,C98-C1-178.xyz,C98-C1-178,C1,178,98,147,1,3,3,3.0,1.3886851413737913,0.03274090669470457,1.3105077527431876,1.4645004745646213,4.41006840631791,0.1678620801190164,3.9875277557707967,4.694434252712725,4.413261948530279,19.476881026345275,7.168538754741399,6.700870475241576,5.607471796362301,0.0050760189298798145,12,39,5870,2d4d06ca70dcff48a21258d38dcd327bae364dc210bc5ae386d29abedfd223a7
98,C98-C1-179.xyz,C98-C1-179,C1,179,98,147,1,3,3,3.0,1.3887652849412924,0.03084861889144604,1.3187577715410814,1.46435179857847,4.4090376236810895,0.13279462838534567,4.113213483216518,4.643938010289555,4.411036973361637,19.45724718036339,7.051031071106527,6.547810407340247,5.858405701916616,0.0028406674576764938,12,39,5870,9f331e965592e85f9f3039199176fd420a570c7289582481ca6bd2d11a83dfac
98,C98-C1-180.xyz,C98-C1-180,C1,180,98,147,1,3,3,3.0,1.388773541071738,0.030662402247428635,1.3134798133203267,1.4638313359127137,4.409680913239376,0.15162966673528844,4.0838471336282165,4.658745937155819,4.412287084089373,19.468277312421904,7.095508045667248,6.659653561655039,5.713115705099618,0.003953565092190815,12,39,5870,a04be13d4c7a425fbc0b9095145f355c342ce31499460a7c92d4551b825a739f
98,C98-C1-181.xyz,C98-C1-181,C1,181,98,147,1,3,3,3.0,1.3887173145910223,0.032427180880573,1.3085573353888627,1.4765528673230768,4.413481452975371,0.24986282415317346,3.865060160246952,4.850068295635454,4.420548604715414,19.54124996665139,7.621862426117517,6.737913528212847,5.181474012321027,0.01199307917946532,12,39,5870,e17eaf27f8cfcfd38049080c1f7082853fc278eb9f518a73796d9613e9e72bc3
98,C98-C1-184.xyz,C98-C1-184,C1,184,98,147,1,3,3,3.0,1.3888714544049738,0.028475441314592183,1.3251578547478788,1.4621130530844733,4.411802892836709,0.21843878603328998,4.0135191100095575,4.854073385174231,4.417207292904201,19.511720268486055,7.66958087532482,6.310998247893625,5.53114114526761,0.00922867734231029,12,39,5870,b7441bf85f2cd901e17ce25a34672943d17e67d27e1efd2b4dba7c316e63d020
98,C98-C1-186.xyz,C98-C1-186,C1,186,98,147,1,3,3,3.0,1.3888066934306438,0.029885223465149928,1.3171665270572284,1.464896067985712,4.410726609004845,0.18860461312724813,4.0144621780498975,4.755352278052688,4.414757175595987,19.490080919476256,7.347301634908537,6.614328780661986,5.528450503905734,0.006613696136119004,12,39,5870,ab631b006c2851a3e35a4ad503adc8b6218542d2324fb6b07ba1b340a586a679
98,C98-C1-187.xyz,C98-C1-187,C1,187,98,147,1,3,3,3.0,1.3886962530129559,0.0325343251037081,1.3112378464641723,1.4671438273052848,4.410246082392361,0.1699598497868888,3.9935192446649577,4.655719631079996,4.413519781058736,19.479156857796752,7.0712219319588225,6.839066872867279,5.5688680529706485,0.005171296530463548,12,39,5870,b6b3d983a377503204cf39f6790e201a4558034778eea1290403b8235f94dc7a
98,C98-C1-19.xyz,C98-C1-19,C1,19,98,147,1,3,3,3.0,1.3887477242016577,0.03240876604489758,1.319623419767928,1.4697564492119093,4.420173794822914,0.37588464999632976,3.7693365924567477,5.271034133431965,4.43612732533029,19.67922564654207,8.620660907955397,6.086872285077518,4.971692453509153,0.02708520864718397,12,39,5870,2b2c4a9a305ba8e9403731757d77298752db48093a574b16f9823570ef586775
98,C98-C1-190.xyz,C98-C1-190,C1,190,98,147,1,3,3,3.0,1.3887424922650562,0.031227968678418302,1.3177932652734266,1.467708046581472,4.409389369352886,0.13973348112242143,4.063941146041254,4.6509856935217755,4.411602889688602,19.462240056308826,7.044994206378354,6.648343856124855,5.768901993805616,0.003378173363394742,12,39,5870,5da1c094b69890adc246c92617dc1ef4ca9d30109e5283e5ac8d86591edc95c5
98,C98-C1-195.xyz,C98-C1-195,C1,195,98,147,1,3,3,3.0,1.3887429874433628,0.03187585928434821,1.3050050191474358,1.463766709554497,4.411364533013023,0.1988792647268761,3.9983016371926343,4.726309402148197,4.415845333009696,19.499690005063517,7.251604839093244,6.839261126130833,5.408824039839439,0.007379614864313509,12,39,5870,43b7d0f2f089bab077260ef0307bebc5edcf0b1d6bd3e81a2fd6d4694d19c909
98,C98-C1-197.xyz,C98-C1-197,C1,197,98,147,1,3,3,3.0,1.3886775547866304,0.03307160837946342,1.305571955121586,1.4643659959176873,4.41021174033236,0.16857307427853363,4.05945399251281,4.743950509169615,4.413432278390267,19.478384475937098,7.3137254516978665,6.47411036480658,5.690548659432653,0.0052102630250526845,12,39,5870,a8fd7363d8684f6b84a9bb571c591b9e8ba3b01dc7980c6123afd428723346ae
98,C98-C1-2.xyz,C98-C1-2,C1,2,98,147,1,3,3,3.0,1.3885874401453824,0.03653535677920341,1.2840244000796872,1.4773692429450398,4.4320330583146585,0.5006086043058994,3.5526903710492155,5.462759882436538,4.460215914582957,19.89352600469908,9.443851707631552,5.966835827269126,4.482838469798403,0.0491513661143394,12,39,5870,d2ab8530ed656c24d341abc39b527ab90a5a5102d0839842712504b5db6e949f
98,C98-C1-20.xyz,C98-C1-20,C1,20,98,147,1,3,3,3.0,1.3887451597221008,0.03233041135056387,1.306843108410493,1.4829971948725997,4.417412807536669,0.3396622002500833,3.764857097646011,5.220859372901545,4.430452157790187,19.628906322467724,8.226089114970684,6.440476523990357,4.962340683506683,0.020796266271322573,12,39,5870,ef044a9155862a6d1bbc0e48fd479feb07a13a49ca648e2e136b79966616be3a
98,C98-C1-201.xyz,C98-C1-201,C1,201,98,147,1,3,3,3.0,1.3887273473205621,0.0322504776305101,1.3068401700284544,1.4754559092023052,4.414272192167546,0.26632789180482713,3.8878610821156734,4.922375221452387,4.422299122910716,19.556729532496885,7.904610253984974,6.407081644309417,5.245037634202492,0.013944081226841942,12,39,5870,2653578e9b92c6361ae8fe22c07d4dc9e5a5eb521af520fb0a0b423840d7e460
98,C98-C1-202.xyz,C98-C1-202,C1,202,98,147,1,3,3,3.0,1.3887098153431334,0.032572548971660786,1.3147690519631197,1.4759378069552933,4.413886022491426,0.2553447790250426,3.872577208989588,4.877571920535232,4.421265743621451,19.547590775720536,7.666671684423138,6.726233974391308,5.154685116906092,0.012645976655602634,12,39,5870,6183239b520b79396bfe424986722629e3b82dd15b5c3c449c48753e55dee11e
98,C98-C1-204.xyz,C98-C1-204,C1,204,98,147,1,3,3,3.0,1.388772881480759,0.03100289854274451,1.3103163205882769,1.475273740700349,4.413498749316246,0.2530112038460825,3.8911180635377582,4.891626706298998,4.4207449462152555,19.54298587948772,7.82365602845972,6.408966779524082,5.310363071503918,0.012469509772500824,12,39,5870,3d47cf5223df2cd99d386ca45aa0df81f3199ed08e8bf8dc599de1285df62d9b
98,C98-C1-207.xyz,C98-C1-207,C1,207,98,147,1,3,3,3.0,1.3886727699629033,0.032904107288945945,1.3036841948877036,1.4752875279076958,4.40893357880689,0.12197083984276036,4.196660188654781,4.651189602195399,4.410620385853092,19.453572188102882,7.076996965867622,6.364293520141785,6.012281702093475,0.0023325629593581388,12,39,5870,195f71bb95a42dae50b7cc4799e71cf161a17e26af0d559f5ee465417ccdb03f
98,C98-C1-208.xyz,C98-C1-208,C1,208,98,147,1,3,3,3.0,1.3887682280704232,0.030851048694296692,1.319468764313881,1.4646950160357617,4.409515444952704,0.1492296722577632,4.09300970866589,4.6718232785551255,4.412039885853096,19.4660959543586,7.096749821444841,6.627411392402086,5.741934740511671,0.00374723520390664,12,39,5870,52ccd1a470b22c9db375d2dec86efb607ad6c5e5b0f5b07d3506a27b662bdbad
98,C98-C1-21.xyz,C98-C1-21,C1,21,98,147,1,3,3,3.0,1.3888699207646698,0.029187321318554997,1.3338314173837713,1.4728004651004156,4.422776633972605,0.416666506781754,3.8035290091866645,5.330357657109332,4.442360198350395,19.73456413188776,8.950026158862373,5.744280438712698,5.040257534312685,0.033455568621547076,12,39,5870,1eef34dc6c420cf07102a7e24936fa62a1916094d7c434100005d897bcd5fdc6
98,C98-C1-210.xyz,C98-C1-210,C1,210,98,147,1,3,3,3.0,1.3886784346184045,0.032703318830247914,1.3122934275534568,1.4780469748962652,4.408206931781959,0.08721756772993637,4.20537663448554,4.615808553478655,4.40906965895655,19.439895257531234,6.860877439823836,6.342427407770745,6.236590409936653,0.0008860933008792364,12,39,5870,78e79041ba9b811286ab087a491ae961ab373019bf789ad9d09975fadb854186
98,C98-C1-212.xyz,C98-C1-212,C1,212,98,147,1,3,3,3.0,1.388756027451591,0.031060270999502048,1.3238865019328507,1.4666997715960823,4.4084929185265604,0.10534777772303568,4.1525569481614415,4.652739201646724,4.409751463174541,19.44590796697001,6.943409137064905,6.451245968491149,6.051252861413959,0.0015842694743434208,12,39,5870,e16cb6971fd7fccc0e9fb38e97bfb5dd7ed19429c0a969b22f37653ced5de3d6
98,C98-C1-213.xyz,C98-C1-213,C1,213,98,147,1,3,3,3.0,1.3886013120817615,0.0346254089066576,1.3075056366991313,1.4654113552173669,4.409018599907257,0.12505412452222414,4.098649818074687,4.693502675951389,4.410791714464442,19.455083548388174,7.101246422847668,6.367036390612889,5.986800734927617,0.0025437665958919133,12,39,5870,9eab87a7a69dd17c392d18799e169e94a1b159bc62b5b3ee0abfba5dee10a24c
98,C98-C1-214.xyz,C98-C1-214,C1,214,98,147,1,3,3,3.0,1.388679852991867,0.032937216765050924,1.3084264671734516,1.4630023205723224,4.409500486268546,0.1464447512329474,4.084791838600724,4.724672454363965,4.411931618187913,19.465140603566223,7.262918607734357,6.29416139019848,5.908060605633385,0.0038575727287352463,12,39,5870,56a6a3a0d3b0573895b772599486f1cbac5a6b2231a62ec8699eac393d2afbba
98,C98-C1-216.xyz,C98-C1-216,C1,216,98,147,1,3,3,3.0,1.3886208992266047,0.034334686252755035,1.3104542189637913,1.478215917922683,4.408136454964729,0.08482534466521655,4.201528283451147,4.588455213848892,4.408952522389711,19.438862344686598,6.761926684758555,6.400311274911775,6.276624385016269,0.0005049132114855836,12,39,5870,494ab2e0561004e6dcf4702c1d8298036c11ab016bd7a2c3da3d8aeef219a4cb
98,C98-C1-217.xyz,C98-C1-217,C1,217,98,147,1,3,3,3.0,1.3886856328390063,0.032804281757582016,1.308777452434141,1.4644719082317692,4.408417126209475,0.09608441974770658,4.172742114288809,4.570242616847516,4.4094641141952,19.44337377437526,6.736936126186962,6.646178900798352,6.060258747389947,0.001070549852744334,12,39,5870,a929bf54a29c3a8cb9f25ede260b6afca2aa311d4d28d7b42b7a5cf70c2f4eca
98,C98-C1-219.xyz,C98-C1-219,C1,219,98,147,1,3,3,3.0,1.3886740185971267,0.032979984733706766,1.3091924381083173,1.466532645391844,4.408586749388172,0.1081785953543617,4.094378457906032,4.621390227665361,4.40991380135415,19.447339735373806,6.827137351030017,6.643804833435015,5.976397550908773,0.0015901700266648972,12,39,5870,e56bd9f1f6c8afcfbf88f64a136fc1330ad0c6562eb886526b68cf0d39dbedf6
98,C98-C1-22.xyz,C98-C1-22,C1,22,98,147,1,3,3,3.0,1.388647664184099,0.03483360438055941,1.2948094415781808,1.47350002714625,4.425246130727575,0.4332455143955304,3.608253617466664,5.3353209902863235,4.446403602155705,19.770504993263227,8.906734328884106,6.257966730559978,4.605803933819143,0.036128900589945355,12,39,5870,5622b0467cfbf3491946715a46f79808e57fa94e75045bf53e9fbe3cb1b8fb70
98,C98-C1-223.xyz,C98-C1-223,C1,223,98,147,1,3,3,3.0,1.388715672396769,0.03212283738660391,1.3145062533133878,1.4743333239128795,4.4089516354379334,0.12820249985196297,4.15347306297882,4.610055361657139,4.410815163277546,19.45529040459912,6.898019927074081,6.729715233762703,5.827555243762335,0.002626248388325732,12,39,5870,26b042b4c82b7b5f11a0b0c8b2d1b7eb390162898b8cab392ef0c8d59f3b001c
98,C98-C1-224.xyz,C98-C1-224,C1,224,98,147,1,3,3,3.0,1.388770101354891,0.030686770694396955,1.3216659676332747,1.4654831626463678,4.408356269054334,0.09782015828093851,4.203269827800098,4.601089168414673,4.409441436086521,19.443173778276762,6.895005270130922,6.474507966045047,6.073660542100793,0.001338630589986483,12,39,5870,17d730809d029005e5c61d571f7f45d8e3a2059b14c43e54ec7d14891a42ccd2
98,C98-C1-226.xyz,C98-C1-226,C1,226,98,147,1,3,3,3.0,1.3887699607338135,0.030826442622570054,1.3229046866649161,1.4659531438623814,4.408589252194122,0.10910729728107846,4.202998691308254,4.600907165890103,4.409939182900542,19.4475635968815,6.910401726130723,6.5458939537472,5.99126791700358,0.0016991758951305838,12,39,5870,32413503c331a7c35ba24c79bc625e97e8124e402f6cce30dfa89ea9393817b2
98,C98-C1-227.xyz,C98-C1-227,C1,227,98,147,1,3,3,3.0,1.388762148517769,0.03090217966835499,1.3185754927193212,1.4650640259046706,4.407927836759545,0.07136812260583433,4.2168085255775845,4.550867405294015,4.408505554380526,19.43492122300395,6.683544721786179,6.496449435234417,6.254927065983355,0.00036674469237002753,12,39,5870,01691ba758c75021dc6deb001c144861d8b70b2b82c78f8917202cb8255c210d
98,C98-C1-228.xyz,C98-C1-228,C1,228,98,147,1,3,3,3.0,1.3887014265293183,0.03245233547659785,1.311533640437789,1.4762167625386187,4.408602342385312,0.1092188726917497,4.118136850105317,4.6053358915669245,4.409955030999445,19.447703375437314,6.911367664362683,6.557602274633509,5.978733436441123,0.0017583281115273917,12,39,5870,618f2a7dd266dbd76fd3b91bfe12bd086061ac664b6ac38638bb5e6c32476f9c
98,C98-C1-229.xyz,C98-C1-229,C1,229,98,147,1,3,3,3.0,1.3886966474366522,0.032574593156176855,1.3142412069327305,1.476993656045956,4.408033630457664,0.07863486863165997,4.205203353449508,4.570987205455119,4.40873495799084,19.4369439298105,6.660360325804528,6.564471327015852,6.212112276990118,0.00044240672837488613,12,39,5870,6fc4c5e7bba9c267a6f7d2a8802f5ed7af1d20c5e4760c7d9c924c2736e330a6
98,C98-C1-234.xyz,C98-C1-234,C1,234,98,147,1,3,3,3.0,1.3887849027457928,0.030754338678243218,1.3076338210676566,1.4807930375309035,4.4125442964552635,0.22993907460237345,3.8995386967125323,4.789396771804433,4.418531333623071,19.523419146208873,7.53276834846117,6.694910387319937,5.295740410427766,0.010053387375053102,12,39,5870,a217151ef32587255e9dfdba34f08c0373e175372dfca61fdc3180bdc0e193d0
98,C98-C1-235.xyz,C98-C1-235,C1,235,98,147,1,3,3,3.0,1.3886750702147572,0.03282088439506998,1.3121230887382478,1.4752096156139982,4.4085433932996105,0.11227735642163168,4.170861302223369,4.6478234847116875,4.409972908688973,19.447861055370677,7.049491421403666,6.321119870508712,6.077249763458299,0.002029578591330731,12,39,5870,dff51c9691c0a574b7ad81a00baf2d0d35fd8dc9e27c1a834ce420a0d45312c8
98,C98-C1-237.xyz,C98-C1-237,C1,237,98,147,1,3,3,3.0,1.388655459920981,0.03324905950819009,1.308692561299253,1.4620109917507464,4.409305372113612,0.13726695083890175,4.080915701908826,4.704217869404085,4.411441496874073,19.460816080342568,7.157001684541893,6.42571315162607,5.878101244174603,0.0032612829052025894,12,39,5870,b237573b6b259ab824388db620d234183c65e0c85f5f6f0df31e70cf9020c56d
98,C98-C1-238.xyz,C98-C1-238,C1,238,98,147,1,3,3,3.0,1.3886208200193912,0.03417441823549425,1.3080282298176902,1.4725517817720368,4.408288377195968,0.09910736244647443,4.181898021539404,4.6233296556486305,4.40940230482683,19.442828685812156,6.879650691844361,6.481865675261508,6.081312318706286,0.0012644979056779812,12,39,5870,5530f0ad6a01d2173bd4196f91a194e5e788223244b5fd7e04ae46e053d7f131
98,C98-C1-240.xyz,C98-C1-240,C1,240,98,147,1,3,3,3.0,1.3886882913547598,0.03278187961463426,1.3143946553451897,1.4761218750496181,4.408392273804086,0.10001945535428097,4.195596173375074,4.59970151911377,4.4095267695281,19.443926331184922,6.9048086659820695,6.410153330267392,6.12896433493546,0.001224237189148074,12,39,5870,c084a81c6f520a400ab93768016f040b6da86870b8451d9139648d623c1a2333
98,C98-C1-244.xyz,C98-C1-244,C1,244,98,147,1,3,3,3.0,1.388728680550764,0.03146913366392543,1.3209780808173919,1.4657260794568676,4.40873628275408,0.11812703835719139,4.173060241315836,4.683638365008723,4.410318538162897,19.450909608063313,7.047575770054845,6.368834028505562,6.034499809502908,0.0021129163754458695,12,39,5870,c341f01ed2d8964e4887a0c744702499f88a058e7ffbfc049bd1f0e5969f3f08
98,C98-C1-245.xyz,C98-C1-245,C1,245,98,147,1,3,3,3.0,1.3886928380051569,0.032654523908438045,1.3084094084039597,1.4636071638250479,4.408758650041714,0.12391616070445136,4.078610039332209,4.642602737764301,4.410499750504626,19.45250804920137,6.8942700219818,6.684802961893083,5.873435065326488,0.0023048335116809043,12,39,5870,14806cba7e03427462c6c6bd693a5cd5bd50a265f03abac983e5f759008f18aa
98,C98-C1-247.xyz,C98-C1-247,C1,247,98,147,1,3,3,3.0,1.3888596353281875,0.028722583892159138,1.316389216759238,1.4662677143004956,4.41211454939433,0.22306971962547084,3.98770796900503,4.839374236232524,4.417749981245081,19.51651489679092,7.655204733132479,6.383612067395982,5.477698096262459,0.009424087170379992,12,39,5870,e8773f8a53bc4b65adf1637887b9d85098e21c7acde127e1b5e8275d29eb5ca5
98,C98-C1-249.xyz,C98-C1-249,C1,249,98,147,1,3,3,3.0,1.3886867712302702,0.03272572863679654,1.307540328249955,1.4744885248790511,4.408314513225532,0.09757543428344448,4.175752549060718,4.604282805677835,4.409394268251646,19.442757812890463,6.898230403601315,6.46811271157031,6.07641469771884,0.0013409441138630856,12,39,5870,173b68a9c1caa3e0294b88cacf31459365b33201e24db798ed5c878125ec1324
98,C98-C1-25.xyz,C98-C1-25,C1,25,98,147,1,3,3,3.0,1.3886115264371994,0.035455047799410264,1.3013261889318914,1.4737038237040714,4.4194409262151595,0.3603989498637247,3.737670504826772,5.168359850383889,4.43411157994117,19.661345503368384,8.429168146862818,6.326040377447392,4.906136979058174,0.024382509623874744,12,39,5870,195c9165d8ac4f2785dd3f412a50d0dcd1590c998c49ad7da91d6c95f305c376
98,C98-C1-250.xyz,C98-C1-250,C1,250,98,147,1,3,3,3.0,1.3886838265793182,0.03263300050856417,1.3105700515424576,1.4758685070154456,4.4080747181364615,0.08042151299260188,4.181819342773495,4.577106208507936,4.408808267596342,19.43759034042586,6.802891270240262,6.463480966038506,6.171218104147093,0.0007935366756088277,12,39,5870,037de55c30bfdc111819d8517d14dda364872b6d2cbe042c18f5dc7b16eb138d
98,C98-C1-255.xyz,C98-C1-255,C1,255,98,147,1,3,3,3.0,1.3887516658397703,0.0310892715278748,1.322858121644192,1.4628933180515933,4.408347031933156,0.09993950360695084,4.20234660836883,4.60808801196903,4.409479726490991,19.443511458335067,6.919527121057598,6.464321773594205,6.059662563683266,0.0014684931050754741,12,39,5870,215ff11c6ace7a956bcc5c98e1b2581670895f10dc5286aab9105ab5dc55d861
98,C98-C1-26.xyz,C98-C1-26,C1,26,98,147,1,3,3,3.0,1.3887494123509783,0.03217157290179543,1.3163403207377642,1.4737862735145826,4.417546508137194,0.3328835094358059,3.8128103142549,5.132317521477413,4.430070945527782,19.625528582409416,8.287876585878085,6.29524416810742,5.042407828423913,0.020865605256222202,12,39,5870,ecd299a5c34f95c8e23cc8acc3fa3af6efa0c681eccfd77dc002058a88b89127
98,C98-C1-27.xyz,C98-C1-27,C1,27,98,147,1,3,3,3.0,1.3886265879827362,0.035050623707068365,1.3098984388111927,1.4738782141004731,4.418214401549112,0.34895970015070893,3.703166644641055,5.117397371673881,4.431973755606553,19.64239137038525,8.191168684130643,6.634117758586903,4.817104927667705,0.02217367232270037,12,39,5870,2f74f84dffad8725dc062939739fca84850c1d1575fdcb8ada71a705e9b3223c
98,C98-C1-29.xyz,C98-C1-29,C1,29,98,147,1,3,3,3.0,1.3886153620998196,0.035259770936708845,1.3052459768181628,1.4761271693184161,4.419794841786453,0.3663837164232127,3.673113592283385,5.136351042363477,4.434954731577566,19.668823471142236,8.30242395517996,6.6361890884929045,4.730210427469372,0.024775982409970695,12,39,5870,c8a772576119428336fd9d0d084cf37314c243946932aca00ef424684ce0d889
98,C98-C1-30.xyz,C98-C1-30,C1,30,98,147,1,3,3,3.0,1.3887043698638126,0.03287469601620559,1.2898858592914337,1.4765481536340086,4.416674324397512,0.3229452680245952,3.9165944215876074,5.18991192441752,4.428465392653724,19.611305733931697,8.351512296885012,5.91184282648599,5.347950610560696,0.019879371626532097,12,39,5870,231fd78f41160783739b4921d9c7e20a10134a3686c43492818341b8f533cd80
98,C98-C1-31.xyz,C98-C1-31,C1,31,98,147,1,3,3,3.0,1.3886670550601512,0.033788609360847,1.2924935512411657,1.4770767380200664,4.418118639584758,0.34878284819784944,3.827715917586424,5.190462616166897,4.4318643693871405,19.641421788643278,8.415581235037495,6.1778636328193235,5.047976920786457,0.02284272627723229,12,39,5870,3fe163b15d90310e073a944c737b19caef46c76d64a0a0a2aca7a61568d6f4c0
98,C98-C1-32.xyz,C98-C1-32,C1,32,98,147,1,3,3,3.0,1.3886058097968268,0.03511070391079969,1.2934506136687243,1.4924439118439259,4.41895112105487,0.3604625864531395,3.811240912081521,5.209583255819196,4.433628568847934,19.657062286504576,8.543316657155383,6.055333815867469,5.058411813481726,0.025010958822367806,12,39,5870,0a619d3f4cf3369a7745f3a6a90950e2cd7ca18860e1d820ad5fa1aefcd0563f
98,C98-C1-33.xyz,C98-C1-33,C1,33,98,147,1,3,3,3.0,1.3884908979065231,0.03741530802057412,1.2963226951650577,1.4883415938553892,4.416166920499091,0.3122583159233693,3.7897659506427006,5.105300185765105,4.427192736438489,19.600035525573713,8.111076239981603,6.36263094044026,5.12632834515185,0.01756322385343719,12,39,5870,8a814df476c57730e652eadff7542e3c6559f2d8f280f46d8d300051b72655ac
98,C98-C1-34.xyz,C98-C1-34,C1,34,98,147,1,3,3,3.0,1.3886231303343735,0.03445601744921455,1.2993883868959273,1.4879198432711356,4.414612389388912,0.2852037404188191,3.9030129564362355,5.063661093874601,4.423815516281726,19.570143722094958,7.97342363918159,6.317736960977045,5.278983121936324,0.014465524449592539,12,39,5870,81e5938da76f9df1224c3ea6e45bf4c53f90f4c5e9e9860f3e6128f6819d4246
98,C98-C1-35.xyz,C98-C1-35,C1,35,98,147,1,3,3,3.0,1.3885175855192136,0.03698336742101713,1.291795591415298,1.4877691017089985,4.415236158362441,0.30399316348414346,3.7774762855986403,5.087971124101302,4.425688892992393,19.58672217755623,7.874354578201757,6.672304682004804,5.040062917349669,0.015825195885422513,12,39,5870,f5604e78b01c9cfb62a1b1b739718d12305c071b73ed89dcc78058658366ca63
98,C98-C1-36.xyz,C98-C1-36,C1,36,98,147,1,3,3,3.0,1.3884835302650995,0.037555792404249035,1.2921987850172276,1.4694897788007917,4.417293253056623,0.3306222076636174,3.794998588254165,5.1608127862427855,4.429649052430668,19.621790727699917,8.33246227121169,6.111227030111276,5.178101426376953,0.020459742056529215,12,39,5870,644cafad4eaea23afd5b6e96d5ad3b2872a6e4ee5fcfc8e555256002ddca1999
98,C98-C1-37.xyz,C98-C1-37,C1,37,98,147,1,3,3,3.0,1.3885837138821788,0.03566031183956816,1.2892219591676213,1.4730627481543346,4.417850564472515,0.33310313338692016,3.75813323808121,5.161237207344463,4.430390649534451,19.628361307482294,8.30024231335377,6.310185732090657,5.017933262037866,0.021288557413774417,12,39,5870,26c04b97ad193ba47550cf0df694bd917ee90a03ce514c85df5e9fbf0fe681f6
98,C98-C1-38.xyz,C98-C1-38,C1,38,98,147,1,3,3,3.0,1.3885745740266269,0.03572616354060076,1.289142528970323,1.472746865554295,4.4156591494597,0.29906005436303745,3.8460952882116364,5.145218450835695,4.425774806779349,19.587482640322783,8.130420125518603,6.1838442737417045,5.273218241062476,0.016657566890325406,12,39,5870,16bb52c57d7f5d5786913c1a204924ad2437e73d654e8d7cc9ef8e7a146dd2dd
98,C98-C1-39.xyz,C98-C1-39,C1,39,98,147,1,3,3,3.0,1.3885958809526928,0.03551068268689488,1.2887177736028939,1.4681049213186366,4.417347666412821,0.3278929315221602,3.8420197342773545,5.176058751618773,4.429500443673643,19.620474180505,8.314531531737291,6.183104567338828,5.122838081428882,0.020591657789673586,12,39,5870,c460a0bb5da41fe6fbbba3d12b2886312db5618d38c0bbebccb1497c53de70c8
98,C98-C1-4.xyz,C98-C1-4,C1,4,98,147,1,3,3,3.0,1.388667791639402,0.03448064981471986,1.2978285017674716,1.4668011214885266,4.426621732765056,0.4505300667861267,3.6601284838403543,5.42719182024458,4.449489555675597,19.797957306066223,9.141283593663353,5.88426611830557,4.772407594097299,0.03945752075591349,12,39,5870,2b9c2abd8fea99ac2d378c7112ad7bf636a9156ef34ad34733f95f4442c7c251
98,C98-C1-40.xyz,C98-C1-40,C1,40,98,147,1,3,3,3.0,1.3886935088799996,0.03307589849454465,1.298839289519685,1.4662068714884677,4.415082747122442,0.29652698808251965,3.919377375672196,5.126559323545279,4.425029256242216,19.58088391859954,8.141971068580826,6.073782107486294,5.365130742532419,0.016288570284184477,12,39,5870,537a92e134d8ea89d2658ecefd911b8f9893983be665bdb2178794297bebddcb
98,C98-C1-41.xyz,C98-C1-41,C1,41,98,147,1,3,3,3.0,1.3885399893955754,0.036435290122924756,1.290927732291781,1.4772643263817076,4.415660667011947,0.30548471540195626,3.7932385257016934,5.1178891195900835,4.426215091648914,19.59138003754061,8.034517671845263,6.42549265793579,5.131369707759555,0.01653367723421013,12,39,5870,cebc2bfd95c549cf513abdf70e8783004e121ae2fbfc535d6a2b98f198275386
98,C98-C1-42.xyz,C98-C1-42,C1,42,98,147,1,3,3,3.0,1.3886776694670149,0.033262673159268945,1.2927910465345898,1.464823825584497,4.415429974581182,0.3013892709395987,3.886189104050745,5.129594201556963,4.425704164657582,19.586857353067472,8.126601878901068,6.216997427088985,5.243258047077419,0.016823404234904433,12,39,5870,e02aa95ee5f668be52c5c55100398c30e57cd3623f231587a06080ddc1109dd5
98,C98-C1-43.xyz,C98-C1-43,C1,43,98,147,1,3,3,3.0,1.3886640979788143,0.03365190645142177,1.2924837291045486,1.4651089072147503,4.415811320935067,0.30728969245200355,3.859171019270553,5.10890368177471,4.426490322725844,19.593816577185546,8.126186861876153,6.317631591185523,5.1499981241238695,0.017571397865443393,12,39,5870,da3c1fb06ea701b9bb737eade4c2bb6c522bfb4c9a78c524ab1038cd0f4670a8
98,C98-C1-44.xyz,C98-C1-44,C1,44,98,147,1,3,3,3.0,1.3886712377177468,0.03347361431319389,1.2945807429434442,1.4638371972319872,4.413561975722417,0.2684958135725838,3.96473980690915,5.099933674954899,4.421721306849718,19.551619315448775,7.9247590577229925,6.187348145665545,5.439512112060235,0.012758540439377549,12,39,5870,7dc88c0040f6970e909e71db27be360d70a44c33aa0774dd2556adc92a925f4d
98,C98-C1-45.xyz,C98-C1-45,C1,45,98,147,1,3,3,3.0,1.3887157524307205,0.03255879409970579,1.3221051130677923,1.4748261897593222,4.418353346188731,0.34709694042125416,3.8127362703944288,5.190858314130441,4.431965994660489,19.64232257782694,8.46262713179648,6.078571629431072,5.1011238165993875,0.023247616144245656,12,39,5870,eb66e8d484d37909761cbe17d388843042c78351a7d163313a913d58606e3b13
98,C98-C1-46.xyz,C98-C1-46,C1,46,98,147,1,3,3,3.0,1.3885445568046024,0.036415242560757295,1.3021595101983474,1.4748185006976282,4.416242879592905,0.3114760683475068,3.7793756867069126,5.113988173591985,4.427213402661797,19.60021851270825,8.113739591046826,6.372504936562539,5.113973985098883,0.017719294578362004,12,39,5870,f9835f4617cdd2503733a2c62fe66ee75ac2dce1e266ea6fbc18934f360fd6b5
98,C98-C1-48.xyz,C98-C1-48,C1,48,98,147,1,3,3,3.0,1.3885553731378824,0.03652561884426882,1.3170282798786062,1.4809448706822275,4.419468825210609,0.3619631814842487,3.6160019021713286,5.112552731226142,4.434266798666792,19.66272204175864,8.04507285869764,6.973050884923508,4.6445982981374945,0.02345200204481028,12,39,5870,02adb1eb4236d524e7e5568ad1b82c701109f83888f63498a92a9ac143e67745
98,C98-C1-49.xyz,C98-C1-49,C1,49,98,147,1,3,3,3.0,1.3887568801768349,0.031715132007272905,1.3252584879939464,1.4761653362682652,4.416311951055077,0.3193879594913027,3.804315136568012,5.157884706076477,4.427845968154258,19.605819917699918,8.215975659106396,6.215068495884295,5.174775762709225,0.018646170982763614,12,39,5870,65a7dcac997ce285d1d6715669563e6302918f43b68422b92e2bb478a7c331cf
98,C98-C1-5.xyz,C98-C1-5,C1,5,98,147,1,3,3,3.0,1.388748510937943,0.032625779115363705,1.3279045221701746,1.469452500082939,4.429082894748062,0.48175055386065635,3.6394597415980914,5.442592272135884,4.455205818443735,19.848858884694916,9.362042327116583,5.7656511805478035,4.721165377030529,0.045132965596434226,12,39,5870,8249ad2ef4f225b6d71555a67caa6002693e3b4549242ecfc77c5d86e5aa4b5e
98,C98-C1-50.xyz,C98-C1-50,C1,50,98,147,1,3,3,3.0,1.3887032616676245,0.03292766365385799,1.311572144412956,1.4737792880889593,4.41416681500813,0.2786447839716084,3.900472010130269,5.0693664277651616,4.422952813037191,19.5625115863536,7.951004857339608,6.29719826014122,5.314308468872773,0.013918922210347283,12,39,5870,43666a2d09a3f609dde59c146ef3ff384cbfdd1e879628cf624c9b88c9dbbdf0
98,C98-C1-51.xyz,C98-C1-51,C1,51,98,147,1,3,3,3.0,1.3885730216575023,0.035795486563073756,1.3067749921084353,1.4737012112365246,4.415117955973912,0.3019975009364367,3.7734910415141227,5.086347201926999,4.425434335264179,19.58446905573511,7.899819196597452,6.63706469296024,5.0475851661774165,0.015977300781384797,12,39,5870,2820eff7affd488eacf87f7bcb6f0d6d4cbff16daa7cb0ce52962d315663c830
98,C98-C1-52.xyz,C98-C1-52,C1,52,98,147,1,3,3,3.0,1.3886521741260869,0.03392071752196053,1.3092051863630847,1.4783299428747294,4.413279449595721,0.2710774992174842,3.849953439475972,5.051018900728903,4.421596828161282,19.55051851080591,7.645619433464933,6.702267973742922,5.2026311035980575,0.011913228772885351,12,39,5870,4c4fcac917aa3139f0d644374984f3e6e281d58a6f88a5c02f515c36d714a0cf
98,C98-C1-53.xyz,C98-C1-53,C1,53,98,147,1,3,3,3.0,1.3885477352432374,0.03621338702547167,1.2931675529489595,1.4706979669531062,4.4173113073633505,0.33091421989796155,3.7854423553077896,5.179283919759626,4.429688861205807,19.622143407090796,8.329348727583453,6.144393872921365,5.148400806585976,0.020627640669115346,12,39,5870,c96ffb1271e341ec764005a2489f17fd12b6951a850202388dabb8212801ca2a
98,C98-C1-54.xyz,C98-C1-54,C1,54,98,147,1,3,3,3.0,1.388660314812441,0.03393085301168175,1.3020646066920027,1.4724059053127978,4.417656531768124,0.33085932466680906,3.7491691520153876,5.179297443079821,4.430029020829609,19.625157125392548,8.273201026705035,6.33860957873079,5.0133465199567215,0.0209343787582071,12,39,5870,ee4ff7e19f2b6564bff1c8b10ce31559c5d1c54101c786ab7c307321acc8f24f
98,C98-C1-55.xyz,C98-C1-55,C1,55,98,147,1,3,3,3.0,1.3887333816490248,0.031980669115352016,1.3179228391677564,1.4632169319687358,4.414887322768761,0.28863815768861373,3.907263825740067,5.120676469766327,4.424312608622746,19.574542058818203,8.096757810850955,6.102256795761367,5.37552745220588,0.015543350907956633,12,39,5870,e48adaef395beee504ba7bedea1c44680e57c6046ac631a2f24fbe2e5db3ba47
98,C98-C1-56.xyz,C98-C1-56,C1,56,98,147,1,3,3,3.0,1.3885874750230478,0.035191876259939726,1.309746589993652,1.4646046326568818,4.415638215877759,0.30390609376389877,3.7821709192268003,5.111797077688959,4.426084021722468,19.590219767346934,8.030868250509045,6.447456780646921,5.111894736190968,0.016691117364810434,12,39,5870,3eb72d035a1fbfeb093e84f07bd9a8e8fd95c234b2bc3e22c597f7d518b2b62f
98,C98-C1-57.xyz,C98-C1-57,C1,57,98,147,1,3,3,3.0,1.3887552574663768,0.03150365860906167,1.317492444001103,1.4629925666249983,4.415200885999933,0.2959109191643429,3.883405429569414,5.127017184405053,4.425105889785608,19.581562135815275,8.094018546271505,6.212070269494229,5.275473320049544,0.016121451233028408,12,39,5870,79b7dcab1bb9fd0017c577e5ed4c9c54a881749113b3ad9e7b0d2bab292b36b8
98,C98-C1-58.xyz,C98-C1-58,C1,58,98,147,1,3,3,3.0,1.3887516569291343,0.03164367841113249,1.3193594051660071,1.462907690184176,4.414997386430926,0.2925941091106745,3.8660192024871494,5.113211402699213,4.424682275020227,19.57781323487817,8.040968234740225,6.316354447360112,5.220490552777833,0.015823893583426445,12,39,5870,dc8c1f89c447df7c7fded9325520358fd9e09a172c4fec9ccd5fe697785195e8
98,C98-C1-59.xyz,C98-C1-59,C1,59,98,147,1,3,3,3.0,1.388738570943359,0.03203994439418222,1.317934068912402,1.4745654071623953,4.415858884905411,0.31551195910174035,3.7907585984678,5.114455260938674,4.427116159277309,19.599357487734274,7.999369223697522,6.599978450356009,5.000009813680745,0.017590635572679668,12,39,5870,c270cf357fc2f6ec94159145c74740d6208d130a991e14715ad5cf3e81f9777a
98,C98-C1-6.xyz,C98-C1-6,C1,6,98,147,1,3,3,3.0,1.3887552053828995,0.03226765821684122,1.3130027456178452,1.4640180121842763,4.423540600040873,0.42066998125273813,3.7180051427698224,5.385996063889602,4.443498022204708,19.744674673337155,8.946246390272385,5.839798539056889,4.95862974400788,0.03376608456222602,12,39,5870,ad684cdafe7d2043c0eb0bc19d30ce52fe27de69e6ec5abe3873a13a0c5d3bab
98,C98-C1-60.xyz,C98-C1-60,C1,60,98,147,1,3,3,3.0,1.3886939016236903,0.03273149954645814,1.319677221899355,1.4743895312976147,4.413814233494499,0.27709800817043273,3.8658406402441403,5.094099391497687,4.4225037471923825,19.558539393930666,7.8444672051695505,6.452151574826771,5.261920613934343,0.013102985485589915,12,39,5870,84b0ca64a50ff8a63a7dc64283109d94f8c638d8214aee8cab7d7f5f49d11561
98,C98-C1-63.xyz,C98-C1-63,C1,63,98,147,1,3,3,3.0,1.388693262537646,0.033222178236324174,1.3011606818529369,1.4809503165197677,4.416693125763723,0.3191603368999343,3.8691856666352504,5.177402814156777,4.428209738463007,19.60904148781861,8.25545966188377,6.184085776934319,5.169496049000522,0.019301161849240727,12,39,5870,01485ad287c989c61eb28961252bd500d629cd025aa5eab40978ec340e9130d7
98,C98-C1-64.xyz,C98-C1-64,C1,64,98,147,1,3,3,3.0,1.3886020648147908,0.035300888585935476,1.3267924517421705,1.4846921195992118,4.417759679231871,0.3538155221373739,3.7139460090658205,5.124844015952854,4.431905460087369,19.641786007152227,8.199975275509747,6.539756693130467,4.902054038512012,0.02114397416322364,12,39,5870,8be9e4bd2bb2bf0259a9ed235f774e4066437056a98d812b02d8f93cf95c78ab
98,C98-C1-67.xyz,C98-C1-67,C1,67,98,147,1,3,3,3.0,1.3887314127210904,0.03204121371151085,1.3228759012091802,1.4734831047555312,4.414822273444134,0.29454979342199133,3.8154923546513295,5.08413266157007,4.424637305689967,19.577415286903374,7.888649692240268,6.56665343998294,5.122112154680168,0.014986756099659423,12,39,5870,f86801772d62d351fad77d0cc68c6151be4a238e5674296a9fccecdf91b1ff75
98,C98-C1-68.xyz,C98-C1-68,C1,68,98,147,1,3,3,3.0,1.3886262064427284,0.034859225223719585,1.3023934159845865,1.4748826936404131,4.417297454341552,0.32754332676908693,3.7906856639714026,5.06240156544036,4.42942450336873,19.619801431043317,8.243584213408168,6.340352519996539,5.03586469763861,0.020280539077078545,12,39,5870,bf80df0a0e81ed357d2ce386585ab26b1a1fa9b0ff12124fc6d9f8c195e2091c
98,C98-C1-69.xyz,C98-C1-69,C1,69,98,147,1,3,3,3.0,1.388832439177832,0.029774040814117057,1.3067534044340576,1.4629438130017163,4.415616047264936,0.298929379055,3.8847266770117073,5.066111405973963,4.425722974896398,19.587023850525817,8.187422164363007,6.099583503337291,5.30001818282552,0.017379674800436253,12,39,5870,fda72cd19a1bf530d53bf8748bdf10f8c206b6f5618468e335c5970e18dfef35
98,C98-C1-70.xyz,C98-C1-70,C1,70,98,147,1,3,3,3.0,1.3887021386974232,0.032927353210472105,1.3047801960483612,1.472838775969726,4.416564488528083,0.31816125560988323,3.8130229147338057,5.061843419203124,4.428009537692821,19.607268465898592,8.186876182589842,6.359308908104053,5.061083375204698,0.0192432900008051,12,39,5870,35d6b0bc6baab646ec512fd02e290d38b541ab7eda8e0a24534cd330f783e175
98,C98-C1-73.xyz,C98-C1-73,C1,73,98,147,1,3,3,3.0,1.3887302229520129,0.03229060702169585,1.3044207641708252,1.4598692818194374,4.4147633807061935,0.2874707358674271,3.9492878213475957,5.0358007322192515,4.424112920304424,19.57277513160454,8.124924692896528,6.025479002412473,5.422371436295539,0.015760126728502563,12,39,5870,c8103f5c449fcb946699cf641695b75394ef361a41e793e665a593e5d3daea31
98,C98-C1-75.xyz,C98-C1-75,C1,75,98,147,1,3,3,3.0,1.388786806488725,0.031230262889189394,1.317739446931752,1.4640148257446028,4.415264900691179,0.28526645882295104,3.866476089915597,4.955828588848918,4.4244707136339905,19.575941095804875,7.902092329752996,6.582461158500704,5.091387607551177,0.015480489191296673,12,39,5870,d138038c7c076d5193a3c72b8451d5bebc1fee20dab9a3adf331666e5085cf76
98,C98-C1-76.xyz,C98-C1-76,C1,76,98,147,1,3,3,3.0,1.3886053494641872,0.03487523199620468,1.3048768102775066,1.4613185450133725,4.41276922425761,0.24561308314990746,3.9959875478210254,4.952228116932479,4.419599304594198,19.532858013169513,7.839902664988991,6.021438486484564,5.6715168616959595,0.010655911626609144,12,39,5870,38a5559350c640bf34c0b8e8f1350eb2499c643232615b4910c128ff874dcfae
98,C98-C1-77.xyz,C98-C1-77,C1,77,98,147,1,3,3,3.0,1.3887511149296385,0.031761904930510725,1.3049336036749148,1.4656178765285308,4.413367899432303,0.25929879032755254,3.9516514901178055,4.951669094517037,4.420978633561219,19.54505207840483,7.904830705746532,6.2197591712074605,5.420462201450834,0.012631151429533397,12,39,5870,3abfc8796b93d7825568c2ec4433dc25250bdd64ba79bc7b66d77b59584b1a40
98,C98-C1-78.xyz,C98-C1-78,C1,78,98,147,1,3,3,3.0,1.3887561556181984,0.03161522648167059,1.3038673743905091,1.4619489115560778,4.413077045520566,0.24760726809288927,3.9594149364063966,4.944926327825083,4.420017914999096,19.536558368912956,7.819860549271551,6.310497066682942,5.406200752958464,0.011687475167286111,12,39,5870,e6ac15d938a0e3f88fa95a3204bd588db0fd1029cd7849f2f24bb7fcf16c876a
98,C98-C1-79.xyz,C98-C1-79,C1,79,98,147,1,3,3,3.0,1.3887822883338625,0.031227309552071,1.3076046726744288,1.4684307406207484,4.414634291249843,0.27988460207916677,3.86979594973836,4.951943558986403,4.423497633769009,19.56733131596002,7.889389608809082,6.537575141512804,5.140366565638133,0.014804518887560597,12,39,5870,91b5baa3c500331a72aae648a9ab676d1e30f43d77652dc99fe3a578fe8f750c
98,C98-C1-80.xyz,C98-C1-80,C1,80,98,147,1,3,3,3.0,1.3887225270073438,0.032184348712774785,1.308685791166084,1.462796093103889,4.412534640995481,0.24822433117683942,3.993164646510457,4.975551885362759,4.419510977084829,19.532077276573297,7.87641720454249,5.914485789500435,5.741174282530372,0.01105953985359721,12,39,5870,485d2ef423a21f4ee51c98b197329b02ad5e7fdc789d2ec28948822cad0258bf
98,C98-C1-81.xyz,C98-C1-81,C1,81,98,147,1,3,3,3.0,1.3888355807267143,0.029549585560713576,1.3265085525544118,1.4650960412205063,4.413143906334355,0.2531965647008024,4.014307819381882,4.97042243859999,4.420401298342984,19.53994763839234,7.904075056558096,6.1220334769915645,5.513839104842679,0.01212489368128262,12,39,5870,2ee8013e1868371aedf1cec5804b56ea9643a53588482b76cbce5f4a54851615
98,C98-C1-82.xyz,C98-C1-82,C1,82,98,147,1,3,3,3.0,1.3885743480316215,0.035628159801910225,1.2989258254419302,1.4724369392269403,4.414429683609191,0.2845326339216585,3.9553762783193482,5.029586421532376,4.423589973233996,19.56814825129635,8.084819802100427,6.054891159141265,5.428437290054657,0.015107139401587475,12,39,5870,ec18d25c105c9ec0196b6050ff309a4e3a729985e5e9d168eecf4900342fc81c
98,C98-C1-83.xyz,C98-C1-83,C1,83,98,147,1,3,3,3.0,1.388684250900069,0.03340830393033718,1.304666252341954,1.4737243500736492,4.414231345062345,0.2696246388922516,3.9233289821772166,4.94511197511981,4.422458118923083,19.558135813628695,7.969005829399864,6.252002653021899,5.33712733120693,0.01400170219463505,12,39,5870,93e682d47b6479588de62616a934e2918c7e90a4258dbc4c1a1d520da7f607a1
98,C98-C1-84.xyz,C98-C1-84,C1,84,98,147,1,3,3,3.0,1.3887047836140283,0.03251265930578085,1.3037288560126297,1.4736674896325832,4.413750435001671,0.26829761149454534,3.9576778423697907,5.005540286308996,4.421897388091578,19.55317651081112,8.003889775356635,5.995989948462934,5.553296786991553,0.013382592207811742,12,39,5870,c0424cd0ec20a78ae954ceb6724880812eb38838c0c8dc498095c20d01367b4d
98,C98-C1-85.xyz,C98-C1-85,C1,85,98,147,1,3,3,3.0,1.3886763946027445,0.03344329526665359,1.323264316000398,1.477509543116389,4.413173942609057,0.258651811038878,3.8472922483280616,4.892391294795638,4.420747109604582,19.543005007077262,7.62299269417474,6.676751116616264,5.243261196286257,0.011276163198646544,12,39,5870,bb9dfa9d7004f01d0c12a936c38ad28059089cf90b1d67f443fc8e2895cad14e
98,C98-C1-86.xyz,C98-C1-86,C1,86,98,147,1,3,3,3.0,1.388747796114142,0.031483759105823676,1.3225394436462,1.4658201833785753,4.410910767242955,0.20396154569622288,4.095216949159731,4.900078877694104,4.415623864042614,19.497734108702627,7.555312641174489,6.092869425044963,5.849552042483174,0.006717619893558505,12,39,5870,6c9cef4c5bc5fdbf1ad3709e3f94974c2b006e6fa5a24664c1dccce9ab27a71c
98,C98-C1-87.xyz,C98-C1-87,C1,87,98,147,1,3,3,3.0,1.3886660582983723,0.03334527921171599,1.3058193864390282,1.4624572780084895,4.411047721033467,0.20432325960802575,4.083293511243204,4.864714104461282,4.415777393806372,19.499089991651395,7.556801372228964,6.129274190153595,5.813014429268836,0.006810164856034393,12,39,5870,8f8e03c28c28b15c08c8dfcecafcb101e5acb77418f6c2f4a310baf7cd4f4f17
98,C98-C1-90.xyz,C98-C1-90,C1,90,98,147,1,3,3,3.0,1.3886505154467539,0.03388592453272296,1.3012062826469908,1.47827974686796,4.414186493196109,0.2730457338826143,3.8903019809185047,4.976567252561654,4.422623245259136,19.55959636950646,7.909490528191029,6.348036714191104,5.302069127124324,0.013501609731969491,12,39,5870,c43ffa2e29968b9264239afc9428e40d1450cded7a82cfb5f3c2b6b63fcc7d2c
98,C98-C1-92.xyz,C98-C1-92,C1,92,98,147,1,3,3,3.0,1.3885787195738408,0.03562703564881196,1.2953582670442954,1.4761496773701508,4.415496944140377,0.2912689969387598,3.825343731354793,5.012128174081702,4.425093320178763,19.58145089229071,8.037670998978118,6.392822461546757,5.1509574317658355,0.016405556505606097,12,39,5870,f6dcf9b6d01699165ba0fd565e025fbc43cd71523f85919457f1af21b3ce7a92
98,C98-C1-93.xyz,C98-C1-93,C1,93,98,147,1,3,3,3.0,1.3886484429997876,0.03390778088589644,1.3004297789577106,1.4681491136802147,4.41502899811795,0.29142504660772456,3.952719466228483,5.031543942898027,4.424636664406774,19.5774096120127,8.151963967882383,6.047008424489043,5.378437219641276,0.01639850890001001,12,39,5870,832755e15bd72db32e48e5d2f74077370075236d39b9de74d81efc411343bce4
98,C98-C1-94.xyz,C98-C1-94,C1,94,98,147,1,3,3,3.0,1.3887431742767569,0.031747200557759876,1.3125056990352462,1.4743092009480236,4.415762347472324,0.299599855864528,3.809356890373511,5.048482555050013,4.425914276506983,19.588717182988336,8.021379409747809,6.52044590777506,5.046891865465467,0.017293617380123034,12,39,5870,a9bb149fd78ac08b2f9c1e9c694c724fdb71c053f0b5edb3e0327fd3d6d9dd8b
98,C98-C1-95.xyz,C98-C1-95,C1,95,98,147,1,3,3,3.0,1.3886646139812007,0.03352955258948319,1.3060438775171375,1.4735043807196502,4.414231737483813,0.27208448899856336,3.9240279715093833,5.034737056300558,4.422609162175986,19.559471801362978,8.039540597037444,6.091241690792841,5.428689513532692,0.014443503869197738,12,39,5870,1747298f469e5e4cd3e080f524754850d65a828365f466c0e8cd5f3a346bbbdd
98,C98-C1-96.xyz,C98-C1-96,C1,96,98,147,1,3,3,3.0,1.3887390977996392,0.0318117359155992,1.3147661769303316,1.4728338874428437,4.413546350825545,0.25983382294699003,3.8912592787404425,5.012209656031583,4.421188189438756,19.546905006432745,7.836506034606607,6.412846951276208,5.2975520205499285,0.012715841479240052,12,39,5870,618a50370e33e5e3665997b4a14753fe3a12f730cbd1fb40da98eee6210e7d22
98,C98-C2-1.xyz,C98-C2-1,C2,1,98,147,1,3,3,3.0,1.3884087664649143,0.040224301289891844,1.2810117798053227,1.4783140058864357,4.4360757293995485,0.5349787715986583,3.484027371130626,5.5017486004527045,4.468217783751028,19.964970163028948,9.679153980974096,5.915183817419102,4.370632364635749,0.056113282189604444,12,39,5870,0b45d3ee91d9fec824d6269fa6beb63de83f1d5d1225ff50b2dd30006c696978
98,C98-C2-11.xyz,C98-C2-11,C2,11,98,147,1,3,3,3.0,1.3887646499877766,0.03235341624879372,1.3304088431756609,1.4676910369692935,4.427779730831252,0.4588146439325032,3.641395756170859,5.362214991769455,4.451487866123752,19.815744222246988,9.180469595262114,5.984016261388723,4.65125836559615,0.041393322463555246,12,39,5870,1e38d037d66472d4fc7b0efcf1f1ebc2f3ee8f3063ba96da8c6d2daa4547d5c1
98,C98-C2-113.xyz,C98-C2-113,C2,113,98,147,1,3,3,3.0,1.3887151725773945,0.032265384416867916,1.3155627655113988,1.4735938415995096,4.4137436808653705,0.26720540507769347,3.9458294339120195,4.994495685363867,4.421824511316761,19.552532008881712,7.997711695341758,6.044546656749139,5.510273656790815,0.013454889776704846,12,39,5870,30c130b5816fcf1377b876de2c988e68f049c50f139a7d50cb6a319aee093a29
98,C98-C2-127.xyz,C98-C2-127,C2,127,98,147,1,3,3,3.0,1.388671075462449,0.03328675387432125,1.308004545099137,1.4724925466704406,4.415795689711467,0.3046128465821641,3.791249049094437,4.980599318151758,4.426289705789405,19.592040559577256,7.975678340441272,6.617819125851878,4.998543093284107,0.017362561411968767,12,39,5870,1b87b8aeb031471a39f1440aebf6295519ac0794352f432dfb45a30314bd8578
98,C98-C2-130.xyz,C98-C2-130,C2,130,98,147,1,3,3,3.0,1.3886770531828776,0.033414778249987086,1.3209536176565777,1.4753806898560113,4.417849699238979,0.3303804310264087,3.7700996421648214,4.963412035392166,4.430185909673672,19.62654719427114,8.166740059743187,6.5622415787888295,4.897565555739124,0.020811276201700313,12,39,5870,19401c126d8c40e4a12d5a2842e6d3e61be2621eb666c828612444bc29bf1f2b
98,C98-C2-147.xyz,C98-C2-147,C2,147,98,147,1,3,3,3.0,1.3886941433746052,0.032568143640695255,1.3234018512908312,1.4620598688152273,4.409756238616434,0.16406440996111865,4.111179762942105,4.771270164774315,4.412807180767413,19.472867214632444,7.293122139071713,6.137278849130566,6.0424662264301645,0.0038359183192831713,12,39,5870,962791e574674e0ee8767782d73c1e5f5d5afc92fc4fd3b44cb734f6bdbbc226
98,C98-C2-156.xyz,C98-C2-156,C2,156,98,147,1,3,3,3.0,1.3886372191643368,0.03421234531488745,1.3108058628187471,1.4624126811539895,4.412950546916222,0.2549021502717706,3.9009466785841362,4.955554824780117,4.420306283023989,19.539107635741352,7.8333589985914305,6.25361758304935,5.452131054100573,0.011535813332919614,12,39,5870,611824c8e820aeea01acf242578f8e8d77b21547d8909c56fe493780ebe77c68
98,C98-C2-160.xyz,C98-C2-160,C2,160,98,147,1,3,3,3.0,1.3887246485572509,0.03262781897664036,1.312639638286152,1.4767188798142996,4.416236447158947,0.30114756592156117,3.784033888670946,4.9109097909963735,4.426492314878176,19.59383421367555,7.8594433690442305,6.835223619416859,4.899167225214459,0.017660754801777364,12,39,5870,a330a67576bfd1d4667451260ddc44ad779d891cffcb035e72c181f01229406f
98,C98-C2-162.xyz,C98-C2-162,C2,162,98,147,1,3,3,3.0,1.3887879252553785,0.031031840542352685,1.3128286788457966,1.4639237070284774,4.4148158579629015,0.27534692664478627,3.867327045043873,4.864814239952657,4.42339405770427,19.56641498973345,7.77011212442782,6.7411634650117165,5.055139400293912,0.01472201712434376,12,39,5870,3b5b4f84317c29606eba9e0a4e369a5cbc6eb09578a884d57210528d7629c98c
98,C98-C2-166.xyz,C98-C2-166,C2,166,98,147,1,3,3,3.0,1.3889302280738878,0.026971671554195963,1.334574093109858,1.462253032139103,4.4142608271419705,0.2718776751772074,3.98579069572253,4.941621863223439,4.422625478185991,19.559616120299868,8.064021373073853,6.013372763400912,5.482221983825103,0.014576049809779714,12,39,5870,2700e147efbeccf1ab30234c40aebeca6f9a26f59d56404effb2a9ac3ae9f922
98,C98-C2-174.xyz,C98-C2-174,C2,174,98,147,1,3,3,3.0,1.388805607479603,0.029991216523935674,1.3221267790949551,1.468062355623902,4.4100547627595885,0.16729189618304757,4.042705053943194,4.694808066746286,4.413226664138956,19.47656958906706,7.229195309712444,6.572621467557238,5.674752811797379,0.004815706213175029,12,39,5870,45d182509a6c97579913d4717329ef2ef299b77472040135cf40c3374addd145
98,C98-C2-176.xyz,C98-C2-176,C2,176,98,147,1,3,3,3.0,1.3887859279610035,0.030512806024811087,1.3190386688797262,1.465399239115402,4.410803765890778,0.1939081769610776,3.983407201404492,4.715952014018771,4.415064013385154,19.492790242288628,7.290431766113611,6.737024099748007,5.46533437642701,0.006914297031307209,12,39,5870,9d96cd39ce04da176ef2ea92d01ff02ce5fbb3f8a5cc3430602a628843e01399
98,C98-C2-182.xyz,C98-C2-182,C2,182,98,147,1,3,3,3.0,1.388798611824504,0.03023539640374147,1.3148843523291316,1.477107030651469,4.411779300872389,0.21410756388622754,3.9806025415926283,4.763825858643516,4.416971660370867,19.509638648519367,7.506311953273135,6.61397974324617,5.389346952000062,0.008903126769552622,12,39,5870,6cb5847bb4f2920313394b25e31fb82995084109e031dbfc7122dc864aae017a
98,C98-C2-183.xyz,C98-C2-183,C2,183,98,147,1,3,3,3.0,1.3887753826331524,0.030911066094636223,1.3079718230910022,1.483005171939734,4.41200365302035,0.21748473796422713,3.964523024119475,4.776665420904338,4.4173607330070155,19.51307584551228,7.47385803286528,6.657626450145967,5.381591362501032,0.008761525766626645,12,39,5870,c622d8b0a20440762eea935185174c1a598f97b7bc7ebaa350a2f9441736b93f
98,C98-C2-188.xyz,C98-C2-188,C2,188,98,147,1,3,3,3.0,1.3887776646529415,0.030305708773291414,1.3221262761173762,1.464057304206362,4.409310493238732,0.14262661607783814,4.118497309494725,4.662499035043833,4.411616639895062,19.462361377398995,7.066480118605003,6.641386246113046,5.754495012680946,0.0035489741565129284,12,39,5870,767454bf46b3b19bc0b9def4b18a7f5d4320cd0f5b72aecf358b10e232b3a66f
98,C98-C2-189.xyz,C98-C2-189,C2,189,98,147,1,3,3,3.0,1.3887780780971366,0.030485766739487132,1.315771431518408,1.4604390469992237,4.4102168302456155,0.17318710922230537,4.035962018971536,4.66545010891606,4.413616007831047,19.48000626458247,7.0712603615512135,6.8359677915952695,5.572778111435988,0.0051340727884444295,12,39,5870,8f51b19a12341b5da7cc6c3c6d97ed03ac2297d98f84547b1e8f524b86235bfc
98,C98-C2-191.xyz,C98-C2-191,C2,191,98,147,1,3,3,3.0,1.38874808341818,0.03236891386261607,1.3126634945788658,1.4684903302371448,4.417300434674337,0.30740098447457975,3.7630977304010536,4.82450676040594,4.427983569914192,19.607038495430032,7.6619362306174725,7.162064402721202,4.783037862091355,0.018465617777772145,12,39,5870,fc9683ae313a010469b969276b09746112d168faf09635c114175e56e734b151
98,C98-C2-194.xyz,C98-C2-194,C2,194,98,147,1,3,3,3.0,1.388711326177941,0.032937753510662034,1.306004873650937,1.4664724238798355,4.41361084706956,0.24740896364004492,3.888450623888917,4.72925598296194,4.420539775260429,19.541171904659524,7.2288157996687845,7.213745134170296,5.098610970820445,0.011799944535265028,12,39,5870,e723ae102b7de4725d9967ac90fea2ec01870d1593d42a015088d4762ca2f2f1
98,C98-C2-196.xyz,C98-C2-196,C2,196,98,147,1,3,3,3.0,1.388644467157757,0.03398776723977399,1.309375247971337,1.4682303259366356,4.4111679941821,0.19431545510708223,3.9908690124687705,4.71864949740679,4.415445795046068,19.496161568990004,7.275318747668132,6.783704592851004,5.437138228470866,0.007147893390776586,12,39,5870,7d15612d470abf15741c8fe11fcce77159d679055cc5481c6883b5c22d7f1a78
98,C98-C2-200.xyz,C98-C2-200,C2,200,98,147,1,3,3,3.0,1.388626831946938,0.034739381949530856,1.3025905649896286,1.477668183321276,4.415385729427754,0.2827138747963174,3.796734172722996,4.887977214716522,4.424427451618639,19.575558274636606,7.82685244750437,6.721512455672727,5.02719337145951,0.015566945892209784,12,39,5870,d09aebd535ad6dc31de87a242f70de6581599215fd39ff575ce8c2bef9bf344a
98,C98-C2-211.xyz,C98-C2-211,C2,211,98,147,1,3,3,3.0,1.3887610351695963,0.030919245004980347,1.3215130305827483,1.4653204564190043,4.4086274743757725,0.11303362241720123,4.21204723127659,4.611254940718492,4.410076281383085,19.448772807617658,6.991529020238412,6.4314559816043415,6.025787805774905,0.0018650189053993776,12,39,5870,b976cca0cda3748cd1b8718996c047f484630700bc6270b20d07ccb0fdbf940f
98,C98-C2-221.xyz,C98-C2-221,C2,221,98,147,1,3,3,3.0,1.3887899514954793,0.030435084469741976,1.323818265473022,1.4673717558955535,4.409699162807493,0.15236782819424524,4.069767398307108,4.663105381150116,4.412330751602121,19.468662661533738,7.066145769933354,6.707593484719595,5.694923406880789,0.004002744633055536,12,39,5870,332119ad353c112717f48211c3c0dc1120c94e69e67df0b88cdcf989f25dcbe8
98,C98-C2-222.xyz,C98-C2-222,C2,222,98,147,1,3,3,3.0,1.3887851949655652,0.03048534385626969,1.320217970639697,1.4641071443033122,4.409304761259256,0.1437399605712646,4.109725720830915,4.612481198396502,4.411647045484098,19.462629653928566,6.8853454964258045,6.868465485511371,5.708818671991393,0.0036025931955122035,12,39,5870,41f9fc406741e46d6896146f4bd1bf1d5ddce44acd67737f715f37d95c7aabe3
98,C98-C2-225.xyz,C98-C2-225,C2,225,98,147,1,3,3,3.0,1.3887886883428346,0.030367891907077928,1.319686515805932,1.464252071878336,4.408715189418881,0.11937085204858178,4.165696166529655,4.596217309120206,4.410330942427287,19.451019021731568,6.836260138086876,6.725702692692375,5.8890561909523145,0.00212690506916384,12,39,5870,68a4665246fd04968dc2292bc434abdf032d995c615c5f58044ed21a8c21f4c6
98,C98-C2-230.xyz,C98-C2-230,C2,230,98,147,1,3,3,3.0,1.3886461289355152,0.03381518427639311,1.3071370471377515,1.4787664927229045,4.408206395815787,0.09030032408451565,4.206850427563313,4.590115112101068,4.409131181609476,19.44043777664098,6.848172461429605,6.381476190419761,6.210789124791615,0.0008641758108055528,12,39,5870,8a3a4a09b2c8a50f4c4c6fab3e2df083014ae133e8b3c15c81b4a87908a3368b
98,C98-C2-231.xyz,C98-C2-231,C2,231,98,147,1,3,3,3.0,1.3887644988262922,0.030918505957459572,1.3246255848352015,1.46624345522836,4.408336453901925,0.09496937363970138,4.2345179311835235,4.588253817255057,4.409359304108718,19.442449472730114,6.919986586075662,6.297844223782096,6.224618662872355,0.0011586496851180477,12,39,5870,51be3d80086099c496da09660412c38a2187f6edcbdaaf9b5bc87f912cba8955
98,C98-C2-232.xyz,C98-C2-232,C2,232,98,147,1,3,3,3.0,1.3887180377478516,0.032475490513567906,1.3085797988659307,1.4800240065620556,4.414397140976258,0.26572923602433285,3.839304753303664,4.859457536825432,4.422387832962803,19.557514145137443,7.668883201827759,6.802915673428797,5.085715269880887,0.013557558512939417,12,39,5870,b3a7a71869871869a8a8e9d3297aacb7851c527f7f581584e8ff7658082036df
98,C98-C2-233.xyz,C98-C2-233,C2,233,98,147,1,3,3,3.0,1.3888318980434462,0.029589556167363536,1.3138151658433543,1.462190842537321,4.413527879989291,0.25540179248369127,3.8675308581825387,4.804136728310331,4.420911492333526,19.54445842304665,7.561225999611167,6.865907490823468,5.117324932612015,0.012452897261828452,12,39,5870,01baa066f52d6c0983568639b830dba362b261e85ef7c19fe3487faaeedb99a1
98,C98-C2-236.xyz,C98-C2-236,C2,236,98,147,1,3,3,3.0,1.3886298406542281,0.03391138008154191,1.311435827633209,1.485876862327427,4.408727950102499,0.12087983181879595,4.088929624755562,4.6475081242290575,4.410384798603804,19.45149407175552,7.069626009793376,6.437811037673006,5.944057024289135,0.002523899973604395,12,39,5870,a10aba85504aee89dfbfa66fc2cbc9dfe85970eb34e3a0cfb92cd9eb6e553122
98,C98-C2-242.xyz,C98-C2-242,C2,242,98,147,1,3,3,3.0,1.3887522714977738,0.031190563747968216,1.3169912148530074,1.4578317632703712,4.4093167758536955,0.14419446139515046,4.160007628737189,4.727358622706999,4.4116738855588435,19.462866472521867,7.285955748730556,6.104162863764726,6.0727478600265865,0.0037875800994160084,12,39,5870,9287d57ad5922d6b15bf52df6518780a10eeafde0c164712f3f660c1a1d38a50
98,C98-C2-243.xyz,C98-C2-243,C2,243,98,147,1,3,3,3.0,1.3886009926248213,0.03455290652591183,1.308575580545503,1.4626591161306177,4.409500913144018,0.14797264351368838,4.066893532322114,4.700867712995142,4.4119830242473,19.46559420624635,7.130066333326692,6.5923691085494776,5.7431587643701825,0.0038713600741344064,12,39,5870,b3fde8bf0502764f5dc0477e903d50f41171a0f7c1b9b840ca9ad5b3d12557d1
98,C98-C2-246.xyz,C98-C2-246,C2,246,98,147,1,3,3,3.0,1.3888411981976048,0.029240434192438266,1.3175987591068836,1.4662367919268702,4.4121660862803616,0.22735454373057823,3.956058831310247,4.820013982752608,4.418019880158702,19.518899661477512,7.576301235803646,6.6038700404364565,5.338728385237408,0.009912318920327361,12,39,5870,91277cb0fa7a59315e511ab58776c08532ce496a1f6939416eca51fe1905f295
98,C98-C2-248.xyz,C98-C2-248,C2,248,98,147,1,3,3,3.0,1.3888635654041885,0.02868742214567435,1.325921913236221,1.4621438882681828,4.412115634072707,0.2273393093972598,4.046965065440069,4.879276982223871,4.417968710847331,19.51844753002603,7.807905338367457,5.999098667609737,5.7114435240488355,0.010170989032596679,12,39,5870,186f427f1bd370e62bcd8f3d01989c265dbd40e092ec5258fc0550ebe6d2f8ab
98,C98-C2-251.xyz,C98-C2-251,C2,251,98,147,1,3,3,3.0,1.3887642508480094,0.03095477920585855,1.3217034690126224,1.4663856655054972,4.408272019620071,0.09506965141491348,4.211509621126751,4.583829135642117,4.409297045741575,19.44190043758538,6.812939516747184,6.510406256733126,6.11855466410507,0.0009619952800398835,12,39,5870,22c861e16d05cb973eaeb8ab80327ae5a23485584953ad950acb5e49af396160
98,C98-C2-252.xyz,C98-C2-252,C2,252,98,147,1,3,3,3.0,1.3888538932171532,0.028865136145050135,1.3302675858638364,1.4679868970804886,4.410787262579702,0.19083414653716183,4.011021368847531,4.734430200541613,4.414913583210877,19.49146194721991,7.287183474577271,6.71516012533735,5.489118347305288,0.0066638583841128075,12,39,5870,a98809fed434ba7bf6ecda2000c06a6a2104c9b91e9ab19d9fa749918c938e83
98,C98-C2-254.xyz,C98-C2-254,C2,254,98,147,1,3,3,3.0,1.3887511918135202,0.031073465042122,1.318929619047203,1.4623267965813935,4.408411123018023,0.10838544100313995,4.190091117999671,4.562783425627448,4.409743306970426,19.44583603337047,6.8512628504778466,6.6231857294515235,5.971387453441097,0.001654200952962203,12,39,5870,d05b11ad836ea44e97606e954923d912ab42bcd778d9f7264fe1ff5e3471e89e
98,C98-C2-256.xyz,C98-C2-256,C2,256,98,147,1,3,3,3.0,1.3887344394701362,0.0313017934921536,1.3229214224586436,1.4615977764077228,4.408556167674472,0.10727088690997003,4.176437693766492,4.606468269052889,4.4098610552622945,19.446874526719075,6.994627209947839,6.4286943277201045,6.023552989051132,0.0018871981174272243,12,39,5870,41e139ab04f1dd208c6f0bdd3d843f1b5788de38fea81ac4151a29549649d83e
98,C98-C2-257.xyz,C98-C2-257,C2,257,98,147,1,3,3,3.0,1.3886084685120161,0.034101670014846625,1.314182354165509,1.4757898597022545,4.408206850239783,0.09225940295522865,4.163706756483188,4.5752775818661116,4.4091721935001145,19.440799431934607,6.769109732415662,6.640859052636563,6.030830646882384,0.0012351528463380775,12,39,5870,bdc85c40acb6ab8b75178f3a786a28600bd069824048d78635d53ebf97825369
98,C98-C2-28.xyz,C98-C2-28,C2,28,98,147,1,3,3,3.0,1.388566882353348,0.036672529991714053,1.308149846156777,1.4754749506514844,4.42117466928771,0.39385861912604103,3.6515917368184905,5.121937154778758,4.438683371024697,19.70191006821117,8.380981450083972,6.723113951748269,4.597814666378929,0.02779456949481665,12,39,5870,0324c0c4ab1f77f606967384cad8ba285608422c8ca611b74b4528694066919a
98,C98-C2-3.xyz,C98-C2-3,C2,3,98,147,1,3,3,3.0,1.388883037705799,0.029165668388848175,1.3404262531001099,1.4698857778752743,4.434002332389968,0.5308986129653067,3.7034588400064656,5.522832157953757,4.465672404116559,19.94223002088817,9.759185918421572,5.379420984236108,4.80362311823049,0.055408993750122745,12,39,5870,8583d949a23b7bb07eb51d0cf301dc4a22bf49336c1fc79ef14ee4c7b53f3a58
98,C98-C2-47.xyz,C98-C2-47,C2,47,98,147,1,3,3,3.0,1.3886338415712547,0.03435748186445111,1.3348836990539663,1.476542738968297,4.414557523652976,0.2941211313843015,3.9173467759419935,5.119810696169907,4.424344625994666,19.574825369567883,7.998330626058047,6.249703893921852,5.326790849587983,0.01441459339309493,12,39,5870,a481b46a7505d41a3276c126ff45cd20eb522aa5a99878145b3c85ea68c3b99f
98,C98-C2-61.xyz,C98-C2-61,C2,61,98,147,1,3,3,3.0,1.3886708557130492,0.03330259233833824,1.3241785000520134,1.484172857183421,4.413703229471073,0.28503513386182916,3.947389678329234,5.079745250334357,4.422897379024187,19.56202122537902,8.004563658788067,5.875987745147025,5.681469821443925,0.013020837762884832,12,39,5870,f8757d2b9f88b675adf089b1c5bf8904018bd5cdd5e0cd3e065235af01202419
98,C98-C2-71.xyz,C98-C2-71,C2,71,98,147,1,3,3,3.0,1.388695808887964,0.033098233035386816,1.2937481091773622,1.4610710934105842,4.417568302442905,0.33288454936024453,3.82649303446433,5.105888540929569,4.430092756359743,19.62572182995106,8.354946165971052,6.183650030824617,5.08712563315539,0.021543199911802396,12,39,5870,037406df4127b8d9ba14f3670a1cd14837dcc496feeb5421dcf946be4f085f19
98,C98-C2-72.xyz,C98-C2-72,C2,72,98,147,1,3,3,3.0,1.3888673223402248,0.028731066823205278,1.3298112422445527,1.4692228762172201,4.419137559037031,0.357008830773903,3.927905219534901,5.133413894398205,4.433534940760286,19.656232070942316,8.626827585994894,5.530265730536632,5.499138754410792,0.025069530543938984,12,39,5870,ce88d4bec7e09671c7b38c1b8ce648170e8b71cce3ec31b8438a597446469785
98,C98-C2-74.xyz,C98-C2-74,C2,74,98,147,1,3,3,3.0,1.3888057402910619,0.03036818992111378,1.3261740572036538,1.4635386226540108,4.414935298670038,0.2899249193934244,3.92347106094853,5.004752340299492,4.424444614901174,19.575710150327993,8.09191335499628,6.181296034942206,5.302500760389506,0.015922878273350104,12,39,5870,0c8edbbe534590c9661330ae6914adfdf443c522a0ebfb6b3df098b9647c6236
98,C98-C2-8.xyz,C98-C2-8,C2,8,98,147,1,3,3,3.0,1.388821000596715,0.030882237406864663,1.3376379330745667,1.4670168983348486,4.4343807406403775,0.5392251541209293,3.716545369941502,5.49274050256029,4.467045591864833,19.954496319799038,9.828683486206435,5.103021042648696,5.022791790943907,0.05705296320906947,12,39,5870,34a9461d8283ece361fe8c121ef91b684f97d6acbaf5c1392b38b0469a492aca
98,C98-C2-89.xyz,C98-C2-89,C2,89,98,147,1,3,3,3.0,1.3887837775763578,0.030842912689804724,1.3235687326315928,1.4545002818837813,4.412551562754683,0.24421779720624623,4.056223512776355,4.915304290774467,4.419304654178196,19.530253626441066,7.8196644892585665,6.021726850922917,5.6888622862595835,0.010334373180280857,12,39,5870,194d0bb6b20bac56f16b0c8196d45a0e127969f7d3099c3c2d72d92da0051751
98,C98-C2-9.xyz,C98-C2-9,C2,9,98,147,1,3,3,3.0,1.3887322473495023,0.03231606035138811,1.3076005582745827,1.4772230738788235,4.4227374638860235,0.415502146144048,3.817146452635034,5.292726401937114,4.44221214125477,19.733248707911294,8.97050891611368,5.393850421353555,5.368889370444058,0.03308256203139992,12,39,5870,0c9d490d263587bcdd2adc7566aa9d26bd269e0868da24624e96052cb309e460
98,C98-C2-91.xyz,C98-C2-91,C2,91,98,147,1,3,3,3.0,1.3884770494534073,0.037643338909954575,1.2966314318263306,1.4754084993655148,4.415702960359714,0.30157836284085116,3.8645553268498603,5.039198818993438,4.4259893970798565,19.58938214306331,8.219853322926726,6.051751789092513,5.317777031044072,0.017800192092414555,12,39,5870,cc2752b92fc06f0d3e392254008726822b965ee89adfc4f2bab45e1017a4d02a
98,C98-C2v-13.xyz,C98-C2v-13,C2v,13,98,147,1,3,3,3.0,1.388651155167107,0.0345910648877153,1.2894029664926323,1.4558167844890375,4.423676662445307,0.42703676677880514,3.8604240995788164,5.353880080060642,4.444240724133218,19.75127561404415,9.082179761187643,5.412825187341861,5.256270665514647,0.0360488637429023,12,39,5870,696fb7c9803732a2b925caef7aeb2012806700fb48a30f07f82e982aa41c89a6
98,C98-C2v-167.xyz,C98-C2v-167,C2v,167,98,147,1,3,3,3.0,1.3889060048492,0.027494544294147903,1.3279797664121245,1.4586649032591414,4.412920398645358,0.24722847313564428,4.049551574386632,4.918708856150811,4.419840309638945,19.534988362709285,7.918141588631842,6.030392659114223,5.586454114963221,0.012050660168942883,12,39,5870,4b0cfb92446b59f17c90f5384db18856de471c514a95e01977f372b3f0443e24
98,C98-C2v-206.xyz,C98-C2v-206,C2v,206,98,147,1,3,3,3.0,1.3886842556773,0.033123801068844834,1.3052088645117303,1.4760117377582063,4.411740072220998,0.21677013421651392,3.9852938447970616,4.843449466809848,4.417062344582514,19.510439755928775,7.443280599442596,6.710870400732473,5.356288755753707,0.008835837121670496,12,39,5870,a55acc1036af742871b52dd7e98705530cbf3e5ed0856461c73719459f643808
98,C98-C2v-62.xyz,C98-C2v-62,C2v,62,98,147,1,3,3,3.0,1.3887108948871865,0.03248931922657676,1.3242236706840727,1.4549283350048552,4.419767979142915,0.37411395449096446,3.867307056280542,5.258356504185342,4.43557327077368,19.674310240401923,8.70152226017602,5.699026198422878,5.273761781803023,0.02705572024577243,12,39,5870,5dea85adea62d800d0d1020b2ed2925b42dbfc08065ed11cc3169c8fe7ec32a3
98,C98-C2v-88.xyz,C98-C2v-88,C2v,88,98,147,1,3,3,3.0,1.388674951777492,0.03377246503020656,1.3367717082583697,1.461139462885046,4.418552030062848,0.35230145804424745,3.716817262159572,5.098499930780124,4.43257468743761,19.64771835971262,7.8933468349916485,7.0808442538166805,4.673527270904294,0.021789044771250345,12,39,5870,17a4928cc290506efcf091e084fb328fe7652b6be63fd719a787343747dd9bf1
98,C98-C3-148.xyz,C98-C3-148,C3,148,98,147,1,3,3,3.0,1.3886672728190674,0.03342653269977093,1.3385134515573613,1.4648947095269342,4.408701713960013,0.1344835803003723,4.110475641599173,4.699820695166013,4.410752388883824,19.454736636044363,6.700920292891723,6.698007942173993,6.0558084009786475,0.0010946195939638313,12,39,5870,1cfedc421895a61dc2f2e6f61c1b932b48b74be3eb4479d8dd31821dde85af83
98,C98-C3-220.xyz,C98-C3-220,C3,220,98,147,1,3,3,3.0,1.3885311931595798,0.036246173296163885,1.3047396866808338,1.4651143470732924,4.40849487772129,0.09803274313071558,4.189189525079103,4.660552631864533,4.409584731652242,19.44443750562057,6.893674959896247,6.288681115847363,6.262081429876962,0.0010125145842756677,12,39,5870,0fd2bc9af6a00bdaca4afa4db74378e74ed0aacd833ee83eac9042e0ad6d585a
98,C98-C3-253.xyz,C98-C3-253,C3,253,98,147,1,3,3,3.0,1.3887525391015276,0.031197299011139483,1.3259359599920353,1.467736876963988,4.408237748366838,0.08891250821047327,4.140765668556994,4.570862470000093,4.4091343232252065,19.4404654802426,6.689934087022474,6.669252339349051,6.081279053871079,0.0009480565828792967,12,39,5870,104012bafb4b89e119ca8557680b04dc8805e2caa9ac28f2b495085df8303409
98,C98-Cs-107.xyz,C98-Cs-107,Cs,107,98,147,1,3,3,3.0,1.3887010060594505,0.03274397884225983,1.3097619478363234,1.4758270393240531,4.414757577668508,0.28415657945791106,3.9037086935994014,5.01169460989503,4.4238930176068605,19.57082943123073,7.995684288210651,6.3913471577247245,5.183797985295356,0.015585164427546027,12,39,5870,3fdcb7e1588335aa7d56c1fbe84c8d1cd4005ff6e5283b37f3b27f60a1cb50df
98,C98-Cs-108.xyz,C98-Cs-108,Cs,108,98,147,1,3,3,3.0,1.3887136386129084,0.03231534247177358,1.3098310463567429,1.475803991050302,4.414140139630357,0.27262925200219124,3.9469976010555725,5.008689367783005,4.422551286457082,19.558959881343192,8.032506910385314,6.056729673098977,5.469723297858904,0.014136779111439526,12,39,5870,a05917064088ec8cdcc99fcfe9322f4657f938277d1bea22bd08201970e30bcc
98,C98-Cs-110.xyz,C98-Cs-110,Cs,110,98,147,1,3,3,3.0,1.3887556449053717,0.03126476416284709,1.3170050303624508,1.4754347156007956,4.412167672733035,0.23272297754952806,4.020411014352687,4.972829618777385,4.418300980760587,19.521383556589967,7.805232723007865,6.037508303443064,5.678642530139037,0.010202490300633877,12,39,5870,70c2543234c63c9a6ddb1c46d01210dff73a72865eb70383b7c2a6d872a3ee71
98,C98-Cs-111.xyz,C98-Cs-111,Cs,111,98,147,1,3,3,3.0,1.3887068635181554,0.0324699223439688,1.3081050645877035,1.4748013459445988,4.411493100742972,0.22203403917269485,4.014294649722503,4.97154216583018,4.417077143593281,19.51057049245418,7.612345077270518,6.374226133494323,5.5239992816893375,0.008691445568760175,12,39,5870,ce4e8878ed159a5ccfae1693b8e248c8a8a776bbfd7e80a0e7aef893fa0dcb4e
98,C98-Cs-117.xyz,C98-Cs-117,Cs,117,98,147,1,3,3,3.0,1.388608145631291,0.03461874559095296,1.3035465507606545,1.4682193024204522,4.415846668789932,0.30999836453379015,3.9190245146095974,5.049319124436155,4.426714446209147,19.59580078827675,8.263969160545514,6.054819490081111,5.277012137650127,0.01875964982972389,12,39,5870,35453cc4eb6291de1f0a978b4969ad1ff5b7d00619990f087a6035ae637da5c0
98,C98-Cs-119.xyz,C98-Cs-119,Cs,119,98,147,1,3,3,3.0,1.388840225588956,0.029022499428759164,1.3233340848024735,1.4582905368958547,4.413678675186832,0.2671155748682733,4.073792056026099,5.027480426415031,4.421754196937703,19.551910178136197,8.058461359158292,5.7650819494349275,5.728366869542976,0.013982363686724003,12,39,5870,479f9d45b13ac04f48ad17498c01e2121de7bfda3e211afb02d5b780ed903bf7
98,C98-Cs-120.xyz,C98-Cs-120,Cs,120,98,147,1,3,3,3.0,1.3888294114713373,0.029356222593653076,1.3217494051445609,1.457450283886212,4.412509241530498,0.24441318444239313,4.055562840503216,4.99675031178991,4.419273199443697,19.529975611321326,7.874488121456755,6.03708873403406,5.618398755830512,0.011327772828644375,12,39,5870,b07b3b90645a0317cdc3d8f899281ba7da622c29a0255f6b6151528afb230c3f
98,C98-Cs-149.xyz,C98-Cs-149,Cs,149,98,147,1,3,3,3.0,1.388543484303409,0.0363981977189613,1.2948116040567448,1.4714547971310572,4.416124510471571,0.3050801043628305,3.8267081057360026,4.986904992299323,4.426649925402482,19.595229562065803,8.108994403049078,6.406158337872279,5.080076821144447,0.01801231309762826,12,39,5870,a0161c44369269c8fee28e729d55c83b8eb8c89302e27af019240915167120a0
98,C98-Cs-151.xyz,C98-Cs-151,Cs,151,98,147,1,3,3,3.0,1.3886651500927325,0.034538181074611894,1.3032579368643802,1.4682273495613685,4.418982144900814,0.3348522298479526,3.739501735016746,4.922119807963674,4.431650845089935,19.639529212786336,7.797908974386569,7.186453558987575,4.6551666794121935,0.021594037340134493,12,39,5870,8f92590431e70a2064be113546ac4ffacb410b526c1e7755aec14ed553a58863
98,C98-Cs-158.xyz,C98-Cs-158,Cs,158,98,147,1,3,3,3.0,1.388692684737036,0.03310008237272708,1.3131872410284833,1.4741457221048397,4.414280095202345,0.2695201496590998,3.9111595058670563,4.939426706460731,4.422500409267577,19.558509869971882,7.901693566850409,6.3999065340555745,5.2569097690658975,0.013798317441144065,12,39,5870,c2a1f719773f2f2aed66e93666b77dc873b2fb86fced5ea0c0b2403951405bf2
98,C98-Cs-18.xyz,C98-Cs-18,Cs,18,98,147,1,3,3,3.0,1.3887242070027273,0.0328345037993322,1.336261823146946,1.4754856149756257,4.421701215874622,0.38520693745473145,3.7159674084998247,5.246743570181126,4.438448605890392,19.699826027130364,8.522634927544235,6.4882443097029565,4.688946789883171,0.028438984974778748,12,39,5870,d95f4e9d3cd65d246c71bc60e22ae83318920484100a076366f9dda5bbe913c8
98,C98-Cs-185.xyz,C98-Cs-185,Cs,185,98,147,1,3,3,3.0,1.3887238874911605,0.032005331590441506,1.310647912293763,1.4648790188954175,4.411679916529043,0.21125934694927276,3.8991727969770937,4.743579403898952,4.416735241960869,19.50755019757914,7.271383833549365,6.909507293494985,5.32665907053479,0.008433070617146075,12,39,5870,b51b2d81eeb56f0bc8964dcbb6adc46648ec0d123bd896bebc5bb69c8d284e7b
98,C98-Cs-192.xyz,C98-Cs-192,Cs,192,98,147,1,3,3,3.0,1.3887427690851253,0.03243780371258951,1.3082232454745633,1.4670726566874595,4.415260560003451,0.2771604565694079,3.830708971044022,4.773470296402092,4.423951144780845,19.571343731407747,7.4685629141523355,7.161103963412929,4.941676853842482,0.014888282476612443,12,39,5870,5d78833a0b856de3d845ac39e93f2ef9326e867ccd175a1a893fea261331ec6b
98,C98-Cs-193.xyz,C98-Cs-193,Cs,193,98,147,1,3,3,3.0,1.3886722554524906,0.03361917169116711,1.3046000766518453,1.4666550855603373,4.412384597881449,0.22289678811595137,3.9035087758116287,4.715335808045309,4.418010957181279,19.518820817773843,7.249814441299431,7.027690899973226,5.241315476501186,0.009547037568688594,12,39,5870,7db4541418219a3627cd0a5f89421813fce6f450ea5f9c8fe5b075f8c0ba51ce
98,C98-Cs-198.xyz,C98-Cs-198,Cs,198,98,147,1,3,3,3.0,1.3885958623240435,0.03471080200746774,1.3061344532627566,1.464274482465634,4.4106478178030795,0.18001940908507694,3.979954387951174,4.709570068159778,4.4143200110932606,19.486221160338403,7.23885456098507,6.7174690407107,5.529897558642634,0.006060768478803639,12,39,5870,d07063d0678eb37117aff6812beeeeb3b9508a38764ff5051ded400e54e3301f
98,C98-Cs-199.xyz,C98-Cs-199,Cs,199,98,147,1,3,3,3.0,1.3886940686354887,0.03260498159864637,1.312240854416597,1.4669191559182801,4.409309964987379,0.13948311173965414,4.08355190531308,4.630249719840169,4.411515601898919,19.461469905797582,6.900498210464109,6.807189931646486,5.753781763686987,0.003212331950011268,12,39,5870,91db8e9fb917f542b709e8f04cce8da9929355d7e4ef95ef290e5ad9c67e2195
98,C98-Cs-203.xyz,C98-Cs-203,Cs,203,98,147,1,3,3,3.0,1.3886310315827723,0.034657768457899,1.3052040491815828,1.476476376377218,4.415700260340972,0.2867920855284496,3.799670001056867,4.906366441820392,4.425003784122347,19.58065848949709,7.851817201501051,6.725927719343755,5.002913568652283,0.016109267528207974,12,39,5870,17a4beeb140d8289cbcc5a5f91c5b535bdf9d0940893872ea5e1d196ac1fd3f0
98,C98-Cs-205.xyz,C98-Cs-205,Cs,205,98,147,1,3,3,3.0,1.3887932909407708,0.030420347711862382,1.3152513409991262,1.4774186238165539,4.4122368861054175,0.22351311331722007,3.9856238237026353,4.868208522019361,4.417894572184128,19.517792450933978,7.676195503544232,6.377227996303088,5.4643689510866595,0.0097295148322117,12,39,5870,936868340d22effb37a98df34605181d5922022a6a86a8ef13df475a2f1829cd
98,C98-Cs-209.xyz,C98-Cs-209,Cs,209,98,147,1,3,3,3.0,1.3886038168091535,0.03480265468298146,1.3030304562825843,1.4639013798750242,4.409588129730911,0.14699722142004668,4.097762086483156,4.708260183873809,4.412037585625146,19.46607565696897,7.239364954031028,6.3073238976118455,5.919386805326099,0.003643881280741661,12,39,5870,efa65041640505e03aa400d0178b947601bc4b65487a6b2ee583fb37a9cbb46f
98,C98-Cs-218.xyz,C98-Cs-218,Cs,218,98,147,1,3,3,3.0,1.3886918416896012,0.03266688156641051,1.3118209519595272,1.4654520326506768,4.408793569023781,0.11278675624318381,4.091200938859664,4.611874380101921,4.410236001241806,19.450181586649318,6.890642101990445,6.616289330829894,5.943250153828978,0.0018844391166267934,12,39,5870,4f63a6c299962b742dd056565fcb759f4a5f666e42bc31bf68cd10d3f33af7de
98,C98-Cs-23.xyz,C98-Cs-23,Cs,23,98,147,1,3,3,3.0,1.388549726058893,0.03712951632948688,1.279142669916065,1.4769380691146123,4.426727346098354,0.4421393146946411,3.610267051871485,5.308328397492449,4.448752878087704,19.79140217029363,8.877027940427647,6.4647934388344455,4.449580791031537,0.03763374481018126,12,39,5870,3ab5bd8cd844cd906b12284efd7dd1be340bbeeaad567998672b9cc2238b4208
98,C98-Cs-239.xyz,C98-Cs-239,Cs,239,98,147,1,3,3,3.0,1.3885371341325805,0.035693354707209156,1.3127009941338508,1.486895218231601,4.408809231362853,0.11759560767868374,4.066787940685422,4.60602111088216,4.410377258862969,19.45142756549563,6.913206778513355,6.651033963124777,5.887186823857498,0.0022530431891592787,12,39,5870,bf5632d0850f0c6334b44d8965d03357e3ed13c6b11fc50f279352156eb40e82
98,C98-Cs-24.xyz,C98-Cs-24,Cs,24,98,147,1,3,3,3.0,1.3887535430278581,0.031715951152419944,1.3240614525013559,1.4804246451609753,4.416258273707982,0.3298946706542608,3.921609448073652,5.166668816771607,4.428562705192316,19.612167633820285,8.301017074429769,5.929094746040638,5.382055813349878,0.018778221399789876,12,39,5870,bf26482a09744c62e2458e4df09cdb7350b5ab3a896a66ade2fd7265b5d5b3f5
98,C98-Cs-241.xyz,C98-Cs-241,Cs,241,98,147,1,3,3,3.0,1.38862646274053,0.03411724937057646,1.31118676777948,1.4881903440084538,4.408644445806889,0.11506803506934128,4.084544366467195,4.611891860668032,4.410145859519688,19.449386502238653,6.914227625020194,6.5928090276166795,5.9423498496017775,0.0019442724622208704,12,39,5870,a24842560740f6a8761743e849ac0ac57559b21c395d42f1cc581a4cf674d7d8
98,C98-Cs-259.xyz,C98-Cs-259,Cs,259,98,147,1,3,3,3.0,1.38881986906317,0.030541416111253,1.3134145347147639,1.4655153530413798,4.414444756036439,0.2658564489611435,3.8878175420097008,4.8464213034748305,4.42244300760924,19.558002155551858,7.660188245725261,6.822560675679238,5.0752532341473575,0.013642053283528813,12,39,5870,3d1fd377b89c5f28b013a2bad6609c82beedbe2cd04b0c5e2dd5825545dc38df
98,C98-Cs-65.xyz,C98-Cs-65,Cs,65,98,147,1,3,3,3.0,1.3885948019605723,0.034928051150826166,1.3083548524769568,1.4838368306522116,4.413800557364429,0.28572212801739466,3.9501141684434926,5.106539002109408,4.423038830332525,19.563272494629317,8.012324030213684,5.864819273620351,5.686129190795282,0.01313603471779279,12,39,5870,f4dc779a45d69206e95f1b4136a907a659e5bf58dbc07541cf7ab080e7b030f7
98,C98-Cs-7.xyz,C98-Cs-7,Cs,7,98,147,1,3,3,3.0,1.3889112061080304,0.028394767828831585,1.3370168173961012,1.4587683503558744,4.423165488639987,0.41742181958979446,3.840295836345806,5.396040574748156,4.442818240190056,19.73863391536547,8.978467833122469,5.627219893247091,5.13294618899591,0.033704163976777314,12,39,5870,a2f3c0624bb13c778d071d611c7c927bf4608afdde5494d0c1ace5710f6e3bae
98,C98-Cs-97.xyz,C98-Cs-97,Cs,97,98,147,1,3,3,3.0,1.3884667892455154,0.037795783954016275,1.2966958818473975,1.4725657370725425,4.416157733435212,0.30716898432661227,3.861227235953849,5.060938639740935,4.426827522223095,19.59680191151187,8.25565612187263,6.04666781504544,5.294477974593801,0.018506136223482298,12,39,5870,f2b92ab261cc531132be3342605ee88b8eeb4fa4785a2a52b49f0c15614d67be
98,C98-Cs-98.xyz,C98-Cs-98,Cs,98,98,147,1,3,3,3.0,1.3886492710636213,0.03416526862055885,1.309938032885525,1.4651536984221143,4.415413883111101,0.291336411626799,3.8256084540558035,5.039032571476027,4.425014877252937,19.580756663909828,8.03905139784457,6.39933433835173,5.142370927713528,0.01650911273663919,12,39,5870,714faa6eb29970e8de3a8ac6dcbc1115eae07b2bf70f1d8173d010fd1c8c809e
98,C98-Cs-99.xyz,C98-Cs-99,Cs,99,98,147,1,3,3,3.0,1.3887003743966944,0.03285715963982132,1.3119533337737286,1.456609453491223,4.414785022751332,0.28357079019884524,3.945030934430304,5.032537232213194,4.42388281831283,19.57073919016347,8.103081256530142,6.069465281499703,5.398192652133623,0.015538111460506656,12,39,5870,9cd813c069dbe295c821763cd83ec57423908e7885937473cfcda9571ac990c5
98,C98-D3-215.xyz,C98-D3-215,D3,215,98,147,1,3,3,3.0,1.3887599187927244,0.03113722528362234,1.3238878955561153,1.458728902161056,4.409832385497725,0.15771994894575822,4.157748417606797,4.75949145796035,4.412651952112245,19.47149725048001,7.373235333520724,6.055558005793141,6.042703911166143,0.004624624129818102,12,39,5870,1eacf6f275124191ebfc2f901f1ea3f63abefd213465b88cf6f415c6e8143c4d
98,C98-D3-258.xyz,C98-D3-258,D3,258,98,147,1,3,3,3.0,1.3887718761286456,0.03062787877857908,1.3286974260530497,1.4629155580552147,4.4075873214271795,0.04430434845204295,4.306864088672228,4.482332806120611,4.407809985843012,19.42878887129737,6.485194465399763,6.479719298425058,6.463875107472552,9.742702625986652e-07,12,39,5870,956dd84c32048343c2e7a1643a5e3bab7a4c6a48bf68a9b35bfe5666f402cccc
98,C98-D3-66.xyz,C98-D3-66,D3,66,98,147,1,3,3,3.0,1.3883129105328984,0.0425435686889086,1.3163606876536535,1.4652951443309976,4.427082734734618,0.4614550016981646,3.3891556198723314,5.10962718035698,4.451067541475594,19.812002258777593,7.890957130723886,7.870386857758241,4.0506582702954645,0.03737260047799231,12,39,5870,297296d66c7ac775ab488587f97ed2e93465cd35e4fe450937073448ce16c10a
100,C100-C1-10.xyz,C100-C1-10,C1,10,100,150,1,3,3,3.0,1.3888489438369265,0.029920013420008034,1.3158118748514167,1.475661577056203,4.469424663163883,0.43768250078157017,3.8601301823917806,5.494836573494428,4.490804247703077,20.167322791188,9.267923991278632,5.637678866573351,5.261719933336018,0.03610546583712684,12,40,5988,2711699a64decc45a44e1127efc50f812fd7534589fbf9349a8772400e057622
100,C100-C1-100.xyz,C100-C1-100,C1,100,100,150,1,3,3,3.0,1.3888395251813206,0.029668584295903334,1.3072735903398338,1.469947757575078,4.461841064315115,0.3253186491140189,3.957231773567224,5.179223066322787,4.473685047773256,20.013857906669998,8.552414403956448,5.949312456605399,5.512131046108153,0.020235186340127703,12,40,5988,88907316e427bd11c3dbdbf79111b172662e9dd0ca5bfffa07cd42310b0df8e0
100,C100-C1-101.xyz,C100-C1-101,C1,101,100,150,1,3,3,3.0,1.3887099431924632,0.032802636251571746,1.3042282353944035,1.4656923074097101,4.461923439739467,0.32928853521572976,3.848209435981753,5.168372294811879,4.474057635024498,20.017191721521005,8.476191491391845,6.244434284070316,5.296565946058845,0.019952200524003028,12,40,5988,fd8bdc7d8adba536d54f9cae9f18eb8c9fa7ae21ae82ae7aeefaf1c54edc36ce
100,C100-C1-102.xyz,C100-C1-102,C1,102,100,150,1,3,3,3.0,1.388632218712501,0.0347443053405386,1.2896204790557568,1.4629248100979082,4.463641703337589,0.35411471941378336,3.805338953643946,5.213841601211145,4.4776661879019075,20.049494490280004,8.630778709023156,6.264288455509501,5.154427325747347,0.02352975505849511,12,40,5988,657bef19f19ad950b1c5428f791eac7033e19e4307f517b4c6545ec4a4e2bd23
100,C100-C1-104.xyz,C100-C1-104,C1,104,100,150,1,3,3,3.0,1.388710940058406,0.03318317488474189,1.304840779558947,1.4759760872046672,4.462523808865412,0.3295667226455554,3.7790096876078527,5.064969512270928,4.474676856418349,20.022732969366004,8.191579987156219,6.9078921207885315,4.923260861421253,0.020289506814836777,12,40,5988,e8d322d48b1a059d74d1e5e16df8d3e151cc3bf90c181d674b1a61de02775bcb
100,C100-C1-105.xyz,C100-C1-105,C1,105,100,150,1,3,3,3.0,1.3886189588467637,0.03535528717646122,1.304363154953405,1.4754877058112006,4.462541686627574,0.3266600559895902,3.798985539079084,5.045376293769574,4.474481545058377,20.020985097068,8.22324239719408,6.831971183541228,4.965771516332694,0.01999483529038853,12,40,5988,6c8570b33027437fe53dbe9aadefccf3c952441e99b3e69863bd1034dae4cc39
100,C100-C1-106.xyz,C100-C1-106,C1,106,100,150,1,3,3,3.0,1.3886925063755817,0.03351635326678981,1.316413289966339,1.4762293487124554,4.460994199788761,0.30018620072052515,3.8654253928058164,5.0378930013397465,4.471082755401873,19.990581005652004,8.118223197436206,6.754820425260408,5.117537382955391,0.01694555504658274,12,40,5988,9cd6d128c4caea17eaa44a478b7a545787d5b449221ab8a1f5003fee2765ddf4
100,C100-C1-107.xyz,C100-C1-107,C1,107,100,150,1,3,3,3.0,1.3886993950746627,0.03355806091833796,1.3108264072713822,1.476951620737795,4.463154759798214,0.3369552070714214,3.763925481451247,5.077966575443166,4.475856255676896,20.033289221482,8.218243459409308,6.935806644525155,4.879239117547536,0.02120817110890613,12,40,5988,95cde01b6c4324b9890ee77c4b5ff2fbf9407a6686c2de3d730d48cc0634b9aa
100,C100-C1-108.xyz,C100-C1-108,C1,108,100,150,1,3,3,3.0,1.3886793563164972,0.033836991696448604,1.3132333303720252,1.475904353269547,4.461096486474533,0.3100575769926954,3.889836967626535,5.034889158115996,4.471858401457497,19.997517562685996,8.241081844341371,6.547377304342934,5.2090584140016905,0.017320422673491785,12,40,5988,e450179ae3b2ec3b0dfc9914ee230dea98b2e0eaae24c354b3562a398e500cb3
100,C100-C1-109.xyz,C100-C1-109,C1,109,100,150,1,3,3,3.0,1.3886271167543518,0.035092356449266816,1.2992373339771297,1.4800672788762004,4.462264511318321,0.32533896346435154,3.796340314906054,5.078408405256611,4.4741088509466325,20.017650010119,8.239690273685481,6.782719427415065,4.995240309018454,0.019770466233229454,12,40,5988,0d02434dbe3f03c9bcc8f181f20d51861fd05ea2bcc95dff3ac2ac31f9a80441
100,C100-C1-11.xyz,C100-C1-11,C1,11,100,150,1,3,3,3.0,1.3887061736924444,0.03325067440654772,1.3158316951646971,1.4768566416548357,4.469552670527568,0.43979448495279105,3.7772497979197777,5.4940663869928805,4.491137969781713,20.170320263615004,9.223835559089652,5.900516168649935,5.045968535875415,0.03592216297293697,12,40,5988,4760273f85ce26f703b598c13951054b58225350536cf8b4bd8bfb6a7302a98f
100,C100-C1-110.xyz,C100-C1-110,C1,110,100,150,1,3,3,3.0,1.3886811867671822,0.03355724838078616,1.3090979184155782,1.4732547403623042,4.460939171668012,0.3140135339231588,3.881966688276833,5.11477890005922,4.471977503611686,19.998582792809007,8.278880181844908,6.509820623332653,5.209881987631446,0.017800225189132834,12,40,5988,27dd050cb7c912ee9effca49246b6ad9e472d53f7d70e37374e48c6b485246f3
100,C100-C1-111.xyz,C100-C1-111,C1,111,100,150,1,3,3,3.0,1.3885515038405003,0.036655692358544135,1.2964794676353344,1.473875646043451,4.462731375147286,0.34279388104955416,3.825542602650113,5.137787163117113,4.475877452702319,20.033478971609,8.438853533509956,6.55576097964275,5.038864458456294,0.02168600961963955,12,40,5988,d83e29019faa68ce799140adb635a1cca21784c978f58e14ff912333b1f247c8
100,C100-C1-112.xyz,C100-C1-112,C1,112,100,150,1,3,3,3.0,1.38871139257665,0.033003917865727886,1.3074390884473357,1.4759713174719895,4.461299787172645,0.3103602468298846,3.8725503635796654,5.046608267763706,4.472082207857878,19.999519273838988,8.299918369849983,6.500081606032532,5.199519297956472,0.018180060325776248,12,40,5988,e7c9cb17cd7203cd09ff1c9e590964c59cd4abf518b01b921c6adce1955d180f
100,C100-C1-113.xyz,C100-C1-113,C1,113,100,150,1,3,3,3.0,1.3887463753763687,0.03218247161108406,1.3308345426836503,1.4739744129393837,4.462560740206452,0.3331896659907736,3.8394109534595278,5.09619339088942,4.474981979131871,20.025463713555,8.39889940645655,6.554996336781201,5.071567970317245,0.020786626752287932,12,40,5988,6981f5d0f53eb324e13767688ba8c22fccbe03caa4b358245e0317c579839e30
100,C100-C1-114.xyz,C100-C1-114,C1,114,100,150,1,3,3,3.0,1.3886008488337651,0.03548978751905361,1.2933339475943557,1.4776197278055,4.462128180308157,0.3336160996921679,3.829673565243649,5.128645495111356,4.474582393863588,20.021887599474,8.409458733916482,6.503171403838997,5.10925746171852,0.02054033740651948,12,40,5988,6c92d7cc0dad43484d2f4621f4e67245953ce099c99c888c5c21d78e7cb5c170
100,C100-C1-116.xyz,C100-C1-116,C1,116,100,150,1,3,3,3.0,1.3887614334865228,0.03154672080885339,1.3297045122883508,1.47657999783283,4.460614382488957,0.3083464583283915,3.901397301720116,5.112225826884901,4.471259130002531,19.992158207630997,8.333041460740649,6.278561589232024,5.380555157658325,0.017194078675514046,12,40,5988,cab27e039948863b6deef93c539327c79f84aff6db24dd83cf307d6a023aa213
100,C100-C1-118.xyz,C100-C1-118,C1,118,100,150,1,3,3,3.0,1.3887515280159133,0.0317455870969905,1.3061050799993086,1.4780138734125603,4.459854003033256,0.2886841336257292,3.8849925759672947,4.994419192871279,4.4691874269691345,19.973636257378992,8.116946693035635,6.59523879425466,5.2614507700886985,0.0153509972857174,12,40,5988,4903ec3b8db0bd9a89384f11c5c97f6a850ae2e753605e2d4b9ec9148c7f7b37
100,C100-C1-119.xyz,C100-C1-119,C1,119,100,150,1,3,3,3.0,1.3886595056488957,0.034006253899811434,1.3066537758717875,1.4899949999916107,4.4604350838168445,0.3027503887607979,3.857107433953713,5.00625495274272,4.470697812963765,19.987138934838995,8.117390104983611,6.707490365687963,5.162258464167422,0.016406546180174817,12,40,5988,abc82a4908364f7dac29f87f1e0c7128c76fe2cec9e6d5b43690f0c79078f6db
100,C100-C1-12.xyz,C100-C1-12,C1,12,100,150,1,3,3,3.0,1.3887292185534392,0.03268635907052326,1.3213301252904208,1.4788523861427143,4.470485245379694,0.45735863176336056,3.7908373487125506,5.50873329181891,4.493819672306178,20.194415247206006,9.334829269346379,5.800137028582699,5.059448949276929,0.03840171460079799,12,40,5988,245830070f353166cd5930ba703200256c83004d9a40218185c6674612b83674
100,C100-C1-120.xyz,C100-C1-120,C1,120,100,150,1,3,3,3.0,1.3887085161947663,0.03270201902223586,1.307334073601694,1.476618112444785,4.458674000269945,0.2707669973977837,3.950025645984719,5.003473639696425,4.4668880227248815,19.953088607563004,8.008024819066097,6.561402506972871,5.383661281524036,0.013019849401645613,12,40,5988,d9896c0c4089cec7a37bca4ebaa10795b82f5ebd6d3914eaefc0d7f51d1a3f9c
100,C100-C1-121.xyz,C100-C1-121,C1,121,100,150,1,3,3,3.0,1.3886891462663566,0.033293250197061204,1.3056416698313515,1.4796354483453011,4.459917989527486,0.2863728202031556,3.8516732607190347,5.006903102731069,4.469102579429343,19.972877865462006,7.94100312347076,6.895404413976922,5.1364703280143225,0.015106607037472122,12,40,5988,243695c5711861c7dc888f68b0177fdd6116259f350ca0123798c2bd85f43182
100,C100-C1-122.xyz,C100-C1-122,C1,122,100,150,1,3,3,3.0,1.3887746729324368,0.03135207735918724,1.3113891070159156,1.473006605552059,4.4587545871342495,0.2641219960459407,3.9670243126446807,4.997153673253805,4.466570596899369,19.95025289708599,8.025354607456013,6.506447342615314,5.418450947014662,0.012922659197602543,12,40,5988,6adc12cc96f080fc70fdaaaca238a96624c95000fb783a9a6dc0c49f64630eb3
100,C100-C1-123.xyz,C100-C1-123,C1,123,100,150,1,3,3,3.0,1.3887023538445837,0.03309480261077354,1.3066400307659336,1.4743549267391485,4.46055414248997,0.2997074447099583,3.861483119709446,4.998354937557057,4.470611570076179,19.986367810498997,8.180645071579745,6.601867033420733,5.203855705498518,0.01665801415237507,12,40,5988,f623f23bdcf502714a1826d6fb2dd3b76603c5d2465bfbff0b841b2ebb9f77dd
100,C100-C1-124.xyz,C100-C1-124,C1,124,100,150,1,3,3,3.0,1.3887195900026863,0.03269619258320757,1.3166295074925214,1.4659207140906358,4.461503544106535,0.31388598436824483,3.8602071195134076,5.012503002766382,4.472531529822679,20.003538285257996,8.182124162869508,6.737510186633736,5.08390393575475,0.01801898849012701,12,40,5988,230f1355da4477ac82bee2c5445235bc65e32b5e3818532f2180c0b57ab44500
100,C100-C1-125.xyz,C100-C1-125,C1,125,100,150,1,3,3,3.0,1.3886645463230518,0.033909000556289454,1.3120939943464414,1.4757856856603537,4.460387180420837,0.2892464060683355,3.8587833303664514,4.966746607339053,4.469755841507006,19.978717282686,7.947194114270491,6.920450656505128,5.11107251191038,0.01549751179407479,12,40,5988,deb3482c1d7e81e9ce143b063bf975835dc2bce3b106f0ed57f213bea0d7d94f
100,C100-C1-128.xyz,C100-C1-128,C1,128,100,150,1,3,3,3.0,1.3887517986215079,0.03161379696999924,1.3275520178132383,1.473072506701554,4.459667718759831,0.290458687435038,4.024156677198963,5.107664285663752,4.469116513457106,19.973002410854996,8.290846461899278,5.961887866182528,5.72026808277319,0.01515376071719763,12,40,5988,80a665c5d78e88ce314afc88500bbb0ccb2af81097f09892e5c6e45f8564d42d
100,C100-C1-129.xyz,C100-C1-129,C1,129,100,150,1,3,3,3.0,1.388736042887267,0.032006373102059595,1.3072463195587891,1.4703115146117844,4.46077110906207,0.30983841517499366,3.9475300559893145,5.125913954617166,4.471518615745774,19.994478730961,8.416702343040047,6.078996791326382,5.498779596594572,0.0179046247527494,12,40,5988,9da91deb698daff5eea089cff76496d9b76dc74b7ca7a0e2d7965f5185dc753f
100,C100-C1-131.xyz,C100-C1-131,C1,131,100,150,1,3,3,3.0,1.3886146935984536,0.03520864745778955,1.3111550137188204,1.4732252882706025,4.4636418154742765,0.3431950004786136,3.746762979612668,5.1437807361702355,4.476815951678604,20.041881065204,8.363302738201341,6.7736237896567815,4.904954537345876,0.022380141709757505,12,40,5988,18eaeca38e10122f771ecfc437ff2c9f4968affcfa58c5150b07a8059bdae7e1
100,C100-C1-133.xyz,C100-C1-133,C1,133,100,150,1,3,3,3.0,1.3886388354300265,0.03437985362882749,1.3052256624813963,1.4639105881166379,4.461231667752954,0.3164010168570811,3.8030295938330534,5.109160032096274,4.472437545324697,20.00269759683,8.254610998708507,6.602148264636595,5.1459383334848985,0.01813888926722539,12,40,5988,0c46ef17da25335fb13d22f90fe8d391e0938173808ebd372806a986222d61a0
100,C100-C1-134.xyz,C100-C1-134,C1,134,100,150,1,3,3,3.0,1.3887688759682038,0.03130674914474087,1.3152407232138155,1.4625991966359067,4.460072698115564,0.2917048018650906,3.9043271082726916,5.118052097350417,4.469601790306044,19.977340163906995,8.256588660360746,6.33663201060668,5.384119492939567,0.016092184908970558,12,40,5988,e1dd1d69ddb85313bb5182b9faa7d4613b0db4c97576735a511b94f2764b2d9c
100,C100-C1-135.xyz,C100-C1-135,C1,135,100,150,1,3,3,3.0,1.3886949912511588,0.033157522132150584,1.314915814795761,1.4727985435897195,4.460143735008861,0.29167054998267644,3.8708615423615966,5.088032684519037,4.4696704404984935,19.977953846665997,8.106620763317657,6.662626369223281,5.208706714125059,0.015780906666419032,12,40,5988,ed6177c9102bf620de3a6041a90d4023433e0e089c5c2f9e5e56dad39b8a41ff
100,C100-C1-136.xyz,C100-C1-136,C1,136,100,150,1,3,3,3.0,1.3886789860391169,0.03370793081809189,1.3144931570761411,1.467993927099155,4.461583928558502,0.31210208443308063,3.848824096372943,5.095983853273183,4.472486876747544,20.003138862679002,8.2269930528929,6.668063383767008,5.108082426019098,0.018233533545396172,12,40,5988,b9ad9f1cb38ca5ebd9495b264ca727a6c25f84bbf1065c2248bdb41f94afa3b4
100,C100-C1-137.xyz,C100-C1-137,C1,137,100,150,1,3,3,3.0,1.3885844500204927,0.03548149885906305,1.295345131615509,1.472343394049092,4.4623772480447,0.33057975764254643,3.791101288513669,5.138935604828105,4.474605421713741,20.022093680030004,8.442042388360033,6.433364318774336,5.146686972895636,0.02064148703697564,12,40,5988,011cabece072c3c2f5fc5cec1e468a38a0f0916d4a875c3bb04350d2751680af
100,C100-C1-138.xyz,C100-C1-138,C1,138,100,150,1,3,3,3.0,1.3885993218605635,0.03538562224571045,1.3033469338591315,1.4725344783739358,4.462498561646585,0.32436723434427783,3.766704312922107,5.1234656269741885,4.474271730171738,20.019107515413996,8.269814959761845,6.740134054923658,5.009158500728493,0.019922016522148808,12,40,5988,a031b6663979c59b666856bcf306615c9261e3c1e45df97f169cc4913230d57e
100,C100-C1-140.xyz,C100-C1-140,C1,140,100,150,1,3,3,3.0,1.3886213299835797,0.0348323218859634,1.295465186718655,1.4793056648306324,4.459775258774313,0.2853436521836645,3.8760956093836234,5.066500551611832,4.468894310522122,19.971016358616993,8.068910333352783,6.633341277144937,5.268764748119275,0.014747390984258556,12,40,5988,54c0a9265379fc4f09928b25f460aca384e287c35157aa495d9031ab8da0900d
100,C100-C1-141.xyz,C100-C1-141,C1,141,100,150,1,3,3,3.0,1.388722600512089,0.033108615599892165,1.2996626023703226,1.4625290903089756,4.4617368453373265,0.315351609695169,3.8400046174740465,5.082893885182141,4.472867348220602,20.006542314778,8.183171494274056,6.78717117907146,5.036199641432484,0.018635493639676887,12,40,5988,0f36db81f65de09e9e4e35875cf062461d5ee50e659c5c7fb48e2683d3d1462a
100,C100-C1-143.xyz,C100-C1-143,C1,143,100,150,1,3,3,3.0,1.3886079436787184,0.035132644160298244,1.2952462352772929,1.470811395114955,4.461907217121358,0.3339954389798355,3.8157739100529793,5.127356588656673,4.474390345897304,20.020168967459,8.333800979416482,6.648199436229092,5.038168551813426,0.020327287673730356,12,40,5988,ee724097f9efc638b050ffce4317cd73fddb4927f626974dcc85d0ed460eef7f
100,C100-C1-144.xyz,C100-C1-144,C1,144,100,150,1,3,3,3.0,1.388706774114161,0.03278725559482457,1.2948230072098659,1.4716230291756107,4.460664543252639,0.30581865376676765,3.8985136282789887,5.131868909108746,4.471135562295444,19.991053216422998,8.323741600535236,6.378916104771665,5.288395511116096,0.01774700838380825,12,40,5988,0e816b07f4ae2eaf3f967302e7ad17341bc3c58176e24a64285d1050f29a1433
100,C100-C1-145.xyz,C100-C1-145,C1,145,100,150,1,3,3,3.0,1.388679863937053,0.03349619623829149,1.297004109476913,1.4719958695594222,4.459633459038547,0.29770177007011367,3.9026689311829923,5.08398462733917,4.4695589192759275,19.976956932879,8.125431920196847,6.606928987336336,5.244596025345815,0.015612226771242023,12,40,5988,06782b2b80b2b2ce0226a8722a82c47fcc9be4d34f5d259fc378ec64fce2560c
100,C100-C1-146.xyz,C100-C1-146,C1,146,100,150,1,3,3,3.0,1.3886123064351008,0.03497289260254803,1.2957296245745098,1.4708201589589394,4.4620583764456025,0.3323969555571108,3.9418481915883063,5.1601308076761,4.474422051044359,20.020452690872006,8.553556627908849,6.0899168050864985,5.376979257876656,0.020793007098683806,12,40,5988,2c4c78d92694e8797e23c561a204e3c8a615bc234ce80c7376eace8ca2b4ec06
100,C100-C1-147.xyz,C100-C1-147,C1,147,100,150,1,3,3,3.0,1.3887341403270714,0.03204993848194832,1.3296101082648253,1.4731354622029842,4.4587309541012,0.2776658015957517,3.894540546837842,5.08077334067994,4.46736835490829,19.957380018436,8.00847916248842,6.588109287760299,5.360791568187281,0.013223811010280074,12,40,5988,39d90999512893872d5386714a49a9b708113386ea3efc8b00cfdd6356838306
100,C100-C1-148.xyz,C100-C1-148,C1,148,100,150,1,3,3,3.0,1.3886814264245138,0.0333429128438367,1.3090020550022063,1.4722243952604506,4.459007504235493,0.28146149942853677,3.9850577114529973,5.047816606158646,4.4678818805435085,19.961968498489,8.22418061954483,6.056721313559609,5.681066565384564,0.014186935527956286,12,40,5988,7ad6be50408f7c3d8d9780e84963e036e59776c0a3a34e1e9dfaa90cbdba4677
100,C100-C1-152.xyz,C100-C1-152,C1,152,100,150,1,3,3,3.0,1.388833503177356,0.02973543988991224,1.3165589732328737,1.4627097934997224,4.460803890977966,0.30807245588471327,3.958861624212319,5.108333598763984,4.471429300776094,19.993679991838995,8.413102375633876,6.095195001019423,5.485382615185697,0.017906451027250286,12,40,5988,6000769c5b909f141a668cf45a7a351e128dca2a524c47913ed127b10b7f9105
100,C100-C1-153.xyz,C100-C1-153,C1,153,100,150,1,3,3,3.0,1.3887631860514948,0.03172860015982213,1.328052096116715,1.45423156684209,4.4622310242115795,0.3326078011753168,3.950931240740719,5.153054662068024,4.47460988945841,20.022133662839003,8.565086867634372,6.069895789381051,5.387151005823578,0.02094286424348921,12,40,5988,4e4d157ebb7e9c6b6bf5f8a441d6d3863f544b48a74ae1271d7362fa69c1c004
100,C100-C1-154.xyz,C100-C1-154,C1,154,100,150,1,3,3,3.0,1.3886175308103408,0.03494782100301435,1.303312510490097,1.4709133149169598,4.463223239020291,0.34267858112702054,3.784207283527952,5.141799068332601,4.476359044055112,20.037790291293998,8.534172779574416,6.3714141585201975,5.132203353199384,0.02214942291996852,12,40,5988,f0d869619484815743760286b4154ed17a83c2d800a927f86d18f37bd3942624
100,C100-C1-155.xyz,C100-C1-155,C1,155,100,150,1,3,3,3.0,1.3886839526022585,0.03345103961964993,1.3127724479131941,1.4819415676739753,4.4609094758020165,0.3035234299091048,3.8821410856891845,5.076419130095149,4.471223526486234,19.991839823804,8.165739617937062,6.679663436397644,5.146436769469293,0.017108202897336767,12,40,5988,b367d8846b1a4ef1f45cba53ab6c51bd897ae49bfd23f1f5b52515099879eab7
100,C100-C1-156.xyz,C100-C1-156,C1,156,100,150,1,3,3,3.0,1.388554939042988,0.036409709226936905,1.2941027779894454,1.4841924437215006,4.463075998727554,0.33908897033232205,3.748619509323532,5.134315020728764,4.475938862430876,20.034028700219007,8.34975528451113,6.747246185885087,4.93702722982279,0.021790338299748507,12,40,5988,648d8c130b810f2230369ee291054cde9c25196a1ab896f0fec84728ea891551
100,C100-C1-157.xyz,C100-C1-157,C1,157,100,150,1,3,3,3.0,1.3886228236542022,0.03480909880999746,1.2921957785103622,1.4725807617920317,4.460435270735173,0.29833698092532424,3.837551379095008,5.097018720526147,4.470401297266947,19.984487758606,8.11989836139324,6.706264281891258,5.158325115321503,0.016482299157474345,12,40,5988,0d5ac143da5161b4f2567cae69b41327e23e3e78593ae5d333ea72c2a5ea6a24
100,C100-C1-158.xyz,C100-C1-158,C1,158,100,150,1,3,3,3.0,1.3886008752236831,0.03543605124757742,1.290540011003146,1.4624995658119015,4.462429953571976,0.3254918436606537,3.8375172928827306,5.11447295370442,4.47428497425298,20.019226030825997,8.3044634309765,6.684205462540139,5.030557137309358,0.020059229386416896,12,40,5988,469230ed8370f418186686d78c9773974ef306c78bc23d9d26ec1211925dcd34
100,C100-C1-160.xyz,C100-C1-160,C1,160,100,150,1,3,3,3.0,1.3887790381275382,0.03145223242022313,1.307128670024493,1.4613203721292602,4.4620495319243245,0.32694942942435895,3.908988093529193,5.096765856908967,4.474011841149618,20.016781954746996,8.522732679807596,6.123429539630746,5.370619735308654,0.020289927967398626,12,40,5988,519cfeaa8ae6b34a43cd3892a12159fe6d595cd7b045be8d16ebf3cb07c5b161
100,C100-C1-161.xyz,C100-C1-161,C1,161,100,150,1,3,3,3.0,1.3886376480103508,0.03480675310358233,1.286589518844297,1.4774166947750387,4.462691672782442,0.32492691496897697,3.850939197170867,5.084720837126361,4.474504940928437,20.021194466392995,8.344601707482873,6.612662850535691,5.063929908374431,0.020158494238626663,12,40,5988,819901a8576f48ac452a026d4a79d1b29043ae6461bf24ae618ced4f4919603c
100,C100-C1-162.xyz,C100-C1-162,C1,162,100,150,1,3,3,3.0,1.3886205611226292,0.034484743884906764,1.3001969735390095,1.4744444173993134,4.458079276930342,0.2542032680341235,4.05602676278461,5.059754488947561,4.465320832916152,19.939090140875003,8.042185698117839,6.102344818714324,5.7945596240428365,0.0112050676472866,12,40,5988,99bb4d38a349c3342f6397cace01af031a9b89fc73aefc8fd2e5229fce493a61
100,C100-C1-163.xyz,C100-C1-163,C1,163,100,150,1,3,3,3.0,1.3887048643198348,0.03299036749965906,1.298307844850365,1.4734094135711227,4.4604469986291795,0.29761456423694893,3.9648295698269305,5.086724477379722,4.47036484600821,19.984161856426006,8.310392366545027,6.26059636115505,5.413173128725928,0.016668475706258408,12,40,5988,94471605da8222fd903fedfb2a5e5cfa5f6caab8bc86b7b85db65abc2306c3cd
100,C100-C1-164.xyz,C100-C1-164,C1,164,100,150,1,3,3,3.0,1.388580709536795,0.03558532144425881,1.2968152489849891,1.4732625394002252,4.459753430212823,0.28981905603145336,3.981863849940879,5.0775441457722446,4.469160518882043,19.973395743534006,8.27638296373849,6.080127874473623,5.616884905321891,0.015179181710659125,12,40,5988,99757b1b941e02be5f2c68c9ce6d3e2a0a8a29eaa6398782d89327bf447c10cd
100,C100-C1-165.xyz,C100-C1-165,C1,165,100,150,1,3,3,3.0,1.3887236106213507,0.03268295431565197,1.3190718479294448,1.4736080381159706,4.46002871911454,0.2892800180111283,3.9552305123409686,5.059824252259459,4.469400306992761,19.97553910414699,8.205699112290993,6.423502392789638,5.346337599066359,0.015678900295553935,12,40,5988,434638c124ccad95315fa962bd487411eb32deabcc32fc261b65adc2f0c2e0a3
100,C100-C1-166.xyz,C100-C1-166,C1,166,100,150,1,3,3,3.0,1.3887167836588261,0.03295463018988907,1.319732855543121,1.4752636035637834,4.461996555561239,0.32003842495650536,3.873797373070899,5.106269355195728,4.473459271669856,20.011837855288995,8.31045907788438,6.601650095220218,5.099728682184396,0.0193328394714426,12,40,5988,a15501d6dd62109326633708c5b3bb2ed2b1b71c8425a9281d996857bb3e7acf
100,C100-C1-167.xyz,C100-C1-167,C1,167,100,150,1,3,3,3.0,1.3887086877473958,0.03256005182590191,1.3236228352517947,1.4736906391777074,4.457239921325779,0.24147622323070186,4.052808054368477,5.0292443738154144,4.463776258130106,19.92529848264601,7.954463656118093,6.064940975607607,5.905893850920308,0.00981345886475159,12,40,5988,1958553f5df831d9ed4a8361c689184359a12e1ef8b680def75b57cd57d52a86
100,C100-C1-168.xyz,C100-C1-168,C1,168,100,150,1,3,3,3.0,1.3888009731593471,0.03060078024578104,1.3245325628311295,1.474880483293477,4.459468167103199,0.2842690017698537,3.9792888793634975,5.058835701465902,4.4685193519525015,19.967665198774,8.234010422776876,6.222488468079302,5.511166307917823,0.015006082475263959,12,40,5988,ddad5da519ce3c39bd41b4dcb2fe0eafd9d049e137a96fcbc5c30a5eddece1ef
100,C100-C1-169.xyz,C100-C1-169,C1,169,100,150,1,3,3,3.0,1.3887233422902372,0.03274813549246532,1.3144130363017554,1.4714177041207572,4.46166134289679,0.31690110693307494,3.913980501104343,5.1137556435192515,4.4729015471252,20.006848250275006,8.425049323032548,6.28670081901871,5.295098108223747,0.01917737069280812,12,40,5988,d39d147cb95bea95f134eba95017d3a4b469cd19acd2fd3082965452bbdff8e7
100,C100-C1-17.xyz,C100-C1-17,C1,17,100,150,1,3,3,3.0,1.3888461438439799,0.029647268503310665,1.3096868709733638,1.4781930354321116,4.469294343758193,0.43371477429991795,3.8465120406291464,5.422496072115221,4.490289571574977,20.162700436594996,9.269864885177753,5.653998134390892,5.238837417026352,0.03627740577409528,12,40,5988,4de3c43941efcc12ea7d83e9fc447b6b05886cc22057c1536aab56ee4c7c93cf
100,C100-C1-170.xyz,C100-C1-170,C1,170,100,150,1,3,3,3.0,1.3886917788346493,0.033034589908019794,1.3247389667402403,1.475541368447527,4.460005034567755,0.3013407253579942,3.862157686859898,5.063240055080443,4.470173502351894,19.982451141129005,8.110722751159209,6.647885883876146,5.223842506093649,0.015654796317697985,12,40,5988,cf6d596e502148ad1c948b12843240cd4b6432bd81f064d4b175188094021848
100,C100-C1-171.xyz,C100-C1-171,C1,171,100,150,1,3,3,3.0,1.3887048387781809,0.03299809520866996,1.3028053538422384,1.4751939025090905,4.45975584733512,0.28889707174911083,3.86012590359369,4.965503045552887,4.469103236210257,19.972883735904993,7.9344643114317055,6.905639482688825,5.132779941784466,0.015104613787830404,12,40,5988,03210cdba3efa1af5c2d59ee4c6de129dbebae01adba10ffd236af29d18d18ab
100,C100-C1-172.xyz,C100-C1-172,C1,172,100,150,1,3,3,3.0,1.38872719501355,0.032017766366977604,1.3108273189097028,1.4759383083313475,4.4577611400664665,0.2432502652831369,3.9542253391091666,4.872910549625655,4.464393024079197,19.930805073446997,7.665274652016437,6.927286140791023,5.338244280639535,0.010679709619463707,12,40,5988,ff2d892be52757d783611979bcd1463d3dd0f2b1317f701d4aa66b682fae888e
100,C100-C1-173.xyz,C100-C1-173,C1,173,100,150,1,3,3,3.0,1.3888026155213211,0.03015796502534599,1.329129538457407,1.4589379082058291,4.4576366599140105,0.2482782032532379,4.005236277097769,4.918463536855794,4.464545515281482,19.932166658019995,7.868157227605192,6.6006114670119995,5.463397963402805,0.010927491532084554,12,40,5988,afd7cf9e3649e4b0b532d8a9c573bd03bdcfd212351fb5bac3d0db4099cf2b1d
100,C100-C1-175.xyz,C100-C1-175,C1,175,100,150,1,3,3,3.0,1.3886932969112842,0.032905808712148925,1.3108365496887857,1.4624306957938211,4.458589658394462,0.2719160090854285,3.917543261300505,4.967012493235849,4.4668736335315105,19.952960057938995,7.8885653199592545,6.780269669274317,5.284125068705424,0.012872828672275653,12,40,5988,cfa7931d4950b0ac56f66c252a4c4d4e4b91b24f03d62a7737cdf70af4c14aef
100,C100-C1-176.xyz,C100-C1-176,C1,176,100,150,1,3,3,3.0,1.3887577852828454,0.031818243450667937,1.3154467111973787,1.477144464837478,4.459794311969447,0.2830655452346009,3.8669376913296647,4.924102689061836,4.468768444210776,19.969891407973996,7.896921708357594,6.927543378646008,5.145426320970395,0.01465203503357506,12,40,5988,1c870da21030527e610c2aa55ae082d320b1c70d39b89ae3107ceac05b1de543
100,C100-C1-177.xyz,C100-C1-177,C1,177,100,150,1,3,3,3.0,1.3887571137400694,0.03182790866024584,1.3116554768688309,1.4656693829100749,4.459908996838283,0.2861909320994435,3.8819766548505927,4.986403646297099,4.469081953790398,19.972693509695002,7.980437115312834,6.824528091165227,5.167728303216941,0.015031570511795067,12,40,5988,95ad5d8764f573e1ad81dee94f0fc79719267e66f0460ace76c6a563510f4c42
100,C100-C1-178.xyz,C100-C1-178,C1,178,100,150,1,3,3,3.0,1.3887548877511953,0.03174484861881563,1.3179193791730963,1.46583995715767,4.458157897067458,0.25209205985526,3.9085137692827696,4.965551848472937,4.465279637584526,19.938722241826998,7.858715674415504,6.670135867001173,5.409870700410321,0.011316528863300349,12,40,5988,332975ae16b34d59675d8e973248ff8e1b42a40dc79290469ef974fd29e3eab2
100,C100-C1-179.xyz,C100-C1-179,C1,179,100,150,1,3,3,3.0,1.3886750603946472,0.0335671442225408,1.3095032531460165,1.4814840566135026,4.45895867639134,0.2706804939673197,3.9371766060998583,5.032695539809655,4.467166933032613,19.95558040758,7.968058849778288,6.669923394806885,5.31759816299483,0.013232313430527855,12,40,5988,250073222f6eac3a26f33d87bc4f5d4b6548a4dede10b427e657f0fbd9f7444a
100,C100-C1-180.xyz,C100-C1-180,C1,180,100,150,1,3,3,3.0,1.388572741543452,0.03548686201731,1.3059598232717575,1.4735898106325247,4.458425595655932,0.25273096028592734,3.866183322194254,4.973425697445674,4.4655830224380555,19.941431730287,7.76517715271954,6.870532920821471,5.305721656745987,0.011690800654042445,12,40,5988,1049a788f68d042a61090aaaa84268c534f7f02579ff470f88c2d7ef5e1eb634
100,C100-C1-181.xyz,C100-C1-181,C1,181,100,150,1,3,3,3.0,1.3886124662321406,0.034929645833094956,1.3039081409363158,1.4757066849479272,4.459760365979606,0.2783913614580217,3.8521454077958945,4.991595836483859,4.4684409218537295,19.966964272097005,7.9150724793955565,6.877036150360364,5.174855642341085,0.014402197182244602,12,40,5988,1db1e31f452a36e2e551ddb3d9082ad5b7c3acab05d9f30741c15c8e5a57cf52
100,C100-C1-182.xyz,C100-C1-182,C1,182,100,150,1,3,3,3.0,1.3887092318408971,0.0325929747010837,1.3146773938879455,1.4661064149644798,4.457831849164799,0.24817427328985414,3.9707171905021137,4.9838888717294845,4.464734624291908,19.933855265351003,7.835666461864363,6.652657576435995,5.445531227050643,0.010782968827920182,12,40,5988,436308e5fab36af5800c7dc6a0ae8d02c474f855874d6852a47071cda96d1265
100,C100-C1-183.xyz,C100-C1-183,C1,183,100,150,1,3,3,3.0,1.3886956073302368,0.03284527842838598,1.3123237024453989,1.4648820874049897,4.45773840087911,0.24454858042880387,3.975497830503496,4.993602053361681,4.464441248226031,19.931235658862,7.888774035871033,6.5686628898551795,5.473798733135788,0.011042712284248845,12,40,5988,813c30abcff803de6d2125ea5a5dc9535754267df7fcac2746ed19d6b805d80b
100,C100-C1-184.xyz,C100-C1-184,C1,184,100,150,1,3,3,3.0,1.3887034532485005,0.032776454999835766,1.3134993909400945,1.4659035234284692,4.458757306037358,0.26736330329437186,3.9075968745649807,4.989166031984705,4.4667661512653645,19.951999850089997,7.8801628365291325,6.795904158380818,5.275932855180048,0.01289675965318505,12,40,5988,b2891cf3a008fcd9f74c9b7cbc81061e878f580f1202a4540161c68901a46007
100,C100-C1-185.xyz,C100-C1-185,C1,185,100,150,1,3,3,3.0,1.3885788493468498,0.035982868329871534,1.3035149634737606,1.4765883312555332,4.462010824518171,0.3127115064778792,3.804596472124081,4.965700039984192,4.472955296490341,20.007329084401,7.8324304268031,7.274050733568791,4.900847924029108,0.018159257772622096,12,40,5988,991384205ad7072615adfbd3be87454420b5d01cf1558392b47b1161c8f5ce25
100,C100-C1-186.xyz,C100-C1-186,C1,186,100,150,1,3,3,3.0,1.3885150931726513,0.03695029226420553,1.303125699999812,1.4756099552388495,4.459064190765407,0.2626871405391758,3.8561381150743292,4.931376082223804,4.46679504691798,19.952257991170995,7.653821114901307,7.1071016673450815,5.191335208924609,0.012601214065818007,12,40,5988,ef3bbc6ca655beb180ef24bfe58f1a18ed45b13183265bd5191ec0681daea7f3
100,C100-C1-187.xyz,C100-C1-187,C1,187,100,150,1,3,3,3.0,1.388562322365294,0.03617641645466846,1.3010072597798983,1.476603199915265,4.460360888340802,0.28756782131290265,3.8420930749794437,4.957787355424292,4.469621293364239,19.97751450609501,7.783621455987306,7.141327170519297,5.052565879588407,0.015327107185424233,12,40,5988,29b4f7ea41f788e28be56aa4fddec356ca435af85d46aa0f0151d818f37e7897
100,C100-C1-188.xyz,C100-C1-188,C1,188,100,150,1,3,3,3.0,1.3886286265285752,0.03462908390399631,1.3049269251571136,1.4733697770756669,4.458191147054737,0.2515129050223359,3.961206638024581,4.97398968056127,4.465280175427965,19.938727045070003,7.810563470003322,6.776490297749735,5.351673277316945,0.011502309900373164,12,40,5988,2c70bf93899b2b83b5dbb194aef80f8f9b76a54e964591bcb8059dcf4faef3a8
100,C100-C1-189.xyz,C100-C1-189,C1,189,100,150,1,3,3,3.0,1.38859636204963,0.03587887915193277,1.3014486889616512,1.4766783976208222,4.463896215977476,0.339506441552999,3.7163194016023433,4.97370231874868,4.476788363422377,20.041634050874,7.815645787335527,7.491590783858085,4.734397479680387,0.02141228132831058,12,40,5988,e252b00277db51eda95f6e73e4c6cd7adc07a4e093305bd622d54423b5d27fff
100,C100-C1-19.xyz,C100-C1-19,C1,19,100,150,1,3,3,3.0,1.3885768080399394,0.03624432149013006,1.2858489724691624,1.4694311042032555,4.46665218398395,0.3966745304622144,3.745461265477725,5.371902573259682,4.484231530129327,20.108332415806007,8.845336015955704,6.3422665753379786,4.920729824512325,0.029292627842296724,12,40,5988,3afc6bb5abcbdf6ed40a700a42bf681c86542a5869b3209bb20763d7da970e9b
100,C100-C1-191.xyz,C100-C1-191,C1,191,100,150,1,3,3,3.0,1.3885092851839222,0.037117285614203646,1.2892030018581246,1.475936357028988,4.457045044283915,0.22473715315718876,3.94837485344477,4.910371832999513,4.462707397397346,19.915757314784997,7.6248586726408085,6.795737656455741,5.495160985688449,0.008716467179153994,12,40,5988,6b457ca600758fe57fc2704f6e92b9317cf2be4b99e9d918f0fee7716a960351
100,C100-C1-192.xyz,C100-C1-192,C1,192,100,150,1,3,3,3.0,1.388620472180003,0.03461912731306657,1.2970902281645635,1.46562479168442,4.456304037308608,0.21242996670197326,4.042891299962689,4.919044143054014,4.461364383648347,19.903772163686,7.701368988168469,6.517030062822213,5.685373112695316,0.007772805265175498,12,40,5988,44a14b7d92ef46f3d47fe6fefed9adf02bab073773c23988e37b54f419fb3bee
100,C100-C1-193.xyz,C100-C1-193,C1,193,100,150,1,3,3,3.0,1.3886215796324868,0.034613489359560684,1.2957161340355383,1.463992711730492,4.457171750591478,0.23374783045688824,3.957048995284997,4.922971715649603,4.463296770607351,19.921018062514005,7.708441819805109,6.745926829178875,5.466649413530022,0.009561140387505775,12,40,5988,c597fd6d69de352ed82fa5f67ea1f69450b28bf01bea944bd02a6a9e681664b0
100,C100-C1-194.xyz,C100-C1-194,C1,194,100,150,1,3,3,3.0,1.38862860014808,0.03451220920365638,1.2947080095527332,1.4665456147014317,4.456034898444395,0.20782078917099314,4.0108740552196345,4.91280657056982,4.460878444495658,19.899436496566004,7.6002881507475895,6.606507654108787,5.692640691709625,0.0068965186062563645,12,40,5988,330bd80e436265bd48503fdf943d6a40ea761a4d96be6323fb1000fb2447fb94
100,C100-C1-195.xyz,C100-C1-195,C1,195,100,150,1,3,3,3.0,1.3886396161233272,0.03417160516458794,1.2925126769204236,1.464146365634256,4.457278841264354,0.23295909049465743,3.966098474353984,4.936976396487328,4.4633624776200955,19.921604606627,7.739912352963799,6.656691581914917,5.525000671748283,0.009272455953893526,12,40,5988,03501165c790c90acaccadf5e77d6c24b9bb8a001d73607f0da51da39b270478
100,C100-C1-196.xyz,C100-C1-196,C1,196,100,150,1,3,3,3.0,1.3885077390116218,0.03693928583726345,1.2948717735745108,1.4760245628037496,4.456636898309406,0.21232966787784846,3.943057801321964,4.879584743455738,4.461692092831374,19.906696331234002,7.467645972626796,6.919395674520146,5.519654684087058,0.0076392649969852155,12,40,5988,322d94fe605119710842652b363bd6fb237782e83da3c2d0938caea561751534
100,C100-C1-197.xyz,C100-C1-197,C1,197,100,150,1,3,3,3.0,1.3886090338588502,0.034554406649869154,1.3015704898314187,1.4725215821847908,4.45588822092129,0.20099137535203707,4.068570657170525,4.904148306463519,4.460418968024304,19.895337370310997,7.6091290538565115,6.585432357234192,5.700775959220295,0.006912639448839101,12,40,5988,66721c35decc0682cffba2371a022fd27a1eb9dc7c350bbae7ba4257ee53aa29
100,C100-C1-198.xyz,C100-C1-198,C1,198,100,150,1,3,3,3.0,1.388634555555823,0.03425435616503526,1.2995091727263803,1.4767983376209495,4.456590320534591,0.22330802946689599,4.000322091631248,4.91602184268876,4.462181502483623,19.911063761107005,7.613771663273114,6.761977642668097,5.535314455165795,0.008261107823423267,12,40,5988,6355b935717d64bd7598d4d28b17fb90cc315ed5fec96b8f23c12818fb1a2f68
100,C100-C1-199.xyz,C100-C1-199,C1,199,100,150,1,3,3,3.0,1.388454653987594,0.03814875821732968,1.2945700483172011,1.4873230785542193,4.457273325134363,0.2285460381556878,3.9388026339217608,4.859322925818884,4.46312881132855,19.919518786511,7.4235393276759,7.111798917256188,5.38418054157891,0.00912432541978878,12,40,5988,ce4985b5ef96497006626a65b48d5421f554f597d442ee0f8b793892f8bdd07b
100,C100-C1-20.xyz,C100-C1-20,C1,20,100,150,1,3,3,3.0,1.3887165991166095,0.03329056329749852,1.294881817001073,1.4730515639311477,4.46633900300414,0.39081648322195883,3.7785310152076295,5.386226905699944,4.4834051359780105,20.100921613314,8.849817276452947,6.273493076693421,4.977611260167633,0.02884656070904097,12,40,5988,ddf3809ed96b88c7375ebcba8efed1b9fdb1f40573c1d57d6a5fd8aea422c7f2
100,C100-C1-200.xyz,C100-C1-200,C1,200,100,150,1,3,3,3.0,1.3885415604406954,0.03621411136907116,1.2980717545652085,1.4856646660670099,4.456575369774783,0.21352399408674247,3.972406057626285,4.883422674668455,4.461687631662934,19.906656522534,7.555325103272478,6.813448953917076,5.537882465344448,0.00788281533842406,12,40,5988,df8a64cf0cd473acbeed34149ea5eb0dec924b1fdf87b2363dea13ba11c30497
100,C100-C1-201.xyz,C100-C1-201,C1,201,100,150,1,3,3,3.0,1.3886747458176272,0.03347133094179625,1.3097153354832491,1.477853991434878,4.456837766695723,0.22441692721289133,3.926492009011988,4.868754623683042,4.462484267296077,19.913765835865,7.510678191845939,6.954440647451782,5.448646996567277,0.008610072390123562,12,40,5988,2b9c0a4c5d34f5cc135684b4b602b0aa6cccb4423336367d46523ed18431dd92
100,C100-C1-202.xyz,C100-C1-202,C1,202,100,150,1,3,3,3.0,1.388642122336814,0.03403846949030955,1.3160615069213142,1.4772623531383993,4.45572908059721,0.1924388743948222,4.020573957029271,4.856051692984949,4.459882774250687,19.890554360058005,7.494707529390967,6.659686337266811,5.736160493400228,0.005867349950835082,12,40,5988,4bb316890568bdf46bfbdb40e2e968d956e3e9f38e37d4a23230803ba14b3282
100,C100-C1-203.xyz,C100-C1-203,C1,203,100,150,1,3,3,3.0,1.3885547303471815,0.03599518250821206,1.3048601649218972,1.4638199240343739,4.4563998282100785,0.2055965568587742,3.9444080674845248,4.8706630475159125,4.461139918570477,19.901769373062997,7.480781735961138,6.852166795563604,5.568820841538254,0.007192640301048483,12,40,5988,8510d96da718001633d432c29d0d16fe15615fa2063c4ec9ba2e687d9f4a6bda
100,C100-C1-204.xyz,C100-C1-204,C1,204,100,150,1,3,3,3.0,1.3886734779577405,0.03341079092279075,1.3185689970570367,1.457534359800825,4.4553665048402395,0.1832429761537035,4.066685203459692,4.878236134120406,4.459133175939242,19.883868680761992,7.528735970638849,6.538126111865888,5.817006598257256,0.005604065162057404,12,40,5988,7eee290b1dde1ac464a0910aaa1ddfc8a54efc9653efe99191c8dbbbeaa87b2d
100,C100-C1-205.xyz,C100-C1-205,C1,205,100,150,1,3,3,3.0,1.3886779824533941,0.033356907068415334,1.321629543404656,1.4656780035191903,4.455979793412649,0.19947308117431667,4.0344602681009265,4.867596332470987,4.460442290784066,19.895545429415005,7.515792349896817,6.7288874212904615,5.650865658227727,0.0066433388177034565,12,40,5988,32c6f0c5d692a7c7c61871a258971a1ca82f059e850b1d138ae3fedf1e499110
100,C100-C1-206.xyz,C100-C1-206,C1,206,100,150,1,3,3,3.0,1.3886416711006075,0.03400970571635563,1.3210082588689596,1.4784088947243248,4.45519847116551,0.1738693116927264,4.013251704189011,4.811294290892628,4.458589906576294,19.879023955024007,7.190984860462252,6.953351665143084,5.734687429418671,0.004633907462583884,12,40,5988,96f18fd180f5719c105e4f751f2a6e4f00328718c6694f0d2d6cc7adf73ff7c7
100,C100-C1-207.xyz,C100-C1-207,C1,207,100,150,1,3,3,3.0,1.388563270487573,0.03576539462742482,1.3028024332184829,1.4801623897397205,4.455904113516725,0.18976733262794782,4.006313896165901,4.803544467516877,4.45994317333618,19.891093109388,7.330021149770084,6.911094976367412,5.649976983250505,0.005798561053776306,12,40,5988,187472b61d7a20f52c3f028682a726060e1782008848d83e66a37d86dcb5b77d
100,C100-C1-21.xyz,C100-C1-21,C1,21,100,150,1,3,3,3.0,1.3887573707679073,0.03213188039640804,1.3291269841516276,1.473611926526112,4.4679340879146165,0.4122507090953088,3.788308982224259,5.387880847234933,4.486912709324642,20.132385661098997,9.025165187143632,6.167827555430928,4.939392918524437,0.03252667460190055,12,40,5988,371315374af4d8948d8ae230b7ba4fe6ddc5f3ab02bbd9b5fba000729beee578
100,C100-C1-210.xyz,C100-C1-210,C1,210,100,150,1,3,3,3.0,1.3886718570507,0.03341493531382205,1.315746848751689,1.477265321463954,4.456063487572878,0.20199928621864188,3.9535117337864323,4.817602982644688,4.460639586081015,19.897305516913008,7.390070307753797,6.93042943812974,5.576805771029469,0.006733338950809477,12,40,5988,aaa720d60451bd0b28587c0ea068167d1fdc14d11cf3245040c7d721da6b31ab
100,C100-C1-211.xyz,C100-C1-211,C1,211,100,150,1,3,3,3.0,1.3887103204898863,0.03263158130111255,1.310887077516595,1.476967220353925,4.457576869127656,0.2418016086693533,3.904018471032508,4.9205872469414675,4.464130325397882,19.928459562137,7.676958246356779,6.853028982689526,5.398472333090694,0.010054416759836527,12,40,5988,3375cfc3e4ea70f365db95535583ffd078a8fea4367a1d357ff1ae739bad8b88
100,C100-C1-213.xyz,C100-C1-213,C1,213,100,150,1,3,3,3.0,1.3887536114765673,0.03135841212164746,1.3238972278844003,1.4639956864690553,4.454660727669352,0.16915615423439087,4.164191664362365,4.877357418802214,4.457871241204147,19.872616003155002,7.49067693655063,6.388872645971175,5.993066420633198,0.004574932377390738,12,40,5988,05ca018cbdf90a2dead5e92754f9f6196133e038724716d8588a3490cfb3f779
100,C100-C1-214.xyz,C100-C1-214,C1,214,100,150,1,3,3,3.0,1.3887334598718462,0.031681545086037925,1.3215557725650475,1.4630349859111367,4.455684846285831,0.1968166521760946,4.077245854361127,4.905714010284844,4.460029623667873,19.891864243994995,7.588260580671732,6.587961980521172,5.715641682802092,0.006657094293140316,12,40,5988,7c22d277b222c2406b1c66c0536e996b7ae5bfb764514471fdd4b5b9d79609fd
100,C100-C1-215.xyz,C100-C1-215,C1,215,100,150,1,3,3,3.0,1.3887741259882456,0.030973419554814974,1.321104761175282,1.4653839189782314,4.456032282827726,0.2069916633662063,4.081482778929001,4.912337501118383,4.460837281756195,19.899069254306,7.581955488510254,6.6825905619497386,5.634523203846007,0.007197202306546656,12,40,5988,8c7a443a4598a3d3e00cbbf0fbc754c5a92dde5a0e1babdac60e01a694ce3606
100,C100-C1-216.xyz,C100-C1-216,C1,216,100,150,1,3,3,3.0,1.3886629482060304,0.03322685279111641,1.3094530193939757,1.4642775488274073,4.454129537749451,0.15396846172465437,4.183693703217529,4.891161318719921,4.456789901516336,19.86297622625799,7.391002848021257,6.309050956225678,6.162922422011059,0.0034219215615118245,12,40,5988,f3a07aa8aa8f5fb8f5f23461fa28491099fda5fd1da36de4919538b0a704d1c6
100,C100-C1-217.xyz,C100-C1-217,C1,217,100,150,1,3,3,3.0,1.3886458510466873,0.03368907296866593,1.3024850133494819,1.4631257669797222,4.455059103113556,0.17739010075545647,4.173029375719635,4.896488297077713,4.458589335213661,19.879018860080997,7.534939904853091,6.37129488568331,5.9727840695445975,0.005001844176846264,12,40,5988,c02290f88444b89ff83842261d9bd5a888ae8a503638eab35d740fa7f0ea7ca4
100,C100-C1-218.xyz,C100-C1-218,C1,218,100,150,1,3,3,3.0,1.38873553452098,0.03178961400722703,1.3184587062172255,1.4635515877481053,4.454662921786246,0.16690878228787506,4.1812146563717585,4.890830953964571,4.457788721815111,19.871880288342,7.467258328804723,6.319401905014511,6.0852200545227655,0.0041561343449484055,12,40,5988,5ebd7e0ab4bafddd2735db6d35656803b4e5baedd811bf903b8a1bc21dc4a74f
100,C100-C1-219.xyz,C100-C1-219,C1,219,100,150,1,3,3,3.0,1.3887561120834333,0.03144726407135119,1.3159029827460684,1.4607168685272311,4.455559552542763,0.19535074992419055,4.079348967782605,4.9079197764173985,4.459840001810716,19.890172841751003,7.573119119110955,6.549277685862806,5.767776036777242,0.006215904766070899,12,40,5988,023766ae901e364f587427ec86bc4d4b8e649b688c8545c1fe6e62ff60079c2e
100,C100-C1-22.xyz,C100-C1-22,C1,22,100,150,1,3,3,3.0,1.3885287275469875,0.03732802044144512,1.2809362240174178,1.4803561902461178,4.466419616204065,0.39829682758280954,3.744100502367024,5.38643801076602,4.4841436808910355,20.107544550875,8.893282507902121,6.213774270245853,5.000487772727027,0.029439640685397353,12,40,5988,3942cc85e8d6812b0c6982fbb305606b242d68dc34cbd62bb488c79c11125fcd
100,C100-C1-220.xyz,C100-C1-220,C1,220,100,150,1,3,3,3.0,1.388746938468173,0.03149265462415444,1.311162194390915,1.4628898112981714,4.455716211968194,0.19582829184724612,4.061530681173786,4.912428775393695,4.460017453047017,19.891755681484,7.569567916702597,6.573763408309654,5.748424356471748,0.006304779774379209,12,40,5988,837eb294d1f4694110a5fd8243ac0425732efde38c68e77b2c26e2d6fdfe967f
100,C100-C1-222.xyz,C100-C1-222,C1,222,100,150,1,3,3,3.0,1.3886821622627434,0.03304771015676337,1.3042946024575888,1.4631286102048582,4.45629450223973,0.21650491231831454,4.0741380663951485,4.95758686312706,4.461550746965677,19.90543506774999,7.826708408200867,6.228392123402451,5.850334536146676,0.008333110918876263,12,40,5988,561ec56ab3d08cc091ad515b2306edffbb6608f9d62a106654ce9440492e0c81
100,C100-C1-223.xyz,C100-C1-223,C1,223,100,150,1,3,3,3.0,1.3886682919508302,0.0334181716590137,1.299024599459148,1.4632137403674148,4.457187553789602,0.2328060794052881,4.06737795795215,4.961153640156188,4.463263330822527,19.920719560265002,7.8864538463528575,6.399230021206895,5.63503569270525,0.009909294841300247,12,40,5988,25e0c773f2edaf2992c443cf4dc0134f638c2ce925f57d0fec12663db9cfc500
100,C100-C1-224.xyz,C100-C1-224,C1,224,100,150,1,3,3,3.0,1.388728886250219,0.032302586494373474,1.306786616093079,1.4700061530483468,4.457489874074454,0.24389221041825726,3.996760948958669,4.9596612802207565,4.4641571867239405,19.928699387779005,7.874266138052873,6.559780683626492,5.4946525660996395,0.010732550674218725,12,40,5988,60fdc9a4841ca8036066834f8fbee8f705aedb792496e327ecf8ded2dc394b0c
100,C100-C1-225.xyz,C100-C1-225,C1,225,100,150,1,3,3,3.0,1.3887423922063848,0.03205812672143371,1.3189033778105201,1.4629579283082612,4.458057677377555,0.252995995636373,3.9488021428614273,4.9624366365191,4.465230702733399,19.938285228633,7.800005037750033,6.778822534353821,5.359457656529144,0.01133696019460757,12,40,5988,4c971c7994dd0b14ea016be60b2e3c3c331aba3a26102b43fe6a29994f9bdccc
100,C100-C1-226.xyz,C100-C1-226,C1,226,100,150,1,3,3,3.0,1.3885872968388007,0.035127029354137584,1.3020979571445461,1.4631235832970502,4.455591220379933,0.193257676463964,4.095590925576064,4.930610571426322,4.459780448927838,19.88964165263899,7.658595873766468,6.3176410376399295,5.9134047412325925,0.006328723737168188,12,40,5988,ee793c1a0cf4829787e06fa19c6dcbbebecc65b30d1ebc5f707bd3c19cd5a38b
100,C100-C1-227.xyz,C100-C1-227,C1,227,100,150,1,3,3,3.0,1.3886077642414678,0.034919895307859584,1.3025472467438561,1.4599462832583945,4.456180812305453,0.2120749369461646,4.098557943150249,4.966114280457107,4.461224407137573,19.90252321083999,7.780994880774199,6.258531304227771,5.862997025838023,0.007766847336457294,12,40,5988,cb73beda345f1fdc571eb95f66ab1887321c33e7a4cdef312c2ac0a5ba7728c8
100,C100-C1-228.xyz,C100-C1-228,C1,228,100,150,1,3,3,3.0,1.3887061328221142,0.03256127038239046,1.3101705461503859,1.477892404743999,4.455561966267078,0.19596122885214462,4.004629625176467,4.888082412095872,4.459869195218509,19.890433238458996,7.395903851062601,6.827311722153267,5.667217665243129,0.005886154986310982,12,40,5988,b58a22e237cc2b666c7787fbf200fb7655246f829f926027accf4c64f6de88a1
100,C100-C1-229.xyz,C100-C1-229,C1,229,100,150,1,3,3,3.0,1.3887125627553845,0.03263115656401682,1.314011050181847,1.4740677121489365,4.458209862368824,0.2587848870941673,3.8863261312438766,4.9757118274463,4.465714365553511,19.942604794711,7.747563115232559,6.912092529460427,5.2829491500180135,0.011850972863066415,12,40,5988,b3a11d7380c7dedc5057888565963e2fe37e3b914268508d6dfbd2d2076655a4
100,C100-C1-230.xyz,C100-C1-230,C1,230,100,150,1,3,3,3.0,1.3887053235508775,0.03271295576352406,1.3064843703619267,1.4722956530534212,4.460197889033823,0.29699923536134476,3.8217288981235966,4.990929134715599,4.470075363475094,19.981573755146997,7.930184469796592,6.991114176780725,5.060275108569678,0.016087595071442244,12,40,5988,aa602055aa857db79f66e2a5337471a41d46745e37153885318a7922ee0bfd49
100,C100-C1-231.xyz,C100-C1-231,C1,231,100,150,1,3,3,3.0,1.3887143394859667,0.0324583729216609,1.3097098648173955,1.4742197563457087,4.4587714087256805,0.2663862848016194,3.906257095404756,4.991544561816513,4.466721854783438,19.951604128,7.8904722184592035,6.780417146078624,5.280714763462173,0.012927693344978345,12,40,5988,1272108120cf5bb97d2d0cd9db2350aad7420951d96813ce993b3478f0a99f14
100,C100-C1-232.xyz,C100-C1-232,C1,232,100,150,1,3,3,3.0,1.3886805724643223,0.03298026167516102,1.3118929758177689,1.477793950454528,4.4570918651847045,0.23091530550905362,3.9689442371978467,4.9733635507959795,4.46306954606513,19.918989773014005,7.688083489301939,6.745783279035146,5.485123004676918,0.00923746751624377,12,40,5988,80b5f3055fefac9d5c4d9b47cd3cd3986db751716a4660e785f2f50cc3796293
100,C100-C1-233.xyz,C100-C1-233,C1,233,100,150,1,3,3,3.0,1.3887294468780689,0.03220138051491822,1.3095187092974274,1.4743635542158522,4.4586449995727016,0.26849502798439256,3.9092181979307576,5.001604409190415,4.466721931379544,19.951604812267,7.897229513681414,6.767563573333265,5.28681172525232,0.012916248050402607,12,40,5988,3630c864207e3abef75b54d50cd230500e3a17016ce50c82af7488c75ae14ecb
100,C100-C1-234.xyz,C100-C1-234,C1,234,100,150,1,3,3,3.0,1.3886890287059226,0.03358643801399834,1.30414253055408,1.4769164228215488,4.460700092789532,0.29910249116058923,3.8567223819804557,4.969812563514744,4.470716678344871,19.987307618030997,7.860565068279563,7.098039054969419,5.028703494782016,0.016124253465844403,12,40,5988,30b67c9b224f1461e3176f755919bcc51a524513659a072824ead739ccfd525f
100,C100-C1-235.xyz,C100-C1-235,C1,235,100,150,1,3,3,3.0,1.388613573869829,0.03477931374337902,1.306709478040165,1.476491818467004,4.45761056219421,0.23627712168896126,3.958303186073674,4.920067289019633,4.463868143484863,19.926118802418994,7.482157085077906,7.090241002740043,5.353720714601046,0.009695678412613394,12,40,5988,a20484a9f1b90680e7af4e08c1b4eaef9c2b842cfcbe61f2a78d1e2210bd59c6
100,C100-C1-236.xyz,C100-C1-236,C1,236,100,150,1,3,3,3.0,1.3886367098938535,0.034307797974216146,1.3078096268188273,1.4776453194187027,4.459216796524719,0.2735329967916634,3.8730837684018655,4.967310184723518,4.4675983188668615,19.959434738742004,7.697341393987372,7.108485724137588,5.153607620617043,0.013352711829974918,12,40,5988,bde2f969e59dccbcf268bc638a55d271eda07a020731e2c19278b43f968d2422
100,C100-C1-237.xyz,C100-C1-237,C1,237,100,150,1,3,3,3.0,1.3886079804588143,0.034837012014422804,1.2945220623844151,1.477921357853658,4.455697907173185,0.1916602052344091,4.016294353074984,4.848911465549974,4.459818098785869,19.889977474257996,7.306565627678295,6.936878186403265,5.646533660176435,0.005759902510970004,12,40,5988,50158789d8fec0aab0c149d19a20922155190369e150dab38e0f9d366d3fc51c
100,C100-C1-238.xyz,C100-C1-238,C1,238,100,150,1,3,3,3.0,1.3886608378954863,0.033704181175915914,1.3013673309254385,1.4778086581151162,4.456718972338058,0.22560642922577967,3.9640430434209466,4.907450308856321,4.462425602663422,19.913242259306003,7.5868091605157915,6.823142190855355,5.503290907934856,0.00840557035752945,12,40,5988,ac5e005151466a0bfcf5ca972c8fce8d17220e7500c18416ab7e330412c7e051
100,C100-C1-239.xyz,C100-C1-239,C1,239,100,150,1,3,3,3.0,1.3886177840264686,0.03460909156207994,1.2935406835503862,1.477777808061821,4.4568189675134855,0.22380525163192136,3.930531061034119,4.872568079047638,4.462434772615281,19.913324099845997,7.487621951097093,6.979027973805928,5.4466741749429755,0.008539158322347565,12,40,5988,c8f353819f3512861bd8783396375b68d16aadb65b9d5d55199a720e3445efd9
100,C100-C1-24.xyz,C100-C1-24,C1,24,100,150,1,3,3,3.0,1.3884931996816428,0.038246290074998406,1.2803405406375292,1.4811821663792741,4.469372497589121,0.43227585935370233,3.6350325982876686,5.390803947243306,4.490228606739973,20.162152940785997,9.062506712477681,6.307378458564133,4.792267769744182,0.034588406094891215,12,40,5988,07b6b9e175389fbe82f62a58479378f1f3aecfe97ccd067e05da971cc3dc1b9e
100,C100-C1-240.xyz,C100-C1-240,C1,240,100,150,1,3,3,3.0,1.3886097273582818,0.03472875877364554,1.299782362551516,1.4772772691678433,4.45574498002029,0.2008342814212332,4.022790651404818,4.868249115732472,4.460268796336158,19.893997735569997,7.468256054711018,6.758124389993178,5.667617290865798,0.006235665135572567,12,40,5988,3df7919418ba3a204cccac72f22535e53976dd44f1194814b5447f8c324ed495
100,C100-C1-241.xyz,C100-C1-241,C1,241,100,150,1,3,3,3.0,1.3885352388565126,0.036476128088847544,1.2957722446479552,1.4880987131235615,4.456415389362877,0.20930122320645067,3.9790401688113177,4.831035610033732,4.461327731134085,19.903445124586,7.3086595950249444,7.071182611860826,5.523602917700227,0.007115822850328474,12,40,5988,47aa3fc66fd84a931744438320ebdceb70ca4a9c4d21fdd97eee5ea20779e71f
100,C100-C1-242.xyz,C100-C1-242,C1,242,100,150,1,3,3,3.0,1.3886843270069982,0.03309895152096564,1.3097829285801523,1.4777519040759177,4.454979242102232,0.1753608393918607,4.0608335503004795,4.790448240535116,4.458429260575298,19.877591471554002,7.178600197327614,6.964632545670415,5.734358728555971,0.004612778096411103,12,40,5988,2a549e07530c29af11ed6c42980edfc394df6f318cf881ed6d01488d0343e686
100,C100-C1-243.xyz,C100-C1-243,C1,243,100,150,1,3,3,3.0,1.3886008938356793,0.03489364563096223,1.2978271918865005,1.4792553565899296,4.454269203237389,0.15240184517894748,4.144260244504078,4.795853943478366,4.45687563853009,19.863740457322997,7.1682202169833085,6.744809613859435,5.950710626480253,0.002904693575101006,12,40,5988,fb7ab592937ee399825000c8ae0e5335226cc8bd962727f2b7072ff83a709941
100,C100-C1-245.xyz,C100-C1-245,C1,245,100,150,1,3,3,3.0,1.388659567714123,0.03348095472591183,1.3058397566317241,1.4791423629928253,4.454639123957207,0.1595543327953491,4.064099687187311,4.761306039879814,4.457495632056637,19.869267309804,7.109585943052546,6.9208750746960686,5.838806292055384,0.0035732685787390655,12,40,5988,f9453f941710622a7a1708ae498c536203667c529a1a63275d523bf0316dab77
100,C100-C1-246.xyz,C100-C1-246,C1,246,100,150,1,3,3,3.0,1.3886756216747904,0.0335101462167548,1.3056142922011846,1.4808538415387258,4.458395416091893,0.2620980151485264,3.9098324300187084,5.015468154681674,4.4660928176398205,19.945985055773992,7.904740724152518,6.675191351265447,5.366052980356028,0.012153772880196182,12,40,5988,f04d856a67c2388d82e8b8951211851790d92a4f24669a468e71262af2e4f9d1
100,C100-C1-247.xyz,C100-C1-247,C1,247,100,150,1,3,3,3.0,1.3886966469411524,0.03277285829870669,1.3141875817401412,1.4696710244132867,4.455027637274931,0.1810922803670753,4.090523750268173,4.8615480376016045,4.458706725373626,19.880065662892004,7.421327958164085,6.683671727305408,5.7750659774225115,0.0051615688619085585,12,40,5988,1004e2a2ad415d809f353ddf135fbf4dbcda8a2bea81f0c7cd7acb4a00281252
100,C100-C1-248.xyz,C100-C1-248,C1,248,100,150,1,3,3,3.0,1.388757554623004,0.031313808629215956,1.3282049314770672,1.464973020229383,4.454235078891162,0.15259975571879222,4.175711528916959,4.849973278475873,4.456848306086937,19.86349682347,7.32818248061257,6.512448871278355,6.022865471579074,0.0033061835959511325,12,40,5988,70574c77a9aeb49daf43f179ab088bd6ab9e71666658b2eb1bb7a0948f72171a
100,C100-C1-249.xyz,C100-C1-249,C1,249,100,150,1,3,3,3.0,1.3887744029812046,0.031004880651259597,1.3243137770181206,1.460561090814075,4.455419979491072,0.19212478972473226,4.040139963296445,4.856146174841219,4.45956041874925,19.88767912847499,7.436979687024287,6.78798350651004,5.662715934940661,0.006112760022074613,12,40,5988,3bf09f1ae090d37c0f55ffd902b7bcdba598ae47cd0a2a22ab2d69bb4d142b84
100,C100-C1-250.xyz,C100-C1-250,C1,250,100,150,1,3,3,3.0,1.388752600760776,0.03145967705142991,1.321746363717336,1.464720191708983,4.45454479441705,0.16554394936981767,4.150408026816037,4.860733184434114,4.4576197824221175,19.870374124641003,7.39268928227374,6.5383603626637745,5.93932447970349,0.004053613971731017,12,40,5988,48bac61d76491e2cfec574345b573e634a8fba9203b2da8b517c81078e304063
100,C100-C1-251.xyz,C100-C1-251,C1,251,100,150,1,3,3,3.0,1.3886761023348928,0.03323390644062024,1.312086331001127,1.4656344462382151,4.454320161460013,0.15465016777498722,4.10347573152541,4.8310071265956545,4.4570040133683975,19.864884775182002,7.246528080686139,6.693979669327757,5.924377025168106,0.0033522426424340487,12,40,5988,74ffca748506218650869cdf4ec9856ec8bd545ed2b6bc43c6e46a35da525db0
100,C100-C1-253.xyz,C100-C1-253,C1,253,100,150,1,3,3,3.0,1.3887432651578588,0.03164345554279891,1.3178132417000519,1.4621994597181331,4.45427571284361,0.15263369439790947,4.133458574620774,4.8242851782731515,4.456890078372362,19.863869170694002,7.25440302230076,6.674480642804989,5.934985505588255,0.003325143411950329,12,40,5988,f04e73a9e210e8376754237d231100ebe4ac6a0ac2835a04b6fea995c4ad1703
100,C100-C1-254.xyz,C100-C1-254,C1,254,100,150,1,3,3,3.0,1.3887226738137144,0.03188208225666678,1.3220688862536627,1.4616816548072293,4.4538990635909235,0.13956637237852007,4.178489224270538,4.821580081419887,4.456085237173433,19.85669564095501,7.18742480131653,6.652729368103364,6.016541471535116,0.0026143328308054674,12,40,5988,25f90ecd0dcff1bb4e532645f0e6ba76b5591120c0806284e0d7bd010713daca
100,C100-C1-255.xyz,C100-C1-255,C1,255,100,150,1,3,3,3.0,1.3886668680267493,0.03328532376457633,1.3122642302524286,1.4726970530288976,4.454557356112784,0.16318936001001547,4.094321979226964,4.79527559522714,4.457545513634044,19.869712006119,7.2392500453213415,6.794293328172155,5.836168632625503,0.0039065149966009925,12,40,5988,8296223db8d0df19198626dad649319dd8ff879ef1c9dc0d993fec0ac3e865a9
100,C100-C1-256.xyz,C100-C1-256,C1,256,100,150,1,3,3,3.0,1.388709113985882,0.03221179699860704,1.31938237823612,1.4630988209960396,4.4534313314010285,0.11922292810808734,4.211110125324319,4.801690109660243,4.455026905652872,19.847264730091002,7.055309569518098,6.6104130007803334,6.181542159792571,0.001453785448063158,12,40,5988,e7a4ee0c2ebf2720f774196a674e50e770c491925816358fa785dc36148a8946
100,C100-C1-257.xyz,C100-C1-257,C1,257,100,150,1,3,3,3.0,1.38866219271508,0.0335308374049846,1.3059107588193002,1.463108946729532,4.45383362079142,0.1353937587704525,4.1853105339740315,4.781239686440537,4.455891088391411,19.854965391605994,7.174722778476923,6.57875715541811,6.10148545771096,0.0022002982866231964,12,40,5988,b7067dd39d339d99cef5a669b1ed32091c1cb47fd6737159e884275734d1b13d
100,C100-C1-258.xyz,C100-C1-258,C1,258,100,150,1,3,3,3.0,1.3886292315651174,0.034089561103145816,1.3103984928257513,1.4619904172052565,4.453347958710443,0.1144333413718723,4.190614618386186,4.778525530687473,4.454817957107563,19.845403030968004,6.96782678638388,6.593245315687834,6.28433092889629,0.0008923749815341213,12,40,5988,e0319118ae28aab5f87810bd05be034d23f7aafa394090719e5bf533fd8f5502
100,C100-C1-259.xyz,C100-C1-259,C1,259,100,150,1,3,3,3.0,1.3885746546455295,0.035344353760036404,1.3043269298760949,1.4770745208011682,4.45353194507976,0.12055062742719033,4.187253147503863,4.763669583029558,4.455163211333454,19.84847923961901,6.977959529494532,6.684484046618047,6.186035663506429,0.0012205767896694105,12,40,5988,630cd5d74fb4b606ffd5eefe4c3a967faf0f8b6388df45bd0a238118b0b0dfc0
100,C100-C1-26.xyz,C100-C1-26,C1,26,100,150,1,3,3,3.0,1.3888817339431603,0.028864023495937866,1.3299083765432864,1.4607915285898945,4.462845186798176,0.349233320007345,3.8854840071693775,5.333393034979609,4.4764886990956425,20.038951073131,8.635893976799728,6.0770716179188105,5.325985478412461,0.02249628487982496,12,40,5988,88a18f62cfa8665ba986beaf640866f91305738e73ee51c5d4d0bbba1621fe39
100,C100-C1-260.xyz,C100-C1-260,C1,260,100,150,1,3,3,3.0,1.3887279868619566,0.0320427366653298,1.3215701078641267,1.4654426259666398,4.4537244763070465,0.12997667325534773,4.191984238502455,4.794719989243689,4.455620680269697,19.852555646447,7.117330584221863,6.59796281327234,6.137262248952799,0.0018300356725551308,12,40,5988,858594d8e3a60952f76126f266eef0dc63d3cc82fe14ec1a6b7729bc95126a03
100,C100-C1-261.xyz,C100-C1-261,C1,261,100,150,1,3,3,3.0,1.3887121460582188,0.032335338620619734,1.3220753911937093,1.4661101050057601,4.453610935950146,0.12351334331262177,4.227525760904244,4.811211770802549,4.4553233232607266,19.849905914791,7.049401295223669,6.621900589083281,6.178604030484053,0.0014435309564465007,12,40,5988,d175988be78685f0d18d6eb756a6dc3c759a79445c62e0514181b0485a781854
100,C100-C1-262.xyz,C100-C1-262,C1,262,100,150,1,3,3,3.0,1.3886757897734796,0.03333799479577749,1.3097288192599263,1.465102870108444,4.454880795395636,0.1706078312919542,4.098134657501752,4.85421715299357,4.458146468352402,19.875069933282997,7.4346851282811,6.549446385265647,5.890938419736252,0.004557299392524692,12,40,5988,7c513776f96398421a88e6041331a15973499f5d381fb0e99dc1cd53992cc0c1
100,C100-C1-263.xyz,C100-C1-263,C1,263,100,150,1,3,3,3.0,1.3886578097156124,0.033574016478585676,1.3097176107848594,1.463759495272362,4.454517649778206,0.1651260288641379,4.08724645102372,4.874765350866235,4.457577155540216,19.869994097594002,7.364726120293108,6.581540370803342,5.9237276064975495,0.003954461071673671,12,40,5988,cb33bfac20acfa0f3f9d7c6b39f5475c5907c91a1a7d3477c2b05c874ea3c61d
100,C100-C1-264.xyz,C100-C1-264,C1,264,100,150,1,3,3,3.0,1.3885796267473165,0.035353690740137673,1.3088850942691648,1.46125408126034,4.4539672755671,0.14166617794085834,4.190544113370602,4.8488520913000634,4.456219675666248,19.857893797795,7.253321981432972,6.399514689191994,6.205057127170034,0.002365571613390893,12,40,5988,fd78d4334a2ba8e212267c531dbccb626a2e3b1359797c041a113665dd806c35
100,C100-C1-265.xyz,C100-C1-265,C1,265,100,150,1,3,3,3.0,1.3886651046389917,0.0334954806600147,1.3123354982625441,1.465972994294233,4.454126484155471,0.14627306548993493,4.159562733720578,4.832056627292048,4.456527633319802,19.860638546542997,7.223284151949122,6.598710517672716,6.038643876921158,0.002671018320734898,12,40,5988,7a92fca06db203f3265049d552fa18370e573124157549c6cb56359d6a870f62
100,C100-C1-267.xyz,C100-C1-267,C1,267,100,150,1,3,3,3.0,1.388567078586732,0.035835993057849985,1.2958979010709137,1.480539138287131,4.459968847919586,0.2951058571442399,3.8507355768302247,5.086535309055271,4.469721422117265,19.978409591333993,8.119644232329048,6.580707573720587,5.278057785284359,0.015207611189821505,12,40,5988,4ac32ac1e01b801a47fe0c94447604a70d2ba3ca3bca3f73b4f6b684c9c0c3a6
100,C100-C1-268.xyz,C100-C1-268,C1,268,100,150,1,3,3,3.0,1.3887083899188608,0.03273083310323404,1.3000011423071904,1.4758540070074682,4.459158861617757,0.2772346804619205,3.9605885766770825,5.070030305264949,4.467768662452769,19.960956821194998,8.168140604220682,6.310721710465715,5.4820945065086,0.01424490187516373,12,40,5988,d017b0428a2a164db93bca12f1a660ef1e193160f91bb7cc61b5a53b847d4ec9
100,C100-C1-269.xyz,C100-C1-269,C1,269,100,150,1,3,3,3.0,1.388614558359941,0.03484399676884095,1.2987492483154706,1.491874197109126,4.459541330251231,0.28365230677730296,3.8972637548594276,5.06210209372954,4.468553178307157,19.967967507358992,8.069725114591751,6.628226608529612,5.27001578423763,0.014748488904227771,12,40,5988,de429154e908043f4524e1e234a2773bac62a2f727c0fc22ba8f1dbdf628fec4
100,C100-C1-27.xyz,C100-C1-27,C1,27,100,150,1,3,3,3.0,1.3887728605132514,0.03169674381552804,1.3214852288239929,1.4599408378424108,4.46352049176187,0.35437429413668714,3.8386305566669217,5.323791658750086,4.477565892393209,20.048596320723,8.575426178852542,6.380370464201316,5.092799677669141,0.02314338933857352,12,40,5988,215584573fd1641f5d97a9988bb072d514ced42c25b314580e2d0156a6217630
100,C100-C1-270.xyz,C100-C1-270,C1,270,100,150,1,3,3,3.0,1.388610770400182,0.035011831266206245,1.2989358182758686,1.4930035532442647,4.46046843927297,0.2997464622239199,3.876062351721654,5.081612494044975,4.47052867560046,19.985626639366004,8.162965731223347,6.631616191251666,5.191044716890988,0.016589576355304874,12,40,5988,384f4ea661b3d9240707f702c699bb7035773200761d57c9df6fbd61a48b5515
100,C100-C1-272.xyz,C100-C1-272,C1,272,100,150,1,3,3,3.0,1.3885298455231023,0.036749879250454476,1.2954676877483284,1.4888811705438418,4.461458891260457,0.31284345770050936,3.805870964190326,5.088463056097293,4.472413941869984,20.00248646743301,8.192026682425036,6.736431050114115,5.074028734893859,0.018250775851008615,12,40,5988,fc0ced7fe03e15f51c3908b9e9e2f9d718f574d51693e52ec51534109672cb40
100,C100-C1-274.xyz,C100-C1-274,C1,274,100,150,1,3,3,3.0,1.3885561361947503,0.036045068584197204,1.2983757044861859,1.490427015992397,4.458427102882053,0.2621850675224369,3.93639819971951,5.032880918634476,4.466129559399839,19.946313241345003,7.947222908021179,6.587204423712039,5.411885909611785,0.012138778678534213,12,40,5988,fd96b57828f91ee534cfcd5027adf5db379d6b116cd901d362bcdb7209ab10c6
100,C100-C1-275.xyz,C100-C1-275,C1,275,100,150,1,3,3,3.0,1.3886058182207994,0.035122406950708826,1.3033054476982744,1.4878355117418054,4.4596066662660725,0.2786976251230231,3.8667407378237817,5.01577945559272,4.468306612583116,19.965763984054,7.970637551439226,6.78731403074372,5.207812401871056,0.014459815723782693,12,40,5988,57136df15593788b5ec1279af3ed948f8376576e9be404410347089dd645f2d6
100,C100-C1-276.xyz,C100-C1-276,C1,276,100,150,1,3,3,3.0,1.3886646686152848,0.03368229415584673,1.3000079576679522,1.4597435322685968,4.459245280201894,0.2778258418346467,3.929288711154476,5.034212144040615,4.467891635592117,19.962055667394004,8.089565639875694,6.548722818902624,5.323767208615686,0.01446025869845723,12,40,5988,9da14d2ac90ff4f4c1b4cc7fde99e1ce33139d338137a61a14ceb6619d894f30
100,C100-C1-277.xyz,C100-C1-277,C1,277,100,150,1,3,3,3.0,1.3886682276230218,0.03359210507945341,1.295942136053921,1.4642192356337902,4.459127935335131,0.27761820472161663,3.9138147347084526,5.032739279579363,4.467761610838138,19.960893811278993,8.01216264898867,6.664543110394033,5.28418805189629,0.014008859640102424,12,40,5988,18725be77b9336e41bcca6f36f385c852e5b565f2785db8ad0589f5766017594
100,C100-C1-278.xyz,C100-C1-278,C1,278,100,150,1,3,3,3.0,1.3886497071278519,0.034085794114245144,1.2945348237880663,1.458727729907127,4.4606462529053035,0.3061948975552547,3.8359041560045526,5.042667634085454,4.471143065128537,19.99112030884701,8.104470471428845,6.8062118503799915,5.08043798703817,0.017276016339921728,12,40,5988,53c41ae8255d74fccb8ba77b33da70842be8517de8f2febe8503345e927af84f
100,C100-C1-279.xyz,C100-C1-279,C1,279,100,150,1,3,3,3.0,1.388596518725908,0.03541800176401314,1.2951378999936647,1.4670374023861832,4.460552108079937,0.2995286229755564,3.86747986297563,5.0736023037997375,4.470597555682908,19.986242504877996,8.14740041346392,6.675327159515254,5.163514931898821,0.01671817766877518,12,40,5988,1a269727090603d5efe7d89451fb071cc4dbb26e3ad20c52b9b94d9f2e01e8f4
100,C100-C1-28.xyz,C100-C1-28,C1,28,100,150,1,3,3,3.0,1.388799020714743,0.030945353907141034,1.3130218962378348,1.4720945248182942,4.462765450284582,0.3463114656739673,3.873154672200557,5.324674107979662,4.47618220088403,20.036207095510996,8.566061942179681,6.272436127856075,5.19770902547524,0.02212177982417047,12,40,5988,a74b31c099bd58dea7dcabb2bf4d8ab3116e1f64bf8694eb0118948a817b1bf2
100,C100-C1-280.xyz,C100-C1-280,C1,280,100,150,1,3,3,3.0,1.3885409429315219,0.03682739835376449,1.2962478813868894,1.4862736255481357,4.461988351390263,0.3161199821074277,3.824928442751576,5.005564368197656,4.473172463814692,20.009271891030004,7.959513819495409,7.131960607069909,4.9177974644646865,0.018532064696058802,12,40,5988,3c57c7e7027c94e1659cffe02c7f5f21508fa9f637a443b4adfbe5d3fc87233c
100,C100-C1-281.xyz,C100-C1-281,C1,281,100,150,1,3,3,3.0,1.3885353180822069,0.03696883604259873,1.292155602085136,1.4870177672106006,4.4639987280899405,0.34154809360234,3.730102043988609,5.018214058384517,4.477045872518172,20.043939744632002,8.038122673383338,7.24031517322465,4.765501898024014,0.021743410426937188,12,40,5988,ac4ecc4001ffd29703ecd7cb521a89b1c0e904a3a41fc174fefea716bfd34d47
100,C100-C1-282.xyz,C100-C1-282,C1,282,100,150,1,3,3,3.0,1.3884956644339017,0.037435135656110965,1.2932180635917516,1.487948090492407,4.46029112002376,0.2857375731544529,3.857732860894466,4.976938790906012,4.469434285910801,19.975842836074996,7.771833675215904,7.131100015146141,5.072909145712953,0.014949696032984556,12,40,5988,761edd995a77e114d0b27f46dcab231ed4ba8c5feefe57f2e0dfb38af541f76f
100,C100-C1-283.xyz,C100-C1-283,C1,283,100,150,1,3,3,3.0,1.3885994295170423,0.03562427652989356,1.292820331677995,1.4655041112190714,4.4613478876633055,0.3079965371707315,3.8631724374965453,5.042143499409056,4.471966775554913,19.998486841667006,8.1093574695562,6.8366763590626185,5.052453013048188,0.017687470060136705,12,40,5988,b7ac74cfe0c3ed8bb9d5aa4a0654110078bf3c6157cc00501912d0f6aed71e6a
100,C100-C1-284.xyz,C100-C1-284,C1,284,100,150,1,3,3,3.0,1.3885629982475927,0.03606744373608521,1.2940778724636315,1.464424511540284,4.4595892491003,0.27775452201904804,3.870087502306246,5.001231614263331,4.468230504930671,19.965083845193,7.9063545459322455,6.872608308426122,5.186120990834631,0.014190180090806796,12,40,5988,9410dc9f175fd07e1d916e0410fe4b3e3da511becf0cf17e07b6c84a53d93d14
100,C100-C1-286.xyz,C100-C1-286,C1,286,100,150,1,3,3,3.0,1.3885939352959644,0.03513397869963499,1.3014391649247383,1.4703754996598657,4.457255226061363,0.24097263141829905,3.9892904178633075,5.005021082318835,4.4637643261426785,19.925191959344,7.852222168343494,6.56272633079199,5.510243460208518,0.010396861396211425,12,40,5988,8d2a30074b9a18edc9d9e4ba4f62428aa0bc20e13fc7e6ce385e1839f0256828
100,C100-C1-288.xyz,C100-C1-288,C1,288,100,150,1,3,3,3.0,1.3885723725567891,0.035658948928368545,1.2991056962387624,1.4745064191111548,4.458418527194496,0.26528448507943225,3.8968281212346274,5.003555484937186,4.466304022528582,19.94787162165499,7.861912543082715,6.778892352302785,5.307066726269492,0.012397593113855588,12,40,5988,0822bf4699f02fb5c9c72d4aa800dc10a21f8c8f54d620b4d835758ef5ec476d
100,C100-C1-289.xyz,C100-C1-289,C1,289,100,150,1,3,3,3.0,1.3885031360494935,0.037326827448748504,1.2957370180711827,1.4708102052950272,4.457590064817208,0.24145865994393115,3.960006864903267,4.952742192551617,4.46412493893473,19.928411470419007,7.663093858136503,6.88426854179286,5.381049070489643,0.010165097783502653,12,40,5988,678afaa5da7ff236afadf85c85c5c78b23d03c7960e6bd1ef3e1ef0c59c3dc07
100,C100-C1-29.xyz,C100-C1-29,C1,29,100,150,1,3,3,3.0,1.3886702479100868,0.034249849187100605,1.3100657998741894,1.4683868189274925,4.464362096632451,0.3714790956938404,3.747345597621602,5.323888487695249,4.479790804087396,20.068525648386,8.524644907868279,6.646674705201709,4.89720603531601,0.02451388608148934,12,40,5988,9f8e06b084256c44a0644870ad2e4a6bf7819ef909ee315d181a89c46ba63f79
100,C100-C1-292.xyz,C100-C1-292,C1,292,100,150,1,3,3,3.0,1.3885881315832511,0.0359398259985057,1.3057437152825975,1.463535530829368,4.464557397888783,0.34923318413710164,3.750854383344413,5.040548166445193,4.4781956830788445,20.054236575946,8.190853514565793,7.1100788518358415,4.753304209544367,0.023048828806405467,12,40,5988,6d01fe3948f2b2f5f1a8d8029a289f5e18bc14b901f904a4247a52c73193a450
100,C100-C1-296.xyz,C100-C1-296,C1,296,100,150,1,3,3,3.0,1.3886022025355622,0.035233958714841675,1.295887136289268,1.474355486305796,4.459979058467158,0.3023563869895966,3.8648303466492546,5.098663640149349,4.470216167784171,19.982832586719,8.141428561887608,6.619889860607824,5.221514164223569,0.016023038979209175,12,40,5988,3593891924944f146a5ee2b294cbb01d78ad50868484c6e968b5fd1e753bef69
100,C100-C1-297.xyz,C100-C1-297,C1,297,100,150,1,3,3,3.0,1.3886945760080591,0.03310446745980649,1.2937448782507317,1.475682476008982,4.459071814595472,0.2773290772318152,3.9568543209223668,5.064654215798153,4.467687641811813,19.960232864798,8.148871339900499,6.363715428215866,5.447646096681635,0.014209679726380925,12,40,5988,9e2b67b61b6193ffdae265056f616985ff0e9ecb1f4d6efadb810b814e5e157b
100,C100-C1-298.xyz,C100-C1-298,C1,298,100,150,1,3,3,3.0,1.3885990484156874,0.03523244251700531,1.2930770162677858,1.4707301655980272,4.459178677755494,0.276900253540456,3.8597258626021618,5.0431253600560035,4.467767701051612,19.96094823056,7.99220007880764,6.695528263559694,5.273219888192667,0.013925794834472613,12,40,5988,60370538f5d476b5718b8784f84e1d2c8a2ed3f244c239ae890024e3af606fa3
100,C100-C1-299.xyz,C100-C1-299,C1,299,100,150,1,3,3,3.0,1.3886558253189871,0.033684620738688484,1.29294953111094,1.462835592265925,4.457475383677501,0.24304092163278612,3.983979667671636,5.02770876479744,4.464096289920167,19.928155685678995,7.811540476684063,6.632722106993531,5.483893102001403,0.010232587195002273,12,40,5988,d7bb13329a6d50252bdf564f423d3f953a6792b65c3836131afcd317c0a7535e
100,C100-C1-3.xyz,C100-C1-3,C1,3,100,150,1,3,3,3.0,1.3887302687795275,0.032890687266678445,1.2967963024314964,1.4754100616438806,4.4771481640910205,0.5193546815360406,3.7719388347165705,5.594760569179257,4.5071703948771455,20.314584968457,9.849608083097177,5.331185503113363,5.133791382246462,0.051727476252903866,12,40,5988,be6d1729cdba9c535229ff4217ee87f350e733a29891e8bef512496564c15870
100,C100-C1-30.xyz,C100-C1-30,C1,30,100,150,1,3,3,3.0,1.3887353356728631,0.03268005283931142,1.2956717601306282,1.4798469718183702,4.462967812527352,0.35309979922796036,3.831348150524825,5.332818546222064,4.476914245757897,20.042761163870004,8.591959285193134,6.277587965509618,5.173213913167251,0.022732410365526638,12,40,5988,11d5fea880370612a94071d80ab822c7642cbb4a1f2793e8418e89e89f9bed58
100,C100-C1-300.xyz,C100-C1-300,C1,300,100,150,1,3,3,3.0,1.3886617875168512,0.03371501184690864,1.2978282860224615,1.4639253874429532,4.45860621797015,0.26816248650383434,3.9062473080835525,5.020097964075004,4.466663242968962,19.951080526090003,7.926853329682361,6.701669704681049,5.322557491726593,0.012794239981788543,12,40,5988,6195ea892aa343fa752acc818433767276b1e2a57c5e43d5b555ba40d333dd4a
100,C100-C1-301.xyz,C100-C1-301,C1,301,100,150,1,3,3,3.0,1.3885955922608721,0.035180478777451465,1.2987305879203739,1.473827391521816,4.456908600014237,0.23417857786554802,3.9574144903444215,4.973826075325513,4.463056561955271,19.918873875212004,7.713818117357981,6.667553993988836,5.537501763865188,0.008957571331910677,12,40,5988,560a018fc55c56f08926bf5ea5033dfa317381427f2b10b199fcea2e248ab3ce
100,C100-C1-302.xyz,C100-C1-302,C1,302,100,150,1,3,3,3.0,1.3886531373168136,0.034240071361452164,1.302865046733544,1.4633848331864043,4.461439819356463,0.30842026479881324,3.858466020677388,5.013281830809235,4.472087691613168,19.999568321477994,8.095620370577931,6.864893755798722,5.0390541951013414,0.017739484375676774,12,40,5988,25951432cfae44945575b444b1325a319f9e8c09467fbd8767bed85f6f06ecbb
100,C100-C1-303.xyz,C100-C1-303,C1,303,100,150,1,3,3,3.0,1.3887424848017602,0.03185405636073814,1.3102183558476046,1.4572367172151544,4.4593107580729665,0.280186263476102,3.9125432931910162,4.974277547553414,4.468104383215101,19.963956779305995,8.044257321944912,6.633431412575139,5.286268044785945,0.014316283674730422,12,40,5988,ab79abaf1e697897d80fe43f306c787810262ac0d9f5de9467a526af11f8adf8
100,C100-C1-305.xyz,C100-C1-305,C1,305,100,150,1,3,3,3.0,1.3886364620404135,0.03431309893539704,1.3043830917334065,1.4637091821806678,4.45965724115454,0.27964769186404664,3.8556372382724233,4.967356656266289,4.468416446588992,19.966745540146995,7.88156341640005,6.92798920553009,5.157192918216857,0.014381808514463147,12,40,5988,4740939bd53b568843b27d5a1183576f52e46d5dd9df07d0d8050ec5dc4471b5
100,C100-C1-306.xyz,C100-C1-306,C1,306,100,150,1,3,3,3.0,1.3886101379255111,0.03533289379354653,1.3056551535531884,1.473964595911313,4.462161821607384,0.323281550539888,3.7784230956405604,5.047647004126774,4.473857293558882,20.01539908313,8.170628820635985,6.885755638908062,4.959014623585954,0.019566976779844043,12,40,5988,e91458ad5b6159c1f440f9ee9e9ac792062c062a44f29302940958c98a0e7041
100,C100-C1-307.xyz,C100-C1-307,C1,307,100,150,1,3,3,3.0,1.3886534038441822,0.034115106995292827,1.30535470275324,1.4750411011222706,4.459752557093545,0.284665274165268,3.8539366217650755,4.982607991943778,4.46882839106829,19.970427188818004,7.904167442041253,6.916551848503243,5.149707898273507,0.014648499558142588,12,40,5988,c5e550b00135ae6b78d03f2337466e1a3f937053a72eb5b5a6afd30c24086fa9
100,C100-C1-308.xyz,C100-C1-308,C1,308,100,150,1,3,3,3.0,1.3886895775412311,0.03285411432921169,1.3107096894430896,1.4773583553085554,4.456782767066508,0.22438755891759915,3.9385674181587906,4.9242330419246,4.4624278604161205,19.913262409417996,7.566406942957828,6.857755484610205,5.489099981849964,0.008436276789961126,12,40,5988,8f7367a849bdad4f689771b9227722d14ac5357334888899f14bf7a674f9baa9
100,C100-C1-309.xyz,C100-C1-309,C1,309,100,150,1,3,3,3.0,1.3887301719158958,0.03203913664744488,1.308686685192449,1.4641381423895765,4.45777415540976,0.24855482720477629,3.9820444131418222,4.937961982704403,4.464698189437446,19.933529922766006,7.860780037276263,6.59999377506186,5.472756110427882,0.010775134668140713,12,40,5988,83ae3aadede6e430a55851f2abba2a566b5132a3c4d924c629787c33cfd7d2d9
100,C100-C1-31.xyz,C100-C1-31,C1,31,100,150,1,3,3,3.0,1.388507526194473,0.03757098838160805,1.291861114826203,1.4906619502757827,4.463847421344525,0.37219246479991935,3.732221515974367,5.3414163061029045,4.479337119697289,20.064461031898002,8.569832354232002,6.497014681203745,4.997613996462256,0.023977091511682078,12,40,5988,97aceeffe3c0e1649863bbd2db5959d4a320fc19c127d5ffa680b2b1d31f87e5
100,C100-C1-311.xyz,C100-C1-311,C1,311,100,150,1,3,3,3.0,1.3886172348093604,0.034636874239348955,1.3015033000342335,1.4760657878292553,4.4584270555878085,0.2539489013652503,3.8711607932890106,4.9448318326206,4.465653575290184,19.942061854502004,7.734098299586784,6.90389364396647,5.304069910948751,0.011508724981862586,12,40,5988,86449d15d17d665798a91012ddad951f317406afdc07c5046582b214ad1d3b08
100,C100-C1-312.xyz,C100-C1-312,C1,312,100,150,1,3,3,3.0,1.3886969287415467,0.03271225209503499,1.3089822649677114,1.475544228412012,4.458214602659074,0.25768560346165953,3.8769483833559093,4.948135510210488,4.465655530109102,19.942079313594004,7.7185892758712,6.950046173724357,5.2734438639984464,0.011793698359047294,12,40,5988,f16ce4d1bcc59d72f114ea55a3ae777ad8fa9941344c95c4016d7f3fd90c6581
100,C100-C1-313.xyz,C100-C1-313,C1,313,100,150,1,3,3,3.0,1.3886902008193491,0.03279391124862566,1.3099734272114074,1.4761047591549863,4.457065625704905,0.22713109943543405,3.971855256467562,4.941591734626505,4.462849149161441,19.917022528170996,7.657886628185081,6.784048690127454,5.475087209858459,0.009127563852428347,12,40,5988,390b28d14c1b7324621745edc862e618eb14fca2566b59ab13eae440e582419c
100,C100-C1-314.xyz,C100-C1-314,C1,314,100,150,1,3,3,3.0,1.388592898502008,0.035619366873366705,1.3060040352158184,1.4779718840356877,4.460647697308621,0.2983123249235488,3.820799166888257,5.00600884245064,4.470611604993885,19.986368122706004,7.999585641051236,6.892429367606009,5.094353114048758,0.016146064194844302,12,40,5988,471449c10a53609e9a2ba7e370df99ed62f52ec3bcb02c22b65a219aa32868fe
100,C100-C1-315.xyz,C100-C1-315,C1,315,100,150,1,3,3,3.0,1.3886707459381629,0.03372259740213386,1.3024088643740104,1.4788108567359113,4.460014500767864,0.29054102188397546,3.852622924793315,5.03263105640012,4.469467913796563,19.976143432457,8.03444503073297,6.768747271022406,5.172951130701622,0.015457734204530404,12,40,5988,cd78d1d50006098327fd429d60a3380b588b06a4aef5c32abf61b59b6e0f15fc
100,C100-C1-316.xyz,C100-C1-316,C1,316,100,150,1,3,3,3.0,1.388662836248715,0.0337992586951377,1.3051234654238655,1.476835999696649,4.459283552166696,0.27471584629501156,3.9046472093096964,5.021315220833084,4.467737525283911,19.960678594830004,7.988639936311173,6.699352583343055,5.272686075175776,0.013897147543275708,12,40,5988,f7e7e4255cb22d79ea422dae2bad37c82d9cafc0872dadab5e5bf15dd5b9df90
100,C100-C1-317.xyz,C100-C1-317,C1,317,100,150,1,3,3,3.0,1.38874721135947,0.03173703947484894,1.310454688266634,1.474492400794253,4.458572204980005,0.26385949236427825,3.9577834399786203,5.019939948183543,4.4663730183148616,19.948487938731006,8.040592427277913,6.4167216876100035,5.491173823843092,0.012556008096168282,12,40,5988,ae7ace2483792e0c2d9ffc13bfeb3540b133222def2a53ab41054d31e2900c6b
100,C100-C1-32.xyz,C100-C1-32,C1,32,100,150,1,3,3,3.0,1.3886729756867304,0.03419577552897579,1.3049781185904996,1.4801178128784207,4.465524858421815,0.38411273619581654,3.72660713590915,5.340806659598249,4.482014597844478,20.088454855290998,8.754328836991622,6.359886681483562,4.974239336815814,0.027187046117099586,12,40,5988,a58429b0608c8183a7b650f6c07be1ebaebea3555368acd2aa91e43b054fca6d
100,C100-C1-320.xyz,C100-C1-320,C1,320,100,150,1,3,3,3.0,1.3886072393091407,0.03471141221914016,1.2948682751538863,1.4771752299575027,4.455584710137191,0.19176910604600478,3.986358424772915,4.837205212305758,4.4597096877758755,19.889010499241998,7.3263359250269104,6.908792027339919,5.653882546875169,0.005746403339609948,12,40,5988,d71ac729401f4fe55d036c520818c37793828939320ac5cb9310e9eca8038fb4
100,C100-C1-323.xyz,C100-C1-323,C1,323,100,150,1,3,3,3.0,1.3886217644403074,0.03416694390812267,1.3099047675308306,1.478930427707808,4.453302874675617,0.10537095410445048,4.243344179057009,4.682636847667882,4.454549307344459,19.843009531563,6.927430357860118,6.604902398155645,6.310676775547235,0.0007250605639968021,12,40,5988,9aece1e9d68acf13373432c91ea262f31533701b7d6cef468898b880922ec161
100,C100-C1-324.xyz,C100-C1-324,C1,324,100,150,1,3,3,3.0,1.3886336405299224,0.034915374673829484,1.3005329868942193,1.4651994983619125,4.4621047545965125,0.3119060392236816,3.8133016091050282,4.988995508015917,4.472992758578646,20.007664218297002,8.122634191814443,6.892552664981106,4.99247736150145,0.01863729886028949,12,40,5988,bfbab93d1ae20c05300dc01f3f9ced8f697f94d12db9e7b202200794e772d881
100,C100-C1-325.xyz,C100-C1-325,C1,325,100,150,1,3,3,3.0,1.3887656867331708,0.03143610693471369,1.305364443364381,1.4799601717613886,4.4587427185649,0.26244807308587403,3.9696740704720326,4.969258809820435,4.466460077222453,19.949265621422004,8.031161018270915,6.506864015871849,5.4112405872792415,0.013050948083897233,12,40,5988,7e141519a2fcfbdc1d5d2c0d6003a75a4d77f2d236f54b45936aff1621e72bf9
100,C100-C1-327.xyz,C100-C1-327,C1,327,100,150,1,3,3,3.0,1.3886772384886714,0.033636753264027805,1.300153602463955,1.4642141749074826,4.458775444146616,0.26065896770906016,3.91865150364612,4.953072534036625,4.466387976740489,19.948621558771997,7.922212082999641,6.718275762317676,5.308133713454683,0.012905432161623279,12,40,5988,f1a741f81c8ddd8b3faa6968a7faa36e900267bb05541e45864e61843e46e13a
100,C100-C1-328.xyz,C100-C1-328,C1,328,100,150,1,3,3,3.0,1.3886235889465244,0.034975652787918456,1.3016353137495924,1.4667135269029195,4.460599317043995,0.29387886389743634,3.8313084697060087,4.966293406338473,4.470269684690064,19.983311053859005,8.021211048754992,6.872324728035327,5.089775277068687,0.01639076555567936,12,40,5988,55ce44ab30836bdc9039d1b5e00df55aa21bf0e47b09f13e24d24d8398012134
100,C100-C1-329.xyz,C100-C1-329,C1,329,100,150,1,3,3,3.0,1.3887588252234437,0.03153730326667354,1.3035208820728577,1.4814241458812532,4.457771664059717,0.24027647268981575,3.97643218488358,4.899040435327922,4.464242488062449,19.929460992222005,7.881350990985514,6.541808890665889,5.5063011105706,0.010709801825675653,12,40,5988,7d43659b1d6c6d08db5f72c072c8ccd1e2f902ccd3b4a864baa700c97ed3032f
100,C100-C1-33.xyz,C100-C1-33,C1,33,100,150,1,3,3,3.0,1.388646736159474,0.03453713489815638,1.3168172690240663,1.4842712757444307,4.463412747177372,0.36439352290558086,3.740802539629564,5.300700087620407,4.478262608557141,20.054835991201003,8.408053728951149,6.719648718491552,4.9271335437583,0.022601675895986724,12,40,5988,927cd83ee29d94f2657051555be76861d2d814acbc75c4f1fcdf3ecc2f132743
100,C100-C1-331.xyz,C100-C1-331,C1,331,100,150,1,3,3,3.0,1.38871466550145,0.03286825248164251,1.310296157362907,1.4641271427031193,4.459202963852339,0.2650380412573099,3.901496330147832,4.941936652645095,4.467072445813141,19.954736236143,7.897689202883592,6.800988341215157,5.256058692044248,0.013269710934319017,12,40,5988,7b66129b231ef5a5491dd4decbe66113860b14fa0b1398e958c1596c719afc80
100,C100-C1-332.xyz,C100-C1-332,C1,332,100,150,1,3,3,3.0,1.3888054671274492,0.03070831065972449,1.3107961931589516,1.4623902010065575,4.4595439688628415,0.276053918974277,3.9567489613820586,4.964365437978755,4.468079920547752,19.963738176402007,8.084316358380889,6.572601597119985,5.306820220901133,0.014555192943504337,12,40,5988,a125622a1e9d9ab8d24e46e9e150d45e197b2068af02e2d2ee2d32a7c9b49e93
100,C100-C1-333.xyz,C100-C1-333,C1,333,100,150,1,3,3,3.0,1.3887324110895098,0.031914046899695195,1.3061879344106653,1.4658742817854469,4.456760080209211,0.22169717419848103,4.026420676631542,4.914775078984388,4.462270727958357,19.911860049594,7.754495565014444,6.583037965814923,5.574326518764635,0.009007906646754429,12,40,5988,be2a2e4d5f4d3131ad36026df9c54a3eb605aa9cc638f19ffae48366c47d1a0a
100,C100-C1-334.xyz,C100-C1-334,C1,334,100,150,1,3,3,3.0,1.38873492128558,0.03185824229196149,1.3031645368102986,1.4613663777437882,4.456410265524703,0.20999234307006076,4.024175945579169,4.878117855380085,4.461355089972328,19.903689238822004,7.6302458776322135,6.697196585857325,5.576246775332464,0.008009481403495567,12,40,5988,300d04d6e21bb778d089879c1d2cc08e516be42b98b037c0e05acb22c30570f3
100,C100-C1-335.xyz,C100-C1-335,C1,335,100,150,1,3,3,3.0,1.388687657364601,0.03317169903019139,1.3094383987038105,1.4664550487485117,4.45815202799585,0.2507488116910921,3.9383374213380953,4.908939661832482,4.465198144683839,19.937994471287997,7.797620677459066,6.8125110109369755,5.327862782891957,0.011665124944484254,12,40,5988,b1083cc24c8dc836e9f1296ce6940578c9bab3a28259375702bf1b62d4cc25b7
100,C100-C1-336.xyz,C100-C1-336,C1,336,100,150,1,3,3,3.0,1.3887803613572094,0.031047130439694436,1.3113982842752234,1.466968097812628,4.458161839435278,0.25011649075792497,3.968798923358804,4.928400722775494,4.4651724765731045,19.937765245545993,7.918301735126691,6.592209208813273,5.4272543016060295,0.011724049109094878,12,40,5988,b5337c707655770235778c834651313590b5b3c7c96ad37e04d6fabfd311230f
100,C100-C1-337.xyz,C100-C1-337,C1,337,100,150,1,3,3,3.0,1.3888176655009856,0.029964699103997947,1.3190478232422052,1.4626888390905293,4.455746206494624,0.19353136421461728,4.078440938051451,4.8578189160542,4.4599471572683465,19.891128645626,7.59498560131042,6.553584310010069,5.742558734305512,0.006538194000489706,12,40,5988,3e1dfa46e67889778fc15af6e636d98f8e7d2f869f91e286984594111804b9f1
100,C100-C1-339.xyz,C100-C1-339,C1,339,100,150,1,3,3,3.0,1.3886388063041668,0.03415746808735682,1.3021957226162277,1.4769302251629899,4.4570277361767605,0.22368037300142782,4.002284613965504,4.912655437193312,4.462637017539629,19.915129150315,7.832592678131455,6.460472154180368,5.6220643180031775,0.009419875230307746,12,40,5988,220335882c2c127807fac1a606193d18375b630b42831be11428291a48986e76
100,C100-C1-340.xyz,C100-C1-340,C1,340,100,150,1,3,3,3.0,1.388744707083546,0.03171567563161173,1.3041730329983057,1.4578490628319518,4.456854630226721,0.22497357821226746,4.074105880807837,4.925975590076853,4.462529137817142,19.914166305867,7.904351705215504,6.268834725245821,5.740979875405676,0.009624589395533376,12,40,5988,72e770c095dd498465abcbc267ce6943c3fb44c233dc13d08daca5ba79d32f34
100,C100-C1-341.xyz,C100-C1-341,C1,341,100,150,1,3,3,3.0,1.388764033353945,0.03135876691586245,1.305205140964439,1.4641682246244792,4.45767836909657,0.2467271219617809,3.9876297192789854,4.926953634333999,4.464501172026165,19.931770715023,7.916364833217617,6.569581800754989,5.445824081050392,0.011553981973158796,12,40,5988,4f515af02cb1c36e32466a8cc1526803e085908aa12295b5d1115947c2c93c9b
100,C100-C1-342.xyz,C100-C1-342,C1,342,100,150,1,3,3,3.0,1.3887655908757741,0.03128990358132232,1.303081586087379,1.4592818679062656,4.457045930267498,0.22967365775144039,3.9987914768991146,4.919546923947469,4.462959602503591,19.918008413579006,7.830090431416315,6.54606478473195,5.541853197430741,0.00994788763470772,12,40,5988,80aec186ad9a954d2f12a63e8d367cb651ecfa2d52f116ed7b06875f539bd54d
100,C100-C1-344.xyz,C100-C1-344,C1,344,100,150,1,3,3,3.0,1.388812266754979,0.02975205949562001,1.318399078428076,1.4622772479936899,4.455529390833811,0.19171888390582673,4.131973421353289,4.882917312915508,4.45965226032591,19.888498283030003,7.713043435087794,6.2370723833411335,5.9383824646010765,0.006847548222400108,12,40,5988,f3587283ecfa4b9194c60fb61e2aea3849840f3b664b0fe41727d219844e47d5
100,C100-C1-346.xyz,C100-C1-346,C1,346,100,150,1,3,3,3.0,1.3888314490771638,0.029472512406626218,1.319325778570251,1.463008004079267,4.456265296850145,0.2110281087369432,4.0438780203428495,4.8810199694133605,4.461259156178668,19.902833258588007,7.715640013034856,6.54477167727766,5.642421568275491,0.00818357787214275,12,40,5988,2b379f978c1649564d23e6d90c3a4a09661f837c5ee662d17db81f25dbbd324a
100,C100-C1-348.xyz,C100-C1-348,C1,348,100,150,1,3,3,3.0,1.3887710354199545,0.031219276821442127,1.3107635828020248,1.475782348451153,4.45831680900222,0.25098753843022054,3.9564243817139992,4.923498968439112,4.465376077541397,19.939583513878997,7.830861724209996,6.776138335048006,5.3325834546209965,0.011868706287357781,12,40,5988,681c189e51f604e37f3d915ec410968f82544cc621182b3b1cf544fc72d30b4f
100,C100-C1-349.xyz,C100-C1-349,C1,349,100,150,1,3,3,3.0,1.3887736853193913,0.031367889596372246,1.3150143953584692,1.4767816223125203,4.459747905320694,0.2782243663496799,3.861498365616254,4.936434320707306,4.468418084405599,19.966760177043,7.902543568044344,6.906441356866652,5.157775252132003,0.014528008048315305,12,40,5988,d1b5aa59d387e7cd2a7dc6e5c523be6e5cc2e6cbd81fba36547e76bf656ea70c
100,C100-C1-351.xyz,C100-C1-351,C1,351,100,150,1,3,3,3.0,1.388672506414145,0.033414245407057036,1.3058260565634308,1.4767042594913853,4.456815566137779,0.21974225172686826,3.988991327470893,4.879767054403109,4.462229448130386,19.911491647762006,7.63160843350257,6.79027536382721,5.4896078504322245,0.008812505210097445,12,40,5988,3af11e939ff5ecd1f5cbb9614cb90f60af0500d8444bfad2efe2b20bc0adc960
100,C100-C1-352.xyz,C100-C1-352,C1,352,100,150,1,3,3,3.0,1.3887630219913816,0.03127993738322754,1.3086397365203306,1.4609470182042876,4.456511054687489,0.2172675749443588,4.032179124980189,4.894893970161764,4.46180411713401,19.907695979674,7.752609308989316,6.546350598610563,5.60873607207412,0.00874348657516068,12,40,5988,1dacd0ac438f47c6618a4b730f7d9dff1489dffea312a2a7ba1c7f72302da666
100,C100-C1-353.xyz,C100-C1-353,C1,353,100,150,1,3,3,3.0,1.3888234171687706,0.029676606785912208,1.3195854917359466,1.4616494826051836,4.4551195900435445,0.17856907796209986,4.1146251263275495,4.859539220338283,4.458696836206069,19.879977477194004,7.523094658365958,6.549949979186725,5.806932839641323,0.005622652533109117,12,40,5988,87212d2c1784381140e201761c9a2af4e48a19e7ae2b68727e59e0665a146ea5
100,C100-C1-355.xyz,C100-C1-355,C1,355,100,150,1,3,3,3.0,1.3887163277503713,0.03295193731567971,1.3019911597242126,1.4636961774903974,4.460189254592307,0.28887090652109787,3.8735694823102116,4.960975991887584,4.469534045895053,19.976734587415002,8.056400568455294,6.763937666348299,5.156396352611409,0.015867737825287238,12,40,5988,440740611e87aa21808ff4024a8aa8a11ccdb89f14abedd419c6080780a9d4e8
100,C100-C1-357.xyz,C100-C1-357,C1,357,100,150,1,3,3,3.0,1.3887890408060295,0.030283633705389213,1.3196441982595155,1.4580049965620832,4.45696429271481,0.2237690760274405,3.9976409762232272,4.887770063288472,4.462578100820309,19.914603305921,7.7420409986139545,6.63406546987075,5.538496837436295,0.00918260811363979,12,40,5988,4c119c1c7e7e564b719d9fb3df7eac619626a47e83513b07dd46db5bf48aa3ef
100,C100-C1-358.xyz,C100-C1-358,C1,358,100,150,1,3,3,3.0,1.3887265797573831,0.031841862519239233,1.3033909697400852,1.4603933340028639,4.456811902974291,0.22050332649571314,4.006203823897506,4.8071290117918615,4.46226333327483,19.911794055489,7.649752971464431,6.787000694420444,5.475040389604127,0.009073552825882415,12,40,5988,d32725611a486cd46f4ba3ebdad3295b7d8c30cd7e4ae6a031f48f875f34e462
100,C100-C1-359.xyz,C100-C1-359,C1,359,100,150,1,3,3,3.0,1.3887048574908019,0.032935186575829244,1.308054731270829,1.4660773410703818,4.458664689499985,0.2641011050336733,3.9036352734759943,4.924611296267554,4.466479621253633,19.949440207073998,7.834726217556228,6.874736348419505,5.239977641098264,0.012973933972375394,12,40,5988,fc3d2df8886cb2d873f4745ed92cca96b889c36b431d114d80ce07caf9745a0f
100,C100-C1-360.xyz,C100-C1-360,C1,360,100,150,1,3,3,3.0,1.3887521084547318,0.031451715308866174,1.307576739621809,1.4742852912513236,4.456897704402312,0.22518161148815155,4.004434246961861,4.873858434037758,4.46258264972863,19.914643905659005,7.697521821581505,6.716948221819132,5.500173862258365,0.009166074178134719,12,40,5988,7357802eb5f600c0770368e5b49c11287ef8be8af434afb9ddd324ee55c50ef6
100,C100-C1-361.xyz,C100-C1-361,C1,361,100,150,1,3,3,3.0,1.388754071539088,0.031636413359804876,1.3058968297687226,1.4645398219235968,4.458133948021366,0.25226549742170645,3.9094853115608457,4.895267157174366,4.4652655217456,19.93859617969001,7.739148379918615,6.913443427731165,5.286004372040231,0.011757411763006438,12,40,5988,a5f194e2797ab73d2530f17867f23f27d6c53e996f1cd8e1c29a64f23e1ca2b2
100,C100-C1-362.xyz,C100-C1-362,C1,362,100,150,1,3,3,3.0,1.388817541764056,0.030007641611962677,1.3168895701614467,1.463537447419778,4.4566798662768665,0.21998162179011474,4.005105522142581,4.802223622978943,4.462105707443851,19.910387344402995,7.632197316519596,6.797361535941771,5.480828491941628,0.008902849383135996,12,40,5988,6e864205a79fd516f27caa5116eef39d3156f0a90d091b1f39e060c1c73f31e8
100,C100-C1-363.xyz,C100-C1-363,C1,363,100,150,1,3,3,3.0,1.3887926299521662,0.0306842531365038,1.3138196299340332,1.4633776921902286,4.457941947334168,0.2457953272388333,3.9511486369037043,4.932138365932773,4.464712952552942,19.933661748694007,7.881911068361412,6.627087122244035,5.424663558088559,0.011398579388930742,12,40,5988,dbec2ec2e86159e049258f07174b035731087e07edd543d2bf26296a0f19f1b4
100,C100-C1-365.xyz,C100-C1-365,C1,365,100,150,1,3,3,3.0,1.3886432247848857,0.03455904308619255,1.302184430101973,1.4740046607796053,4.460712508353919,0.29062494025615176,3.8168292417287937,4.974302536448302,4.4701699003599416,19.982418938084006,7.970309144264918,6.935540930745819,5.076568863073271,0.016153706472702357,12,40,5988,7012235e09d0c2e506a884d051660b1e513404fbbbdd74087b9a451c156d9a09
100,C100-C1-366.xyz,C100-C1-366,C1,366,100,150,1,3,3,3.0,1.3886543003310556,0.033796296228032735,1.3066942871230443,1.4740895122074509,4.457198803153115,0.22629654517124728,3.967936439134831,4.858095653444258,4.462939759529137,19.917831297185987,7.696624411255913,6.7697592919222505,5.451447594007824,0.009626239607303556,12,40,5988,ee65597d2108bbaf9101b44364f44181df18148132f5f5f1567cd785e8954956
100,C100-C1-367.xyz,C100-C1-367,C1,367,100,150,1,3,3,3.0,1.388598867443624,0.03513436875223303,1.3049527424393574,1.4858144601530838,4.458805155578608,0.2611082091310528,3.8728360921306746,4.9226889472228486,4.466443877660393,19.94912091229001,7.8304038821148785,6.8673698343699705,5.251347195805161,0.01280317997413306,12,40,5988,74c9bcf44fdc8fc1f419c40bfb34bffe54b662e12e797140b2ee49fd798b1056
100,C100-C1-368.xyz,C100-C1-368,C1,368,100,150,1,3,3,3.0,1.3887239742697124,0.03213159330838096,1.3065178069969043,1.4770337876974922,4.458483641703305,0.2521614631343241,3.9228745581491635,4.898985055475674,4.465608781210689,19.94166178682601,7.8348639913880636,6.789504975080667,5.317292820357277,0.012068237136439565,12,40,5988,bae5cd66930b1327589c4fcf584cb2509cf1341f226bcdb53f9104a48d92c291
100,C100-C1-369.xyz,C100-C1-369,C1,369,100,150,1,3,3,3.0,1.3888276074472572,0.02968102186573063,1.3178977881459548,1.4652779702158905,4.457198545216338,0.23218158007767511,4.015184686660627,4.923611659279598,4.463241776736501,19.920527157605996,7.842275832783485,6.524485272942342,5.553766051880168,0.00997429202017399,12,40,5988,9e32e6fe2aaf584ea969719e5f91eeba3295954d76f8ee7befe13ba0af23a3a6
100,C100-C1-370.xyz,C100-C1-370,C1,370,100,150,1,3,3,3.0,1.3888081863241786,0.030192499051019745,1.3216856055809942,1.4636934412642562,4.4555093309565885,0.18379443629712516,4.055934078168061,4.794582687955751,4.459298576352003,19.885343793055,7.473596385662489,6.708944869607673,5.702802537784838,0.0059843237919401625,12,40,5988,0552ce3db0134345bde1f769705887a5cda909f4c6db31bc209b906035bd9c36
100,C100-C1-371.xyz,C100-C1-371,C1,371,100,150,1,3,3,3.0,1.3887160215227152,0.03209387427720801,1.308965247819819,1.4771485944210216,4.455399344800679,0.17984154599449165,4.068363292932921,4.7653911778241245,4.4590275064542935,19.88292630331599,7.408946998649822,6.805380698451503,5.668598606214665,0.005925896520397638,12,40,5988,9409c724bf612633126f47cbd5723d008763fa9243ead6a9119366fd7e0a2604
100,C100-C1-373.xyz,C100-C1-373,C1,373,100,150,1,3,3,3.0,1.3886903861709026,0.03280267910566921,1.3079212896806902,1.4866877345293463,4.456640345919408,0.2159180755502903,3.9665245360357977,4.783170387846747,4.461867746608588,19.908263788226,7.5802881966178175,6.850796162483196,5.477179429124987,0.008631561131446242,12,40,5988,41aff5e1b33e796b199fc5a1567ad99abb6690c7def441cad17fa53ae9b53ad2
100,C100-C1-374.xyz,C100-C1-374,C1,374,100,150,1,3,3,3.0,1.3887465412619808,0.031670954088641276,1.307810314992201,1.4757043775770267,4.457813942483135,0.24089881568195273,3.9614479669694003,4.870276268673678,4.4643182441660665,19.930137385193994,7.688068501151575,6.900593803200515,5.341475080841907,0.010771959625761643,12,40,5988,2f6be3fb6bb0dabd4aa148ab713aed5ec2ef2d49a55e3780bcb8fbb4519226c9
100,C100-C1-375.xyz,C100-C1-375,C1,375,100,150,1,3,3,3.0,1.3887055010862275,0.03294731632241647,1.3064524522538123,1.4824399515663358,4.458932645054499,0.26238956181086076,3.898319557080974,4.919690267600187,4.466646237982139,19.950928615279995,7.855529382478458,6.82781096954725,5.2675882632542885,0.012797646866029215,12,40,5988,24d4fe635270d776225d9af6f00713dae67de749b7600fdde582539193e9a505
100,C100-C1-377.xyz,C100-C1-377,C1,377,100,150,1,3,3,3.0,1.388772026059417,0.030616521163504877,1.3171230504398592,1.4591730843186494,4.455566638714678,0.19090331546830755,4.178624287934487,4.882122488725165,4.459654487500574,19.888518147884007,7.709578764483213,6.202492774729305,5.97644660867149,0.006732536529859254,12,40,5988,811aae28333616a2619e4c35c130e614f37d590045f99a2f11a3a6f0840f1bb0
100,C100-C1-379.xyz,C100-C1-379,C1,379,100,150,1,3,3,3.0,1.3887836015364656,0.030409594484913337,1.3170556442307213,1.4600150615661471,4.455922672117126,0.20121494119117764,4.082627056657759,4.870834093269242,4.460463463861799,19.895734312445995,7.689519826606862,6.504571301054749,5.701643184784384,0.007579383608307602,12,40,5988,8b0a9a7a3a1ca83aa68d41e69f7aa2b4d66f0d89b014fc945f32b7ceeedcfa00
100,C100-C1-380.xyz,C100-C1-380,C1,380,100,150,1,3,3,3.0,1.3887888000587123,0.030279161670728697,1.3192735955820536,1.4618405556010547,4.45491007609697,0.1686217718436163,4.1146034696614455,4.7516835243679685,4.45810016577129,19.87465708805,7.428410882239181,6.672145903018856,5.774100302791964,0.005209044727409076,12,40,5988,ae39e00af99ad796ff5d6ff1c2d0fb5595fe6319a8a331cbb79147796642df20
100,C100-C1-382.xyz,C100-C1-382,C1,382,100,150,1,3,3,3.0,1.3887888176215268,0.030503900014070138,1.3168125303170528,1.463765039205405,4.454671098023327,0.15789793705317312,4.1170119887741405,4.748110054148913,4.4574686033768085,19.869026350089996,7.372967837763229,6.575340064210894,5.920718448115871,0.0040196846609166365,12,40,5988,e2702bd2d09fb21c4e90fa19b3b165f2c1ae394fff383eb6d0e1e7da56715dd4
100,C100-C1-383.xyz,C100-C1-383,C1,383,100,150,1,3,3,3.0,1.3887345625891307,0.03175361507571095,1.3079738720632,1.4759352729710065,4.455818985968535,0.19721820811815854,4.048345446644715,4.846391511152293,4.46018137045244,19.893217857331003,7.586850341618377,6.601048761689021,5.705318754023604,0.006714378821127659,12,40,5988,5aabf400cedb628afd9799fe21e894a6b782b06e706902b055667491bfc9e03c
100,C100-C1-384.xyz,C100-C1-384,C1,384,100,150,1,3,3,3.0,1.3888038553154485,0.030090112345200006,1.322806542923038,1.4630349380653902,4.4560202323160425,0.20037138693207726,4.057763060010897,4.787929785762214,4.4605229517973575,19.89626500351101,7.5578808223376175,6.740780603799244,5.597603577374147,0.007347513460250964,12,40,5988,b5af4f18ba36de29e10c207d72ae32f2cbd3c77fd08aafb8599de29de3d2a995
100,C100-C1-385.xyz,C100-C1-385,C1,385,100,150,1,3,3,3.0,1.3887521697217708,0.03148919645012004,1.3091268884260225,1.4638067802821517,4.456606552355591,0.21684962806333957,4.002892920739948,4.814433596666382,4.461879169552891,19.908365723690004,7.672187816349785,6.708737156815333,5.527440750524883,0.008734401640432312,12,40,5988,f949ac13fecf82a138316162849ade4b959d3157f9c207b3f4bea0d71309b255
100,C100-C1-386.xyz,C100-C1-386,C1,386,100,150,1,3,3,3.0,1.3887589275299392,0.03156454877274225,1.3041689844494844,1.4654336559530767,4.457282910589207,0.2302025811158821,3.948168329886278,4.878707123687278,4.463223518196574,19.920364173383,7.635044382232335,6.857854230519458,5.427465560631206,0.009479642283962971,12,40,5988,0e1284fadec522ce8610d84b8a1fd009dedf1a5d3766e31a1cb0a17f9def510b
100,C100-C1-389.xyz,C100-C1-389,C1,389,100,150,1,3,3,3.0,1.38869988894431,0.03323180473675176,1.31207724620161,1.4751034845054092,4.460800700246075,0.29521652756937095,3.826916957229932,4.893869521466015,4.470558766582316,19.985895685466,7.7939725555102175,7.204324206411991,4.987598923543793,0.016444797478001667,12,40,5988,bf3c6f06bdd25b2bcf480f19a00a2b11f9d9694c04b4c5201c773d6be82f7f30
100,C100-C1-391.xyz,C100-C1-391,C1,391,100,150,1,3,3,3.0,1.3887478255355017,0.032112986009022654,1.3061337565502242,1.47408582178922,4.460469327701447,0.29502270396802377,3.863638860734528,4.997733140852761,4.470215321348849,19.982825019221995,8.16749129889999,6.631289867770871,5.184043852551135,0.016722952469754693,12,40,5988,2cd17054c006fc62fddd48a23e8b8892693ba3078ce311966f15a19d31ffe089
100,C100-C1-393.xyz,C100-C1-393,C1,393,100,150,1,3,3,3.0,1.3887262003712142,0.032766837949316785,1.312034382171443,1.482477240972016,4.460670004635827,0.29140783648557594,3.839524385138998,4.95512219900549,4.470178454762515,19.982495417422992,8.00616113333298,6.869736737734936,5.106597546355076,0.016037547284421368,12,40,5988,ff20f64b753dcd443ccc7a21023bf0d748e580d974ae13649090cd97490146a6
100,C100-C1-397.xyz,C100-C1-397,C1,397,100,150,1,3,3,3.0,1.3887128513846694,0.03243827059295098,1.3040148580441866,1.4790137896585007,4.45553458371697,0.18180670433470034,4.024785037447466,4.75797012219087,4.459242324032077,19.884842104439,7.355137187365959,6.865481172117924,5.664223744955116,0.005743412882331275,12,40,5988,f1351e4ff5db40d0a25b2c6fec05fe9720db13403231852408d92c066335710e
100,C100-C1-398.xyz,C100-C1-398,C1,398,100,150,1,3,3,3.0,1.3886853872899942,0.03318829603797998,1.3106415566431575,1.4789968525997612,4.456382711370337,0.2095318053937446,3.989118125943126,4.828105210445192,4.461305912809836,19.903250447672,7.459643846154949,6.9464611219011,5.497145479615953,0.00784480477993272,12,40,5988,3823e9ef7ef8dae195ff1b50b801d7efeb0e3e65c2ef857f8d658df55b26469e
100,C100-C1-399.xyz,C100-C1-399,C1,399,100,150,1,3,3,3.0,1.38875350809569,0.031386870162228804,1.3114683145238395,1.4775858892125358,4.455444276004353,0.1865221663396966,4.065329671340813,4.768019462783683,4.459346837275163,19.885774215116,7.408382586652183,6.853301225784411,5.624090402679407,0.0063255138002962724,12,40,5988,b7af9e7db264e98b667ec2bd02a99f5a0a591e6967f654a5b6fa218e9b83840b
100,C100-C1-40.xyz,C100-C1-40,C1,40,100,150,1,3,3,3.0,1.3885495643858412,0.0368827671217639,1.3008976516236777,1.4723563223622194,4.466811060096113,0.3948411362282777,3.7489525565743027,5.28057949445371,4.48422797920166,20.108300569455004,8.861317974807113,6.286348056622207,4.960634538025683,0.02918719231142739,12,40,5988,35f768839fd0c444f6692e351f76d2d4ec7e8d8f0208f944435cc430c97964c4
100,C100-C1-400.xyz,C100-C1-400,C1,400,100,150,1,3,3,3.0,1.3886776775250058,0.03344058129113876,1.3064207974462134,1.4744593246339488,4.456945695583805,0.22326066502405922,3.972502744752985,4.871477320676964,4.462534062383166,19.91421025793,7.613099200626657,6.8544271519587525,5.446683905344593,0.009141606853398019,12,40,5988,53a42bfe2863419464ca52e039789d13c3e3d352b92bc3434861810357fcae04
100,C100-C1-403.xyz,C100-C1-403,C1,403,100,150,1,3,3,3.0,1.388770345171487,0.031383394318261704,1.3038920277384933,1.4814254419308455,4.457687100934996,0.2386642821030154,3.9844194456414854,4.8938925509256945,4.4640715640986315,19.927934929394,7.838599360361725,6.6319954313695995,5.457340137662673,0.01070966974505044,12,40,5988,cd51d925ac58c9866788ded2845fa926db68b46e5e84b69ba2ad93e5477d33d5
100,C100-C1-404.xyz,C100-C1-404,C1,404,100,150,1,3,3,3.0,1.3887236504873683,0.03239102926795947,1.3011151755321277,1.4818204817048521,4.457260019623397,0.23459061990591104,4.028159540512143,4.914698681548951,4.463429134811149,19.922199641481,7.879984277346969,6.449341461611744,5.592873902522285,0.010092302522084241,12,40,5988,44626788e57684311352c81a33677d1f2580089065959efb049a4afcf68b4c73
100,C100-C1-405.xyz,C100-C1-405,C1,405,100,150,1,3,3,3.0,1.3888291888079074,0.029680902645245064,1.3138791611103362,1.4648581433026202,4.455735489159513,0.1907399877305024,4.0816648594936105,4.842861827186999,4.459816194898059,19.889960492274998,7.588742457772607,6.536118778463619,5.765099256038771,0.006354939872262914,12,40,5988,2494825e28559a77127cc842d89dff0070aef40a909917342bc67267d7317313
100,C100-C1-407.xyz,C100-C1-407,C1,407,100,150,1,3,3,3.0,1.3886127576476917,0.03503868954084256,1.3024893819144938,1.4724558329539126,4.459787851352021,0.27725413630805096,3.8304610506482115,4.938561444725883,4.468397647386254,19.966577535167012,7.892704118272898,6.920281208141534,5.1535922087525785,0.014510369696647074,12,40,5988,93bcca215e41b44e54cb874af597c299461e24ece2895a1e2bc7e4a31e0d7083
100,C100-C1-408.xyz,C100-C1-408,C1,408,100,150,1,3,3,3.0,1.3887124028285625,0.03274638448420495,1.3072304846506604,1.4759032827390826,4.459275917901179,0.27217148736153873,3.918690428407684,4.962023533649756,4.467574177392694,19.959219030506006,8.027565021170256,6.626502872589661,5.305151136746087,0.013957465506422488,12,40,5988,d4cb12296f52bc575b69923c5553718e5a84ad84b66eadd638558cf2f2fe653b
100,C100-C1-409.xyz,C100-C1-409,C1,409,100,150,1,3,3,3.0,1.3888114089866401,0.030073894580010585,1.3191358838269842,1.460850112092271,4.458572319310698,0.25990886827006116,3.9410623490083228,4.92272942095856,4.466141483017416,19.946419746329003,7.906621296924244,6.725147088598297,5.314651360806461,0.012697552241289042,12,40,5988,ed6626c1de14741a4f71a0e84e9325aa2378b56713e8aa0226174c2cf9aad380
100,C100-C1-410.xyz,C100-C1-410,C1,410,100,150,1,3,3,3.0,1.3887458869018179,0.031725476827785364,1.3076606975817542,1.4579623760577638,4.457913847686732,0.2501712860359314,3.945313035748368,4.905322148202502,4.464927944071886,19.935581545754,7.781151320996472,6.838946897231931,5.315483327525597,0.01168541576155871,12,40,5988,63b8b1506001127cae43e22264d59bb912901f5b5c7274160aeb1b65da04eb82
100,C100-C1-412.xyz,C100-C1-412,C1,412,100,150,1,3,3,3.0,1.3887540378154417,0.031417689040419486,1.3117600161614926,1.463927224967143,4.457097014489769,0.2249711377519137,3.983318828527915,4.912570069577125,4.462771090857675,19.916325809395,7.761038368805676,6.612756093391519,5.542531347197807,0.009309869873415373,12,40,5988,8678f90402a031e58f29e0ac8596d53e990c7bcc945091c318b922f7c9ca7402
100,C100-C1-415.xyz,C100-C1-415,C1,415,100,150,1,3,3,3.0,1.388634337911404,0.03399261449232619,1.3067105647388024,1.486060099726791,4.457469012431382,0.23029543272068065,3.9260904671036294,4.874630604331163,4.463414162176527,19.92206598311799,7.661940864912147,6.857376778550471,5.402748339655371,0.009911113458363438,12,40,5988,0645e3d78eaaa7821fc4a86a4844659fc92493fe4a6ef884643839af6e18deee
100,C100-C1-416.xyz,C100-C1-416,C1,416,100,150,1,3,3,3.0,1.3887352858788466,0.03172999876559201,1.3049811569520842,1.459459441026026,4.456729445722736,0.2215837277462241,4.029189514707144,4.898717658247513,4.4622344963901215,19.911536700774,7.767932651736105,6.564722720205888,5.57888132883201,0.009094705687945065,12,40,5988,b5c801011055e85c9ba4bf58b52d9ce01f7f151c633733b71d526be60e6e462b
100,C100-C1-418.xyz,C100-C1-418,C1,418,100,150,1,3,3,3.0,1.388648529894978,0.03443704914551207,1.307115488394197,1.4861214654260264,4.460581449248292,0.29119148125761374,3.8403722868707666,4.913944060219347,4.470075988630954,19.981579344134996,7.868058337770626,7.074158804583747,5.039362201780621,0.01599469409891756,12,40,5988,2c58983ecfa4bc194f7428d31b02085f2661d87e1be8cb1146baeff7d6e63025
100,C100-C1-419.xyz,C100-C1-419,C1,419,100,150,1,3,3,3.0,1.3886215192355533,0.0346123925197765,1.305018283396827,1.4863680970742075,4.457283060082912,0.22782713621714284,3.9588116930464117,4.7682636873814985,4.463101778102198,19.919277481698998,7.464384516966528,7.108920214097288,5.345972750635182,0.009730900562051533,12,40,5988,a5bbb635b733efc04c4b4d11845d1440869c0a027fe39bedf2d0212aa33d3607
100,C100-C1-42.xyz,C100-C1-42,C1,42,100,150,1,3,3,3.0,1.388658757723197,0.034530018804908524,1.3014993238569124,1.464962863010527,4.465115472771071,0.3800729989967343,3.788463140120806,5.239127485550814,4.481262285310468,20.081711669746,8.763668288739987,6.2554261007092435,5.062617280296771,0.026547446158630267,12,40,5988,6eb4899274a6e30e5cc6be13a42879aa7ed08cf63bac466442e14df73765d5d3
100,C100-C1-420.xyz,C100-C1-420,C1,420,100,150,1,3,3,3.0,1.3885901541504215,0.03529906131673051,1.3073511769987436,1.4855957121639791,4.457721120825243,0.23763347696302423,3.9117120378262764,4.8382653461623,4.464050544116296,19.927747260425,7.454837191779468,7.1779626435582395,5.294947425087292,0.010434669200120542,12,40,5988,c59de1bbdfca59abf0df5d412e4bf40414f03fcc43b793aaca27c03521f834bc
100,C100-C1-423.xyz,C100-C1-423,C1,423,100,150,1,3,3,3.0,1.3886731598743873,0.03346109449022666,1.3093795668178119,1.4744700505605395,4.45877398871916,0.25719369639326894,3.9202466379243286,4.860838763110436,4.466185629812424,19.946814079943,7.640865916129467,7.108384270615573,5.197563893197959,0.012446731053830866,12,40,5988,75ef2b9be37df23a6459040aa31ac72fe343b353442b336d9868f649872efb80
100,C100-C1-424.xyz,C100-C1-424,C1,424,100,150,1,3,3,3.0,1.3887255445507247,0.031948926621926214,1.3062728160686805,1.4608864637609593,4.456872664740941,0.2211151981999175,3.9925955721322444,4.89365446593954,4.46235429796761,19.91260588059,7.745057690156975,6.621334216874169,5.5462139735588565,0.009146701734233365,12,40,5988,cef4a85043f60287320318fda9d2e37b1f2c16738c5b6d5d1bdf945d7a5fb739
100,C100-C1-425.xyz,C100-C1-425,C1,425,100,150,1,3,3,3.0,1.3888011966138731,0.030022071056817833,1.3228415626975139,1.4641447606025848,4.455643078405283,0.1927901535817749,4.076482328385712,4.833239708626192,4.459812023556486,19.889923285458995,7.619686816018725,6.5537682880414145,5.716468181398856,0.0069001138516342556,12,40,5988,c933ea76b9d5fbcd88777b1c49e16254f5b32694a18ebd2563b5acb816d6e1fc
100,C100-C1-426.xyz,C100-C1-426,C1,426,100,150,1,3,3,3.0,1.3887553808325086,0.031310327509532214,1.312402933553564,1.4715311141800569,4.45626668268548,0.21067236496832845,4.040531595796029,4.871068291332611,4.461243727098308,19.902695592574002,7.679420190363412,6.615812500003057,5.607462902207532,0.00813021466977338,12,40,5988,13a30edd237c3fa3f307ec7ce0e3433e392f524f63bb93d2ff72588ec06c70a6
100,C100-C1-427.xyz,C100-C1-427,C1,427,100,150,1,3,3,3.0,1.38878558728847,0.030555440429149153,1.325242777758098,1.4640968581347344,4.455165212681132,0.174845567155367,4.112115857871955,4.801249962974434,4.458594850918616,19.879068044637997,7.479822975242916,6.58149561871088,5.817749450684202,0.005254335412119429,12,40,5988,27a26ad304f14a106c081f85f4fd2c326c233696099239440f3c21ccb839f009
100,C100-C1-428.xyz,C100-C1-428,C1,428,100,150,1,3,3,3.0,1.3888199544083135,0.029751092483411866,1.3174559233613852,1.4591836553360926,4.457644716389285,0.24037675026027622,4.024672664886052,4.906081139512574,4.464121122866068,19.928377399619002,7.87637269544277,6.574237827808054,5.477766876368175,0.010891761995568525,12,40,5988,c6ad5ae2bc30601ddeaeb85718f928828688aa8f2cf2fd904e8a4f469cb0a814
100,C100-C1-43.xyz,C100-C1-43,C1,43,100,150,1,3,3,3.0,1.3887996091116142,0.03099380795300763,1.3183905377391028,1.4638822835187262,4.463609234474217,0.3607727377484197,3.886157192730886,5.236947754065721,4.478165290203791,20.053964366386005,8.715041417972714,6.059779764867692,5.279143183545598,0.024200731838311486,12,40,5988,0ca08d270cc0f68457fb7dcef63c35cade51e9082f44f8619ce83ea8ce1df86e
100,C100-C1-434.xyz,C100-C1-434,C1,434,100,150,1,3,3,3.0,1.388712813995134,0.032122162324214235,1.3084203223735102,1.4634016605156632,4.455943777431431,0.19477115242281914,4.031318234765646,4.787786911126475,4.460198510094141,19.893370749446,7.519384315937436,6.765254472425568,5.608731961082997,0.007020722579760351,12,40,5988,9d2c2a06be44e7f07110ee6e805ec55aa3ec72f81e04544bf4486adfc40b1cdd
100,C100-C1-436.xyz,C100-C1-436,C1,436,100,150,1,3,3,3.0,1.3887712234877707,0.031168206219586263,1.307003481250146,1.4758901652900869,4.457911256732704,0.24695377054792528,3.975604935441649,4.940569786968704,4.464746234411537,19.933958937692005,7.955729340318431,6.469887668896631,5.508341928476941,0.011478178994327471,12,40,5988,76364107ac9a4f7f6ba2f56426c654e0ef85c14939b5e017c74057aee79f8c4c
100,C100-C1-437.xyz,C100-C1-437,C1,437,100,150,1,3,3,3.0,1.3886929388930498,0.03264591963146369,1.3088027315069295,1.4756734360962116,4.4557485533982915,0.1889982869235466,4.014713401044837,4.797215628437917,4.459755096815407,19.889415523570996,7.410115459237169,6.857937852985021,5.621362211348807,0.006362233932818176,12,40,5988,e6979b7a8cf9df7ab2cb1572835dbf88f79ce1e34212cf3fa7195115a9e3074e
100,C100-C1-44.xyz,C100-C1-44,C1,44,100,150,1,3,3,3.0,1.3886505467056114,0.03457600517998459,1.306789290589726,1.4724618365173339,4.464999379021681,0.377320451978156,3.7638153090653903,5.259529515094958,4.480913989148307,20.078590178145,8.745233643053131,6.292294964342011,5.041061570749859,0.026421177410572233,12,40,5988,e6925ddab8964ceefad35c8e87b1eafbca4461c0d1879d729cac126bc48e1ea4
100,C100-C1-441.xyz,C100-C1-441,C1,441,100,150,1,3,3,3.0,1.3888211601097116,0.029699797387331903,1.32442362180686,1.4624146128919802,4.455751675055823,0.1954181842107649,4.090869398039615,4.886310006724604,4.46003489408805,19.891911256483006,7.633333119470784,6.514896831450803,5.743681305561419,0.006844351192076604,12,40,5988,6c98212ccaf2af5d32fa3fd16a8f0e6aac346cfdef90fd25499ec4ed32b0e3f9
100,C100-C1-45.xyz,C100-C1-45,C1,45,100,150,1,3,3,3.0,1.3885116751861375,0.03750341324626031,1.2853380177992093,1.4847218864150955,4.4666631859243715,0.3989408904661805,3.6779989400245894,5.303617675042386,4.484443538565069,20.110233850578,8.766041995973355,6.492853944092557,4.851337910512085,0.028666708579636886,12,40,5988,835b43ab3823948822d6de8298d22891bcef2636d8148eecdf8bba0099ea790d
100,C100-C1-46.xyz,C100-C1-46,C1,46,100,150,1,3,3,3.0,1.3886185784153864,0.03491800318313655,1.2926925465863877,1.4810793665431978,4.461913559310329,0.334537835007689,3.965911183459736,5.2599378769992144,4.474437190732372,20.020588173809003,8.561118720005103,5.829576062725571,5.629893391078327,0.020075247940774445,12,40,5988,250ee47619e192b754782e22a084ec6307950432c576a61b66c74028ffce0d56
100,C100-C1-47.xyz,C100-C1-47,C1,47,100,150,1,3,3,3.0,1.3884394321427014,0.038815503834419174,1.2839228676209486,1.4837447556773369,4.46605620300264,0.39210395583907004,3.684249418719775,5.280383428174226,4.483235831468495,20.099403520563,8.723042167448096,6.486611500334761,4.889749852780145,0.027532783332789176,12,40,5988,e9d39f917022a9fd79ce0fe729c5a66642613f93942b07ed864d2eee9741be80
100,C100-C1-49.xyz,C100-C1-49,C1,49,100,150,1,3,3,3.0,1.3884653686786972,0.03806458345054246,1.29061393530366,1.4857098438120415,4.460453787984624,0.302796210821102,3.959919637639886,5.207622050721999,4.470719577432026,19.98733354003399,8.31246155302643,6.126202996540663,5.548668990466897,0.015959985916796364,12,40,5988,61d256623684b155608645076b5269e7c4cdb797a4964e71ed4e55869935fff3
100,C100-C1-50.xyz,C100-C1-50,C1,50,100,150,1,3,3,3.0,1.3885334420319462,0.036888595693646886,1.2892104909594864,1.4843847008104067,4.463195764109288,0.344692225213907,3.8664977422874567,5.2435773717295335,4.476486251390258,20.038929158886006,8.549534930366882,6.329926102772303,5.1594681257468205,0.022150172525246706,12,40,5988,64851c035d21b7c49242550f6510a55e029d25a8278d22372ca9bfb8b50fe7eb
100,C100-C1-51.xyz,C100-C1-51,C1,51,100,150,1,3,3,3.0,1.3884197078012286,0.03896002125022369,1.2886780590977718,1.4870225082358368,4.462303356291225,0.33562053390110924,3.869821504883139,5.250778251426736,4.474906969574228,20.024792386343996,8.518933191635979,6.152626508683925,5.3532326860240955,0.020274824582060567,12,40,5988,13740a931db530c1ffb2eece826ce0fd2cc2e2c7e6f38ce80d4c310d74bec7c4
100,C100-C1-52.xyz,C100-C1-52,C1,52,100,150,1,3,3,3.0,1.3885360606678898,0.03681488319821219,1.2899808564471025,1.4866026806110635,4.4627683958957896,0.3376130719399394,3.867450843197493,5.215196552494353,4.475520566565525,20.030284341750992,8.41624920924375,6.533026747732429,5.081008384774814,0.02091002183554562,12,40,5988,fa9630879a64b5af3b1d7f4a979462541bb09f1b62eacff564689105d37f242d
100,C100-C1-53.xyz,C100-C1-53,C1,53,100,150,1,3,3,3.0,1.388545108518508,0.036881072055872835,1.2861957121682528,1.4870156219757746,4.465395461906233,0.37268861912489015,3.7821182192208114,5.270636529297197,4.480921047958557,20.078653438038007,8.56917037626043,6.666019221149345,4.84346384062823,0.025827187876843755,12,40,5988,e0ea815750bf53650af4c640c6504eb4ddb1cd0b02e5369462b94764dbd66c24
100,C100-C1-54.xyz,C100-C1-54,C1,54,100,150,1,3,3,3.0,1.388635521690576,0.03463820865954754,1.2999367600002698,1.4864346268840753,4.461992151064994,0.3375674670467807,3.8757825594615083,5.168470637299394,4.474743093293066,20.023325750973992,8.466302226540456,6.299850419829679,5.257173104603857,0.020052198385548812,12,40,5988,b185fd21fddcf71b5fe287c36e3194d5ab5b4918a2a3a3e5218a6ebbc4f01f76
100,C100-C1-55.xyz,C100-C1-55,C1,55,100,150,1,3,3,3.0,1.3884003755714127,0.04000610178243382,1.291511161391956,1.4902795341814232,4.466214360748086,0.406731757453919,3.633728458336699,5.219273554195641,4.484696359696384,20.112501438674,8.32102260128882,7.209651367066286,4.581827470318893,0.027344239016235568,12,40,5988,4d7b6f0258bfb2ed7a7d9c257d291c12b4bf804a45637ec49d8da3eb0eab01fe
100,C100-C1-56.xyz,C100-C1-56,C1,56,100,150,1,3,3,3.0,1.388578175841795,0.03569693417096584,1.292710895753571,1.4846168461929832,4.4590281083810055,0.28495098220416226,3.9597231943292446,5.1892123160561665,4.46812362559397,19.964128733591,8.175931485538449,6.134491091446746,5.653706156605806,0.013498695163133706,12,40,5988,b13e107e2a3b0d52aac3d23794ef1ca8a18f6eacccb231ad950d94aa57da40d4
100,C100-C1-57.xyz,C100-C1-57,C1,57,100,150,1,3,3,3.0,1.3886453286179805,0.034318776796299105,1.2924384627517091,1.4838593498037476,4.461686386383242,0.32853256894476257,3.8854261540022867,5.214067743787475,4.473765646443161,20.014579059295,8.42459633481456,6.342002999728804,5.247979724751636,0.019502775191248822,12,40,5988,a7ce8c563034c698268b85a4cc7334c92cdb23970bd0df2ff2e5f9c59678c2a6
100,C100-C1-58.xyz,C100-C1-58,C1,58,100,150,1,3,3,3.0,1.3885294825292538,0.036560111420006085,1.2930491019292345,1.4837247554718493,4.46092782657966,0.3195252973792225,3.8702472953523266,5.20667992250167,4.47235659240383,20.001973489618,8.39773624791278,6.169170979699739,5.4350662620054795,0.01785001006602399,12,40,5988,295a1e1763a9bd4cab9d1102ff4c665a010d3d3c5af9a6ca414969b235617b83
100,C100-C1-59.xyz,C100-C1-59,C1,59,100,150,1,3,3,3.0,1.3885962370150542,0.035652933693661425,1.2920888049975514,1.4652090226312424,4.465262206162622,0.3792868502132785,3.8408723964186833,5.3139596566563245,4.48134188436109,20.082425084529,8.819252783729508,6.14918061591469,5.113991684884803,0.027187769447017632,12,40,5988,3a39c2e41eb24e53d876eeb0bfab5d976de3d11058407dbee5eaef6f2496f351
100,C100-C1-6.xyz,C100-C1-6,C1,6,100,150,1,3,3,3.0,1.3886520195932397,0.034937369863092795,1.2949898416589996,1.4770065199585274,4.473127536753999,0.4742797005092043,3.689328979749299,5.5368516131297945,4.498200884173806,20.233811194382007,9.456839429525832,5.93701977993597,4.839951984920202,0.04263279321647341,12,40,5988,f8153b255f51f2c16ddbd5d14b8ea2327231d8807f0859d665281561baff9546
100,C100-C1-60.xyz,C100-C1-60,C1,60,100,150,1,3,3,3.0,1.3884156438212418,0.039209639874817216,1.2861696738766624,1.4756780509311644,4.465224118761551,0.3791021020149273,3.840988548079517,5.300342290501434,4.481288300759281,20.081944834521998,8.822674961638102,6.135362698272383,5.123907174611516,0.02718375261915002,12,40,5988,94314dd06f874fbc58d7c82de043f0bd62e57cec46077e0b7d60e1f71bbebb95
100,C100-C1-61.xyz,C100-C1-61,C1,61,100,150,1,3,3,3.0,1.388532005178576,0.0371611176020073,1.284437258101773,1.4736223464646565,4.464746524492869,0.3648808220088446,3.813137376106321,5.2691954455551375,4.479631630194719,20.067099542240992,8.68369709970506,6.328056990174561,5.05534545236137,0.02524751944354586,12,40,5988,2c31f36f2e573f0bda9beb0f172af08671ace4e66d123f2fb1e6fd6316ddfa6d
100,C100-C1-62.xyz,C100-C1-62,C1,62,100,150,1,3,3,3.0,1.3885654650308652,0.036026805626041894,1.2893767564214893,1.4737079391792662,4.4633591582558,0.3536689415895514,3.844665339775232,5.2691104506993405,4.477349293480575,20.046656695831008,8.647811765619535,6.160931337827104,5.237913592384369,0.02322145694620288,12,40,5988,11d21b35fcb9043c570bd1e5e1f48e84c931081ed087652e20f91b746be3c609
100,C100-C1-63.xyz,C100-C1-63,C1,63,100,150,1,3,3,3.0,1.3885542618669922,0.03648867839498066,1.2888068319185773,1.4749010746487372,4.462400413281127,0.3477834283852891,3.8089109944955397,5.237750778186091,4.475932390185424,20.033970761511,8.408864728468302,6.550686056025509,5.074419977017189,0.02086744065582769,12,40,5988,fd6c9d64911178cbb36dc961a59aaae2567f36cdec01eb36175a12d7c1c9617d
100,C100-C1-65.xyz,C100-C1-65,C1,65,100,150,1,3,3,3.0,1.388713201170897,0.03298422896394593,1.3190500104241687,1.4745847347643337,4.461177052262303,0.3275546805301811,3.9133982217672405,5.177539408380297,4.473185974265881,20.009392760369003,8.41139323475699,6.268220038185055,5.3297794874269595,0.01869519256214312,12,40,5988,70935f01c1e6bbb95592d3a2fd74f8a1a5060be020839c91f0e8041c436526ba
100,C100-C1-68.xyz,C100-C1-68,C1,68,100,150,1,3,3,3.0,1.3886527393886494,0.03432892349607812,1.2990143378731431,1.474227041537361,4.464568324082304,0.36726127961837507,3.734587046019145,5.279281018727266,4.47964855406158,20.067251167906004,8.655114027690654,6.391968793883419,5.02016834633193,0.02510152167182018,12,40,5988,2406ba41d628d80c9635fff69afeafaf489896b43c171ed0f5682aed2e232ece
100,C100-C1-69.xyz,C100-C1-69,C1,69,100,150,1,3,3,3.0,1.3885648198567104,0.036058682583176085,1.292099880040239,1.4647212908946194,4.463396729563901,0.3557779703034888,3.8420803809479316,5.277684684145595,4.477553833248128,20.048488329635006,8.653997676954246,6.170245937879871,5.22424471480089,0.02342023453147399,12,40,5988,c7292e16ad23dd06e528194f8a88ea6185330d448f8ffb6b61a823aa54dbb9f3
100,C100-C1-7.xyz,C100-C1-7,C1,7,100,150,1,3,3,3.0,1.3886768080834049,0.034189406126549235,1.292227990719904,1.4759464861572726,4.474428494593537,0.4950427709475365,3.684367283062589,5.559074965468806,4.5017305226210516,20.265577698298003,9.603433043665516,5.799185217205961,4.862959437426525,0.046045161909903355,12,40,5988,aa3b138197e7982b707d579365728a57b0d8c1b093019cc120d0a27f092d6ee8
100,C100-C1-70.xyz,C100-C1-70,C1,70,100,150,1,3,3,3.0,1.3886799645864543,0.033660081543230434,1.3190743800104676,1.4707638627597566,4.463275370491412,0.3515908388222707,3.7665850813861885,5.2605088721074305,4.477102092959128,20.044443150779,8.488065759853725,6.50716131979112,5.049216071134153,0.02224511825243502,12,40,5988,43f7f1070b32c369bfc6f8cb5b4d9c37715b5fc795798e215e41d0703eda9881
100,C100-C1-71.xyz,C100-C1-71,C1,71,100,150,1,3,3,3.0,1.3887687940904576,0.03134503831872886,1.3201727500596274,1.470108206901791,4.460831581122643,0.3147474753065734,3.952287854084897,5.250053924518014,4.471921775741723,19.998084368353005,8.430982209977703,6.059832133266463,5.507270025108839,0.018098179915597694,12,40,5988,2127fd088ed999e2959f1a52a9f3f4b20cd47f8d698a7eb1bf7fe440d82775e0
100,C100-C1-72.xyz,C100-C1-72,C1,72,100,150,1,3,3,3.0,1.3886660583771224,0.03370982613442875,1.312297298633202,1.4744208422292462,4.461824639413612,0.33616313221498867,3.850294138447217,5.23887914590144,4.474470333384612,20.020884764339,8.443655305167786,6.368157399222603,5.2090720599486104,0.02010012338758378,12,40,5988,bfdf512bad465199eb20cf7287ef441aa59b669e71640bf264573534a374b7e9
100,C100-C1-73.xyz,C100-C1-73,C1,73,100,150,1,3,3,3.0,1.3887382470067953,0.032061924986296376,1.3257513643213799,1.4699021940251673,4.461211912445297,0.32661340482315454,3.8366586664239493,5.229253703201444,4.473151913802391,20.009088043953994,8.36203212829033,6.438916718394575,5.20813919726909,0.01893307313887641,12,40,5988,27c5d2196256e1a78d349530341adc3d80b25f7885536078d15adc6b76379c32
100,C100-C1-74.xyz,C100-C1-74,C1,74,100,150,1,3,3,3.0,1.3888011720339815,0.03060581356058358,1.3220552560313052,1.4703443678268027,4.461409871600851,0.3239952501866079,3.9216244678626486,5.255411831906135,4.473158946936828,20.009150964560995,8.466476478423003,6.157182429295836,5.385492056842158,0.019258385241035063,12,40,5988,6f804d5fc7dd1456a08f4fb9cd25da3c9f7c2a35de2304b111f6f6780debd897
100,C100-C1-75.xyz,C100-C1-75,C1,75,100,150,1,3,3,3.0,1.3886654894284345,0.03359942167885471,1.3195463993357717,1.4848166149393671,4.461235027534777,0.32417714481865395,3.8657972225239647,5.24051519481377,4.472997741126861,20.007708792125996,8.432481864577234,6.182697826076011,5.3925291014727526,0.01864463401322528,12,40,5988,2ef13cc6c545e8746c33b7a5d870932d9c7e2210cbdb29cdae118cae336bf6d7
100,C100-C1-76.xyz,C100-C1-76,C1,76,100,150,1,3,3,3.0,1.3886526504896683,0.0342013930713187,1.305217338223792,1.4835558297549842,4.461589669473114,0.3276986341957932,3.8577165095295687,5.23485164096338,4.473608026370103,20.013168773603006,8.411834457110617,6.351029213431895,5.250305103060493,0.0192918112817422,12,40,5988,285410281a56b9d2d37d515b12b2f6a9b59fe60d6eed583fc6c87b303f92c673
100,C100-C1-77.xyz,C100-C1-77,C1,77,100,150,1,3,3,3.0,1.3887333588219204,0.032133548852471834,1.3171880997033036,1.4835838870788536,4.4590239788515715,0.2861271835490398,3.9462201951438294,5.225154327056858,4.468194670013719,19.964763609139002,8.177677332250221,6.270068044318855,5.517018232569926,0.014156292799234948,12,40,5988,6a6fb5090a38b51e10282561674785a3c00c24127ab62cc24d9faa6e392b3b5d
100,C100-C1-78.xyz,C100-C1-78,C1,78,100,150,1,3,3,3.0,1.3886593509008178,0.03412003647495744,1.3114199861219136,1.4648121176451268,4.464277349804205,0.36578901800237174,3.872450759291073,5.281981086934523,4.479238089414985,20.063573861666008,8.728627715531644,6.152964331867793,5.181981814266569,0.025035022319804784,12,40,5988,3a4feb5150aa2d88fc9743e67d098399f23fd33b733825aa86e9d638675215e9
100,C100-C1-79.xyz,C100-C1-79,C1,79,100,150,1,3,3,3.0,1.3886124084979763,0.0353047801123754,1.3096416685490733,1.4660336592316017,4.464103304187496,0.3607177634997797,3.7983178823576624,5.28714315195248,4.4786533260972545,20.058335615362004,8.636543150814376,6.359584054809153,5.062208409738476,0.024411878033744047,12,40,5988,dd3b9f89e0b24ab408224d9966c8d2016aa90d06979ac98d56824839f7cf3a84
100,C100-C1-80.xyz,C100-C1-80,C1,80,100,150,1,3,3,3.0,1.388449590474112,0.038398499696434524,1.2932790611465104,1.4928979670426243,4.464708521009739,0.3744071142460147,3.837809874202342,5.2973417908725695,4.4803797679186745,20.073802864774997,8.794997471790635,6.115585035918279,5.163220357066085,0.026399870022672873,12,40,5988,647bb54c4a6d8bff6b1cd133d55be04d7b934677441ffb76a6718ad79dfb43d3
100,C100-C1-81.xyz,C100-C1-81,C1,81,100,150,1,3,3,3.0,1.388714368035277,0.032746730305702715,1.301813300746309,1.477930911781738,4.462868441815919,0.3452905319908887,3.8906970100819986,5.289148730359263,4.476206014074754,20.036420280439,8.606880043916885,6.158471111827592,5.271069124694523,0.022305965920815306,12,40,5988,666b96e8979710a24a7f533645300970c41145381987f39908821675d7871786
100,C100-C1-82.xyz,C100-C1-82,C1,82,100,150,1,3,3,3.0,1.3887039105176204,0.03316124916830358,1.3250426408233058,1.467661943364343,4.461711462727658,0.32755839424082317,3.9159342924297134,5.261123949958507,4.473719222109609,20.014163678273004,8.475232229578953,6.2157422212667415,5.323189227427309,0.019768641707298584,12,40,5988,c036047e0f220d684fc328f6641c8866588bd71d1a5b782f8f02dbade6e32b12
100,C100-C1-83.xyz,C100-C1-83,C1,83,100,150,1,3,3,3.0,1.3886416473906118,0.034426056976577114,1.2965765499961812,1.4815859543070728,4.462365750424684,0.3408132714005402,3.9461697939488105,5.257056616574906,4.475361636396103,20.028861776526007,8.619816090445163,5.993769965741608,5.415275720339236,0.021811817826440243,12,40,5988,7cec697769a8d2fd883650f12c91a5da6653d6db11e9b8e00447d18277bc5ca1
100,C100-C1-84.xyz,C100-C1-84,C1,84,100,150,1,3,3,3.0,1.3886683098668147,0.033813352958725354,1.3054442002628837,1.4780552459228309,4.463679953115755,0.3612272302741422,3.8395423249341842,5.266509598981188,4.4782724164279015,20.054923835738997,8.6463996316556,6.280744624751106,5.127779579332291,0.024000920583747764,12,40,5988,4e78248884d17d60eba8633c1995b21db8f33fdeb69b65d3f6d870d7bdefa255
100,C100-C1-86.xyz,C100-C1-86,C1,86,100,150,1,3,3,3.0,1.3886171885792093,0.03496239192388835,1.3142013620446449,1.4876005142510538,4.462104890993951,0.3298578246136682,3.867016184166934,5.240242887348734,4.474280527938654,20.019186242691003,8.357023885634352,6.54013779740978,5.122024559646872,0.019683891957295085,12,40,5988,11c183c4acd9f1da7a10af4fac4185b5e03782d4bb0cdc823073191f1caad535
100,C100-C1-87.xyz,C100-C1-87,C1,87,100,150,1,3,3,3.0,1.3885730182340443,0.03577683373911185,1.3023234237316013,1.4844939743899268,4.4621690969072105,0.3324869432869389,3.870927359632314,5.250333693885561,4.474539151337264,20.02150061685,8.502670819717046,6.16985379688628,5.34897600024667,0.02003398583328264,12,40,5988,804c095478c693613e2735d404506b2738819ef6fa547a2e6d2a6a93fce54f77
100,C100-C1-88.xyz,C100-C1-88,C1,88,100,150,1,3,3,3.0,1.3885652072177819,0.03614628202510768,1.303191167864485,1.493232580678576,4.4627077549935485,0.34056002261634954,3.859721175410991,5.249693265393322,4.475683370780824,20.031741635484,8.50799938999969,6.350909957028687,5.172832288455623,0.021387360910316004,12,40,5988,78b5829caf3d152663ec0628539f5a6800587d9a373a95e5f71b184f4b8d92ae
100,C100-C1-89.xyz,C100-C1-89,C1,89,100,150,1,3,3,3.0,1.3886430740366134,0.034261840729086175,1.3051531825804967,1.4832695439467503,4.46027565310803,0.3048028277653212,3.954569377830917,5.218529003951018,4.470678210911853,19.986963665522005,8.312216717459608,6.26786929579565,5.406877652266747,0.016723867280409734,12,40,5988,b9b3d9f20af9aafbe60c7c9980c0d2597213387b26d7ed867a95e215ed7d0084
100,C100-C1-9.xyz,C100-C1-9,C1,9,100,150,1,3,3,3.0,1.3887875598398123,0.03116885786881112,1.329990244325123,1.477304927900804,4.469455682455301,0.43975808013158557,3.8088656642925858,5.48824401575103,4.491037882992416,20.169421266472995,9.251755335134625,5.76773413844196,5.1499317928964095,0.036067648910017146,12,40,5988,12ed71228c47c5d1a2c748e0001b874bf4f737980291630d60fd6aaa1af8a51f
100,C100-C1-91.xyz,C100-C1-91,C1,91,100,150,1,3,3,3.0,1.3886080336313893,0.03527229320160066,1.2839754865261253,1.4742529124950035,4.4632084977303865,0.3504177549001593,3.799040028828072,5.246901427837004,4.476943454764869,20.043022697161998,8.541880695082536,6.356175150005227,5.144966852074234,0.022133869112839204,12,40,5988,55fb21442231df897443aebd3e33579b4abe60b08f56bc9ed49f81b177e9047a
100,C100-C1-92.xyz,C100-C1-92,C1,92,100,150,1,3,3,3.0,1.3885254841335248,0.037479297998058096,1.3165359888738324,1.4806946916903563,4.464979425205187,0.3813332021400115,3.6677053448225636,5.164710418797941,4.48123378976817,20.081456278559997,8.227207618800904,7.178234638437268,4.676014021321826,0.02476341106942768,12,40,5988,3c37b0be63d5fe7f7a2369d5e9d2e2223e09fb8ed3d6710ae8933c98456e6f1d
100,C100-C1-95.xyz,C100-C1-95,C1,95,100,150,1,3,3,3.0,1.3887949629377476,0.03071466401259533,1.329702241105128,1.4625913236444417,4.460048293854793,0.29994538124790227,3.887360815367027,5.205074730131259,4.470122818810351,19.981998015248998,8.229139990212687,6.386819641750899,5.366038383285413,0.015820328733845233,12,40,5988,cbb03cf83b6dd3abf37741e2c27ce9b999d83a256b6ccded18629541a617cb25
100,C100-C1-96.xyz,C100-C1-96,C1,96,100,150,1,3,3,3.0,1.3885412991196469,0.03642726505137518,1.2918099279692814,1.4667274150298004,4.461389878733926,0.3283743506266548,3.790491111753331,5.192585622084724,4.473458322620095,20.011829364218997,8.235745326928296,6.650977760262182,5.125106277028521,0.018123364025506145,12,40,5988,58f5f4266e6c76775af358de2022a8aac832bcf3ca82ef00c37e3fccccf092f1
100,C100-C1-97.xyz,C100-C1-97,C1,97,100,150,1,3,3,3.0,1.3886136044294224,0.03499435183275266,1.29499449419679,1.475841851283531,4.4624604825388134,0.33955672106654494,3.7735542026527193,5.222691998266603,4.47536058044958,20.028852325042006,8.41424165774308,6.5020237589621805,5.112586908336747,0.020550708831174037,12,40,5988,796f6d41582957f1ef546b233b057cc4acf057327d27f1cc72a2fff0ffe6da1d
100,C100-C2-103.xyz,C100-C2-103,C2,103,100,150,1,3,3,3.0,1.3888588221755775,0.029223658196741782,1.3241132051301354,1.469329609039442,4.466590937032044,0.39531384879511444,3.9680473364079214,5.265068743347422,4.484050360759344,20.106707637826002,9.037616917619689,5.595058829105097,5.474031891101216,0.030381184657354367,12,40,5988,493179aded4854ce2d40d2268833dceb4fb1362f077700b881bcbd2235a46e76
100,C100-C2-115.xyz,C100-C2-115,C2,115,100,150,1,3,3,3.0,1.3888386344752404,0.02969294061361036,1.3462651521895677,1.46529428102344,4.460698448018556,0.31097137807336145,3.995965554939632,5.122503764904815,4.471524778208882,19.994533842135993,8.425174334794328,6.095037961589623,5.474321545752042,0.01816287246762696,12,40,5988,d89aa9ecb51ab6b04f95a5b582ac4db2a9e35d1882bfdb96c2a390551398b840
100,C100-C2-117.xyz,C100-C2-117,C2,117,100,150,1,3,3,3.0,1.388659388082265,0.0340390455847703,1.3046713839124393,1.4759044582898992,4.460400988739701,0.3011760992822982,3.9336779882154818,5.0127043209400455,4.470557462233206,19.985884023129003,8.247484489156072,6.4449472934758925,5.29345224049704,0.016650229787716214,12,40,5988,b445d9de6108babaedc9eb7e6b1b62f92f667d044d6a10a51c7c5459a1e8004d
100,C100-C2-13.xyz,C100-C2-13,C2,13,100,150,1,3,3,3.0,1.38868628614179,0.03421741683787087,1.2794453251311682,1.4725732341720732,4.483276458117766,0.573246165845897,3.653219154612819,5.610069497058838,4.519776428825877,20.42837896657,10.202697465807365,5.469331161013343,4.756350339749296,0.06299238373028145,12,40,5988,0bba923533f90554627e81774e2ba0c2b39f3552b4790f3b691c8f225b19f7ae
100,C100-C2-130.xyz,C100-C2-130,C2,130,100,150,1,3,3,3.0,1.3886482189682396,0.03421287802863634,1.3142811343087901,1.4721664681685966,4.463164303598333,0.34107190082973193,3.79071109734704,5.154197089203128,4.4761775704779625,20.036165642449998,8.516213791674591,6.420958355231392,5.098993495544014,0.022188532426145966,12,40,5988,484c638193cbf1ed49209c4d0610dd6e479f5d75165c35c15b1f4734f1b31ba0
100,C100-C2-132.xyz,C100-C2-132,C2,132,100,150,1,3,3,3.0,1.3886622315439543,0.033894990043247857,1.307306486635785,1.4726835980617154,4.4634132471162395,0.3463140533883435,3.809108374120248,5.157077539866256,4.476828256489968,20.04199123810701,8.540208579140595,6.4478403040831545,5.053942354883261,0.022997091836288553,12,40,5988,029ab45c43add06d3392943ff95074d4ed1523f0d3c2cf624a024b2c962fcfd7
100,C100-C2-139.xyz,C100-C2-139,C2,139,100,150,1,3,3,3.0,1.3886492112880076,0.034121128193446724,1.3142277618434333,1.472311060883535,4.462055828754246,0.32523589529333985,3.856697394195323,5.142137287159202,4.4738932269900005,20.015720606507003,8.409583660976308,6.444651345593979,5.161485599936718,0.0200405006718158,12,40,5988,2956f8c71eab51d278a8e20798e349a59c8b5a514b453e2437f4b594cdd4d23f
100,C100-C2-142.xyz,C100-C2-142,C2,142,100,150,1,3,3,3.0,1.3885486990536366,0.03633081276894804,1.2965199150032363,1.485083819183281,4.463353008693909,0.35048474545552305,3.806657982953814,5.156846816765648,4.477092766183653,20.044359637013997,8.554907422396951,6.44850078814584,5.040951426471206,0.023353826953103125,12,40,5988,27b5e9f42d9bff60a0210066a73b1c45b413da0e9a491fd197f3be448a8a420c
100,C100-C2-149.xyz,C100-C2-149,C2,149,100,150,1,3,3,3.0,1.3888258896159489,0.029692721877054053,1.3209523534177905,1.4584301183121526,4.461648548623808,0.3305117524598295,4.0406669158629,5.156063118402354,4.4738736895391895,20.015545789951002,8.600638590015949,5.72360399710832,5.691303202826733,0.020895758000310887,12,40,5988,e13526b2980fa6f3a687375ff002ff26c33a312c24417c64757def25bc2a56cd
100,C100-C2-151.xyz,C100-C2-151,C2,151,100,150,1,3,3,3.0,1.3886691988340454,0.033488939611122405,1.3074807302595322,1.4688618621231884,4.46157701637723,0.3169454850056199,3.8400617329632865,5.088311790561679,4.472820576943704,20.006123913531006,8.388191505779355,6.3454935707208735,5.272438837030776,0.018778468477940444,12,40,5988,98c0970bc72ac77893ce9bcd5d5a45b61a32ce17378ec1742aa0c5152080c72e
100,C100-C2-159.xyz,C100-C2-159,C2,159,100,150,1,3,3,3.0,1.3885613204326095,0.0364131011008568,1.303278726903804,1.4717553635030516,4.464412224267462,0.3591890547960106,3.7888129654716396,5.123971311544007,4.4788383857060525,20.059993285274,8.633251485277135,6.360806864784065,5.065934935212799,0.024311982217112064,12,40,5988,0996c0f9bc157d047641f6f024ec4db4fe18458ccce7a1ee1425836c4c75f7e0
100,C100-C2-16.xyz,C100-C2-16,C2,16,100,150,1,3,3,3.0,1.3888337784444027,0.030403178318128145,1.3056050781151245,1.4633020809115251,4.472344481816381,0.4734462361636914,3.7888164897932177,5.487975793125275,4.49733437744749,20.226016502571003,9.532221986352951,5.602051037789474,5.091743478428578,0.04329653118997615,12,40,5988,3ddd5d41a0f4792552484713ddf13961ac1fead79553445a1042d58099e3643f
100,C100-C2-174.xyz,C100-C2-174,C2,174,100,150,1,3,3,3.0,1.3887272017835082,0.03175838408800111,1.325451749404708,1.4558221491652064,4.456930254606379,0.23309743079947498,4.018285292413792,4.887057577052781,4.46302158931267,19.918561706670992,7.721368339601337,6.698053281265457,5.4991400858042,0.009354608444215876,12,40,5988,aa13b062a38dc029a1d25e39abed98625891d4ac0a286232da640a2d795d03cc
100,C100-C2-18.xyz,C100-C2-18,C2,18,100,150,1,3,3,3.0,1.388812725783386,0.030758676317238873,1.3241215276552225,1.475847752988092,4.4731095196309365,0.47586736951496217,3.8307389306004653,5.430564955841887,4.498350645290116,20.235158527982005,9.546436435715776,5.464098090942444,5.224624001323786,0.043228587740785474,12,40,5988,379dd9daf8d6dc14a56174184ca35843beaec3fd14219677ffc1e258d0acf1f7
100,C100-C2-190.xyz,C100-C2-190,C2,190,100,150,1,3,3,3.0,1.388525950419914,0.03768359869327346,1.302025548904475,1.4751302213703035,4.465238004250502,0.36128693350852265,3.7058819849224824,4.974516237823835,4.479830206930503,20.06887868292699,7.745174689304416,7.6985989876492615,4.625105005973313,0.023814895401440623,12,40,5988,78981b6c5fb8e0341357baee12766cbce96702f6bd3ea8861579dc86dea216d2
100,C100-C2-212.xyz,C100-C2-212,C2,212,100,150,1,3,3,3.0,1.3886857324718396,0.033645617284920666,1.3321340210354211,1.4679744616307193,4.458653783217402,0.27127280876667026,3.887804489159016,4.89583552337341,4.466898532021406,19.953182495374996,7.762142619425846,6.928004149339052,5.2630357266100996,0.012198847737150938,12,40,5988,611ec76ee051558633e6ecfeff9bbe8002d1f032d18bc3d34237db77e270fee0
100,C100-C2-23.xyz,C100-C2-23,C2,23,100,150,1,3,3,3.0,1.388806202452335,0.0307779493023244,1.3423645630006777,1.4687922998164171,4.46807972938207,0.42700932449426576,3.874465545940498,5.4050797940344975,4.488437749520427,20.14607343132,9.207380010982185,5.476327468118953,5.462365952218863,0.03442786178028922,12,40,5988,21f17d519ea4c8b8c1c79b122b1eff419b93465641bbac813c59b0a197cd0489
100,C100-C2-271.xyz,C100-C2-271,C2,271,100,150,1,3,3,3.0,1.3885071191444343,0.03700734997119738,1.2952217763765401,1.4756655379861658,4.46111187197884,0.30967101759682003,3.845686721061663,5.098615803132257,4.4718469644488055,19.997415273449995,8.31421745680759,6.41758906417977,5.2656087524626365,0.017777435847265443,12,40,5988,45cf869f5cf686ac81166cdd7524e71964b1cbbd991bfeccaa78b828e8c9625a
100,C100-C2-273.xyz,C100-C2-273,C2,273,100,150,1,3,3,3.0,1.3885280613620428,0.036636002467979004,1.2976053406178627,1.488457617804417,4.461317904553163,0.3171710872437278,3.8615656704412,5.108488247116754,4.472578109331351,20.003954944069996,8.355614038217693,6.428695778902921,5.219645126949384,0.01875398025923277,12,40,5988,1d043ab7426ce32a789845779ffaf4f9c59244feb817a7ae1b756fa4423c0ee1
100,C100-C2-293.xyz,C100-C2-293,C2,293,100,150,1,3,3,3.0,1.3885006173532841,0.03799082708867359,1.3036412083084823,1.4703276267553431,4.466131081538831,0.372456269399232,3.741187777230381,5.042634926989857,4.481634803294664,20.085050510102,8.275241173710814,7.172586677393409,4.637222658997779,0.025878306150313685,12,40,5988,5c1d7674c67187feeab0290c4e7afd2cb92805f2b2ac9e7de7a4a72fdeca9360
100,C100-C2-304.xyz,C100-C2-304,C2,304,100,150,1,3,3,3.0,1.3886145951449391,0.03469315038722802,1.3080121138582776,1.4588651137099689,4.460662842562829,0.3107262245084814,3.826021973693042,4.986534338434059,4.471472216353133,19.994063781618003,8.058965322312078,6.876457725086153,5.05864073421977,0.01714108689305016,12,40,5988,20e8140db7a07df05cf02a112c488fceaca2708e50c4edaaa0061a786a5a4b42
100,C100-C2-310.xyz,C100-C2-310,C2,310,100,150,1,3,3,3.0,1.3886231931507582,0.034498774525944464,1.307797801649781,1.4696542926824663,4.458684599989758,0.27208754231711363,3.896493178144933,4.953310600752793,4.466978844014151,19.95389999287,7.825692004408048,6.845971388401829,5.282236600060122,0.012399953372109404,12,40,5988,fdf4f74c49059baefbe73b4c4413800bd00a0c7b19eb38be765046344533ad38
100,C100-C2-318.xyz,C100-C2-318,C2,318,100,150,1,3,3,3.0,1.388629577267934,0.034320426425260724,1.308165803711441,1.4883277226471328,4.459441167365935,0.27998180106560167,3.8673266372617143,5.0124767018983745,4.468221719445667,19.965005334125998,8.021941026163327,6.605388112374186,5.337676195588482,0.013571192061795608,12,40,5988,51dfc77f2b5662c7673b70a4ea39137302fa9254a6523db49699eaa18e433373
100,C100-C2-326.xyz,C100-C2-326,C2,326,100,150,1,3,3,3.0,1.388661867549758,0.033927900218231465,1.2992627524869633,1.4775425171547518,4.458978221944871,0.2648544216987086,3.916935503238214,4.957244181289439,4.466837208637896,19.952634648471992,8.010842850991287,6.590160124814398,5.351631672666307,0.013342743822526676,12,40,5988,79f0e69f3d4a3240b3a422e11c9dbe0e93903df4d8f02948272294fac5170f83
100,C100-C2-330.xyz,C100-C2-330,C2,330,100,150,1,3,3,3.0,1.388948960623394,0.02675935069952221,1.3316509828029266,1.4588156017811162,4.460696091129849,0.30353053253650336,4.0747676602104566,5.067095778421502,4.471011116246861,19.989940401603,8.44098283988668,5.826441315720283,5.72251624599604,0.017813775966288328,12,40,5988,a93984c7660a2e2fea7f8a8effe1d1d4ad7449dac7c76f36427a0fb6815b9c24
100,C100-C2-338.xyz,C100-C2-338,C2,338,100,150,1,3,3,3.0,1.388729521811241,0.03282615801342016,1.3058635495334112,1.4552296897740917,4.46033633850106,0.28919497318931237,3.883182197557694,4.970240127320711,4.469701778091129,19.978233985071,8.10967394004024,6.676743229893955,5.191816815136804,0.016000040610196296,12,40,5988,1da543cf2247490cb2328e354da6e4fb3611de5878b92d35ee8e5b04ce42143c
100,C100-C2-34.xyz,C100-C2-34,C2,34,100,150,1,3,3,3.0,1.388809610639235,0.030724786889901993,1.3293445678228049,1.4722662700748124,4.468619480679158,0.43368325664443735,3.800889772448157,5.423957761994557,4.489614819803475,20.156641230198993,9.169982665762907,5.972301754761899,5.014356809674189,0.0349652157292858,12,40,5988,0f80eddf2c8b735c656365d936224c38c6a486571d4bd3a06c1f5671b230dc05
100,C100-C2-343.xyz,C100-C2-343,C2,343,100,150,1,3,3,3.0,1.3887148376331948,0.03275196183553554,1.3060826543523194,1.4660147816444418,4.458627062424391,0.2613714800506085,3.9407180342842345,4.947555238977428,4.466281488259221,19.947670332367,7.953534565331608,6.659962741613511,5.334173025421881,0.012932714567611785,12,40,5988,3c3096d6b2930ad169e9ca0af15046be4a7583cc65f418bc45a58908e02e80c0
100,C100-C2-35.xyz,C100-C2-35,C2,35,100,150,1,3,3,3.0,1.3886049419854407,0.03602218242894048,1.3195475019869503,1.4709630790743866,4.471543827240983,0.45296136155864997,3.6168222074077683,5.416124456638529,4.494427460088993,20.199878194001997,9.111007949094349,6.51561985185094,4.57325039305671,0.03810956915685087,12,40,5988,f5f391355f22d12d75ad4b6e380640b03a88b56a4c13ece75016e0db09e50912
100,C100-C2-350.xyz,C100-C2-350,C2,350,100,150,1,3,3,3.0,1.3888713867173628,0.028809104309624977,1.3208816033240829,1.4581630532968526,4.457903043801136,0.24881886532688074,4.028683158220065,4.940665034236383,4.4648415846112615,19.934810375674,7.958705175051841,6.493035184545392,5.48307001607677,0.011697364910741736,12,40,5988,d690ce9a15d22f05ecce3e2ba96720caa75eab8d5116dcca445aa0971ed24c53
100,C100-C2-364.xyz,C100-C2-364,C2,364,100,150,1,3,3,3.0,1.3887041891754757,0.03286925564238684,1.310937870381354,1.464445864482535,4.4582104871056645,0.2471448805783181,3.921272876779299,4.836286916774582,4.465055580766605,19.936721339335,7.736703834217083,6.901318367197577,5.29869913792034,0.011585852960593293,12,40,5988,07fecab09bdfbf4de2146c93777bc0ec9bf204421246b0be3ae5782f26767fa4
100,C100-C2-37.xyz,C100-C2-37,C2,37,100,150,1,3,3,3.0,1.3886676500327277,0.03479886520058379,1.2932567262535308,1.4647412638415018,4.48159452382618,0.5656818684085532,3.7429151082632104,5.66848014650003,4.51715457475555,20.404685452235,10.178284266038863,5.139451968878854,5.086949217317284,0.06162379436550679,12,40,5988,e1c0b5a98d0595dd225a5f5458bf632e727eaa0643f2f091e9124b104df1eacc
100,C100-C2-372.xyz,C100-C2-372,C2,372,100,150,1,3,3,3.0,1.3887107854032725,0.03215293306412896,1.3101436944091287,1.4755970554321394,4.4552694759528,0.17648378467799347,4.102721108836061,4.7926799332825265,4.458763576330439,19.880572629611002,7.563272985057369,6.474877572053815,5.84242207249982,0.005750891824372944,12,40,5988,8dfc897454f806475baa073a9843e5a370faa56bebb47712c1c995bd966a6101
100,C100-C2-376.xyz,C100-C2-376,C2,376,100,150,1,3,3,3.0,1.388781320893441,0.030486892333200635,1.3173175623212499,1.4580684311787289,4.455445908053721,0.18590901478238148,4.124263226011405,4.780834802315387,4.459322863548905,19.88556040137,7.595316184869346,6.511584248829448,5.778659967671207,0.006337180860667097,12,40,5988,db964c1030077069f56e02bfe244018eb239a85c74f6b1ac4965173481f7f089
100,C100-C2-378.xyz,C100-C2-378,C2,378,100,150,1,3,3,3.0,1.3887898250629918,0.030165727818808254,1.3213620094432865,1.4604764907385535,4.45554857073839,0.18929790742924751,4.114292960355886,4.792367049677434,4.459568001944359,19.887746763966007,7.63278219112014,6.501003850328954,5.753960722516912,0.006787181699292935,12,40,5988,2748332c6b5361c92f6eccfe493e4c1ebc0216c086d2d3f39de831edbf4959dd
100,C100-C2-381.xyz,C100-C2-381,C2,381,100,150,1,3,3,3.0,1.3887643133102558,0.03082824693729093,1.3180256901896865,1.459767025932563,4.455211025083392,0.17667229217508215,4.128756886043668,4.774354330530256,4.458712636720043,19.880118376846998,7.543464045198077,6.496568723516635,5.840085608132286,0.005602535303054216,12,40,5988,d596717e3a4b548f1eb4a48aae0250ed2bad6352c764dbff111068aeb526b919
100,C100-C2-387.xyz,C100-C2-387,C2,387,100,150,1,3,3,3.0,1.3887052500468329,0.03320472495037394,1.3186004209008881,1.4754420354592042,4.462206916428685,0.31438980564740576,3.8065185241610213,4.92238050780118,4.473268549385225,20.010131514919,7.847021621458446,7.2861147835669335,4.8769951098936195,0.01865550880889936,12,40,5988,0511860d8a2d8f7b25499cc58be58e5ebc95a686a4579658aa4358a835fddd10
100,C100-C2-392.xyz,C100-C2-392,C2,392,100,150,1,3,3,3.0,1.3885576560133954,0.03656967495869872,1.3049378644211382,1.472699375296941,4.463386384424532,0.33206438464204885,3.7250843695124547,4.999430810280906,4.475721704062262,20.032084772214,8.153647842611713,7.0371335707030145,4.841303358899271,0.021231699455947287,12,40,5988,efda7aff56a844af0322248c4fe59467215f82a1d229055e9a0cf2314bb2ca88
100,C100-C2-396.xyz,C100-C2-396,C2,396,100,150,1,3,3,3.0,1.3888022157903845,0.030280116948006242,1.322110422771109,1.465720972763916,4.456393977676332,0.2129255100478198,4.001660035235502,4.817051483739923,4.4614778445150876,19.904784557098992,7.4783730865413265,6.9309744076596616,5.495437062898004,0.00794099058099491,12,40,5988,ad91f17dc00bfc7b833c90e6514dc819ec099d69a620a146885e9c24448156da
100,C100-C2-4.xyz,C100-C2-4,C2,4,100,150,1,3,3,3.0,1.3888522497805877,0.030385753450151945,1.3365863309191817,1.4722391245989899,4.483531572349679,0.5736497763702323,3.7302335219680285,5.657286033993155,4.520080688017195,20.431129426186004,10.252051898285531,5.188598478362174,4.990479049538301,0.06391709569022179,12,40,5988,a58aea73ebba78d14e19986efbc06cb7861e78fe32f2b67ffee2c87af38a8921
100,C100-C2-401.xyz,C100-C2-401,C2,401,100,150,1,3,3,3.0,1.3888488502700216,0.029127883038535293,1.3253866190663008,1.4650857108032962,4.456574191140626,0.21473923102283685,4.066687212095245,4.867743356856337,4.461744777380369,19.907166458481004,7.7746847441877085,6.431514446971045,5.700967267322249,0.008375206819371723,12,40,5988,7e1d3955de30b79faceeb3c0e0cfd63736413541c855d98b96f4ad419053d2ec
100,C100-C2-402.xyz,C100-C2-402,C2,402,100,150,1,3,3,3.0,1.3888001026748142,0.030259853663865018,1.3266820154053496,1.4674703710807928,4.454458770193661,0.15100920369232465,4.135959884687592,4.748810978818277,4.457017692914738,19.86500671495501,7.1153337118745945,6.914249736312379,5.835423266768034,0.0036015444325116224,12,40,5988,0be39ef6346728df064fc3f1f743108da6b3d74f95908fe0cf87b9d9a4ec636c
100,C100-C2-41.xyz,C100-C2-41,C2,41,100,150,1,3,3,3.0,1.3885774403269648,0.03636058876055882,1.3141074917981406,1.491350478593144,4.469096545363643,0.428530559957807,3.7309627394683265,5.336595340205307,4.489594900723116,20.156462372599,9.107116462577645,6.138294000587644,4.911051909433711,0.03436888743527146,12,40,5988,4370adda4b6046258c7042ebf0493acf0f05fbd40443fe5e9cf8ef890f8198ac
100,C100-C2-411.xyz,C100-C2-411,C2,411,100,150,1,3,3,3.0,1.3886924128902305,0.03321988030949109,1.3045980875350078,1.4574556871479831,4.460038117608703,0.29321530543342045,3.8437461099865846,4.942604704893666,4.469666120177546,19.977915225863,7.965104373806166,6.938515144147709,5.074295707909125,0.01614309985710108,12,40,5988,f0d07508e1c41dcb7d681de3d9c74446da1a22330766f0006325828f9b24cfde
100,C100-C2-413.xyz,C100-C2-413,C2,413,100,150,1,3,3,3.0,1.38868690299756,0.03308702630507119,1.3086632492738537,1.4666652071962438,4.457533447050896,0.23651724930024165,3.936486491683415,4.813712310203633,4.463803853306503,19.92554484079399,7.675796501494369,6.889653143457372,5.36009519584225,0.010477920097544575,12,40,5988,45128f45d9c0d5168cadb825b1d8e9c0f18e9be0e06acaf4a5834673163c7b26
100,C100-C2-421.xyz,C100-C2-421,C2,421,100,150,1,3,3,3.0,1.3885444536826381,0.03640075109825708,1.305983361302892,1.4874904033303877,4.45917346018123,0.2678159974037261,3.856571075599411,4.885210415115197,4.467208676170165,19.955953356449992,7.642453110699893,7.173257732721898,5.140242513028202,0.013326575782525805,12,40,5988,91366ee8b0dbe71a7b2601042faf8288300772258d1bfed45175029e42fcc85a
100,C100-C2-422.xyz,C100-C2-422,C2,422,100,150,1,3,3,3.0,1.3887079108383382,0.032929842215712136,1.3104756273964047,1.474401346309749,4.459045040798253,0.26510381208972583,3.895894925090768,4.836743663101034,4.466918703877652,19.953362707052005,7.6949718489659515,7.098676602841752,5.159714255244301,0.01324001845871421,12,40,5988,373be9b1d5f50f1f350128afd9c14d6fd7e8a0a11a358210df78268f5a289345
100,C100-C2-429.xyz,C100-C2-429,C2,429,100,150,1,3,3,3.0,1.3886905685373818,0.03304685948754578,1.3059279191440851,1.4616556194945511,4.458424019848237,0.2596335920933353,3.9282284985470235,4.933407243964053,4.465977423017608,19.944954342903,7.955576928860201,6.634119635466391,5.3552577785764095,0.012749328829610183,12,40,5988,399074dd8c412b5d09136b55a06c40f52a1546b8fd8aad410d92f235540b9d4d
100,C100-C2-430.xyz,C100-C2-430,C2,430,100,150,1,3,3,3.0,1.3887924413775143,0.03025902685178919,1.3154708890735667,1.4595603344843266,4.455064864154862,0.17691052987265513,4.137290523796099,4.844445178789105,4.458576037190238,19.878900279407006,7.528924555342326,6.526347439166043,5.823628284898637,0.0055760848637597706,12,40,5988,eeee67e55b29f4278ec7006563b78f01c9680f2187a12edd20256296096a1406
100,C100-C2-433.xyz,C100-C2-433,C2,433,100,150,1,3,3,3.0,1.3887850081529927,0.030515524947553652,1.315101748915269,1.4593696207609639,4.455927343226009,0.20137877425585726,4.045125885874257,4.858419250555678,4.460475523846084,19.895841898829996,7.544683775023704,6.769560869776314,5.581597254029979,0.007409199055500495,12,40,5988,981e878e02264f2056981774581d45b78d85a0c70f2aecd4327141a7bfc8e60c
100,C100-C2-435.xyz,C100-C2-435,C2,435,100,150,1,3,3,3.0,1.38867797989287,0.0335363130649554,1.302930308957467,1.4737452052508941,4.458047144661288,0.24414248640362599,3.9124106349040106,4.873877667433806,4.464727303843988,19.933789897690005,7.827091522812729,6.725337261211878,5.381361113665399,0.011327036753653355,12,40,5988,c6797883c04af84fde3aa33ed0898ed7c51e0b3e58be06de57cd04387efb0f6f
100,C100-C2-439.xyz,C100-C2-439,C2,439,100,150,1,3,3,3.0,1.3888683249303586,0.028763450276465267,1.3337761768752654,1.4614813443899992,4.45780647935193,0.24641851132361228,4.073400187635018,4.966935522233502,4.464612042504364,19.932760690074993,8.042042776445664,6.176821028558397,5.713896885070934,0.011469004944467896,12,40,5988,658f6e3cf9f122ab961245dfcd723660da2e18505a4848d163e86f6d8da57038
100,C100-C2-440.xyz,C100-C2-440,C2,440,100,150,1,3,3,3.0,1.3888505435120602,0.029208110510402403,1.3150181329548274,1.4593873509113335,4.456951374093339,0.229376817465274,4.06975931694701,4.931047477613352,4.462849905096854,19.917029275422998,7.897649206209781,6.312281159926772,5.707098909286446,0.009677815984346841,12,40,5988,0fcb002c314e490b4508f46438d919451f0ac79a697a0389bd9d1a484242be15
100,C100-C2-442.xyz,C100-C2-442,C2,442,100,150,1,3,3,3.0,1.3888583270827723,0.028880447125637868,1.3105655992738403,1.4598801320656434,4.458190573337673,0.255272312750711,4.01108255092637,4.965525773908137,4.465492933804061,19.940627141854,8.059405234122723,6.331590804077372,5.549631103653909,0.012443483183416149,12,40,5988,d641c8f4d9855fd51a92eda4c23d714a98a6503768f9784a8188b6b83ab86fbe
100,C100-C2-443.xyz,C100-C2-443,C2,443,100,150,1,3,3,3.0,1.3887008956731177,0.032994431197004404,1.3064613580202058,1.4640647185148614,4.45759699049953,0.24030257854533932,3.9374006897741562,4.908624738155689,4.464069472909893,19.927916258966007,7.682139526373328,6.888835899674637,5.35694083291804,0.010554168927255518,12,40,5988,88992523f8b0a74ebe3c5f1ad4e5b7d1847864a7c5fcd1f97d6c556c56a24eb9
100,C100-C2-446.xyz,C100-C2-446,C2,446,100,150,1,3,3,3.0,1.3886250918980083,0.03429990210746193,1.3070536255257472,1.4781205160608522,4.456311679777881,0.2006140367278725,4.00274462406022,4.755868965125406,4.460825011032936,19.898959779056995,7.211900259794088,7.186190066667885,5.500869452595023,0.007284154608762462,12,40,5988,c82deab3cb663e0b9c5a37217e6521bfb5e69b55c203572a6472dfa035d0352b
100,C100-C2-448.xyz,C100-C2-448,C2,448,100,150,1,3,3,3.0,1.3887695272762004,0.030714381686309918,1.3246853626427675,1.4630587582185481,4.4552433669160205,0.17714594929548755,4.089074704978988,4.809844262894487,4.458763746354028,19.880574145801003,7.488776596054145,6.624645932001484,5.767151617745375,0.0056244839179843435,12,40,5988,56a941d69b61181cc58560a92f530ffba0a194260073d63ec1a9693dd1043e94
100,C100-C2-5.xyz,C100-C2-5,C2,5,100,150,1,3,3,3.0,1.3887652230039373,0.03215588968589457,1.3320438618904409,1.4633558043073462,4.479697551850644,0.5461611118061724,3.748642688266514,5.601660163245714,4.512868501973661,20.365982116105997,10.027742077039909,5.27320021440527,5.065039824660821,0.05699188083573758,12,40,5988,1810b815fb72ab77ee9978f4004fe333c28aa1b4410fb41259bbf728e48a0e9e
100,C100-C2-66.xyz,C100-C2-66,C2,66,100,150,1,3,3,3.0,1.3885940173023303,0.03634762594964476,1.328630309755125,1.479604805344995,4.46590301522988,0.400651055354491,3.63513057451916,5.189270384804014,4.483838869718224,20.104811009596002,8.372036011021773,7.129690742184856,4.603084256389372,0.027377501056249923,12,40,5988,306fb20b38aad90e7ffd60433a6cc9c20032d35e5737346cc5ad9314bbf67283
100,C100-C2-8.xyz,C100-C2-8,C2,8,100,150,1,3,3,3.0,1.3887913129595233,0.031183296514267902,1.3236512871598773,1.473075055793153,4.477272206132177,0.5238480338058994,3.740583136340376,5.538333102971868,4.507813568718875,20.320383170326004,9.845081213204976,5.469898088556447,5.005403868564582,0.05180261206367746,12,40,5988,8fda1064bb230cae520b705a88158bc593580b27bbc26b9c9505f9c6bb58cd03
100,C100-C2-98.xyz,C100-C2-98,C2,98,100,150,1,3,3,3.0,1.3886723984610934,0.033735877326380774,1.3354914151727073,1.4708209306370372,4.458614199625742,0.2987923503483726,3.86158106191868,5.103790354174924,4.468614712607366,19.968517449731007,7.630848440713499,7.188806789088324,5.1488622199291845,0.013187773630911243,12,40,5988,e1abfdd43b34e7466bc27b2f5c0e7422889ca6de050e0a3b3d285a4926d06bf8
100,C100-C2-99.xyz,C100-C2-99,C2,99,100,150,1,3,3,3.0,1.3887254089318697,0.032395370868045795,1.3043654395912212,1.481313299069444,4.46298510678059,0.34194714964836825,3.8671772731673415,5.183177613076943,4.476065673836566,20.035163916497993,8.62567859834893,6.035697582095695,5.373787736053366,0.02207346343424897,12,40,5988,ffded886b0aee2f9553ea886b1ce019ea4b157f8f7e21d5244dcf730899350dc
100,C100-C2v-295.xyz,C100-C2v-295,C2v,295,100,150,1,3,3,3.0,1.3884942496663768,0.03808434293431328,1.3014092284904084,1.4662840379680875,4.46639690546358,0.375123214567359,3.7493346568101917,5.057187461915763,4.482122124980755,20.089418743242,8.350377014678035,7.0964583943100825,4.642583334253883,0.026439984333559752,12,40,5988,c70779e1e7fc4de5d0984ea22716f8e61d1889ec67f2564a8bdd443c2b377fa2
100,C100-C2v-347.xyz,C100-C2v-347,C2v,347,100,150,1,3,3,3.0,1.3885968882949251,0.03555060174339561,1.3003887111167955,1.458955585341788,4.4584962233034355,0.25684341591523496,4.006597105136727,4.951319134825587,4.4658881662565175,19.944157113510002,8.044622294147484,6.408649966525706,5.490884852836811,0.01262072083080625,12,40,5988,44476ccf67bab5fd42a2303540f73d476b1b01774fc2d5c52be6514c4f0142c4
100,C100-C2v-36.xyz,C100-C2v-36,C2v,36,100,150,1,3,3,3.0,1.388408005153366,0.04020798046056999,1.276469036052187,1.4711211710800713,4.4731841553740175,0.4632357748898898,3.6185621070354728,5.420822345758345,4.497106166305951,20.223963871027003,9.069766052161693,6.7462266136221505,4.407971205243157,0.03985074633359283,12,40,5988,96504fca1ad97dc252a4fc04fb3ddb32cbeadbdb067ddb02c15392340ace1eb3
100,C100-C2v-417.xyz,C100-C2v-417,C2v,417,100,150,1,3,3,3.0,1.388584050183415,0.03553481264275954,1.306223166231559,1.4862817801480308,4.458511186760007,0.2571105935621501,3.9354916351853677,4.806884682079861,4.4659184788558335,19.944427859786,7.668785846693545,7.058986014731407,5.216655998361048,0.01229193465651723,12,40,5988,76d61d3008aa80c72759ed7a3b17401f7631da4c42e4089d9ec7d6fabc48fd9d
100,C100-C2v-94.xyz,C100-C2v-94,C2v,94,100,150,1,3,3,3.0,1.3887729102768371,0.03159262067642869,1.340417296963897,1.4632458986786876,4.46353218326128,0.3500422078447028,3.813782725630552,5.2154098928768775,4.477236770406721,20.045649098282002,8.353481031785051,6.78882573546404,4.903342331032912,0.022281484603213834,12,40,5988,af3d7863fc4a01eb1b606edcb132945f693927b69fbff2084b29462c14578bd1
100,C100-C3-221.xyz,C100-C3-221,C3,221,100,150,1,3,3,3.0,1.388771467107177,0.031082766108878484,1.3242537105857024,1.4660017939961736,4.456893222966166,0.22922956973581476,4.149152064306272,4.9637971784851365,4.462784265070741,19.916443396562997,7.94935085012226,5.989776487110345,5.977316059330393,0.009742495135318977,12,40,5988,21e726ae76a9bb0bb42360fb14ea72ebbf89b6e5d577de263c61a119b40e6b83
100,C100-C3-266.xyz,C100-C3-266,C3,266,100,150,1,3,3,3.0,1.3885158913808502,0.03677492691372509,1.302720868029679,1.4608718903449407,4.454759607347732,0.168635916426745,4.191928216803575,4.883825981567526,4.457950339737535,19.873321231566006,7.474607180377764,6.201330473002894,6.197383578185348,0.004117683715659028,12,40,5988,83ba600264a430e5d8a1cd4bcf20779b5f551e89f53a6c8867e37b116f963931
100,C100-C3-322.xyz,C100-C3-322,C3,322,100,150,1,3,3,3.0,1.3886676751340965,0.0331039479669224,1.3209705106473801,1.458346358037075,4.452979768284029,0.08563778175031016,4.28310832083313,4.6455297167266085,4.453803166554399,19.836362646409995,6.6367121356285175,6.6037383457756675,6.595912165005811,3.5747031012284566e-06,12,40,5988,d3d42a7155f82d2bd201f2c2c2de27402e604b7fe56ba77fae787b08687772ab
100,C100-Cs-126.xyz,C100-Cs-126,Cs,126,100,150,1,3,3,3.0,1.388626335756837,0.03460748920692324,1.3031619814896382,1.474700518749485,4.458527211639679,0.2558437290114907,3.9663545660964306,4.979376256359224,4.465861720945466,19.943920910606003,7.833435145328522,6.78137975608871,5.32910600918877,0.011926267656876433,12,40,5988,2d649d57f2691de704ee019023469585ea20c955ee009e4c133450e91e49caa4
100,C100-Cs-127.xyz,C100-Cs-127,Cs,127,100,150,1,3,3,3.0,1.3888736198956415,0.028692613880762958,1.329407157344957,1.4602312522337002,4.459434767527429,0.28386191004358224,4.032791018958706,5.027769137718438,4.468460140787428,19.967136029806007,8.236112298932909,6.198911794272938,5.53211193660016,0.014932064757367644,12,40,5988,870f6de279401f04ab012ae85422943d0153e6ad9febd1703b36b0379139b7f5
100,C100-Cs-14.xyz,C100-Cs-14,Cs,14,100,150,1,3,3,3.0,1.388890632353543,0.02894334397708285,1.339011161267896,1.4634473000419252,4.470173240041506,0.4461684809484279,3.878472391100006,5.513266892444533,4.492384123088207,20.181515109374995,9.336249476414917,5.532833891271873,5.312431741688206,0.03769474893978145,12,40,5988,39760deda048185cffd70fe931fd21e263003e36c3327578186c5161c444988c
100,C100-Cs-15.xyz,C100-Cs-15,Cs,15,100,150,1,3,3,3.0,1.388800089852035,0.030841565464691655,1.314528192927029,1.4765779220887736,4.466290115190217,0.4018707858256834,3.9529601509317036,5.4654617495371784,4.484333564928684,20.109247521546,9.006964747814603,5.572368925027881,5.529913848703515,0.02953660591884508,12,40,5988,92acf6deb6cc6ea511f38eac0f259f6fbda535e3f66a7c55614e1942ff2273df
100,C100-Cs-150.xyz,C100-Cs-150,Cs,150,100,150,1,3,3,3.0,1.3888658403634404,0.028607310339972342,1.3215443768561088,1.4582685657998666,4.460748609423751,0.308413207387545,4.020748300718785,5.143781894261557,4.471397640891156,19.993396862966996,8.444314201028412,6.008743082804313,5.54033957913427,0.01824264027532442,12,40,5988,379bd1bab8727d22334930bae9353cacf1990e59a687b591f207df22c2e5e3b6
100,C100-Cs-208.xyz,C100-Cs-208,Cs,208,100,150,1,3,3,3.0,1.388472429329787,0.03758409048660818,1.30535024418736,1.4769816011040897,4.456726000766306,0.20864033920258085,3.93245870582909,4.839076418889353,4.461607046463079,19.905937437048998,7.262669886575774,7.162771156452892,5.480496394020331,0.00759145234059386,12,40,5988,9d035169fdbc3de5fac7f4f7fa59b3b5ef42f4ca6136f7c1dd50a6b34ee687e4
100,C100-Cs-209.xyz,C100-Cs-209,Cs,209,100,150,1,3,3,3.0,1.3885935588000762,0.03516980891246336,1.3074248008967857,1.4740045759766147,4.45553582286526,0.18238009719098391,4.059916358918371,4.8429710324152255,4.459266976610281,19.885061968686998,7.376983608684499,6.808465934216615,5.6996124257858805,0.005521205468728061,12,40,5988,4fb5d9e44351973b80319e4be34e2266225fc58c8140aa29022026faf06b7ed1
100,C100-Cs-244.xyz,C100-Cs-244,Cs,244,100,150,1,3,3,3.0,1.388522956611334,0.03674264048739765,1.2975334253883404,1.4793342624302324,4.454775292490901,0.16434920003638845,4.088525171288542,4.758613715049794,4.457805913915499,19.872033566139997,7.1525381438737075,6.8813634113567295,5.838132010909561,0.0036585815018748105,12,40,5988,35adb7bf6c5f6cdd70f7f4460f42d70d12d3d5e9b2b8eca435e7d74e6ebb0d18
100,C100-Cs-25.xyz,C100-Cs-25,Cs,25,100,150,1,3,3,3.0,1.3885945697102475,0.035981392939674194,1.278203665305338,1.4706469494749579,4.467890476081234,0.4075059246484751,3.7111010220982936,5.328541779081684,4.486435821995117,20.128106384880994,8.70626494206705,6.769923430412174,4.651918012401772,0.0304500343437794,12,40,5988,da366a55ce431bbb6d05552d3a1c8a57bcc2df6230492a30b51a82ab7770b743
100,C100-Cs-252.xyz,C100-Cs-252,Cs,252,100,150,1,3,3,3.0,1.388673553822531,0.033310413495411605,1.3073738485987854,1.4764034069318588,4.4545163160700705,0.15414136096627185,4.095508090482181,4.809864533976502,4.457182424951328,19.866475169295,7.175554761697694,6.802912004804489,5.888008402792817,0.0033365105494674702,12,40,5988,413b9811d69843e7b164a279544fdb0890b42ee6161193f3037302f4ea60aaa9
100,C100-Cs-285.xyz,C100-Cs-285,Cs,285,100,150,1,3,3,3.0,1.3884475996545271,0.039011236162355294,1.2899972945708065,1.4872846701287552,4.465426954285876,0.36681374542968986,3.7215834665369254,5.032070455448831,4.480467632725294,20.074590207899007,8.041117659094468,7.405770372568399,4.627702176236142,0.024532587609880106,12,40,5988,fa097f5620c13f7a01380f663c241fcc116774221c956a4f5368e6bcb08d8495
100,C100-Cs-287.xyz,C100-Cs-287,Cs,287,100,150,1,3,3,3.0,1.3885080113534833,0.03681897346742612,1.3036006251916268,1.4858670364470705,4.457965595238366,0.25020099089540765,3.8946678691033463,4.982144556676973,4.464981274784252,19.936057784174004,7.769834764887302,6.8172543590627885,5.348968660223911,0.01122650125937627,12,40,5988,a0d3c02d56a13f29d437d090ffd51cdb2665d1ca8b56436c646566774d667ad7
100,C100-Cs-290.xyz,C100-Cs-290,Cs,290,100,150,1,3,3,3.0,1.3884269385724584,0.03879016773588128,1.2975361574923454,1.4858487170637529,4.4585602087576675,0.2606971885613339,3.8869860659203552,4.940941557604076,4.466175339061488,19.946722159241,7.55983062565689,7.177972122948136,5.208919410635971,0.01200106396517027,12,40,5988,317b1afb89e28fb3733893c718b6db225a79c760fb2727f53c333c1ae396f167
100,C100-Cs-291.xyz,C100-Cs-291,Cs,291,100,150,1,3,3,3.0,1.388700397694098,0.03347810395249616,1.3153499800433341,1.4629916096820244,4.4617018350236375,0.3133963048612748,3.874378490835143,5.0482660238784955,4.472694993910719,20.005000508554005,8.21763509447168,6.726279145271807,5.0610862688105165,0.01869166501322225,12,40,5988,a56abe099b4f830b4e08203339ac41ce150aa39604ebabc2bc3574d0efcf7cb1
100,C100-Cs-294.xyz,C100-Cs-294,Cs,294,100,150,1,3,3,3.0,1.3885851546734342,0.03582210240276882,1.3070275743074435,1.46454554726031,4.4623319842379665,0.317903363525546,3.817133679229219,5.02060856549343,4.473641613506159,20.013469286093997,8.019315747445837,7.0765399734127605,4.917613565235399,0.018937416341944607,12,40,5988,0e0f0deb2fa759812f7a5cc84c6c518e76f16253fc45f57e6b35dfae5fbb096e
100,C100-Cs-319.xyz,C100-Cs-319,Cs,319,100,150,1,3,3,3.0,1.388614647526692,0.03530008792700835,1.2904985122037143,1.4622581167495698,4.461231537224199,0.31390218516475416,3.8610588514454163,5.015944742511126,4.472261330755953,20.001121410575003,8.049828144851197,6.922635189990495,5.028658075733312,0.017479517090204153,12,40,5988,9df22e2815da28b1d7f9c2f7a1790bcdde7ed245ee75b152b5b497f0478da4aa
100,C100-Cs-345.xyz,C100-Cs-345,Cs,345,100,150,1,3,3,3.0,1.38870099319398,0.03233483212760634,1.3084662242488339,1.475059619134088,4.455906928694513,0.19291812704419184,4.028343570038435,4.875756534905121,4.460081160800776,19.89232396093,7.657503797973764,6.468801946408402,5.766018216547834,0.006930214388537868,12,40,5988,f10d934a74190018260461ee0dbc56a47b633e5cc61140a0036154ebf44a66f7
100,C100-Cs-354.xyz,C100-Cs-354,Cs,354,100,150,1,3,3,3.0,1.3887331103900464,0.03181758171808186,1.3111940550505865,1.475227985770335,4.4555887238561676,0.18809100352162134,4.016306176132492,4.839938489447981,4.459557052192515,19.88764910176,7.43540148777442,6.816032718774412,5.63621489521117,0.006336819976390766,12,40,5988,2501c12381db60d6d8459701ae16c59f1f09d586af1f12b0fb45d3782f3df371
100,C100-Cs-356.xyz,C100-Cs-356,Cs,356,100,150,1,3,3,3.0,1.3886126189584578,0.035047852088249606,1.3032373575062988,1.4590766463760567,4.458452906471175,0.2543926013718408,3.9724918956929285,4.928611329405678,4.465704638111885,19.942517914854,7.8696962875629985,6.731279710157908,5.341541917133093,0.012093073561121532,12,40,5988,bc79e38ce6f7fdbee2961e20617cbbee3db0b6d98c064966cb49c0a38410a0fe
100,C100-Cs-38.xyz,C100-Cs-38,Cs,38,100,150,1,3,3,3.0,1.3888747180693815,0.029381921443219317,1.3165443061287379,1.465699020945296,4.470174328622528,0.4458733998425123,3.8777916703888313,5.496579701517754,4.492355909426923,20.181261616963,9.33330972591099,5.536108698817191,5.311843192234818,0.03761659537770172,12,40,5988,cb9be0f79782f9c7530891b010d04235fa889f4997002dd4670cb40e18a8f8e7
100,C100-Cs-388.xyz,C100-Cs-388,Cs,388,100,150,1,3,3,3.0,1.3886284004195162,0.03494151992976847,1.3053237337917363,1.4880328558200586,4.463003111707497,0.32757633692805366,3.733797422889196,4.928022818856869,4.475008718608938,20.025703031626,8.000556646503512,7.195604731634583,4.829541653487905,0.020324648624064003,12,40,5988,7a5312bd5cdc3f6c97a013433a06ad2011b2a453341e4412fef6d32366da4d6c
100,C100-Cs-39.xyz,C100-Cs-39,Cs,39,100,150,1,3,3,3.0,1.3887932915828052,0.0314268227463521,1.3051761183840287,1.456201133085674,4.472453059854237,0.4729384566172223,3.7934280227985084,5.528848455307218,4.497388926515807,20.226507156347,9.52148198525548,5.5853095669059805,5.11971560418554,0.04288045001230225,12,40,5988,4ecaa4ff81fcdcce5820ef4ddee37b4645afb92f3ce275b66905d4ae80fa90d4
100,C100-Cs-394.xyz,C100-Cs-394,Cs,394,100,150,1,3,3,3.0,1.3888625273558826,0.02962073215328591,1.341816395785951,1.4651015050159495,4.45949877230002,0.2740346427435854,3.9586358743045564,4.985906461811231,4.467910505546076,19.962224285568993,8.066436656071971,6.577816877632455,5.317970751864569,0.014250363342235662,12,40,5988,958d59e7cdd854beaf9d990cd9d4478c3776d31eab82ac4ff8a59c42fd78469e
100,C100-Cs-414.xyz,C100-Cs-414,Cs,414,100,150,1,3,3,3.0,1.3886964567718496,0.0325812965157003,1.310884197784076,1.4727194064043565,4.456585861965192,0.21361203902160758,3.953356314224282,4.792507798221823,4.461702326274468,19.906787648282993,7.588978139086624,6.826670488203059,5.4911390209933115,0.008536493009559588,12,40,5988,3abf2c83f84576757e2839f55373a3318861480d2de0e89a2c5d8192a63efa8b
100,C100-Cs-444.xyz,C100-Cs-444,Cs,444,100,150,1,3,3,3.0,1.3886584029490852,0.03362439271664329,1.3087108274939885,1.4753822453859204,4.456532459641507,0.2112013154589925,3.9404772895564317,4.751241604981797,4.46153421588247,19.905287559490006,7.317251879994924,7.161051183020789,5.426984496474293,0.008334370843108922,12,40,5988,38b1be926ab72d124cd4965b15522dfe6f23cfe94a9f652ed48e411c738bf6c4
100,C100-Cs-447.xyz,C100-Cs-447,Cs,447,100,150,1,3,3,3.0,1.388862129769947,0.029584108756002512,1.3384815463800763,1.4619760907757688,4.4593806909181755,0.2716582264484891,3.9655807815210373,5.005131567718175,4.46764751726577,19.959874338531,8.061108242951091,6.56376753199086,5.33499856358905,0.014035733269825015,12,40,5988,e0b7e1b1e566aa0efa5fdafa1cfceaae16c42c59cf1d7c4e8d4fe9c910883a9b
100,C100-Cs-48.xyz,C100-Cs-48,Cs,48,100,150,1,3,3,3.0,1.3884742928147629,0.03850186479308143,1.283565413214301,1.4872210898181883,4.466261163028717,0.3795153053150473,3.7654580897087406,5.2650944917022136,4.482356594844614,20.091520643347003,8.620593649798128,6.674313215417064,4.796613778131813,0.02717148678818026,12,40,5988,b9b39987557d958832468d900cb77ab2f18225e391fa56b39bf7a6b8908e8d60
100,C100-Cs-64.xyz,C100-Cs-64,Cs,64,100,150,1,3,3,3.0,1.3883567201608014,0.04100092337588621,1.2752538610018007,1.4758794835622588,4.471135222573136,0.44750420134773455,3.628696074520709,5.335418208766957,4.493474178045091,20.191310188758003,8.788570574041497,6.998636592038265,4.4041030226782425,0.03576135645166806,12,40,5988,73fdd6199409ddbe9e13e21880753d0edb96413dd894b0d55bb749a823f6d0b0
100,C100-Cs-85.xyz,C100-Cs-85,Cs,85,100,150,1,3,3,3.0,1.3886258441433013,0.03518633888273899,1.314477592049404,1.4873059335590646,4.4649545384090015,0.3696484191916129,3.7717483739679665,5.2764142338078415,4.4802297914136044,20.072458983869993,8.539374221125223,6.676059566719319,4.85702519602545,0.02524241704231787,12,40,5988,621fd454141a0a07379d55a9615abd4f835ae311691a24d3c12c970137749ef1
100,C100-Cs-90.xyz,C100-Cs-90,Cs,90,100,150,1,3,3,3.0,1.388578623046325,0.035730804899573275,1.3062149019208131,1.4854300791353323,4.459663595760098,0.29334551852740803,3.969247256321027,5.213563994218543,4.469300949878852,19.974650980588002,8.178053794280702,6.415844198506164,5.380752987801136,0.015040211645431708,12,40,5988,0db808cba73bf68647f332edacd649d1ff49d20b2e1539b35b8da259072086d4
100,C100-Cs-93.xyz,C100-Cs-93,Cs,93,100,150,1,3,3,3.0,1.388537440990149,0.037062845301757005,1.2840282473528377,1.4639006933532068,4.46643711515315,0.39494811282168096,3.7198269119222473,5.24069353687668,4.48386490825036,20.105044515439005,8.448490644022902,7.030572220910409,4.625981650505696,0.027713277068153606,12,40,5988,d9521d024cfbd174d1a8042413b0e811ffadf8ea4d2c3cf7e4df4e5e6dda7990
100,C100-D2-2.xyz,C100-D2-2,D2,2,100,150,1,3,3,3.0,1.388706310856788,0.034373282064176516,1.3239742104739052,1.4744772734769431,4.495124516956198,0.6621412845596563,3.5743308268599034,5.758577792184544,4.543630212028593,20.644575503659,10.846342318419262,5.2125984472646545,4.585634737975079,0.08368003792469933,12,40,5988,1d169a6676118209c71dfc68cdddb3d5e57b8f9c1eeb1c907b3fc0fb7b06523c
100,C100-D2-390.xyz,C100-D2-390,D2,390,100,150,1,3,3,3.0,1.388563270004125,0.036547803337336225,1.3111209898403733,1.47470506203783,4.46426389724073,0.3433764982814307,3.7228563193764272,5.019360927261657,4.477450118513773,20.047559563779004,8.203564590125355,7.060169203188239,4.783825770465408,0.022621915770023635,12,40,5988,826dc0673c14070c398606fcd5fa88069eff404f8226bd7e4fb0e7e0b79565bc
100,C100-D2-406.xyz,C100-D2-406,D2,406,100,150,1,3,3,3.0,1.3885315539163166,0.03687272947231944,1.3029055030968288,1.472225465069804,4.462057708354751,0.3150681158383932,3.779021463698506,4.9722462011945865,4.4731674359793425,20.00922691030601,8.042971521604736,7.031148312478894,4.935107076222378,0.01882761951893428,12,40,5988,fcc8cafbc418ff6825842ae34395f663d46b050522d2d01cf20a12497bde711d
100,C100-D2-431.xyz,C100-D2-431,D2,431,100,150,1,3,3,3.0,1.3888021971864524,0.030087922661463245,1.3231178443358704,1.4584986047302206,4.456291233251991,0.21556814601757962,4.1142937046671815,4.90053747165186,4.461502121610613,19.905001181136008,7.839907662519833,6.32062896645184,5.744464552164334,0.008872910180335971,12,40,5988,84b513ef1a363e53b0d8a9f2a6957a9f651316346f9f9e18a863a2bd1a254c6e
100,C100-D2-432.xyz,C100-D2-432,D2,432,100,150,1,3,3,3.0,1.388789750738699,0.030274572000426363,1.3232523946700419,1.4584559232283982,4.456000427209451,0.20548489990065483,4.1962661574097035,4.891343340619426,4.460735797083033,19.898163851378005,7.815647348073333,6.161665601569923,5.920850901734748,0.008061765034951443,12,40,5988,1b507b2e228a5cae5843687e9c5164ca28aea882be07189f873f44dbf149c174
100,C100-D2-438.xyz,C100-D2-438,D2,438,100,150,1,3,3,3.0,1.3887112184030737,0.033174159845430144,1.3186706487974929,1.4632695377134042,4.46250731974623,0.319779460460372,3.842253108396036,4.947313103653235,4.473950210062803,20.016230482121003,8.07185941163197,7.038256443504253,4.90611462698478,0.019513695309298452,12,40,5988,482697e2d8cc4514005a4ccb13f604b9e7f8d0ad797ae5c08f4ecee04aec1824
100,C100-D2-445.xyz,C100-D2-445,D2,445,100,150,1,3,3,3.0,1.3886786208646276,0.03303062851630536,1.3094797058373988,1.475505899683224,4.455724085412599,0.19367986579160368,4.055512838811017,4.692394181967346,4.4599315034806315,19.890989015739002,7.2215519105320976,7.148584727215094,5.520852377991811,0.00701023058845695,12,40,5988,5f592262de017d5dc1c3a147212fed74f30feffa21528fb0c8cb885a8c0c5829
100,C100-D2-449.xyz,C100-D2-449,D2,449,100,150,1,3,3,3.0,1.3887634802475615,0.03057222373354265,1.3224216952243335,1.4607105462753394,4.454213482795602,0.14390421810312512,4.147417100930892,4.669123547872127,4.456537464703511,19.860726174306002,7.265603489123826,6.7278752417277286,5.8672474434544455,0.0037840579038716494,12,40,5988,10a6596e7601d92d063b74f3eb8231b4ceea0801428dbea9bd438fac58ac8a3e
100,C100-D2-67.xyz,C100-D2-67,D2,67,100,150,1,3,3,3.0,1.388849168709269,0.029293506258316296,1.343612016171335,1.4512196560135202,4.46741143773953,0.41569923990791957,3.9713134580002616,5.347845273967264,4.486710466712333,20.130570812106,9.140133945126916,5.674522932992151,5.315913933986933,0.03302206919337102,12,40,5988,129f7f20616f3a588b612f43c24245daf774131f0bf82a20dd857a78ef859d6d
100,C100-D2d-395.xyz,C100-D2d-395,D2d,395,100,150,1,3,3,3.0,1.388898574515755,0.027701574710422516,1.3310223326450987,1.4565259146338594,4.459632738125677,0.2827390597364856,4.120078800221787,5.0289722651687985,4.468586525386187,19.968265534863,8.308101657790758,5.852028634043725,5.80813524302852,0.015403911460201014,12,40,5988,d1f8bb6163d8c3ce55b2e0632b66800491f3a9d61b71fde7896776e2149ab07e
100,C100-D5-450.xyz,C100-D5-450,D5,450,100,150,1,3,3,3.0,1.3890206813361443,0.024498633032750978,1.3678752903682412,1.4591393285084189,4.462141608326643,0.32753807606310625,4.0525868928462225,5.077885608820762,4.474146725804933,20.017988924031002,8.605272584773095,5.711790915073914,5.700925424183993,0.020971740455453382,12,40,5988,b8e88130ff3295fc406203ae5c4c5295b342f516621dff73f878621f620fa2b4
100,C100-D5d-1.xyz,C100-D5d-1,D5d,1,100,150,1,3,3,3.0,1.3890788841685955,0.025709597888654376,1.3388979274014878,1.4544460113734026,4.51967055989673,0.8014701552676646,3.4998618885061736,5.9348630910424545,4.590182608544239,21.069776379782,11.954642164620232,4.570709782809764,4.544424432352005,0.12325493334456755,12,40,5988,2ef967ccea66b977eda20da9bfdab679bbbb3c12add2aae35ba86a3f0a8e3c81
100,C100-T-321.xyz,C100-T-321,T,321,100,150,1,3,3,3.0,1.3885847281201311,0.035224517477767114,1.3387692258189983,1.459995030813461,4.453341888660667,0.12694596380056977,4.240163706046619,4.666005669807421,4.455150867818619,19.848369255025,6.636434435740172,6.60720871375632,6.6047261055285045,2.367924373457909e-06,12,40,5988,64c6a73bc62c880da96bc9cd615f45bd9fa76897574c31b5e1d8d9043c03101f
180,C180-0.xyz,C180,0,,180,270,1,3,3,3.0,1.388694040731916,0.03492411793363154,1.3501019554092941,1.458807489012858,5.980314320934594,0.005163891449939141,5.970698622317968,5.994370035253888,5.980316550396836,35.76418604295031,11.940748112925784,11.913967867722958,11.909470062301565,6.706899714157028e-07,12,80,10708,b58d673aa20a7fe74f75f5b21dacc5a8b8cd161da37822f1a18801f8ca6923b9
240,C240-0.xyz,C240,0,,240,360,1,3,3,3.0,1.388937076599272,0.03330212369073471,1.341441411318437,1.4329020552710503,6.906997718054744,0.007259445015540169,6.896779653018232,6.923434899434164,6.907001532992112,47.70667017675538,15.910777847605512,15.905429916752475,15.8904624123974,1.4616981128186866e-07,12,110,14248,b7d21e2d945202c5fdb16752ac0b384575ea2bfbc89d227d5305f47d15a38b96
260,C260-0.xyz,C260,0,,260,390,1,3,3,3.0,1.3887434558476501,0.036409522483894244,1.3350875813968162,1.4447621188278714,7.189562323209774,0.01147689961572392,7.169861198951268,7.214983887992831,7.189571483652019,51.689938118542294,17.242359183660476,17.22817075311228,17.21940818176954,1.5061526569819606e-07,12,120,15428,f802eb0dc1d2f0a56eab1d1e2537b2d512116ee1d9792077d0be0765decf9cd6
320,C320-0.xyz,C320,0,,320,480,1,3,3,3.0,1.388659687564757,0.038914331218956794,1.3257175151592435,1.446239817595962,7.977358578018761,0.0210624049692407,7.946269255887155,8.0226310584298,7.977386383220545,63.63869350719257,21.23860090233791,21.205197200082395,21.194895404772264,3.8669074979353847e-07,12,150,18968,e137ce6dded42d0904b8167da917aec41e47409a882201c0f7ad2207c599de2c
500,C500-0.xyz,C500,0,,500,750,1,3,3,3.0,1.3887197335785177,0.03920115945917982,1.3090400796003152,1.4489000345089373,9.973178293473808,0.05473845118098767,9.900212936480974,10.089797293529005,9.97332851015421,99.4672815714548,33.174666062732925,33.15350460255928,33.1391109061626,9.698834977266301e-08,12,240,29588,cd964bb1a7c5d414f0da0d8172508504ae5e5261dda3bc05aa1ca2f11e030ffb
540,C540-0.xyz,C540,0,,540,810,1,3,3,3.0,1.3888328983851992,0.0379292159778637,1.307790545156219,1.4297449213058944,10.364450349671316,0.059979357865976544,10.299479886652959,10.489416849476779,10.364623899311152,107.42542857417189,35.8178023067782,35.81001780839848,35.79760845899523,2.696576452043912e-08,12,260,31948,c0d8f1a00f4aef9813b06d4e659461d29ad77a0652ae59a54d1583349635a60a
720,C720-0.xyz,C720,0,,720,1080,1,3,3,3.0,1.3888384368576152,0.0380297985192492,1.2974308806252455,1.4415133367402468,11.967095615256104,0.10990762645814171,11.8456688385662,12.205385635107994,11.967600308793553,143.22345715103555,47.75851819106367,47.735485487897975,47.72945347207391,3.440870091228401e-08,12,350,42568,ba2f9a412156e9ade6ec59002a371c95022cdc42337b2b784db8cf0dd37f0061
