C,filename,split,symmetry,isomer_id,r_mean,asphericity,bond_mean
20,C20-Ih.xyz,train,Ih,,1.9494896952042609,0.00012850393958243746,1.3914339988883309
24,C24-D6d.xyz,train,D6d,,2.157669502258235,0.03038537785729453,1.3919961561588097
26,C26-D3h.xyz,train,D3h,,2.2487142304897354,0.018660183906568623,1.3908079770207442
28,C28-D2.xyz,train,D2,,2.3433001259348543,0.03135865236156974,1.3905139543497187
28,C28-Td.xyz,train,Td,,2.377077373945833,1.173937318094675e-07,1.4200313882054825
30,C30-C2v-2.xyz,test,C2v,2,2.4279949459514607,0.03417649895646404,1.3904585701510557
30,C30-C2v-3.xyz,train,C2v,3,2.421192763619987,0.01270015393593471,1.3900869917389476
30,C30-D5h-1.xyz,val,D5h,1,2.4428569236504227,0.07312261805516511,1.39090862660839
32,C32-C2-1.xyz,val,C2,1,2.514053129785509,0.04343600135623493,1.39018774522006
32,C32-C2-4.xyz,train,C2,4,2.5060380614379367,0.019748858415614676,1.389804640897313
32,C32-D2-2.xyz,train,D2,2,2.5224318933088785,0.06455353250459689,1.390362220490184
32,C32-D3-6.xyz,train,D3,6,2.503332697276222,0.015671420932984285,1.3899431580786255
32,C32-D3d-3.xyz,test,D3d,3,2.527961326897563,0.08020677449165148,1.390786896124533
32,C32-D3h-5.xyz,train,D3h,5,2.515906409367139,0.04047560484384646,1.3899498306833085
34,C34-C2-1.xyz,train,C2,1,2.602037067886858,0.06461298803413888,1.390217665385083
34,C34-C2-4.xyz,train,C2,4,2.5857707794444775,0.021013835975714212,1.3896336102901015
34,C34-C2-5.xyz,train,C2,5,2.5835110784154667,0.016062100087052455,1.3897248549034478
34,C34-C3v-6.xyz,train,C3v,6,2.588070108426703,0.025258390447044463,1.3897258361735163
34,C34-Cs-2.xyz,val,Cs,2,2.5890099663699755,0.032157099812102644,1.3899049614527852
34,C34-Cs-3.xyz,test,Cs,3,2.5906770658245146,0.03596957433540055,1.389825170503295
36,C36-C1-3.xyz,val,C1,3,2.673697111624628,0.05071564644940099,1.3898136352007482
36,C36-C1-7.xyz,train,C1,7,2.665607440747678,0.03068933230674153,1.3895702934348788
36,C36-C2-1.xyz,train,C2,1,2.6859604950305185,0.08556204837485434,1.3903625502628638
36,C36-C2-10.xyz,train,C2,10,2.666635924529322,0.03199936506729357,1.3895651653187624
36,C36-C2-11.xyz,train,C2,11,2.662703318980057,0.02490278832368789,1.3896588774448138
36,C36-C2-12.xyz,train,C2,12,2.6583647928434635,0.009436249548333287,1.3893403886691744
36,C36-C2v-9.xyz,test,C2v,9,2.6573557024471315,0.0058709677693548415,1.3893738294705618
36,C36-Cs-4.xyz,test,Cs,4,2.675524605437202,0.053225172434757,1.389752396671369
36,C36-Cs-8.xyz,train,Cs,8,2.663993864722421,0.025673469526098405,1.3895431293589848
36,C36-D2-2.xyz,train,D2,2,2.7016625899023015,0.13560739609045436,1.3934894603823091
36,C36-D2-5.xyz,train,D2,5,2.6780645315894827,0.05970306968093488,1.3896382954399
36,C36-D2d-14.xyz,train,D2d,14,2.6556254140966775,0.003808760287065381,1.3895294583053268
36,C36-D2d-6.xyz,train,D2d,6,2.6716137886156215,0.04978306545884622,1.3898546788310802
36,C36-D3h-13.xyz,val,D3h,13,2.661973097743975,0.017462473405008897,1.389572834573739
36,C36-D6h-15.xyz,train,D6h,15,2.658260136257956,0.01193769946288767,1.3897320565846694
38,C38-C1-11.xyz,train,C1,11,2.7403923483464583,0.03077074449608056,1.3894096861148926
38,C38-C1-14.xyz,test,C1,14,2.7337447662766947,0.013040304730005446,1.3892262731000589
38,C38-C1-3.xyz,train,C1,3,2.7547087246993063,0.07036974377618296,1.389971269026536
38,C38-C1-4.xyz,train,C1,4,2.753944356335392,0.0732758975060582,1.3904404931831236
38,C38-C1-5.xyz,train,C1,5,2.744448994595644,0.0441475759556888,1.3897239850901726
38,C38-C1-7.xyz,train,C1,7,2.7463303900561975,0.05209165192999912,1.3899714516763784
38,C38-C1-8.xyz,train,C1,8,2.73733622024265,0.02132855814417232,1.3893961702359217
38,C38-C2-1.xyz,test,C2,1,2.771654551903967,0.10899512540562344,1.3902194183025387
38,C38-C2-10.xyz,val,C2,10,2.742600329102852,0.03889622302247153,1.389730930435305
38,C38-C2-13.xyz,train,C2,13,2.737316470766796,0.023224624362281534,1.3894192754765122
38,C38-C2-17.xyz,train,C2,17,2.7314016250878956,0.0071104780271519065,1.3893483288684896
38,C38-C2-6.xyz,train,C2,6,2.777949892105813,0.01880158594549613,1.4200299478957825
38,C38-C2v-12.xyz,train,C2v,12,2.7463727871958548,0.0443102670670291,1.3892342373936357
38,C38-C2v-15.xyz,train,C2v,15,2.741086335430063,0.032478794270337626,1.3894003262159804
38,C38-C3v-16.xyz,val,C3v,16,2.730527343154337,0.0007317109168528645,1.3888915241801352
38,C38-D3-9.xyz,train,D3,9,2.7404075634876754,0.03147320100175527,1.389809407663592
38,C38-D3h-2.xyz,train,D3h,2,2.797881948072467,0.1603144659895492,1.3910427396581122
40,C40-C1-10.xyz,train,C1,10,2.823786565890269,0.05914608579321327,1.3894716141408514
40,C40-C1-12.xyz,val,C1,12,2.817945676502769,0.046365417261049466,1.3895421838885818
40,C40-C1-17.xyz,test,C1,17,2.8109397065899357,0.02444455358928715,1.3891908866171625
40,C40-C1-22.xyz,val,C1,22,2.816288445012293,0.040444091769327985,1.3893362712641752
40,C40-C1-26.xyz,train,C1,26,2.808601081690084,0.019084131238715933,1.389232868510977
40,C40-C1-34.xyz,train,C1,34,2.810872494419599,0.023995966802752178,1.3890665792532224
40,C40-C1-4.xyz,train,C1,4,2.838088803920268,0.09400327591781997,1.3898117414268212
40,C40-C1-6.xyz,train,C1,6,2.8307226318582868,0.07578894256968914,1.3896862855665453
40,C40-C2-11.xyz,test,C2,11,2.8288955997402185,0.06915527363738971,1.389594660264561
40,C40-C2-15.xyz,train,C2,15,2.8127260511291636,0.030086977849316777,1.3894354857805942
40,C40-C2-16.xyz,train,C2,16,2.8125308367811472,0.03392628954744134,1.389533532125475
40,C40-C2-18.xyz,train,C2,18,2.8172388644949775,0.0401770822820518,1.3893978173289938
40,C40-C2-19.xyz,train,C2,19,2.8105795689074724,0.029255594697600355,1.3895927685984029
40,C40-C2-2.xyz,train,C2,2,2.8553076023649204,0.1324205237924419,1.3903506052949477
40,C40-C2-21.xyz,train,C2,21,2.82047407983565,0.05039527800692509,1.3895029483704435
40,C40-C2-23.xyz,train,C2,23,2.8219063317041844,0.05221490541386452,1.3893438444042778
40,C40-C2-25.xyz,test,C2,25,2.8140984425037336,0.03482085491305786,1.389328595559942
40,C40-C2-27.xyz,train,C2,27,2.810969394822265,0.023981697585294573,1.3890408133920928
40,C40-C2-29.xyz,train,C2,29,2.806869662152348,0.015329138445517292,1.3892834029068313
40,C40-C2-35.xyz,train,C2,35,2.8089724237067384,0.022090506189789434,1.3893267485887024
40,C40-C2-36.xyz,train,C2,36,2.8059579951244498,0.010433469545927361,1.3889746991148717
40,C40-C2-9.xyz,train,C2,9,2.8227326189733035,0.0599656384274609,1.3896351294473064
40,C40-C2v-37.xyz,train,C2v,37,2.806867893196739,0.015331246448226608,1.3889949127064152
40,C40-C2v-8.xyz,train,C2v,8,2.8406684125919286,0.0988033822873878,1.3899732163796399
40,C40-C3-30.xyz,val,C3,30,2.8084046386398094,0.01897133494873439,1.3893369289651594
40,C40-C3v-20.xyz,train,C3v,20,2.8201879368498957,0.0529405374437578,1.3897364553597185
40,C40-Cs-13.xyz,train,Cs,13,2.8237295088153926,0.05993555246495624,1.389538673880339
40,C40-Cs-14.xyz,train,Cs,14,2.8133360491051533,0.0324346670327798,1.3893538445096498
40,C40-Cs-24.xyz,train,Cs,24,2.8107080937701743,0.02635672006290083,1.3894386959867628
40,C40-Cs-28.xyz,val,Cs,28,2.8146632977289316,0.03475760928035475,1.389237296513883
40,C40-Cs-31.xyz,test,Cs,31,2.8050926862287886,0.0089337974423592,1.3891402760398577
40,C40-Cs-5.xyz,train,Cs,5,2.83619453317005,0.09163069318547748,1.3898862769324194
40,C40-Cs-7.xyz,train,Cs,7,2.8291293466906207,0.0779312504475147,1.3904119661763539
40,C40-D2-3.xyz,train,D2,3,2.8772791746357718,0.1760331209091575,1.3912249123624256
40,C40-D2-32.xyz,train,D2,32,2.8222414993101888,0.05077492101067066,1.389088243368371
40,C40-D2-38.xyz,train,D2,38,2.803490445391843,0.00549090801698232,1.3891499713280744
40,C40-D2h-33.xyz,train,D2h,33,2.8248625771795384,0.059286668444190484,1.3894049033088742
40,C40-D5d-1.xyz,train,D5d,1,2.9084123829346558,0.2292125159451926,1.3914174387494036
40,C40-D5d-39.xyz,train,D5d,39,2.808463171839528,0.019617875374713177,1.389284062455234
40,C40-Td-40.xyz,train,Td,40,2.803142092344323,3.5461827091402465e-05,1.388844133032951
42,C42-C1-10.xyz,train,C1,10,2.8980277900012026,0.06748800305817201,1.3893929736224042
42,C42-C1-14.xyz,train,C1,14,2.8838088170780645,0.033714178915259393,1.3892947049088407
42,C42-C1-15.xyz,train,C1,15,2.8876878182123376,0.03978422527208387,1.3891398640999324
42,C42-C1-17.xyz,train,C1,17,2.8861145625897353,0.03609374118846124,1.3891723675142105
42,C42-C1-18.xyz,train,C1,18,2.888893516417807,0.041928825500869016,1.3892915422150605
42,C42-C1-2.xyz,train,C1,2,2.9092229773574987,0.09400084347141524,1.3899483128980035
42,C42-C1-20.xyz,train,C1,20,2.8809462704748934,0.0236589610179646,1.3890141444832396
42,C42-C1-24.xyz,train,C1,24,2.8887794728999814,0.04554107742412137,1.3893860569771286
42,C42-C1-25.xyz,val,C1,25,2.884087821118654,0.0343778188437315,1.3892783473408685
42,C42-C1-26.xyz,train,C1,26,2.8907886281226745,0.04882114591527594,1.3891839237744135
42,C42-C1-29.xyz,train,C1,29,2.8826942126268755,0.028522743967876924,1.3890872242239114
42,C42-C1-3.xyz,train,C1,3,2.9133461594924452,0.10228272234829687,1.3898085471798285
42,C42-C1-30.xyz,train,C1,30,2.886531601289435,0.037124305882390185,1.389082172390891
42,C42-C1-32.xyz,train,C1,32,2.87921593861473,0.01963606613494625,1.3892408713714326
42,C42-C1-33.xyz,train,C1,33,2.877467320512401,0.014562648004846586,1.3891383217239277
42,C42-C1-34.xyz,test,C1,34,2.879057479080345,0.022140407162453187,1.3892735885794065
42,C42-C1-36.xyz,train,C1,36,2.8790448505613804,0.0182494950663945,1.388933044409451
42,C42-C1-37.xyz,train,C1,37,2.887374394652877,0.03765373686136138,1.3889566572878633
42,C42-C1-39.xyz,train,C1,39,2.8771877826833885,0.013990383722176095,1.3891207331810613
42,C42-C1-4.xyz,train,C1,4,2.907014847855949,0.08769448852290238,1.3897416932752023
42,C42-C1-44.xyz,train,C1,44,2.877094392459745,0.014918692604186809,1.3891074338220306
42,C42-C1-8.xyz,train,C1,8,2.902643000243158,0.07925167148443117,1.3896983756557686
42,C42-C1-9.xyz,train,C1,9,2.896572343646846,0.06475721152874539,1.3895530265120002
42,C42-C2-1.xyz,train,C2,1,2.936194088974371,0.15112235704110308,1.390376780226377
42,C42-C2-23.xyz,train,C2,23,2.8965482419678943,0.06466219084179775,1.3894411708740504
42,C42-C2-27.xyz,val,C2,27,2.8964471229277176,0.06443489918781113,1.3895370232072615
42,C42-C2-28.xyz,train,C2,28,2.891115442799684,0.04905361341531253,1.389322390720927
42,C42-C2-31.xyz,val,C2,31,2.884009184584187,0.03176758330238904,1.3891575113327561
42,C42-C2-38.xyz,train,C2,38,2.8904335214029055,0.05165201095457701,1.3894822962695335
42,C42-C2-40.xyz,train,C2,40,2.8760995211906932,0.008030310724660558,1.3887800968401247
42,C42-C2-41.xyz,train,C2,41,2.8805662723886747,0.024531643528343985,1.389303923789646
42,C42-C2-43.xyz,train,C2,43,2.879521811681023,0.019148150637251674,1.3887263371550485
42,C42-C2-5.xyz,train,C2,5,2.919678759328486,0.11634267962359604,1.3900306354104628
42,C42-C2-7.xyz,train,C2,7,2.904757283158418,0.0813500815326933,1.3893806480404152
42,C42-C2v-13.xyz,train,C2v,13,2.903306373277305,0.08338214475516324,1.3898525481112318
42,C42-C2v-16.xyz,val,C2v,16,2.8897472145514698,0.04661217516509276,1.3892760602884267
42,C42-C2v-21.xyz,test,C2v,21,2.8796678925348496,0.019548100059173686,1.3891417361299916
42,C42-C2v-6.xyz,train,C2v,6,2.9022278107089896,0.0757840137860021,1.3893594190057397
42,C42-Cs-11.xyz,train,Cs,11,2.8942529165700064,0.05608780160160449,1.3893420261335117
42,C42-Cs-12.xyz,test,Cs,12,2.888839297063653,0.04404249094361518,1.3891335762107757
42,C42-Cs-19.xyz,train,Cs,19,2.8823475433951407,0.027917273603480383,1.3892625750684249
42,C42-Cs-22.xyz,train,Cs,22,2.901765717708515,0.07949878110423088,1.3897448578745302
42,C42-Cs-35.xyz,train,Cs,35,2.8790246300970685,0.021295001432960464,1.389186524211611
42,C42-Cs-42.xyz,test,Cs,42,2.88333251059901,0.03080876415038065,1.3890298668434538
42,C42-D3-45.xyz,train,D3,45,2.8747137864008745,0.007417149082365382,1.3892017398450485
44,C44-C1-10.xyz,train,C1,10,2.992519699769728,0.03843206002240546,1.4200277773828391
44,C44-C1-15.xyz,train,C1,15,2.975521295300092,0.09071111857602149,1.389638670302904
44,C44-C1-16.xyz,train,C1,16,2.9676369210366973,0.07214926284194031,1.3895050769591273
44,C44-C1-17.xyz,train,C1,17,2.9658866579831353,0.06578979222917632,1.3895917995663556
44,C44-C1-18.xyz,train,C1,18,2.9632458741576273,0.05883465873144566,1.3893044616337755
44,C44-C1-19.xyz,train,C1,19,2.9695302384899667,0.07248401001871141,1.3894342796771773
44,C44-C1-21.xyz,val,C1,21,2.977006013674267,0.08818933929603011,1.3894287946600175
44,C44-C1-22.xyz,train,C1,22,2.9582801622281165,0.04606070391930912,1.3892222089479427
44,C44-C1-23.xyz,train,C1,23,2.9583055522476887,0.04250966633228129,1.3888648936655734
44,C44-C1-25.xyz,val,C1,25,2.9618890257320034,0.05646061403799582,1.389323963699662
44,C44-C1-26.xyz,train,C1,26,2.9620605109492972,0.054410004229471266,1.3893870322440027
44,C44-C1-27.xyz,train,C1,27,2.95859047085832,0.04421825290443047,1.3890796005381785
44,C44-C1-29.xyz,train,C1,29,2.9534348300772155,0.035045346550864595,1.3890539031969462
44,C44-C1-30.xyz,train,C1,30,2.9526348954610597,0.03235588863228613,1.3890895158022523
44,C44-C1-31.xyz,train,C1,31,2.9555601894470924,0.03935074585386274,1.3892300978800969
44,C44-C1-40.xyz,test,C1,40,2.9607052457753866,0.05209183798574713,1.3892277151957646
44,C44-C1-41.xyz,train,C1,41,2.9625463425899823,0.05616125597617449,1.3891946969667224
44,C44-C1-42.xyz,train,C1,42,2.9597329022136605,0.04786151105096728,1.3891736118963274
44,C44-C1-43.xyz,train,C1,43,2.968232901850676,0.07163937557245237,1.3893682163590881
44,C44-C1-47.xyz,train,C1,47,2.956733671655637,0.043833600579426715,1.389319912636863
44,C44-C1-48.xyz,test,C1,48,2.9586955967498088,0.0449054596887582,1.388865317405966
44,C44-C1-50.xyz,train,C1,50,2.9564450072113657,0.04015749437625141,1.3891030592393514
44,C44-C1-51.xyz,train,C1,51,2.9522359578847155,0.03281281280864693,1.3891595299825994
44,C44-C1-52.xyz,val,C1,52,2.9499635022844926,0.026518212417507674,1.389264476468407
44,C44-C1-53.xyz,train,C1,53,2.95650765075443,0.040710325726410077,1.389161194617999
44,C44-C1-56.xyz,train,C1,56,2.952680878920083,0.03140013832133845,1.3891921609964406
44,C44-C1-57.xyz,val,C1,57,2.950556987078961,0.02762431073391097,1.3890667108996675
44,C44-C1-58.xyz,train,C1,58,2.952983959166785,0.030914969183376616,1.3889373921847716
44,C44-C1-59.xyz,train,C1,59,2.9469209461115837,0.014958462004770273,1.388828906800534
44,C44-C1-60.xyz,train,C1,60,2.9482528150549827,0.018100578494933767,1.388822901275816
44,C44-C1-62.xyz,train,C1,62,2.9516003134858164,0.026295433807069505,1.3888449507682217
44,C44-C1-63.xyz,train,C1,63,2.9500026855999466,0.0220062647700615,1.3887779940641631
44,C44-C1-64.xyz,test,C1,64,2.951946259063621,0.028882016645186158,1.3889743666651793
44,C44-C1-65.xyz,train,C1,65,2.955898454311372,0.04154898218454675,1.3891146367577716
44,C44-C1-67.xyz,test,C1,67,2.9450040875147905,0.0093276345753051,1.3887988292191682
44,C44-C1-69.xyz,test,C1,69,2.944594743969887,0.01094973817469935,1.3890673307949915
44,C44-C1-7.xyz,train,C1,7,2.984760516693689,0.10745295312331052,1.389769633996509
44,C44-C1-77.xyz,train,C1,77,2.9452226815156406,0.011578976014488596,1.3889888673761617
44,C44-C1-78.xyz,train,C1,78,2.947725258871222,0.019626556914862953,1.3891425003564792
44,C44-C1-8.xyz,train,C1,8,2.9873399384138732,0.11571229352336446,1.3900091056630317
44,C44-C1-88.xyz,test,C1,88,2.946438150357483,0.016009681141195352,1.3891260784708992
44,C44-C1-9.xyz,train,C1,9,2.988434904771589,0.11536156617816619,1.3899739059870673
44,C44-C2-1.xyz,train,C2,1,3.0196749995243906,0.176109031953353,1.390361012771678
44,C44-C2-12.xyz,train,C2,12,2.9839568018058826,0.10514504945140822,1.389427256484371
44,C44-C2-14.xyz,train,C2,14,2.983064270107823,0.1014013538334561,1.3893282814098757
44,C44-C2-20.xyz,train,C2,20,2.9735594663179143,0.08305565932936444,1.3895439970837813
44,C44-C2-32.xyz,train,C2,32,2.9555609030977306,0.04081892226064173,1.3893306136184655
44,C44-C2-34.xyz,train,C2,34,2.9563943906068655,0.044812054846928094,1.3896555970256455
44,C44-C2-36.xyz,train,C2,36,2.952686374232046,0.032912943613858825,1.3892904098420191
44,C44-C2-4.xyz,train,C2,4,2.995327004421283,0.12821649745258204,1.389972175107361
44,C44-C2-44.xyz,train,C2,44,2.969502009527194,0.07588792348557018,1.389487421026847
44,C44-C2-45.xyz,test,C2,45,2.974366543649048,0.08591204369891307,1.3896853333099468
44,C44-C2-46.xyz,test,C2,46,2.9663878459309063,0.06682824521884279,1.3893936356536154
44,C44-C2-49.xyz,train,C2,49,2.9581806023621593,0.046755454346642134,1.3890977597838297
44,C44-C2-5.xyz,train,C2,5,2.998470955202748,0.13637611025396412,1.390050602267797
44,C44-C2-6.xyz,val,C2,6,3.003103812557072,0.1502896636600254,1.390214163417836
44,C44-C2-61.xyz,train,C2,61,2.9514933543990427,0.028086239732225553,1.3891153270961487
44,C44-C2-66.xyz,train,C2,66,2.9645856356451863,0.05063154890837517,1.3884724100835935
44,C44-C2-68.xyz,train,C2,68,2.9440257988886382,0.005783186037238576,1.3887493803517763
44,C44-C2-74.xyz,train,C2,74,2.9522070955223523,0.03202268445525347,1.3890628331674502
44,C44-C2-76.xyz,val,C2,76,2.950824040885327,0.02293062877799807,1.3887968181084693
44,C44-C2-79.xyz,train,C2,79,2.9480330367915872,0.019483734321873523,1.3887866671595426
44,C44-C2-81.xyz,train,C2,81,2.9530575864278585,0.02816895292875879,1.3885323694255898
44,C44-C2-87.xyz,test,C2,87,2.949924677854076,0.025300427603326445,1.389202923354657
44,C44-C2v-13.xyz,train,C2v,13,2.9819967483784637,0.10068636845391941,1.3892830890465468
44,C44-C2v-39.xyz,train,C2v,39,2.9665432263078073,0.0710201392978421,1.3896919265246075
44,C44-C2v-55.xyz,train,C2v,55,2.9545637970200573,0.038940720361134815,1.3893611408912647
44,C44-Cs-11.xyz,train,Cs,11,2.9887503681527274,0.11538483499809862,1.3897948663697488
44,C44-Cs-28.xyz,train,Cs,28,2.9557033708571905,0.04113353303794444,1.389226825088354
44,C44-Cs-33.xyz,train,Cs,33,2.9541384099216144,0.03519664493940707,1.389131445187269
44,C44-Cs-54.xyz,train,Cs,54,2.9516087580627275,0.02879169700986932,1.3890283733884725
44,C44-Cs-70.xyz,train,Cs,70,2.9467795725578765,0.016746590040596226,1.3890674055951504
44,C44-Cs-71.xyz,train,Cs,71,2.9511331750998533,0.023059473809184015,1.3885545305304443
44,C44-Cs-84.xyz,train,Cs,84,2.9522288129808114,0.028236339409103438,1.3890235316982
44,C44-D2-2.xyz,train,D2,2,3.050562154427379,0.23178650549102542,1.3921447392616417
44,C44-D2-24.xyz,train,D2,24,2.9669929916693705,0.0675657638440763,1.3893517366707895
44,C44-D2-75.xyz,train,D2,75,2.9449917416462514,0.012750983421419157,1.3892002344937395
44,C44-D2-83.xyz,train,D2,83,2.9512915854624855,0.0253132400091921,1.3889423163244046
44,C44-D2-85.xyz,train,D2,85,2.9569868653494926,0.03810459131391214,1.3885441890823411
44,C44-D2-89.xyz,val,D2,89,2.943302085790739,0.006822986362714803,1.3890826584743852
44,C44-D3-35.xyz,train,D3,35,2.960411235477055,0.07624829240744431,1.392370182216374
44,C44-D3-80.xyz,train,D3,80,2.944995541047379,0.013004000548630965,1.3891567732460213
44,C44-D3d-3.xyz,train,D3d,3,3.063620241736374,0.252517466618051,1.3920356026076826
44,C44-D3d-38.xyz,train,D3d,38,2.983104181514629,0.10791202509068458,1.3900114068212746
44,C44-D3d-86.xyz,val,D3d,86,2.958630252156723,0.06257323694469236,1.3902067308545636
44,C44-D3h-37.xyz,val,D3h,37,2.981627909854908,0.10864025093237735,1.3900316685309815
44,C44-D3h-72.xyz,train,D3h,72,2.9454531064076064,0.014296148343449375,1.389079848691445
44,C44-S4-82.xyz,train,S4,82,2.947352234896755,0.016120872856692857,1.388819212511337
44,C44-T-73.xyz,train,T,73,2.9435071950744627,2.017988197935901e-05,1.388272902589219
46,C46-C1-100.xyz,train,C1,100,3.019330191302348,0.029897093242280404,1.3889342463185657
46,C46-C1-101.xyz,train,C1,101,3.017120946984112,0.024077030712415185,1.3889364115196212
46,C46-C1-102.xyz,train,C1,102,3.017069993407273,0.023616699749449722,1.3888521585155542
46,C46-C1-103.xyz,train,C1,103,3.0148806223250744,0.018895004421536264,1.3890520914307276
46,C46-C1-105.xyz,train,C1,105,3.0177409413850826,0.024018631270409978,1.3886058081525519
46,C46-C1-110.xyz,train,C1,110,3.012278916774048,0.010549634402531914,1.3887383341721378
46,C46-C1-111.xyz,train,C1,111,3.016211947135148,0.021401310215805495,1.388985135931559
46,C46-C1-114.xyz,train,C1,114,3.0105996270385145,0.005362148851309622,1.3888551172186212
46,C46-C1-14.xyz,train,C1,14,3.038321593963635,0.07780826117374068,1.389347355877146
46,C46-C1-15.xyz,train,C1,15,3.0410881914947177,0.08304769097859525,1.3893941852701428
46,C46-C1-16.xyz,train,C1,16,3.0364250142637452,0.06999868172634838,1.3892551872037084
46,C46-C1-17.xyz,test,C1,17,3.0358716531938037,0.0713842081523855,1.389309357063634
46,C46-C1-18.xyz,train,C1,18,3.0445142011850916,0.08980829856751547,1.3894306992684908
46,C46-C1-19.xyz,train,C1,19,3.0484130875962876,0.09874167153738804,1.389542971490908
46,C46-C1-21.xyz,train,C1,21,3.053929599434999,0.10736102437944678,1.3893971576129613
46,C46-C1-23.xyz,train,C1,23,3.0339650147813,0.06983709398844719,1.389350132061487
46,C46-C1-24.xyz,val,C1,24,3.0339975329367945,0.06711224167032356,1.3893721749166423
46,C46-C1-25.xyz,train,C1,25,3.029829378872051,0.056391703164444466,1.3892001003780325
46,C46-C1-26.xyz,test,C1,26,3.035897981494589,0.06965296100073322,1.3890671108142423
46,C46-C1-27.xyz,test,C1,27,3.0281067530717025,0.05635938514189913,1.3893798843261158
46,C46-C1-29.xyz,val,C1,29,3.0255200897945227,0.045557873663641474,1.3890621120227045
46,C46-C1-3.xyz,train,C1,3,3.0669744832391985,0.13802520510626404,1.389854032266498
46,C46-C1-30.xyz,train,C1,30,3.0273306621429033,0.05175630181911149,1.3890690073491478
46,C46-C1-31.xyz,train,C1,31,3.026405538084154,0.05210691677130033,1.3894912639813801
46,C46-C1-34.xyz,train,C1,34,3.023890691292125,0.04456524417396692,1.3893568279390112
46,C46-C1-35.xyz,train,C1,35,3.0250533426673347,0.043682567278944685,1.3889924729437482
46,C46-C1-36.xyz,test,C1,36,3.0220185523610166,0.03417046941637322,1.38886270880027
46,C46-C1-37.xyz,train,C1,37,3.0250369409808333,0.04398159689838234,1.3891343047066909
46,C46-C1-4.xyz,train,C1,4,3.065585141668773,0.1363751789305439,1.3900178210663734
46,C46-C1-44.xyz,train,C1,44,3.033584425011786,0.0657630627457662,1.3892425679926308
46,C46-C1-45.xyz,train,C1,45,3.037590203818587,0.0690586041108356,1.3889300949811871
46,C46-C1-46.xyz,train,C1,46,3.0314979722561493,0.060529384387236394,1.389309905760716
46,C46-C1-48.xyz,val,C1,48,3.0431826019044026,0.08956500200670846,1.3894451857534742
46,C46-C1-5.xyz,train,C1,5,3.0561751719842305,0.11452674548090372,1.3895981123656975
46,C46-C1-50.xyz,val,C1,50,3.024359979567231,0.04097220278611712,1.3890001379892984
46,C46-C1-51.xyz,train,C1,51,3.0264830061446553,0.04692164533519154,1.3891658057138154
46,C46-C1-52.xyz,train,C1,52,3.0260565002575484,0.04402823504249754,1.3890807628451245
46,C46-C1-55.xyz,train,C1,55,3.02880383987705,0.056820313848570746,1.389258792666032
46,C46-C1-56.xyz,train,C1,56,3.032674435437285,0.06158279796066875,1.389035436220378
46,C46-C1-58.xyz,train,C1,58,3.0241169067125178,0.04068899863238294,1.3888336818476095
46,C46-C1-59.xyz,test,C1,59,3.023727570868011,0.04471609802800791,1.3891186201861974
46,C46-C1-6.xyz,train,C1,6,3.0596521377195383,0.11943698192375014,1.389503086800769
46,C46-C1-60.xyz,train,C1,60,3.021948878165543,0.038577073979645514,1.3891627667288575
46,C46-C1-61.xyz,train,C1,61,3.0209995512960557,0.032891413324420825,1.3888558362171621
46,C46-C1-62.xyz,train,C1,62,3.022170559569214,0.03622258330679573,1.3890971518402802
46,C46-C1-63.xyz,train,C1,63,3.018567159855466,0.025735377084657146,1.388931675025894
46,C46-C1-64.xyz,test,C1,64,3.020640160427217,0.03431717240981714,1.3889698562827941
46,C46-C1-67.xyz,train,C1,67,3.016750293609189,0.02128080171793553,1.3889554303542202
46,C46-C1-68.xyz,train,C1,68,3.018028645769015,0.02586411721474485,1.3889993997677854
46,C46-C1-69.xyz,train,C1,69,3.022271258870576,0.03552301633937302,1.3890344978718843
46,C46-C1-70.xyz,train,C1,70,3.0192182868966784,0.026848899826757363,1.3887261755238418
46,C46-C1-71.xyz,test,C1,71,3.0241558344866095,0.04256078124481905,1.3888649625995664
46,C46-C1-72.xyz,train,C1,72,3.0229287827341333,0.03965667756944438,1.3889494379480638
46,C46-C1-73.xyz,test,C1,73,3.0249779959582823,0.04469757674826025,1.389067111927325
46,C46-C1-74.xyz,train,C1,74,3.0209386264760476,0.03274573869927166,1.3889003878801243
46,C46-C1-75.xyz,train,C1,75,3.022204788076177,0.037155844821512164,1.3890659342905376
46,C46-C1-76.xyz,train,C1,76,3.028381259228052,0.05140341769819187,1.3888175781930912
46,C46-C1-78.xyz,train,C1,78,3.0262913268823914,0.04631762973090305,1.3889750301892176
46,C46-C1-79.xyz,train,C1,79,3.0223026802270283,0.03650837616707328,1.3888985818001616
46,C46-C1-80.xyz,train,C1,80,3.0224404177595874,0.03693012307712714,1.388921645272798
46,C46-C1-81.xyz,train,C1,81,3.020293331175179,0.03039320671485526,1.388920006185722
46,C46-C1-82.xyz,train,C1,82,3.015820315749885,0.018160836343813068,1.3886254676349308
46,C46-C1-85.xyz,train,C1,85,3.0160188542282986,0.020008693535980164,1.3889246054636384
46,C46-C1-86.xyz,val,C1,86,3.013303882060267,0.01428855646212637,1.3888906381035595
46,C46-C1-87.xyz,train,C1,87,3.014862077070155,0.015196289499031351,1.3885279438899083
46,C46-C1-88.xyz,train,C1,88,3.014591674092224,0.017633764855373907,1.3888305810182644
46,C46-C1-90.xyz,train,C1,90,3.012601875433114,0.010214682741619019,1.3888185168153664
46,C46-C1-93.xyz,train,C1,93,3.0117454246641926,0.008549744111903767,1.3886796174070937
46,C46-C1-98.xyz,train,C1,98,3.020227056566834,0.0334571009690942,1.3890763379956557
46,C46-C2-1.xyz,train,C2,1,3.1024140481142903,0.20146454494420368,1.3904315237293432
46,C46-C2-104.xyz,train,C2,104,3.0157745608132918,0.022441599204250418,1.3889207463665936
46,C46-C2-109.xyz,train,C2,109,3.0117411874633873,0.009951283985271127,1.3889310100375847
46,C46-C2-112.xyz,train,C2,112,3.015294491353128,0.017569319299963675,1.3889329599000038
46,C46-C2-113.xyz,val,C2,113,3.0265900636229763,0.039191784784921004,1.388273182799597
46,C46-C2-116.xyz,train,C2,116,3.010149067250209,0.0033226902651230855,1.3887918613130368
46,C46-C2-12.xyz,train,C2,12,3.0531663722214906,0.11518764517784476,1.3897947789290626
46,C46-C2-20.xyz,train,C2,20,3.057865366396837,0.116750842422475,1.389643150588745
46,C46-C2-22.xyz,train,C2,22,3.0338168351696972,0.06710115098187203,1.3891786577532044
46,C46-C2-32.xyz,train,C2,32,3.0225593426944646,0.03692335835084568,1.3890493615779118
46,C46-C2-43.xyz,train,C2,43,3.037398365217358,0.07703663212439933,1.3894116094941005
46,C46-C2-47.xyz,train,C2,47,3.04500553668338,0.09337399854523477,1.3893087375134359
46,C46-C2-49.xyz,train,C2,49,3.0505080476069697,0.1047445698844622,1.3896299611495992
46,C46-C2-53.xyz,val,C2,53,3.0388716660617403,0.07399305343843132,1.389074756703419
46,C46-C2-54.xyz,train,C2,54,3.0323775636547405,0.06490948866160653,1.3893497823855148
46,C46-C2-66.xyz,train,C2,66,3.0189379263510387,0.029638045929128012,1.3890591093057965
46,C46-C2-77.xyz,train,C2,77,3.0287004047267247,0.0494602091313419,1.3886504205821946
46,C46-C2-84.xyz,val,C2,84,3.017550181293458,0.024205199276244684,1.388873743135433
46,C46-C2-9.xyz,train,C2,9,3.0778937247884306,0.1596943804037006,1.3901130972733995
46,C46-C2-95.xyz,test,C2,95,3.0119790508570192,0.0068462770175427776,1.3885480589863586
46,C46-C2-96.xyz,train,C2,96,3.014289266640366,0.01314879382761807,1.3887054205075051
46,C46-C2-97.xyz,train,C2,97,3.024913071031045,0.043693591845841824,1.3890340574191495
46,C46-C2v-39.xyz,train,C2v,39,3.0227103899846606,0.040495844648949446,1.3892702922839808
46,C46-C2v-42.xyz,train,C2v,42,3.029449434625189,0.052256395171279287,1.3892613507953564
46,C46-C2v-91.xyz,train,C2v,91,3.0182361313471877,0.02651858441435081,1.3889967007547546
46,C46-C2v-92.xyz,train,C2v,92,3.013974554023564,0.014207958969423493,1.388751740424975
46,C46-C3-115.xyz,train,C3,115,3.010702945844713,0.005523151343839238,1.3887763218079958
46,C46-C3-94.xyz,train,C3,94,3.009776746193617,0.0017488143954203738,1.3886173044311154
46,C46-Cs-10.xyz,val,Cs,10,3.067703960378784,0.1405626390421166,1.389948743588892
46,C46-Cs-106.xyz,test,Cs,106,3.017152577265452,0.025288571320073443,1.3889593666523339
46,C46-Cs-107.xyz,val,Cs,107,3.0155600690619164,0.01948886734963277,1.3890113863987388
46,C46-Cs-108.xyz,train,Cs,108,3.01347761609384,0.01401540422144804,1.3889498281212997
46,C46-Cs-11.xyz,train,Cs,11,3.0638164483510666,0.13265319087331048,1.3896165693252271
46,C46-Cs-13.xyz,train,Cs,13,3.0455028360961207,0.09591596281130373,1.3895930169432746
46,C46-Cs-2.xyz,train,Cs,2,3.060387483995408,0.12274162069474832,1.3896839413161934
46,C46-Cs-28.xyz,val,Cs,28,3.024400250019005,0.041286827222660034,1.38873916974674
46,C46-Cs-33.xyz,train,Cs,33,3.028676768092726,0.06101055542471049,1.3896822943160965
46,C46-Cs-38.xyz,val,Cs,38,3.0287264188953693,0.05101703723535214,1.3891434178545203
46,C46-Cs-40.xyz,train,Cs,40,3.024395067637951,0.044345871493768646,1.3892303654913682
46,C46-Cs-41.xyz,test,Cs,41,3.02788554716222,0.04913149145637764,1.3890052173108427
46,C46-Cs-57.xyz,test,Cs,57,3.0262957060354436,0.05195741180467008,1.3892802501235872
46,C46-Cs-65.xyz,train,Cs,65,3.0192769043905123,0.03273661115499558,1.3892240864224308
46,C46-Cs-7.xyz,train,Cs,7,3.0490962443115346,0.09723358873001088,1.389627290726739
46,C46-Cs-8.xyz,train,Cs,8,3.0470175055219526,0.09250908722365117,1.389455423068955
46,C46-Cs-83.xyz,train,Cs,83,3.020730494126129,0.032992459974120585,1.3889890480136968
46,C46-Cs-89.xyz,train,Cs,89,3.019167105902791,0.02922550967260235,1.3890310840687188
46,C46-Cs-99.xyz,train,Cs,99,3.019374839443592,0.030648985145903442,1.389214602934895
48,C48-C1-10.xyz,train,C1,10,3.119253665600491,0.10375550756549021,1.3893307052807906
48,C48-C1-100.xyz,val,C1,100,3.0943994690258987,0.052368553308472156,1.3889946619897926
48,C48-C1-101.xyz,train,C1,101,3.094964856212307,0.05390406845884178,1.388989366145678
48,C48-C1-102.xyz,train,C1,102,3.0874977062196614,0.0354878101035844,1.388776418532807
48,C48-C1-103.xyz,train,C1,103,3.0851943670976865,0.029085047768559816,1.3887257243047253
48,C48-C1-104.xyz,train,C1,104,3.085074380638344,0.028279017157063147,1.3888410348745537
48,C48-C1-105.xyz,train,C1,105,3.0894863817794174,0.041079482040053024,1.3890103600472672
48,C48-C1-106.xyz,train,C1,106,3.090343186382072,0.0387391937401258,1.3886207452095891
48,C48-C1-108.xyz,train,C1,108,3.094059165857901,0.052143314910125256,1.3891139142376459
48,C48-C1-109.xyz,train,C1,109,3.091042128739731,0.043170820347013354,1.3888082030394544
48,C48-C1-11.xyz,train,C1,11,3.1294076181744384,0.12792455236633107,1.3895832111003659
48,C48-C1-110.xyz,train,C1,110,3.091107080240585,0.04388416439038812,1.388762081082308
48,C48-C1-111.xyz,train,C1,111,3.0952879658046584,0.052893197046845516,1.3888599647537172
48,C48-C1-112.xyz,train,C1,112,3.092247053744129,0.04517112172369201,1.388792495456484
48,C48-C1-113.xyz,train,C1,113,3.090281400878922,0.04302361069996062,1.3888686635057728
48,C48-C1-114.xyz,train,C1,114,3.1003628882489345,0.06463850426246033,1.3887959512273351
48,C48-C1-116.xyz,train,C1,116,3.0939668502812876,0.05152618410031807,1.3888711636524915
48,C48-C1-117.xyz,train,C1,117,3.0968145175009583,0.05726201898697823,1.3888947407551773
48,C48-C1-118.xyz,train,C1,118,3.0924395443506536,0.046537688034393676,1.3887790049301616
48,C48-C1-119.xyz,train,C1,119,3.0964360578137438,0.05436832137468663,1.38887709051942
48,C48-C1-12.xyz,train,C1,12,3.1330238010787745,0.14183287069147904,1.390437349649712
48,C48-C1-120.xyz,val,C1,120,3.101471798328365,0.06973793196336632,1.388962414049923
48,C48-C1-121.xyz,val,C1,121,3.09397937923544,0.04928865555522646,1.3888092007146053
48,C48-C1-123.xyz,train,C1,123,3.096132822037749,0.053072207160802264,1.3888557912075277
48,C48-C1-124.xyz,train,C1,124,3.083192557929267,0.02355540986694024,1.3887073471953622
48,C48-C1-126.xyz,train,C1,126,3.0820816017629653,0.017575367735293845,1.3884204102768694
48,C48-C1-127.xyz,train,C1,127,3.0818177322040192,0.021120172755770186,1.3888385295389045
48,C48-C1-128.xyz,train,C1,128,3.082958197628256,0.022471504677522874,1.3886784554032927
48,C48-C1-129.xyz,train,C1,129,3.0821718531136164,0.021739219079941145,1.3888101203414926
48,C48-C1-13.xyz,train,C1,13,3.138250169814247,0.14496417910175308,1.3898528800890675
48,C48-C1-130.xyz,train,C1,130,3.085551684325811,0.02898889923931393,1.38861670873043
48,C48-C1-131.xyz,train,C1,131,3.086143788109966,0.0341379739258355,1.3890430131295168
48,C48-C1-132.xyz,train,C1,132,3.0882343819273523,0.042945639821885394,1.389164555210934
48,C48-C1-133.xyz,train,C1,133,3.0834833510653517,0.025651882290368938,1.3888620851517384
48,C48-C1-135.xyz,train,C1,135,3.080957369921696,0.017719520477706155,1.38892388859639
48,C48-C1-139.xyz,train,C1,139,3.0807481164010433,0.01972577234376428,1.388958968352455
48,C48-C1-140.xyz,train,C1,140,3.0793307433772825,0.012883451269846236,1.388577464058476
48,C48-C1-143.xyz,train,C1,143,3.0863610918286803,0.030962648250132604,1.3887703669151186
48,C48-C1-145.xyz,train,C1,145,3.0783496324223534,0.008893776979126185,1.38860489146517
48,C48-C1-146.xyz,train,C1,146,3.080327736719365,0.01642491415628997,1.3885717812759468
48,C48-C1-147.xyz,train,C1,147,3.0818737101036153,0.020458441478280784,1.3888111978089717
48,C48-C1-149.xyz,train,C1,149,3.077066740199451,0.008062117552884116,1.388837017139087
48,C48-C1-150.xyz,train,C1,150,3.07794893682084,0.010039047750911762,1.3888396003007706
48,C48-C1-151.xyz,test,C1,151,3.07970651128869,0.01609254268183249,1.3888878693482836
48,C48-C1-154.xyz,train,C1,154,3.0824978769215257,0.02237645262699902,1.388903606661295
48,C48-C1-155.xyz,test,C1,155,3.0808225822547928,0.017836165220657507,1.3887355467399043
48,C48-C1-156.xyz,val,C1,156,3.077605605181018,0.007676981893044429,1.388659941570983
48,C48-C1-159.xyz,train,C1,159,3.0867660758881024,0.03263270147702099,1.3887292715562165
48,C48-C1-162.xyz,val,C1,162,3.0834694725973253,0.026706003820402724,1.3889455243772775
48,C48-C1-164.xyz,train,C1,164,3.0861871369790648,0.030732513875930536,1.3888123140099495
48,C48-C1-165.xyz,val,C1,165,3.0779647508324595,0.009913328376775388,1.388733408668794
48,C48-C1-167.xyz,train,C1,167,3.079175709580717,0.013129399416923749,1.38884101434808
48,C48-C1-172.xyz,val,C1,172,3.0911911677418433,0.045230937916991606,1.3889392496683486
48,C48-C1-173.xyz,train,C1,173,3.0832099943030253,0.022689675770654075,1.3885582940159489
48,C48-C1-174.xyz,train,C1,174,3.0909743517862913,0.0470784036147718,1.3891112603958518
48,C48-C1-176.xyz,train,C1,176,3.0840296067720643,0.0259530630871153,1.3886524844389956
48,C48-C1-178.xyz,train,C1,178,3.0822963913200367,0.020346145300751843,1.388707203071431
48,C48-C1-179.xyz,train,C1,179,3.084019293393004,0.026010365472694422,1.38881490158346
48,C48-C1-18.xyz,train,C1,18,3.116831273019992,0.10393970737440865,1.3892563242770066
48,C48-C1-181.xyz,train,C1,181,3.091322351508714,0.048345462006897606,1.3889646527387096
48,C48-C1-182.xyz,train,C1,182,3.089519373153402,0.04104648104008698,1.388719168799003
48,C48-C1-19.xyz,train,C1,19,3.1092073724796525,0.08938531293025737,1.3892555749285374
48,C48-C1-193.xyz,train,C1,193,3.080929336239326,0.017391937745939973,1.388872404562866
48,C48-C1-195.xyz,val,C1,195,3.0772618306933524,0.008322926163705158,1.388793577702158
48,C48-C1-196.xyz,train,C1,196,3.089106968005963,0.03409115141949098,1.3883258060560382
48,C48-C1-20.xyz,train,C1,20,3.11054773202846,0.08532100818961605,1.3889166463576867
48,C48-C1-21.xyz,test,C1,21,3.1120002641028965,0.09371894886654897,1.3893597528723576
48,C48-C1-22.xyz,train,C1,22,3.1083172283006046,0.08475251967524607,1.3892804452232554
48,C48-C1-23.xyz,train,C1,23,3.1239779813020654,0.12082061687575112,1.3895931597123428
48,C48-C1-25.xyz,train,C1,25,3.1196032986321143,0.10945012803597373,1.3894854678216264
48,C48-C1-26.xyz,val,C1,26,3.1308642194698977,0.13233668086022934,1.389555968135081
48,C48-C1-28.xyz,train,C1,28,3.0988706238364068,0.06200471789871754,1.389033647255307
48,C48-C1-29.xyz,train,C1,29,3.102511323529903,0.07240023144698106,1.389313352686358
48,C48-C1-3.xyz,test,C1,3,3.141709717055288,0.15220970707659395,1.3896452844368778
48,C48-C1-30.xyz,train,C1,30,3.101870285366328,0.07435766230287,1.3895882682703873
48,C48-C1-33.xyz,test,C1,33,3.0975116384460164,0.05924742053542091,1.3890226001895547
48,C48-C1-34.xyz,train,C1,34,3.103841908538189,0.07678879745181129,1.3892388246966372
48,C48-C1-35.xyz,train,C1,35,3.1066039315084275,0.0798898278155148,1.3889440435788276
48,C48-C1-36.xyz,val,C1,36,3.109352151319263,0.08774430402793593,1.3893199698223446
48,C48-C1-38.xyz,train,C1,38,3.1002830291003893,0.07017582890150603,1.3892910193355084
48,C48-C1-42.xyz,train,C1,42,3.096970065792824,0.06013394493725279,1.389224872492938
48,C48-C1-44.xyz,train,C1,44,3.0991092381421637,0.06721243512449745,1.3893307740602983
48,C48-C1-47.xyz,train,C1,47,3.0910646044221415,0.04167123010352298,1.3887721033038953
48,C48-C1-48.xyz,train,C1,48,3.0913073087324907,0.052860223571240754,1.389422048360451
48,C48-C1-49.xyz,train,C1,49,3.0972048654353532,0.07635043582431036,1.3903826529442815
48,C48-C1-50.xyz,test,C1,50,3.0961566999847725,0.06372484048492343,1.3895316554050001
48,C48-C1-51.xyz,test,C1,51,3.091944056572872,0.04685314349289238,1.38911823608047
48,C48-C1-52.xyz,test,C1,52,3.091904897196006,0.04925334770135775,1.3891547602382879
48,C48-C1-53.xyz,train,C1,53,3.095113775616825,0.05335117148449602,1.3887708542459267
48,C48-C1-54.xyz,train,C1,54,3.0921211684821333,0.049201752433993044,1.3891409200117042
48,C48-C1-55.xyz,train,C1,55,3.0931243145847573,0.04769421575491569,1.3890239340815147
48,C48-C1-57.xyz,train,C1,57,3.091982795847752,0.05650757364620626,1.389508079236226
48,C48-C1-6.xyz,val,C1,6,3.1452028140538872,0.1619877710044557,1.3899839629073132
48,C48-C1-60.xyz,train,C1,60,3.095589629687087,0.056524046023173985,1.3888551599422887
48,C48-C1-65.xyz,train,C1,65,3.1076374383162446,0.08518792495595655,1.3893599024124108
48,C48-C1-66.xyz,train,C1,66,3.105461530644087,0.07906183709007268,1.389206039301812
48,C48-C1-67.xyz,train,C1,67,3.1030898575542882,0.07423075181372091,1.3892925194032044
48,C48-C1-69.xyz,train,C1,69,3.1175167061280944,0.10301339535762451,1.3892713925475881
48,C48-C1-7.xyz,val,C1,7,3.136622421704369,0.14445720135979986,1.3897540699585882
48,C48-C1-71.xyz,train,C1,71,3.0943309722619925,0.053129426319880664,1.3892334446085153
48,C48-C1-72.xyz,train,C1,72,3.0981394633126897,0.06246293211682132,1.389204182917318
48,C48-C1-73.xyz,train,C1,73,3.095816810255371,0.057577059397873574,1.389061616613756
48,C48-C1-77.xyz,train,C1,77,3.099512528119099,0.0656850948776073,1.3891810352863578
48,C48-C1-79.xyz,test,C1,79,3.104828535371535,0.0777232721829036,1.3889525552769892
48,C48-C1-8.xyz,train,C1,8,3.1248124258955996,0.11777013886956503,1.389546606912488
48,C48-C1-85.xyz,train,C1,85,3.0881970080827585,0.03744615262908826,1.3889269077143114
48,C48-C1-86.xyz,train,C1,86,3.094083607182086,0.04703402387154652,1.388546778802054
48,C48-C1-87.xyz,train,C1,87,3.086746420870091,0.035393950917825115,1.3889697809873598
48,C48-C1-88.xyz,train,C1,88,3.087091605660197,0.03665944988115102,1.389107871469807
48,C48-C1-9.xyz,train,C1,9,3.119869067599693,0.10799328970070984,1.3898616226377123
48,C48-C1-90.xyz,train,C1,90,3.0902318665590762,0.04455450345633067,1.3891924958934776
48,C48-C1-91.xyz,train,C1,91,3.0870402807706294,0.03547767576591309,1.38913702952768
48,C48-C1-92.xyz,test,C1,92,3.0863750674780195,0.03311520205418596,1.389015438617725
48,C48-C1-93.xyz,test,C1,93,3.087554636386218,0.03643000377033027,1.3889530214246988
48,C48-C1-94.xyz,train,C1,94,3.0882932071640137,0.038532652351099206,1.388938194515043
48,C48-C1-98.xyz,train,C1,98,3.091492342194073,0.04131398435556998,1.38885214729505
48,C48-C1-99.xyz,train,C1,99,3.096827462875163,0.05852557038357169,1.3890136449106798
48,C48-C2-1.xyz,train,C2,1,3.1857845694545674,0.22865146974234596,1.3903909598871813
48,C48-C2-107.xyz,train,C2,107,3.0976981820377687,0.06049730625707735,1.3888149712044162
48,C48-C2-115.xyz,train,C2,115,3.1038839840044035,0.07121281755365738,1.388879433317273
48,C48-C2-122.xyz,train,C2,122,3.104010322921915,0.07312338011883647,1.3887439355987392
48,C48-C2-125.xyz,train,C2,125,3.084019237947569,0.024512136704523804,1.3886656985928285
48,C48-C2-134.xyz,train,C2,134,3.085296530221882,0.034549635813980746,1.3890524754248068
48,C48-C2-137.xyz,val,C2,137,3.0804133801619393,0.016797058344608,1.388686735776349
48,C48-C2-14.xyz,train,C2,14,3.1496954594810394,0.16475525676322797,1.3898487590131612
48,C48-C2-152.xyz,train,C2,152,3.082464321802574,0.023028534565477037,1.3889658425781475
48,C48-C2-153.xyz,train,C2,153,3.0815769885585986,0.015477100310776332,1.3881286092741572
48,C48-C2-157.xyz,train,C2,157,3.095298720682866,0.05475451426776696,1.3889750700508823
48,C48-C2-158.xyz,train,C2,158,3.0875234215835685,0.03622908092797999,1.38908443617735
48,C48-C2-160.xyz,train,C2,160,3.085573747287521,0.029367671564391483,1.3888256118178137
48,C48-C2-161.xyz,train,C2,161,3.0863396833544052,0.0331145728222609,1.388939742816393
48,C48-C2-163.xyz,val,C2,163,3.0813828391179303,0.020246629276626658,1.388862494707795
48,C48-C2-166.xyz,train,C2,166,3.0800026883642424,0.01490027759349122,1.3886166130554765
48,C48-C2-170.xyz,train,C2,170,3.0759235814144787,0.005286405520165206,1.3888880958834386
48,C48-C2-171.xyz,train,C2,171,3.079499721341698,0.01563081904845733,1.3890450528560965
48,C48-C2-175.xyz,test,C2,175,3.086856000265488,0.031635220859103315,1.3883795541753683
48,C48-C2-177.xyz,test,C2,177,3.0856303979112703,0.032660771689296285,1.3888477041377287
48,C48-C2-180.xyz,train,C2,180,3.0850608023475403,0.02780750993276156,1.3886680401644362
48,C48-C2-183.xyz,val,C2,183,3.0810945685965847,0.017080070102140407,1.3885272848960295
48,C48-C2-185.xyz,train,C2,185,3.0800161941070683,0.0118643911578418,1.3882972201697763
48,C48-C2-190.xyz,val,C2,190,3.0922383791929704,0.04640373211796424,1.3890541368826255
48,C48-C2-191.xyz,test,C2,191,3.087601906763536,0.03494716314766044,1.3888588031244244
48,C48-C2-192.xyz,train,C2,192,3.079752467106646,0.014713842822440554,1.388808322615894
48,C48-C2-194.xyz,train,C2,194,3.0802363892289004,0.017293518742201287,1.3888598720107788
48,C48-C2-199.xyz,train,C2,199,3.074658960284509,0.0017739525552047653,1.3888825944565866
48,C48-C2-24.xyz,train,C2,24,3.1243981025278846,0.12077913469871286,1.3898135165569512
48,C48-C2-27.xyz,train,C2,27,3.1316727080595563,0.13049625406473778,1.389425238468331
48,C48-C2-32.xyz,train,C2,32,3.100220494135556,0.06450913162588896,1.389116568401851
48,C48-C2-37.xyz,train,C2,37,3.10474513304838,0.08350472178179574,1.3894513147541079
48,C48-C2-40.xyz,train,C2,40,3.0950086245517325,0.05336727022877355,1.3889604660882584
48,C48-C2-43.xyz,train,C2,43,3.099244796862507,0.06508038666939941,1.3892842293677221
48,C48-C2-45.xyz,train,C2,45,3.0934593603174876,0.055044398266284225,1.3892698909881283
48,C48-C2-46.xyz,train,C2,46,3.0969892560387096,0.06968178044110937,1.3897989490395657
48,C48-C2-5.xyz,train,C2,5,3.144114295808341,0.16050547013219596,1.3905754115121403
48,C48-C2-58.xyz,val,C2,58,3.08896460616331,0.040028211883752156,1.3890242130882262
48,C48-C2-59.xyz,val,C2,59,3.0946105964435766,0.04997723312586751,1.3891512474211989
48,C48-C2-61.xyz,train,C2,61,3.097132115802553,0.06182642166427101,1.3892899325545107
48,C48-C2-63.xyz,test,C2,63,3.099310381052367,0.072197641631865,1.3894857116225297
48,C48-C2-64.xyz,test,C2,64,3.1109485250131073,0.09005230910325492,1.3892558341462597
48,C48-C2-68.xyz,train,C2,68,3.1195528923278686,0.10730488986154942,1.3891131203504368
48,C48-C2-70.xyz,train,C2,70,3.1255614758478942,0.11887718959896475,1.3895152178208834
48,C48-C2-76.xyz,train,C2,76,3.112284537680671,0.09172124580377462,1.3890684936733895
48,C48-C2-78.xyz,train,C2,78,3.1046045477044992,0.0795855338914141,1.3892775546045817
48,C48-C2-81.xyz,train,C2,81,3.0949598217658227,0.054670698644368736,1.3890255179425226
48,C48-C2-82.xyz,train,C2,82,3.095920065761355,0.058680906509184824,1.3892433165822717
48,C48-C2-83.xyz,train,C2,83,3.095433109616671,0.05763725770656994,1.389365801953505
48,C48-C2-84.xyz,train,C2,84,3.091440432449468,0.048299624826850164,1.3889489122575394
48,C48-C2-95.xyz,train,C2,95,3.088222916224479,0.03558128984129749,1.3889453862390344
48,C48-C2-97.xyz,train,C2,97,3.0887191567303565,0.037506814473083044,1.3889086125016996
48,C48-C2h-80.xyz,train,C2h,80,3.097029109323557,0.0600518824894629,1.389039775123822
48,C48-C2v-138.xyz,train,C2v,138,3.0811566904242773,0.019355297113027563,1.389016631793614
48,C48-C2v-17.xyz,train,C2v,17,3.124691251142483,0.1245293383775916,1.3895387201305487
48,C48-C2v-56.xyz,train,C2v,56,3.0959170977254,0.056476160369898415,1.3891090724645059
48,C48-Cs-136.xyz,train,Cs,136,3.0844604010880112,0.030140406306396677,1.3889156507937281
48,C48-Cs-141.xyz,train,Cs,141,3.0846170139960685,0.02350723994531876,1.3882866005644638
48,C48-Cs-142.xyz,train,Cs,142,3.0833904629823543,0.025720905254732872,1.3888938224598306
48,C48-Cs-148.xyz,train,Cs,148,3.077337788167091,0.007560190665105084,1.3886581509874911
48,C48-Cs-168.xyz,train,Cs,168,3.0818150363778805,0.021832599507961906,1.3889774958098877
48,C48-Cs-184.xyz,train,Cs,184,3.0873186063639952,0.03365177226561268,1.3887837396336726
48,C48-Cs-187.xyz,test,Cs,187,3.0775261805709477,0.005941171952825964,1.3883049514992034
48,C48-Cs-197.xyz,train,Cs,197,3.078238960463155,0.010273401708506472,1.3889699965795517
48,C48-Cs-31.xyz,train,Cs,31,3.107403628338665,0.07949195602161449,1.3892623068482068
48,C48-Cs-39.xyz,val,Cs,39,3.0948272241132506,0.0546761147608594,1.3889739998560515
48,C48-Cs-4.xyz,test,Cs,4,3.1402153834431963,0.15003060337110888,1.3897121539633712
48,C48-Cs-62.xyz,train,Cs,62,3.08924103523541,0.03720217189360072,1.388735673101708
48,C48-Cs-74.xyz,test,Cs,74,3.09461573173202,0.052326809498683235,1.3889570956185713
48,C48-Cs-75.xyz,train,Cs,75,3.0975103790339644,0.0546621196501171,1.388786862818983
48,C48-Cs-89.xyz,test,Cs,89,3.0924659622578594,0.049063447986267585,1.3890921649544283
48,C48-Cs-96.xyz,train,Cs,96,3.0892894258475394,0.044133088185364,1.389187566231102
48,C48-D2-144.xyz,train,D2,144,3.0857534099201516,0.035424860948672345,1.3888984081193738
48,C48-D2-16.xyz,train,D2,16,3.144334112249308,0.15945566232936162,1.389487440208671
48,C48-D2-169.xyz,train,D2,169,3.0825511707420055,0.024711630803379594,1.3890378070099665
48,C48-D2-198.xyz,train,D2,198,3.082682971207459,0.021912741058418818,1.3889644162976271
48,C48-D2-2.xyz,train,D2,2,3.2256545974857396,0.2934584893563321,1.395288141508406
48,C48-D2h-15.xyz,val,D2h,15,3.145400872728272,0.16096300866648663,1.389273032895873
48,C48-D2h-41.xyz,train,D2h,41,3.1070612404878646,0.08748966427971272,1.38957349449268
48,C48-D3-188.xyz,train,D3,188,3.0755373362360943,0.0013362365530665491,1.388334831156423
48,C48-D6d-186.xyz,train,D6d,186,3.102831505562678,0.05471804985219859,1.3873666360714125
48,C48-D6d-189.xyz,train,D6d,189,3.122995459190246,0.11370155773921256,1.3893221452353381
50,C50-C1-10.xyz,test,C1,10,3.1946064368527014,0.13025736606491953,1.3898467663500507
50,C50-C1-101.xyz,train,C1,101,3.1588054344616143,0.0524500333419741,1.3889214188121546
50,C50-C1-102.xyz,train,C1,102,3.1545912051316485,0.043252563630250415,1.388867095246029
50,C50-C1-103.xyz,train,C1,103,3.1645054816916405,0.06650530944145971,1.3890308897143184
50,C50-C1-104.xyz,train,C1,104,3.157149268257898,0.05194778568910335,1.3892025721407535
50,C50-C1-105.xyz,train,C1,105,3.158908371568577,0.05254357988890904,1.3888652862602058
50,C50-C1-106.xyz,train,C1,106,3.1555891857971874,0.046056911631849766,1.389041282528941
50,C50-C1-107.xyz,train,C1,107,3.1537549680262136,0.04066799389135972,1.3890694981094207
50,C50-C1-109.xyz,train,C1,109,3.1585298163986497,0.053776429569055206,1.3890883786953472
50,C50-C1-11.xyz,train,C1,11,3.192847684557943,0.12436194224724567,1.3898681807755735
50,C50-C1-110.xyz,test,C1,110,3.1543424435302034,0.0425986282604929,1.3890076449970374
50,C50-C1-111.xyz,train,C1,111,3.1525899185075645,0.03592870278258007,1.3888160811131187
50,C50-C1-112.xyz,train,C1,112,3.1582067373858616,0.04914890001965656,1.388777043457472
50,C50-C1-113.xyz,train,C1,113,3.152841339847679,0.03722219757068641,1.3887466381114446
50,C50-C1-114.xyz,train,C1,114,3.1515961636955985,0.03465968174390153,1.38890977038756
50,C50-C1-115.xyz,train,C1,115,3.1509996801740328,0.035252532942568304,1.38897941828192
50,C50-C1-117.xyz,train,C1,117,3.1513186460379465,0.031394523872630836,1.3887315873069068
50,C50-C1-118.xyz,train,C1,118,3.1596805809862327,0.05619275692350724,1.3890824792074516
50,C50-C1-119.xyz,train,C1,119,3.1560475847000276,0.046853659916419516,1.3889233450917655
50,C50-C1-12.xyz,test,C1,12,3.1930400550768714,0.1245585066543441,1.3895403916039104
50,C50-C1-120.xyz,train,C1,120,3.158553646619255,0.051557057401197474,1.3886267401884753
50,C50-C1-121.xyz,val,C1,121,3.156805221306485,0.0472291161561521,1.3888171410011776
50,C50-C1-122.xyz,train,C1,122,3.1552132386588014,0.044500688358836936,1.3890600248146523
50,C50-C1-123.xyz,train,C1,123,3.1547849071562246,0.04050610764205357,1.3888927027584395
50,C50-C1-124.xyz,train,C1,124,3.162632386139233,0.06202399581915811,1.3890004719770643
50,C50-C1-126.xyz,val,C1,126,3.1666225198844637,0.06877109787069594,1.3889142177249254
50,C50-C1-127.xyz,val,C1,127,3.1629262119785055,0.0634793436220492,1.3888689412501733
50,C50-C1-128.xyz,train,C1,128,3.1637787649124487,0.06663747094694539,1.389046517579103
50,C50-C1-129.xyz,train,C1,129,3.161817068793007,0.0572250750616284,1.3888614351767696
50,C50-C1-130.xyz,train,C1,130,3.1625530976283045,0.0616390024769616,1.388834304680073
50,C50-C1-131.xyz,train,C1,131,3.1582180924552437,0.04810688302782236,1.388652027950302
50,C50-C1-132.xyz,train,C1,132,3.157044958475307,0.04585951777535906,1.3887127788716966
50,C50-C1-133.xyz,test,C1,133,3.1601490838161497,0.052450197438878673,1.3886836249021073
50,C50-C1-134.xyz,train,C1,134,3.1702724210552677,0.07736156642406931,1.388784522778511
50,C50-C1-135.xyz,train,C1,135,3.1655741439549887,0.06718685331017737,1.388846637485573
50,C50-C1-136.xyz,train,C1,136,3.1616689960633577,0.05850381869848474,1.3888407580906097
50,C50-C1-137.xyz,val,C1,137,3.1607717533356725,0.05385907261205616,1.3886959158747256
50,C50-C1-139.xyz,train,C1,139,3.164624805852376,0.0680944955278932,1.3888624671679597
50,C50-C1-14.xyz,train,C1,14,3.2049977805867718,0.14716575160116754,1.3896798084393975
50,C50-C1-140.xyz,train,C1,140,3.166610516571104,0.06771863908659334,1.3886285098011455
50,C50-C1-141.xyz,train,C1,141,3.1667063727489553,0.07452242763878142,1.389149609963408
50,C50-C1-142.xyz,val,C1,142,3.16155956445707,0.0571658303304352,1.3885286426066137
50,C50-C1-143.xyz,train,C1,143,3.1488232334749484,0.02627546350984799,1.3887113052197662
50,C50-C1-144.xyz,train,C1,144,3.149682421134928,0.030473662240270986,1.38869389275128
50,C50-C1-145.xyz,train,C1,145,3.150670409930399,0.03205676039672911,1.3885039499571563
50,C50-C1-146.xyz,train,C1,146,3.1491328471165185,0.02804462401051759,1.3887560790550335
50,C50-C1-147.xyz,train,C1,147,3.1522667614929962,0.03318491682297121,1.3885881837366647
50,C50-C1-148.xyz,train,C1,148,3.156686246533857,0.05245292340530816,1.389136369060906
50,C50-C1-149.xyz,train,C1,149,3.1474264497629894,0.023232899762162057,1.3886891185160022
50,C50-C1-15.xyz,train,C1,15,3.207135205652691,0.15353332277800338,1.3899184526622255
50,C50-C1-150.xyz,train,C1,150,3.1469704280309454,0.020967738408597655,1.388596463622643
50,C50-C1-151.xyz,train,C1,151,3.145936011636778,0.016687107591024094,1.3884196832565325
50,C50-C1-152.xyz,train,C1,152,3.1507825030824246,0.031985055023056444,1.3888448300720255
50,C50-C1-153.xyz,test,C1,153,3.151546242870978,0.03363365636518076,1.3888334035344574
50,C50-C1-154.xyz,train,C1,154,3.148681943176096,0.02658501574076084,1.3886647282613418
50,C50-C1-155.xyz,train,C1,155,3.1540029994683287,0.03877569749798887,1.388795313325706
50,C50-C1-159.xyz,train,C1,159,3.1535562697019253,0.03866437118388988,1.3886589360427706
50,C50-C1-16.xyz,val,C1,16,3.218149145615491,0.17076543366219277,1.389826311267301
50,C50-C1-160.xyz,train,C1,160,3.1510149612715663,0.03117172451926695,1.388548368355667
50,C50-C1-161.xyz,train,C1,161,3.1549547923804,0.04322237378323898,1.3888829515871701
50,C50-C1-163.xyz,test,C1,163,3.1508371724100193,0.033469162030564166,1.3887662610942253
50,C50-C1-164.xyz,train,C1,164,3.1571099645506306,0.046053877780291054,1.3886565516212976
50,C50-C1-165.xyz,train,C1,165,3.154834355770764,0.04142778463769032,1.3888588851637926
50,C50-C1-166.xyz,val,C1,166,3.1524339015415395,0.03717977064476428,1.388886320070199
50,C50-C1-169.xyz,train,C1,169,3.149733403478939,0.029839799571788863,1.3888625103478418
50,C50-C1-17.xyz,val,C1,17,3.2151567140557358,0.16558019352226822,1.389892985797228
50,C50-C1-170.xyz,train,C1,170,3.1570937396779213,0.04591434918215335,1.388958757241444
50,C50-C1-171.xyz,train,C1,171,3.147374961094991,0.021770217736874146,1.3885405926842695
50,C50-C1-172.xyz,val,C1,172,3.1485664369763158,0.02625820322129704,1.3888673161389484
50,C50-C1-173.xyz,test,C1,173,3.1469309580937788,0.02222327531071294,1.3888268400779797
50,C50-C1-174.xyz,train,C1,174,3.1495434046079644,0.029754605130829326,1.3885955143459079
50,C50-C1-176.xyz,test,C1,176,3.1489688163133076,0.02911824172745136,1.388751937948087
50,C50-C1-177.xyz,train,C1,177,3.147445922276715,0.024254518250897136,1.388858153315923
50,C50-C1-178.xyz,train,C1,178,3.1587793519460665,0.05182869111577181,1.389047566214744
50,C50-C1-182.xyz,train,C1,182,3.1440475731467052,0.016885675275892208,1.3887320676578077
50,C50-C1-183.xyz,train,C1,183,3.1441145974025617,0.016450777257815664,1.388788823151045
50,C50-C1-184.xyz,train,C1,184,3.144409582434767,0.016591280378914962,1.3887892805500648
50,C50-C1-186.xyz,train,C1,186,3.145461902201527,0.017395098725044276,1.388532792815665
50,C50-C1-187.xyz,train,C1,187,3.143543293983386,0.011828149071776773,1.3884891322956094
50,C50-C1-188.xyz,train,C1,188,3.1422634966445435,0.01040073983412954,1.3886775293311087
50,C50-C1-189.xyz,train,C1,189,3.1452380975415792,0.018488698070467064,1.388861723483829
50,C50-C1-19.xyz,train,C1,19,3.1869801349353764,0.11455785492888577,1.3893170193371267
50,C50-C1-190.xyz,test,C1,190,3.1493982463286074,0.028141813831508104,1.3886196984800276
50,C50-C1-191.xyz,train,C1,191,3.148150373715745,0.023609222283016786,1.3885206943986708
50,C50-C1-192.xyz,train,C1,192,3.1517546771218536,0.03459663891937736,1.3887136019345445
50,C50-C1-193.xyz,train,C1,193,3.152528454498324,0.03737629311684711,1.3888267592715748
50,C50-C1-194.xyz,train,C1,194,3.1499879883034527,0.03132147761687157,1.3887363078618657
50,C50-C1-195.xyz,train,C1,195,3.1437118581651373,0.011337720940406961,1.388447126527762
50,C50-C1-196.xyz,train,C1,196,3.1451252233233866,0.01785545780390075,1.3885844691080285
50,C50-C1-197.xyz,train,C1,197,3.146373249548643,0.020508072309030116,1.388441295818812
50,C50-C1-198.xyz,train,C1,198,3.146611788704825,0.023603135141648173,1.38886190732367
50,C50-C1-199.xyz,train,C1,199,3.1428661699152713,0.011835881452919753,1.3887293386141952
50,C50-C1-20.xyz,train,C1,20,3.1848613878592738,0.11110657860042122,1.3893774644352004
50,C50-C1-200.xyz,train,C1,200,3.1421784065289393,0.00833816144070143,1.388631591645085
50,C50-C1-201.xyz,train,C1,201,3.145305690082137,0.019064742967534413,1.3889156024696614
50,C50-C1-202.xyz,train,C1,202,3.145259702535551,0.01766032861845398,1.388819455449167
50,C50-C1-204.xyz,test,C1,204,3.1464701771466634,0.020529595909786792,1.3887386698619795
50,C50-C1-209.xyz,train,C1,209,3.1510112060115545,0.03416002560257738,1.3887826251907496
50,C50-C1-21.xyz,train,C1,21,3.181661698543983,0.10394100398447077,1.389188119231691
50,C50-C1-211.xyz,train,C1,211,3.149690288423447,0.031595466361833476,1.3889231600797913
50,C50-C1-212.xyz,train,C1,212,3.1582724112310068,0.05118119870642815,1.3888013907901888
50,C50-C1-213.xyz,val,C1,213,3.1555933308284345,0.04326560421222248,1.3886804975452882
50,C50-C1-215.xyz,test,C1,215,3.153890641557888,0.04133014105880095,1.3886801876975725
50,C50-C1-216.xyz,train,C1,216,3.151752884325719,0.037946150806271076,1.3889916339840422
50,C50-C1-217.xyz,val,C1,217,3.1465843120885397,0.02325959357893601,1.3888059982742285
50,C50-C1-218.xyz,train,C1,218,3.146027446656684,0.02201023772948063,1.3888361716930824
50,C50-C1-219.xyz,train,C1,219,3.1464249346629414,0.021177232509261592,1.3886865102245607
50,C50-C1-22.xyz,train,C1,22,3.187700791923314,0.11695617260055349,1.389370756030548
50,C50-C1-220.xyz,test,C1,220,3.1481773409051454,0.026537420944964772,1.3885057911902348
50,C50-C1-221.xyz,train,C1,221,3.1443006998579404,0.016356860080791746,1.3888507101808116
50,C50-C1-222.xyz,train,C1,222,3.1454180711212234,0.018870993089014864,1.3889553456612707
50,C50-C1-223.xyz,train,C1,223,3.150576111140125,0.033156029772457095,1.3889340318872359
50,C50-C1-224.xyz,test,C1,224,3.151422421501013,0.0360809472644395,1.3889306955887621
50,C50-C1-225.xyz,train,C1,225,3.1491637202108875,0.02946483336144912,1.3890591627547904
50,C50-C1-227.xyz,train,C1,227,3.156903413161436,0.049642988408589835,1.388926134630896
50,C50-C1-228.xyz,train,C1,228,3.156590108773159,0.045263571141487345,1.3887008588075782
50,C50-C1-23.xyz,train,C1,23,3.180868855741315,0.10433026334647572,1.3892976621557405
50,C50-C1-230.xyz,val,C1,230,3.1528019056191035,0.03758189417174725,1.3888403772891196
50,C50-C1-231.xyz,train,C1,231,3.1471914474542526,0.022329406561560836,1.3885329250053
50,C50-C1-232.xyz,train,C1,232,3.1551627261533963,0.039376346922723925,1.388205890784376
50,C50-C1-233.xyz,train,C1,233,3.148694785099512,0.026511296274716295,1.3887671978544045
50,C50-C1-235.xyz,train,C1,235,3.160416722028268,0.05685055417233724,1.3887764299523102
50,C50-C1-236.xyz,train,C1,236,3.150871569445184,0.029875782690553482,1.3884069960825125
50,C50-C1-237.xyz,train,C1,237,3.1451776138962213,0.015749851989042718,1.388517575221955
50,C50-C1-239.xyz,test,C1,239,3.148442681018994,0.024898173019298347,1.3886986948485338
50,C50-C1-240.xyz,val,C1,240,3.1414263072447612,0.005431542235627585,1.3884492495601994
50,C50-C1-241.xyz,test,C1,241,3.1428866212790076,0.009152678597874355,1.3884771348917728
50,C50-C1-243.xyz,train,C1,243,3.1481576794540915,0.02526123866897027,1.3886523006527207
50,C50-C1-244.xyz,train,C1,244,3.1486249333187457,0.02624112896751177,1.388867885029601
50,C50-C1-245.xyz,train,C1,245,3.147107974200988,0.023163759098511167,1.3889017829617196
50,C50-C1-246.xyz,train,C1,246,3.1431030676509066,0.012467242254198312,1.3888795119508413
50,C50-C1-248.xyz,train,C1,248,3.1436888463869224,0.014158496878594103,1.3888678667769632
50,C50-C1-249.xyz,val,C1,249,3.1446105610718305,0.018353760041159965,1.388963936057871
50,C50-C1-25.xyz,train,C1,25,3.197142489186327,0.13436802516446925,1.3894595010878055
50,C50-C1-251.xyz,train,C1,251,3.142381118132222,0.008935616351827812,1.388519773318741
50,C50-C1-252.xyz,train,C1,252,3.1436590719020723,0.012337311170580354,1.3886140510126481
50,C50-C1-259.xyz,train,C1,259,3.144541814789686,0.016271972178702458,1.3887950401430174
50,C50-C1-26.xyz,train,C1,26,3.192596685934853,0.12530737778681617,1.38954166234502
50,C50-C1-268.xyz,test,C1,268,3.1414503312822935,0.008706039470862495,1.388848159903893
50,C50-C1-28.xyz,train,C1,28,3.205324552494039,0.14807458201550283,1.3895874532172687
50,C50-C1-29.xyz,train,C1,29,3.17102881818624,0.07863717625430655,1.3890680453909994
50,C50-C1-30.xyz,train,C1,30,3.176107184381431,0.0889426180170572,1.389080789227922
50,C50-C1-31.xyz,train,C1,31,3.1725089553190746,0.08369244064772965,1.3890941285705085
50,C50-C1-34.xyz,train,C1,34,3.1722491661349728,0.08286719917462336,1.3888607129687212
50,C50-C1-35.xyz,train,C1,35,3.1726331602522784,0.08461546727832185,1.3892846665383856
50,C50-C1-36.xyz,train,C1,36,3.180661279019391,0.10265929429352415,1.3892711349110234
50,C50-C1-37.xyz,train,C1,37,3.1679620808053066,0.07255916043418997,1.389065001054107
50,C50-C1-38.xyz,train,C1,38,3.167449932196785,0.06953912452693232,1.3889991534657993
50,C50-C1-39.xyz,train,C1,39,3.1622451146659913,0.060532292054512216,1.389051703064178
50,C50-C1-40.xyz,train,C1,40,3.166420345490246,0.07392195308933586,1.3893866898734233
50,C50-C1-41.xyz,train,C1,41,3.1740237373881746,0.08983059312905965,1.3893029263527303
50,C50-C1-44.xyz,train,C1,44,3.146607398015583,0.021648590540479927,1.3886426356349069
50,C50-C1-45.xyz,train,C1,45,3.162364284021359,0.058083496400720906,1.3891355618802819
50,C50-C1-46.xyz,train,C1,46,3.1889985515585972,0.02385849717628667,1.4200223487581995
50,C50-C1-47.xyz,val,C1,47,3.160505606760338,0.057332969112743624,1.3889922527035772
50,C50-C1-48.xyz,train,C1,48,3.171735712928124,0.08467740566931445,1.38912200027184
50,C50-C1-49.xyz,test,C1,49,3.163009505067508,0.06491359060699636,1.3890358047946119
50,C50-C1-50.xyz,val,C1,50,3.1655447363881337,0.06969750731834648,1.3889474965164226
50,C50-C1-51.xyz,train,C1,51,3.160299207965569,0.05866122030726112,1.3890957042694232
50,C50-C1-52.xyz,train,C1,52,3.160785553621151,0.05712176720300983,1.3891930987480967
50,C50-C1-53.xyz,train,C1,53,3.1680794617390955,0.07667099545453128,1.38927102167388
50,C50-C1-54.xyz,train,C1,54,3.162799269105446,0.06248882932011914,1.3890652438518611
50,C50-C1-55.xyz,train,C1,55,3.1585706907763647,0.051940075306899425,1.389131375287992
50,C50-C1-56.xyz,train,C1,56,3.1676414057826783,0.07642738788877919,1.3896602837878544
50,C50-C1-57.xyz,val,C1,57,3.154249024024901,0.03781539488089684,1.3886478843615315
50,C50-C1-58.xyz,val,C1,58,3.155004310339748,0.044516719060303404,1.3890429746486204
50,C50-C1-59.xyz,train,C1,59,3.2106848816151934,0.1610973555373205,1.3898292950115212
50,C50-C1-60.xyz,train,C1,60,3.1606964087931964,0.059137170714770614,1.3894242417003844
50,C50-C1-62.xyz,train,C1,62,3.1525885096588757,0.035856098418981026,1.3887618322256279
50,C50-C1-63.xyz,train,C1,63,3.1620814681757405,0.057934738176238995,1.3888876119561342
50,C50-C1-65.xyz,train,C1,65,3.1683664865129253,0.07480568750085934,1.38902478757349
50,C50-C1-66.xyz,train,C1,66,3.165847124084988,0.06645618577642758,1.3889901340428108
50,C50-C1-68.xyz,train,C1,68,3.165421276433585,0.06959613712461217,1.3892377748039653
50,C50-C1-7.xyz,train,C1,7,3.2160253599259057,0.17488358846197566,1.3900975894753425
50,C50-C1-70.xyz,train,C1,70,3.1556629023309215,0.04348802098303456,1.3890073924837998
50,C50-C1-71.xyz,train,C1,71,3.157206723251478,0.055860512193520444,1.3893388859846931
50,C50-C1-73.xyz,test,C1,73,3.1690653778224775,0.07302525315527357,1.3890147962096289
50,C50-C1-75.xyz,train,C1,75,3.180052303200513,0.10293389905534854,1.3894160977284624
50,C50-C1-76.xyz,train,C1,76,3.1784292718659968,0.09708759373701284,1.3891142613249567
50,C50-C1-77.xyz,train,C1,77,3.1751931917258607,0.08973440170583746,1.3892172633455688
50,C50-C1-79.xyz,train,C1,79,3.191001946871199,0.12215009335654799,1.3893218008864707
50,C50-C1-81.xyz,train,C1,81,3.167602877771866,0.0723843820732326,1.389036008111466
50,C50-C1-82.xyz,val,C1,82,3.167340365700058,0.07522321980331702,1.3890885981424097
50,C50-C1-83.xyz,train,C1,83,3.164270948201389,0.06563370488155881,1.3889793366576857
50,C50-C1-84.xyz,train,C1,84,3.1737457300927354,0.08490376130891411,1.3890116761914915
50,C50-C1-85.xyz,train,C1,85,3.1668782092795107,0.07178169657350227,1.3891284477879713
50,C50-C1-87.xyz,train,C1,87,3.1688705008939535,0.07782751441989652,1.3892288823706003
50,C50-C1-89.xyz,val,C1,89,3.165908466020838,0.06633473379931734,1.3891127239431305
50,C50-C1-9.xyz,train,C1,9,3.1942635259948404,0.12598588502517244,1.3894787033404528
50,C50-C1-90.xyz,train,C1,90,3.1699635584312045,0.07597596726081714,1.3889710337422339
50,C50-C1-94.xyz,train,C1,94,3.1754142047327303,0.08983880654696748,1.388919897543891
50,C50-C1-96.xyz,train,C1,96,3.1690687525334424,0.0783298899981463,1.389134866779766
50,C50-C1-97.xyz,train,C1,97,3.1618711098993217,0.059854182421630445,1.389085118396966
50,C50-C1-98.xyz,train,C1,98,3.162545530702774,0.06326846185477324,1.3892810031044602
50,C50-C1-99.xyz,train,C1,99,3.159916199414154,0.05539658786688045,1.3890757902447526
50,C50-C2-108.xyz,train,C2,108,3.158659431267615,0.05373559746913927,1.3891642177912888
50,C50-C2-116.xyz,train,C2,116,3.15848832539945,0.04716266328822061,1.3888239028820861
50,C50-C2-138.xyz,train,C2,138,3.1785989703367257,0.09282893988692632,1.3885680785573027
50,C50-C2-156.xyz,train,C2,156,3.148037606432924,0.02270046533697045,1.3885658024958398
50,C50-C2-167.xyz,train,C2,167,3.1492198424425,0.027738734358420076,1.388607992390474
50,C50-C2-175.xyz,train,C2,175,3.1575147868060442,0.055560072864457674,1.3891026618582865
50,C50-C2-18.xyz,train,C2,18,3.1923710073960927,0.13485697078518144,1.390128004824129
50,C50-C2-180.xyz,train,C2,180,3.1540031613789568,0.03952916626099902,1.3885597738218798
50,C50-C2-2.xyz,test,C2,2,3.26959351809367,0.2557794747526179,1.390529479849053
50,C50-C2-203.xyz,test,C2,203,3.144411044649869,0.01655910044367741,1.3887498849648947
50,C50-C2-205.xyz,train,C2,205,3.144902145698999,0.015385098025912317,1.3884120420543404
50,C50-C2-210.xyz,test,C2,210,3.1648627900495687,0.06614371087800121,1.3889593076170363
50,C50-C2-214.xyz,train,C2,214,3.149531117179206,0.02961651569830847,1.3888193435091223
50,C50-C2-226.xyz,train,C2,226,3.1488144991086413,0.028422264235430088,1.3891130884507508
50,C50-C2-229.xyz,test,C2,229,3.154909688955164,0.04504470418058225,1.3890597226995673
50,C50-C2-234.xyz,val,C2,234,3.1536834308971673,0.03668435565895811,1.38828993624057
50,C50-C2-238.xyz,train,C2,238,3.1530490336131516,0.03427822441112192,1.38845412702979
50,C50-C2-24.xyz,train,C2,24,3.20091206052646,0.14481509649727764,1.3897785689133768
50,C50-C2-250.xyz,train,C2,250,3.1436786195875936,0.015056309895771502,1.3887679968320006
50,C50-C2-254.xyz,train,C2,254,3.150435640833793,0.03307818483628767,1.3889384278074088
50,C50-C2-255.xyz,train,C2,255,3.1495004590794724,0.031042745400340237,1.3888522666003686
50,C50-C2-257.xyz,train,C2,257,3.14933832858859,0.030218899535299396,1.3889781546770166
50,C50-C2-260.xyz,train,C2,260,3.143320233106669,0.01432831444048759,1.389037159852415
50,C50-C2-261.xyz,train,C2,261,3.144885324961254,0.016679021199823535,1.388898737792842
50,C50-C2-263.xyz,train,C2,263,3.140602111213033,0.006614897670702932,1.3890123977749333
50,C50-C2-265.xyz,train,C2,265,3.140508986504088,0.007169024761467369,1.3888306567946607
50,C50-C2-269.xyz,train,C2,269,3.1452666847729898,0.016849443916002644,1.3886992264453162
50,C50-C2-27.xyz,train,C2,27,3.1595687560749592,0.05708328106108545,1.3893132973452251
50,C50-C2-6.xyz,train,C2,6,3.229588306090905,0.19723947578501572,1.3904752277011572
50,C50-C2-61.xyz,train,C2,61,3.163252034239979,0.05758643872428358,1.3890457774128044
50,C50-C2-64.xyz,test,C2,64,3.1612540844271506,0.058981182578333825,1.3892022021235144
50,C50-C2-67.xyz,train,C2,67,3.171160275931093,0.07718569365076802,1.389250548744757
50,C50-C2-74.xyz,test,C2,74,3.1820589663851404,0.10713020478336559,1.3895198246734353
50,C50-C2-78.xyz,train,C2,78,3.1956204001308737,0.1297800440659559,1.38921293322314
50,C50-C2-80.xyz,train,C2,80,3.2006948265295216,0.13995531292571425,1.3896924373999406
50,C50-C2-93.xyz,train,C2,93,3.185245256861857,0.10801822906286274,1.389128874229451
50,C50-C2-95.xyz,train,C2,95,3.1746334583194527,0.09081582288298956,1.3893572206288853
50,C50-C2v-125.xyz,train,C2v,125,3.2020253787493314,0.142494286904927,1.3893792658710402
50,C50-C2v-13.xyz,val,C2v,13,3.2307158639194444,0.20819223145470273,1.39185033895959
50,C50-C2v-179.xyz,train,C2v,179,3.149120059659103,0.02820137169130156,1.3887585483074891
50,C50-C2v-242.xyz,test,C2v,242,3.1608832569739125,0.05883962900607034,1.3893164371246591
50,C50-C2v-256.xyz,train,C2v,256,3.14953233209849,0.03169406086912207,1.3889825230668356
50,C50-C2v-43.xyz,train,C2v,43,3.175900677013394,0.09718068338863636,1.3892871952898227
50,C50-C3-208.xyz,val,C3,208,3.140745789828037,0.002885547630056157,1.3883276506317908
50,C50-C3-258.xyz,train,C3,258,3.1476692513594786,0.024811926850916672,1.3888461708133772
50,C50-C3v-157.xyz,train,C3v,157,3.156037154853368,0.04589639877391317,1.389060134217174
50,C50-Cs-100.xyz,train,Cs,100,3.1589066215041885,0.05277370013193572,1.3891814481726557
50,C50-Cs-158.xyz,train,Cs,158,3.1467382457341375,0.01904118019672276,1.388372789342813
50,C50-Cs-162.xyz,train,Cs,162,3.1573121272193596,0.04720733941853038,1.3888312621688375
50,C50-Cs-168.xyz,train,Cs,168,3.1529412129828285,0.03677945999281281,1.3887877229989316
50,C50-Cs-185.xyz,train,Cs,185,3.1457094723638495,0.018836810229391657,1.3884687664764386
50,C50-Cs-206.xyz,train,Cs,206,3.1492120487230606,0.027019496017659902,1.3886888258331855
50,C50-Cs-207.xyz,train,Cs,207,3.1439380945027966,0.011558915478399543,1.3883368282772317
50,C50-Cs-247.xyz,train,Cs,247,3.144380435599907,0.01573341609791628,1.3887414753269718
50,C50-Cs-253.xyz,val,Cs,253,3.1470503863618218,0.021805002476616157,1.3887573544911684
50,C50-Cs-262.xyz,val,Cs,262,3.143987052505308,0.01351417830155742,1.3889883570143664
50,C50-Cs-264.xyz,train,Cs,264,3.1414993586190225,0.0075874542843721825,1.3889661532652895
50,C50-Cs-266.xyz,train,Cs,266,3.1393771922945475,0.003986864452928009,1.3889922469636111
50,C50-Cs-267.xyz,train,Cs,267,3.140504850934518,0.003665588713669145,1.3887059581498185
50,C50-Cs-32.xyz,train,Cs,32,3.1721151212149064,0.0796968861969792,1.3890078305527704
50,C50-Cs-33.xyz,train,Cs,33,3.1706110012492617,0.07674511803768126,1.3889009453682106
50,C50-Cs-4.xyz,train,Cs,4,3.222049675489355,0.18360688460417926,1.390112787298546
50,C50-Cs-42.xyz,val,Cs,42,3.167791880583634,0.0776777477685315,1.3894255765906944
50,C50-Cs-5.xyz,train,Cs,5,3.221620320922507,0.18241054153068298,1.3900757962738042
50,C50-Cs-69.xyz,train,Cs,69,3.155743349952189,0.04312056148717767,1.3889671107461554
50,C50-Cs-72.xyz,val,Cs,72,3.16210625553219,0.06083806353070617,1.3892912354588505
50,C50-Cs-8.xyz,train,Cs,8,3.2030213630368056,0.14861311911413683,1.3900043082210265
50,C50-Cs-86.xyz,train,Cs,86,3.1670915248653744,0.07032316046767158,1.3891133030018938
50,C50-Cs-88.xyz,train,Cs,88,3.167604157055955,0.07396023826829186,1.3893551647779345
50,C50-Cs-91.xyz,test,Cs,91,3.1626546588697613,0.0593476275426943,1.3889405623484399
50,C50-Cs-92.xyz,train,Cs,92,3.163520961385743,0.061734065337574376,1.389086369153127
50,C50-D3-181.xyz,train,D3,181,3.146208612529072,0.02301756918566837,1.388542971925925
50,C50-D3-270.xyz,train,D3,270,3.1381277982676696,0.0015344951145782632,1.3890131613084895
50,C50-D3h-3.xyz,test,D3h,3,3.3264410908112114,0.33497604215070903,1.393004329148988
50,C50-D5h-1.xyz,train,D5h,1,3.3726106669461164,0.37788084418228063,1.3919234856831961
50,C50-D5h-271.xyz,train,D5h,271,3.140508535182109,0.006414413860706061,1.3891649718367944
52,C52-C1-10.xyz,val,C1,10,3.268720977837754,0.1493820868002195,1.3896395849819445
52,C52-C1-100.xyz,train,C1,100,3.2281422279157237,0.06643099875736788,1.3890638490766845
52,C52-C1-104.xyz,train,C1,104,3.2261423230670068,0.059605624904246306,1.3888987823782308
52,C52-C1-11.xyz,train,C1,11,3.2659345581076282,0.14491621171539543,1.3897968004193093
52,C52-C1-111.xyz,train,C1,111,3.2509771427088654,0.11816642805501597,1.3893817807792717
52,C52-C1-112.xyz,train,C1,112,3.252298321307771,0.11776565710159509,1.3890493998632474
52,C52-C1-113.xyz,train,C1,113,3.2450784560966786,0.10231726855681962,1.3891499685874282
52,C52-C1-115.xyz,test,C1,115,3.2630488496234493,0.13945360781368643,1.389418581915859
52,C52-C1-117.xyz,train,C1,117,3.23751318873291,0.09100627025755614,1.3892304054101123
52,C52-C1-118.xyz,train,C1,118,3.23561307674959,0.08414811104481387,1.388844356044591
52,C52-C1-119.xyz,train,C1,119,3.23668082366931,0.09159312160356316,1.3892753476673916
52,C52-C1-12.xyz,train,C1,12,3.28349787460116,0.17809744610105535,1.3897763253641102
52,C52-C1-121.xyz,train,C1,121,3.2362354455036244,0.08458290796147601,1.389130954429181
52,C52-C1-122.xyz,train,C1,122,3.236583471350824,0.08428311266648902,1.3891238254296039
52,C52-C1-123.xyz,train,C1,123,3.2305855674339914,0.07026163389166795,1.3889324031925672
52,C52-C1-124.xyz,train,C1,124,3.230644974777867,0.07753945990449006,1.389321773382209
52,C52-C1-126.xyz,train,C1,126,3.2341560860594027,0.0785502130829451,1.3891427398377374
52,C52-C1-128.xyz,train,C1,128,3.2450717863107714,0.10491934511335607,1.3890463308300587
52,C52-C1-13.xyz,train,C1,13,3.2849696876837693,0.18060092987666815,1.390262151913282
52,C52-C1-130.xyz,train,C1,130,3.240007931552763,0.0933747908125755,1.3891928769328028
52,C52-C1-131.xyz,train,C1,131,3.2364695480588015,0.08432278189943326,1.388930958885883
52,C52-C1-132.xyz,train,C1,132,3.2372350266627237,0.08432587776295232,1.388869374092221
52,C52-C1-133.xyz,test,C1,133,3.2377090382674725,0.0883163187174089,1.389104284029357
52,C52-C1-134.xyz,train,C1,134,3.2363276881149137,0.08783012857278905,1.3892457027069025
52,C52-C1-135.xyz,train,C1,135,3.235550174721433,0.08148360183714698,1.388911108666204
52,C52-C1-136.xyz,test,C1,136,3.233302926449939,0.07872912352082305,1.3889910642467045
52,C52-C1-137.xyz,val,C1,137,3.232781412467403,0.07807066720366708,1.3891605005348024
52,C52-C1-139.xyz,test,C1,139,3.227530734910223,0.06582563824968928,1.3889770343720274
52,C52-C1-14.xyz,val,C1,14,3.2800596739725068,0.1744033778172677,1.3904108003412214
52,C52-C1-140.xyz,train,C1,140,3.225999683997223,0.06393899211325368,1.389162698359304
52,C52-C1-141.xyz,train,C1,141,3.2248570452900114,0.05810377412998114,1.3887501709879264
52,C52-C1-142.xyz,train,C1,142,3.232071186511711,0.0766099039808882,1.3889697660155345
52,C52-C1-143.xyz,train,C1,143,3.22482281057321,0.05871873063890435,1.3888593241283278
52,C52-C1-144.xyz,val,C1,144,3.2239666686357515,0.058200747056012525,1.3888946305698053
52,C52-C1-145.xyz,train,C1,145,3.223868158339912,0.05987354079638006,1.3889772297601608
52,C52-C1-146.xyz,train,C1,146,3.2235758855657455,0.05590170208020075,1.388932703963346
52,C52-C1-147.xyz,train,C1,147,3.2313878916109635,0.07391201513409859,1.3888909068038053
52,C52-C1-148.xyz,test,C1,148,3.2239476984966866,0.05584177428181241,1.3888807471759261
52,C52-C1-149.xyz,train,C1,149,3.2224410981432863,0.05169298261561526,1.3888265739482903
52,C52-C1-150.xyz,train,C1,150,3.2204445942280575,0.04741560269596406,1.3887975656847125
52,C52-C1-151.xyz,train,C1,151,3.22583392763191,0.060827444845465255,1.388912969048169
52,C52-C1-153.xyz,train,C1,153,3.2181978537344844,0.04417846596110895,1.3888719458421204
52,C52-C1-154.xyz,train,C1,154,3.216265988475523,0.03702466255373656,1.388825338967092
52,C52-C1-155.xyz,train,C1,155,3.217088922945301,0.040042498336352546,1.3887915600188536
52,C52-C1-156.xyz,train,C1,156,3.2174576201929166,0.04125902308295545,1.3888286307977682
52,C52-C1-157.xyz,train,C1,157,3.220810821811666,0.050846149224753556,1.389051242930189
52,C52-C1-158.xyz,train,C1,158,3.214617820023634,0.03465733646900183,1.3889038071446236
52,C52-C1-159.xyz,train,C1,159,3.2329592731990826,0.07867379033882249,1.388894745788889
52,C52-C1-16.xyz,test,C1,16,3.2924507425287306,0.19303025422029532,1.3900553986414597
52,C52-C1-160.xyz,train,C1,160,3.2317320506487075,0.07540698106109478,1.3890034021051183
52,C52-C1-161.xyz,train,C1,161,3.22703801187725,0.0639985209993931,1.3890429538364317
52,C52-C1-163.xyz,train,C1,163,3.2203103084669324,0.04973045224122575,1.3890540824737803
52,C52-C1-164.xyz,train,C1,164,3.2219034687625645,0.05345443900987256,1.3890927880418524
52,C52-C1-165.xyz,train,C1,165,3.222984270741829,0.05684799984638331,1.3890535199184448
52,C52-C1-166.xyz,train,C1,166,3.2282219812304516,0.06238327091925261,1.3884200288836261
52,C52-C1-167.xyz,train,C1,167,3.217411657205875,0.040096931871993716,1.3888690191968405
52,C52-C1-168.xyz,train,C1,168,3.2198164009481425,0.04765532872633026,1.3887954021584419
52,C52-C1-169.xyz,val,C1,169,3.2198493156524424,0.0465470936090028,1.3887286313243592
52,C52-C1-17.xyz,train,C1,17,3.2909500730762256,0.19675257108658023,1.3909361302768126
52,C52-C1-170.xyz,train,C1,170,3.222422868536109,0.05481185078650063,1.3889214600544284
52,C52-C1-172.xyz,train,C1,172,3.220704069265813,0.04911961745923383,1.3889940959481966
52,C52-C1-173.xyz,train,C1,173,3.2265778283470956,0.062385806711798664,1.388994099368946
52,C52-C1-174.xyz,train,C1,174,3.2295362205246545,0.06900291017749416,1.388923036884105
52,C52-C1-175.xyz,train,C1,175,3.221784061681682,0.051401643548994735,1.3888617562236545
52,C52-C1-176.xyz,val,C1,176,3.230097563308765,0.06798383528641873,1.3887098576544652
52,C52-C1-177.xyz,train,C1,177,3.2205032534247655,0.04654706224423769,1.3885145757308321
52,C52-C1-18.xyz,test,C1,18,3.2541714230133607,0.12285950695609461,1.3898617963411937
52,C52-C1-181.xyz,test,C1,181,3.236299169118319,0.08250547851218044,1.3887609710382391
52,C52-C1-182.xyz,train,C1,182,3.2277137952556734,0.06657274717463066,1.3889835369977281
52,C52-C1-183.xyz,train,C1,183,3.2301135915708477,0.06929079418601042,1.3885386223492588
52,C52-C1-184.xyz,train,C1,184,3.2265767671113794,0.06404190860021568,1.3888969309218444
52,C52-C1-185.xyz,train,C1,185,3.2277746825084255,0.06604670960707709,1.3887497998094824
52,C52-C1-186.xyz,train,C1,186,3.226796371978421,0.06091070205416391,1.3886874167671668
52,C52-C1-187.xyz,train,C1,187,3.222855528505676,0.05255153352656322,1.3886710239712396
52,C52-C1-188.xyz,train,C1,188,3.2252833069798297,0.05921821555574991,1.388690199867614
52,C52-C1-189.xyz,train,C1,189,3.224370026001364,0.056734459959774025,1.3888233463614195
52,C52-C1-19.xyz,train,C1,19,3.2574221158910244,0.12240124580587557,1.3894578183151123
52,C52-C1-190.xyz,val,C1,190,3.228061015891754,0.06866936266621382,1.3891094872831324
52,C52-C1-192.xyz,train,C1,192,3.234031145272726,0.08112024205986808,1.3891964245538722
52,C52-C1-193.xyz,train,C1,193,3.226170072689774,0.060742622522964584,1.3887380700443515
52,C52-C1-194.xyz,test,C1,194,3.22934169240361,0.06755520375375526,1.388869072276825
52,C52-C1-195.xyz,train,C1,195,3.230325240908979,0.07107659602368219,1.3887228797560216
52,C52-C1-196.xyz,train,C1,196,3.235280260863083,0.0762500761954961,1.388361831809232
52,C52-C1-198.xyz,train,C1,198,3.2385940017961796,0.08922053555294861,1.38884349005669
52,C52-C1-199.xyz,val,C1,199,3.2214051243610036,0.049465242398914505,1.388690043969927
52,C52-C1-20.xyz,train,C1,20,3.256732485795885,0.12137702279093078,1.3895750975324725
52,C52-C1-200.xyz,train,C1,200,3.221752965572094,0.05200437049671931,1.3890304401322646
52,C52-C1-201.xyz,train,C1,201,3.218109196302206,0.04352195778775468,1.388843312345286
52,C52-C1-202.xyz,train,C1,202,3.2168618638318542,0.04103265030515736,1.3885833744322282
52,C52-C1-203.xyz,val,C1,203,3.218076315875032,0.0417344656854978,1.3882983586517281
52,C52-C1-204.xyz,train,C1,204,3.220167195481549,0.049906299246385066,1.3887977695379954
52,C52-C1-205.xyz,train,C1,205,3.218364872417602,0.04459672469928102,1.38899735668929
52,C52-C1-207.xyz,train,C1,207,3.2186910619142735,0.04266973692693325,1.388759133491902
52,C52-C1-208.xyz,train,C1,208,3.214440309984109,0.03263236759485534,1.3886110659853317
52,C52-C1-209.xyz,train,C1,209,3.2168403787760784,0.03796959173738121,1.3887899621113433
52,C52-C1-211.xyz,train,C1,211,3.216156378650911,0.037975145100319636,1.3888131957664451
52,C52-C1-212.xyz,train,C1,212,3.212866880073792,0.029136397319796514,1.388748379566365
52,C52-C1-213.xyz,train,C1,213,3.2107513694373258,0.024409554259477585,1.3888091271630478
52,C52-C1-214.xyz,train,C1,214,3.2126904655283814,0.028078056115705317,1.3888282170183668
52,C52-C1-215.xyz,train,C1,215,3.212724900557785,0.029882123242384588,1.3888200946244607
52,C52-C1-216.xyz,val,C1,216,3.2158707876821078,0.03595384349570131,1.3887627306715014
52,C52-C1-217.xyz,train,C1,217,3.213344593115608,0.03045862331952138,1.38863311499185
52,C52-C1-218.xyz,train,C1,218,3.215647103460184,0.03581541535964425,1.3887875327056893
52,C52-C1-219.xyz,train,C1,219,3.2136337132524795,0.031139816743696258,1.3885797056251832
52,C52-C1-220.xyz,train,C1,220,3.214790800327303,0.03361034706124179,1.3887733705320644
52,C52-C1-222.xyz,train,C1,222,3.208768913735493,0.016897021308732774,1.3886003021278912
52,C52-C1-223.xyz,train,C1,223,3.209506758857392,0.01876086306122677,1.3884332521345868
52,C52-C1-224.xyz,train,C1,224,3.2107303267390512,0.021765122248612222,1.388416921355493
52,C52-C1-226.xyz,train,C1,226,3.2210375088362535,0.04915427968645903,1.3887341346454503
52,C52-C1-227.xyz,test,C1,227,3.223094878610766,0.05489388453061573,1.3888007401630809
52,C52-C1-228.xyz,train,C1,228,3.2213409950730023,0.04857416592313594,1.3886859937286584
52,C52-C1-23.xyz,test,C1,23,3.258596903059325,0.13278606453013062,1.389541099210662
52,C52-C1-230.xyz,train,C1,230,3.2168971663625383,0.041521049525128605,1.388870670539633
52,C52-C1-231.xyz,train,C1,231,3.2168067771690496,0.037913949762243083,1.388622620941787
52,C52-C1-232.xyz,train,C1,232,3.214628630814562,0.03179627956576331,1.3886145672050876
52,C52-C1-233.xyz,train,C1,233,3.2120045959706394,0.024371068614637077,1.3884035398811747
52,C52-C1-234.xyz,train,C1,234,3.2166813895382367,0.03812785272384172,1.3884417768178265
52,C52-C1-235.xyz,train,C1,235,3.2203372711852714,0.0462104742079256,1.3886711780371344
52,C52-C1-236.xyz,val,C1,236,3.218148698590112,0.04335351353790279,1.388861117472045
52,C52-C1-238.xyz,train,C1,238,3.2202095815622966,0.04843822354442922,1.3887529037944977
52,C52-C1-24.xyz,train,C1,24,3.257328196496532,0.13141731377009966,1.3893692908292028
52,C52-C1-240.xyz,train,C1,240,3.226799456489493,0.061604934536239005,1.3890601610383437
52,C52-C1-243.xyz,train,C1,243,3.220124244311999,0.04664122637242812,1.388864962288248
52,C52-C1-245.xyz,train,C1,245,3.2151538611483947,0.03482750630026088,1.3886708959456864
52,C52-C1-246.xyz,test,C1,246,3.2181420921370263,0.04272786043131438,1.3887342503638795
52,C52-C1-247.xyz,train,C1,247,3.221508328814074,0.04719002613265982,1.3883804027573188
52,C52-C1-249.xyz,val,C1,249,3.211764499378264,0.027596326959316596,1.388806098321893
52,C52-C1-25.xyz,train,C1,25,3.2567130368975468,0.12590686675112514,1.389017418047769
52,C52-C1-250.xyz,train,C1,250,3.213892524386866,0.036483405080038236,1.3887703680950894
52,C52-C1-251.xyz,train,C1,251,3.2117354469336514,0.02581065312704636,1.3887246904033506
52,C52-C1-252.xyz,train,C1,252,3.2148963976943645,0.03654233661172781,1.389044675182479
52,C52-C1-253.xyz,train,C1,253,3.2191467850283213,0.04213092305355017,1.3883549632498808
52,C52-C1-255.xyz,train,C1,255,3.2142784578506816,0.03527014360420286,1.388774862381555
52,C52-C1-256.xyz,test,C1,256,3.2087242825562092,0.018926947588642693,1.3884962161556587
52,C52-C1-258.xyz,train,C1,258,3.216805469614154,0.03696985442036871,1.3886624097643865
52,C52-C1-259.xyz,train,C1,259,3.2135281871047505,0.03452087158697538,1.3888384767205573
52,C52-C1-26.xyz,train,C1,26,3.2573498526358624,0.12876846647491993,1.389199299854738
52,C52-C1-260.xyz,train,C1,260,3.2094895069365634,0.02025461722204184,1.3886313683616458
52,C52-C1-261.xyz,train,C1,261,3.2116850433324213,0.02622824735099318,1.3888413107924744
52,C52-C1-262.xyz,train,C1,262,3.213425138507218,0.03274484615218816,1.3887789708917342
52,C52-C1-263.xyz,train,C1,263,3.2092243008408636,0.01786166252137909,1.388469956559774
52,C52-C1-264.xyz,test,C1,264,3.211335313785732,0.027057625825921024,1.388710836325819
52,C52-C1-266.xyz,train,C1,266,3.2086146317576674,0.02126449461861816,1.3888206881137766
52,C52-C1-268.xyz,train,C1,268,3.2087613636230254,0.019378874500920025,1.3886617549932707
52,C52-C1-269.xyz,train,C1,269,3.2069161875750796,0.014751367691668573,1.3885443286423873
52,C52-C1-27.xyz,train,C1,27,3.2520142817217113,0.1210938590553146,1.3895467274171625
52,C52-C1-270.xyz,train,C1,270,3.210046885949116,0.020885627136375658,1.3883832615571243
52,C52-C1-271.xyz,train,C1,271,3.2074539560921544,0.016552100045639177,1.3886905505748852
52,C52-C1-272.xyz,train,C1,272,3.210483383436758,0.021847619645525108,1.388443464297205
52,C52-C1-273.xyz,train,C1,273,3.209483648584907,0.021669096156835203,1.388632055222299
52,C52-C1-274.xyz,train,C1,274,3.211791363028482,0.02536846572579208,1.3882745447989637
52,C52-C1-275.xyz,train,C1,275,3.2136989459032126,0.029404261156140293,1.3884484295659747
52,C52-C1-276.xyz,train,C1,276,3.2123319729758153,0.027594870661512498,1.3887186764807222
52,C52-C1-277.xyz,train,C1,277,3.2070232034537787,0.014909269310763076,1.3885551044887297
52,C52-C1-279.xyz,val,C1,279,3.2129084436827293,0.028538524736740612,1.3886198888731864
52,C52-C1-28.xyz,train,C1,28,3.2714099715181897,0.1550446511864652,1.3895478085849509
52,C52-C1-280.xyz,train,C1,280,3.2137433779937328,0.030587095021010133,1.3886874623865795
52,C52-C1-281.xyz,test,C1,281,3.206343041165696,0.0133847776275415,1.388782586764601
52,C52-C1-282.xyz,train,C1,282,3.208414933699895,0.019884398452134078,1.3888721935645951
52,C52-C1-284.xyz,val,C1,284,3.2111134827193806,0.026528811819628205,1.3888556291738714
52,C52-C1-285.xyz,train,C1,285,3.2111803135145354,0.026464757494552984,1.3888769869898114
52,C52-C1-286.xyz,train,C1,286,3.216501118887529,0.03980565674447608,1.3886933583776
52,C52-C1-287.xyz,train,C1,287,3.204971325196851,0.008221743463863486,1.388502490447725
52,C52-C1-288.xyz,test,C1,288,3.2081295904623754,0.01710044546759967,1.3886244423214256
52,C52-C1-289.xyz,train,C1,289,3.2110873340123587,0.024201079429590294,1.3885051856352086
52,C52-C1-290.xyz,train,C1,290,3.21275403159801,0.03464122239794064,1.3887302692176786
52,C52-C1-291.xyz,val,C1,291,3.2122537886136127,0.0273988854392234,1.3885911361718146
52,C52-C1-292.xyz,val,C1,292,3.2082696582002255,0.019250739625550455,1.3885880889593958
52,C52-C1-295.xyz,train,C1,295,3.206390862433265,0.011400138255171825,1.3885862862947773
52,C52-C1-297.xyz,train,C1,297,3.2094296637471453,0.016230984268925098,1.3880521080009685
52,C52-C1-298.xyz,test,C1,298,3.2115739651536543,0.024588015323228823,1.3884126328070998
52,C52-C1-299.xyz,train,C1,299,3.205527733457866,0.007664974754052846,1.3882522225740852
52,C52-C1-30.xyz,val,C1,30,3.2676550160519606,0.14758471779205876,1.3895137728289824
52,C52-C1-300.xyz,train,C1,300,3.217682208206205,0.040515073928700275,1.3883945033848493
52,C52-C1-301.xyz,train,C1,301,3.2091964186869997,0.01770604501895975,1.388372463539302
52,C52-C1-302.xyz,train,C1,302,3.206922833746783,0.013473418004958456,1.3882609969980533
52,C52-C1-304.xyz,train,C1,304,3.2199222587047105,0.04724435595150943,1.3885246360449368
52,C52-C1-305.xyz,train,C1,305,3.221503421036814,0.05399350742369137,1.388815776223607
52,C52-C1-306.xyz,train,C1,306,3.211027089804927,0.024162230363784083,1.3884461731162734
52,C52-C1-307.xyz,train,C1,307,3.213175497964507,0.0335862931060843,1.3887145155307605
52,C52-C1-308.xyz,train,C1,308,3.2119343389446633,0.026577393880029762,1.3885825667432137
52,C52-C1-309.xyz,train,C1,309,3.211895153774173,0.02705863327771428,1.3887991641326851
52,C52-C1-310.xyz,train,C1,310,3.20894757874703,0.01970743688432934,1.3886293252459254
52,C52-C1-316.xyz,train,C1,316,3.218792811999267,0.046821377648137014,1.3888374626370428
52,C52-C1-317.xyz,test,C1,317,3.2178409209976055,0.04456956408045063,1.3888645817596517
52,C52-C1-318.xyz,train,C1,318,3.219320140061217,0.04577895631394754,1.3888547077809885
52,C52-C1-32.xyz,train,C1,32,3.279689762885759,0.17220800404996686,1.3901870849822662
52,C52-C1-320.xyz,train,C1,320,3.2246671210048343,0.05966563428889032,1.3890548656248114
52,C52-C1-321.xyz,val,C1,321,3.2210966877617837,0.046623807855407144,1.3884739383115243
52,C52-C1-322.xyz,train,C1,322,3.2189113512639995,0.04599352157304213,1.3888286420559863
52,C52-C1-324.xyz,train,C1,324,3.216613509397201,0.036110644313596535,1.3882348560414461
52,C52-C1-325.xyz,train,C1,325,3.2142894977747463,0.035777426188691286,1.3890350208160285
52,C52-C1-326.xyz,train,C1,326,3.210918695385334,0.027243655173054288,1.388833337243135
52,C52-C1-327.xyz,test,C1,327,3.2107917755581488,0.02601360050058311,1.3889784900301663
52,C52-C1-328.xyz,train,C1,328,3.2098537988473756,0.02250236478585137,1.3889791755315175
52,C52-C1-329.xyz,train,C1,329,3.21080771554049,0.026265815985474616,1.3889621765984024
52,C52-C1-33.xyz,train,C1,33,3.2422082864182014,0.09938335812951771,1.389333534639852
52,C52-C1-330.xyz,val,C1,330,3.2084257587140934,0.018685240004590875,1.3888445236634757
52,C52-C1-331.xyz,train,C1,331,3.2132856405879306,0.029167704908236343,1.388698072268697
52,C52-C1-332.xyz,train,C1,332,3.2102784061984386,0.023164534071425,1.3887773393163196
52,C52-C1-337.xyz,train,C1,337,3.224419537993766,0.05516396538670765,1.3885798942330492
52,C52-C1-338.xyz,train,C1,338,3.2206025176392954,0.04954929471391618,1.3889912062403562
52,C52-C1-34.xyz,val,C1,34,3.2450926640206066,0.10317211301539063,1.3891246458106166
52,C52-C1-341.xyz,train,C1,341,3.2119673878729427,0.027723481031105283,1.3887108982032155
52,C52-C1-342.xyz,train,C1,342,3.2134282314543787,0.030916945131819917,1.3887418848193973
52,C52-C1-343.xyz,train,C1,343,3.2086629123995314,0.02010732094317171,1.3888335039809052
52,C52-C1-344.xyz,train,C1,344,3.209890157646129,0.022578879325720943,1.3888007284010941
52,C52-C1-345.xyz,train,C1,345,3.2278678841368227,0.06363836145786499,1.3887081563749624
52,C52-C1-349.xyz,train,C1,349,3.215705562551322,0.03727635455783427,1.3887134511399826
52,C52-C1-35.xyz,train,C1,35,3.240853274533126,0.0956652519127903,1.3891227416708127
52,C52-C1-350.xyz,train,C1,350,3.2141403231299885,0.03243372122086063,1.388705893853468
52,C52-C1-351.xyz,train,C1,351,3.2159101852399163,0.0379411218829013,1.3887882228560566
52,C52-C1-352.xyz,train,C1,352,3.224330439462074,0.05498392955671047,1.3886455668547604
52,C52-C1-353.xyz,train,C1,353,3.2177299006354043,0.04082436921428584,1.388497516899724
52,C52-C1-356.xyz,train,C1,356,3.218100103751909,0.04114821115528832,1.3886325673125377
52,C52-C1-357.xyz,train,C1,357,3.215944032209038,0.03635496857463789,1.3887387060027998
52,C52-C1-358.xyz,train,C1,358,3.217549998565358,0.04071114910871765,1.388710310827442
52,C52-C1-36.xyz,val,C1,36,3.250727299309763,0.11675462786369901,1.389380463351511
52,C52-C1-360.xyz,train,C1,360,3.2149344562575872,0.03262784816943964,1.3886078065394243
52,C52-C1-361.xyz,train,C1,361,3.2122507792235098,0.025239329324759342,1.3885109676661294
52,C52-C1-364.xyz,train,C1,364,3.2108616732194752,0.021614854628476492,1.3882838923820349
52,C52-C1-365.xyz,train,C1,365,3.2114185835739124,0.023564629685726174,1.3884761214559396
52,C52-C1-366.xyz,train,C1,366,3.2128294156466857,0.02957541212754448,1.388688119657438
52,C52-C1-367.xyz,train,C1,367,3.212358964598538,0.02829735843752071,1.3885398065617114
52,C52-C1-369.xyz,train,C1,369,3.215506286923061,0.035665604797710894,1.3885205114560542
52,C52-C1-37.xyz,val,C1,37,3.244345373386705,0.10023194425038387,1.3890485710843279
52,C52-C1-370.xyz,test,C1,370,3.2172020570595263,0.03860978318010012,1.3886985972716515
52,C52-C1-371.xyz,train,C1,371,3.206427869015623,0.011909615713394732,1.3885107256587883
52,C52-C1-373.xyz,train,C1,373,3.2081792149717137,0.01668277503168983,1.3885459127371087
52,C52-C1-374.xyz,val,C1,374,3.2108699801214917,0.022502502497175066,1.3885312797025964
52,C52-C1-377.xyz,train,C1,377,3.2062506678038165,0.012614993438502213,1.3886177672432682
52,C52-C1-379.xyz,train,C1,379,3.205441768207837,0.009965930653097355,1.3886453870577486
52,C52-C1-382.xyz,train,C1,382,3.2125305193534213,0.025925629457579896,1.3886430644336214
52,C52-C1-384.xyz,train,C1,384,3.207262704821374,0.013987580859833674,1.3886477827861063
52,C52-C1-387.xyz,train,C1,387,3.222671560054457,0.05048450991556099,1.3887223603914032
52,C52-C1-39.xyz,train,C1,39,3.2444149852618063,0.10171973669844137,1.3891800523524063
52,C52-C1-396.xyz,train,C1,396,3.211388769033676,0.024445830238550823,1.3886398101884514
52,C52-C1-398.xyz,val,C1,398,3.2108695011967328,0.026005245361848336,1.3888850346821204
52,C52-C1-4.xyz,train,C1,4,3.302264352597956,0.2089583175714123,1.389849937822084
52,C52-C1-401.xyz,train,C1,401,3.2079801864715116,0.01830763031002746,1.3888607000884907
52,C52-C1-402.xyz,train,C1,402,3.2077089540156156,0.016360101022271,1.3888057214554959
52,C52-C1-403.xyz,val,C1,403,3.209882285416983,0.020757493854436593,1.3887314712615715
52,C52-C1-404.xyz,train,C1,404,3.2086222032682916,0.01853551049908825,1.3887611717942727
52,C52-C1-405.xyz,test,C1,405,3.208573941298013,0.01811410309940722,1.388748701259128
52,C52-C1-406.xyz,train,C1,406,3.2097513612744795,0.02124715196373071,1.3885687595228486
52,C52-C1-407.xyz,val,C1,407,3.2076731371368057,0.014338238648931282,1.388665977783618
52,C52-C1-408.xyz,train,C1,408,3.2079484648934464,0.01600831731861689,1.388681333680352
52,C52-C1-409.xyz,train,C1,409,3.2058904226582694,0.00865721297899934,1.3884161970464635
52,C52-C1-41.xyz,train,C1,41,3.2378044160248582,0.08518168128452848,1.3891232422657045
52,C52-C1-412.xyz,train,C1,412,3.2077732825611274,0.01576476815758229,1.3884691533859483
52,C52-C1-414.xyz,train,C1,414,3.207906076107064,0.016609395036191233,1.3885015587395724
52,C52-C1-415.xyz,val,C1,415,3.2108431371122212,0.0237582828374427,1.3885892647989497
52,C52-C1-416.xyz,train,C1,416,3.207527949595373,0.016377275525302094,1.3887457936847487
52,C52-C1-418.xyz,train,C1,418,3.2075160663309816,0.016070416884038617,1.3887389139081667
52,C52-C1-42.xyz,train,C1,42,3.245793339694491,0.10133589387489382,1.3890013131059205
52,C52-C1-423.xyz,train,C1,423,3.2058593181549204,0.011848534396154844,1.3886957042834764
52,C52-C1-424.xyz,train,C1,424,3.2046772869196007,0.007472794985266211,1.3887765303483766
52,C52-C1-426.xyz,train,C1,426,3.2074416688668803,0.015078814393059546,1.3887397834342725
52,C52-C1-429.xyz,train,C1,429,3.20395114900677,0.006584715811582714,1.388646033857487
52,C52-C1-430.xyz,val,C1,430,3.204257504562311,0.0061767364554368345,1.3885371053796571
52,C52-C1-436.xyz,train,C1,436,3.2025664364781004,0.003820741695901427,1.3888143487478415
52,C52-C1-45.xyz,train,C1,45,3.2383636244061185,0.09709105277475819,1.390015354691753
52,C52-C1-46.xyz,train,C1,46,3.248201202532069,0.11122076449107059,1.389338386897951
52,C52-C1-47.xyz,train,C1,47,3.2425557508354697,0.09652242558558598,1.388971182024582
52,C52-C1-48.xyz,train,C1,48,3.2425961364571405,0.09680819636203851,1.3892401252396602
52,C52-C1-49.xyz,val,C1,49,3.239783922834663,0.09244562723465045,1.389156770763394
52,C52-C1-51.xyz,train,C1,51,3.2366267868188072,0.08473832511817118,1.3889335502798505
52,C52-C1-52.xyz,train,C1,52,3.235486946063436,0.08372649579730011,1.389067531702512
52,C52-C1-53.xyz,train,C1,53,3.2408725429638685,0.0958545117691491,1.3892001360235522
52,C52-C1-54.xyz,train,C1,54,3.2409453337324097,0.097223999618597,1.3892141981704529
52,C52-C1-55.xyz,test,C1,55,3.243639718120848,0.10564373012833153,1.3893577782544602
52,C52-C1-56.xyz,train,C1,56,3.231853379768377,0.07396315652673527,1.388985259788109
52,C52-C1-57.xyz,train,C1,57,3.232420919963891,0.0747010582574562,1.3889814468642048
52,C52-C1-59.xyz,test,C1,59,3.234581962588556,0.09104426526838084,1.389535614246168
52,C52-C1-60.xyz,train,C1,60,3.232795826271241,0.08127345132905148,1.3893236126133888
52,C52-C1-61.xyz,train,C1,61,3.2365306662947306,0.09013674106414421,1.389536000958594
52,C52-C1-62.xyz,test,C1,62,3.231721982019697,0.07777295138838572,1.3892814080719986
52,C52-C1-63.xyz,test,C1,63,3.2317788292447167,0.07644908912951663,1.388908784734499
52,C52-C1-64.xyz,val,C1,64,3.2364747563273655,0.09249150209507458,1.3893305248973273
52,C52-C1-65.xyz,train,C1,65,3.2303603568908175,0.07177007965973434,1.3891410052186401
52,C52-C1-68.xyz,train,C1,68,3.2262715541168347,0.06473011612958583,1.3890433854850748
52,C52-C1-69.xyz,train,C1,69,3.225129147629467,0.060194076227080874,1.3889874410839305
52,C52-C1-7.xyz,train,C1,7,3.2706245509550227,0.15274589190609733,1.3896579894246557
52,C52-C1-70.xyz,train,C1,70,3.223954364096099,0.054479818595984206,1.3887228711824164
52,C52-C1-71.xyz,train,C1,71,3.2287993499549965,0.06667551321154463,1.3889753007076135
52,C52-C1-72.xyz,test,C1,72,3.2233194417126465,0.05338101825709773,1.3888880863401658
52,C52-C1-73.xyz,test,C1,73,3.219405774692522,0.04291962480229353,1.3885288944963297
52,C52-C1-74.xyz,train,C1,74,3.2181161044250794,0.04115681939479475,1.3886584350333597
52,C52-C1-75.xyz,train,C1,75,3.218833366566535,0.0436626665622504,1.3886764106299598
52,C52-C1-76.xyz,train,C1,76,3.220550161300343,0.05287944673303163,1.389036952608675
52,C52-C1-77.xyz,train,C1,77,3.22254468233875,0.06045317341786804,1.3894703325866085
52,C52-C1-78.xyz,train,C1,78,3.21631992922129,0.03633074889693043,1.3887512326799958
52,C52-C1-79.xyz,train,C1,79,3.2308338406449204,0.07140349850335292,1.3890072035483
52,C52-C1-8.xyz,val,C1,8,3.266554678750512,0.14486166804957462,1.3894643161822897
52,C52-C1-80.xyz,train,C1,80,3.2253825856901974,0.06056504464065751,1.388876183607297
52,C52-C1-81.xyz,train,C1,81,3.226653843985519,0.061050675427508576,1.3888413859671824
52,C52-C1-85.xyz,test,C1,85,3.2415187939729417,0.09723486992310103,1.389280663014601
52,C52-C1-86.xyz,val,C1,86,3.2325708395821304,0.07624161101470986,1.3890604474894543
52,C52-C1-87.xyz,train,C1,87,3.2331958875223297,0.07463408432949789,1.3889005666560297
52,C52-C1-89.xyz,train,C1,89,3.2262241395482674,0.06169669437971491,1.3891004539480192
52,C52-C1-9.xyz,train,C1,9,3.265727522520048,0.14065614960150752,1.389469588370829
52,C52-C1-90.xyz,train,C1,90,3.2335353949930288,0.07878553163646564,1.38894005249465
52,C52-C1-91.xyz,train,C1,91,3.2345888138467975,0.07901168520899172,1.388878548405083
52,C52-C1-93.xyz,train,C1,93,3.2230851957396385,0.051280761321246565,1.3885048727231022
52,C52-C1-96.xyz,train,C1,96,3.2264099817393723,0.062251233663398985,1.3889489291543382
52,C52-C1-97.xyz,train,C1,97,3.2253773223959765,0.05871593332012568,1.3889907738253653
52,C52-C1-98.xyz,train,C1,98,3.2217076128765476,0.0500546457320009,1.3888337088607423
52,C52-C2-1.xyz,train,C2,1,3.3520959796017484,0.27973961669888175,1.3906859475536828
52,C52-C2-105.xyz,train,C2,105,3.2300280916545243,0.0696213916293684,1.3892388091987284
52,C52-C2-106.xyz,test,C2,106,3.22350650048356,0.05382210006972685,1.3890479099617603
52,C52-C2-107.xyz,train,C2,107,3.212443630356268,0.026372725818923075,1.3885093643338124
52,C52-C2-108.xyz,train,C2,108,3.220384113154851,0.045861947488856934,1.3890904865793356
52,C52-C2-110.xyz,train,C2,110,3.2543853406318854,0.12487669797746082,1.389533810959569
52,C52-C2-114.xyz,train,C2,114,3.26958770768995,0.14987322334550976,1.389285487543884
52,C52-C2-116.xyz,train,C2,116,3.2778527300365274,0.1645579519886231,1.389691681007173
52,C52-C2-125.xyz,train,C2,125,3.241884075224002,0.09453526988921156,1.3892573126690035
52,C52-C2-127.xyz,train,C2,127,3.259413820957727,0.13139501239588897,1.3893325017161835
52,C52-C2-129.xyz,train,C2,129,3.2444772639459427,0.10497113244824964,1.3892926878860412
52,C52-C2-138.xyz,train,C2,138,3.2306533872008263,0.07710589020082906,1.3891501899950747
52,C52-C2-15.xyz,test,C2,15,3.2938146199417306,0.18972113320228615,1.389947367226061
52,C52-C2-152.xyz,train,C2,152,3.222269516265127,0.05486828020028567,1.3890775705094045
52,C52-C2-162.xyz,val,C2,162,3.228241722749061,0.0693728253954103,1.3888873250172813
52,C52-C2-171.xyz,train,C2,171,3.2265733410903263,0.06216659535029927,1.389092071815861
52,C52-C2-180.xyz,train,C2,180,3.2401090193914066,0.09133316470426035,1.3887469040196758
52,C52-C2-191.xyz,train,C2,191,3.2441395376173547,0.10049441728555979,1.3885985614883065
52,C52-C2-197.xyz,train,C2,197,3.2316195077884116,0.07150082594898494,1.3887846036941285
52,C52-C2-206.xyz,train,C2,206,3.220476944133388,0.04832613734818808,1.3885521899351203
52,C52-C2-210.xyz,train,C2,210,3.218875986840897,0.04133590913551772,1.388462961473917
52,C52-C2-22.xyz,val,C2,22,3.261668071423431,0.13737897162275953,1.3892180406544097
52,C52-C2-239.xyz,train,C2,239,3.2216406329080765,0.051410473031576046,1.3889135932285863
52,C52-C2-244.xyz,train,C2,244,3.2143362228421255,0.030571827924952274,1.3884227098257296
52,C52-C2-248.xyz,test,C2,248,3.2118455976527325,0.026721434663769524,1.388765328966173
52,C52-C2-254.xyz,train,C2,254,3.2141458399639395,0.03415046580911011,1.3888131217591617
52,C52-C2-257.xyz,train,C2,257,3.2166613403044204,0.03829381396311059,1.3886362711071136
52,C52-C2-265.xyz,val,C2,265,3.210427124328307,0.024681952819383946,1.3887557221157958
52,C52-C2-267.xyz,train,C2,267,3.212474526561299,0.03108324675448802,1.3888575824409573
52,C52-C2-278.xyz,val,C2,278,3.206088011706546,0.011871314395153848,1.3884166007230145
52,C52-C2-283.xyz,train,C2,283,3.208128112944496,0.018050790633447587,1.3887296633427615
52,C52-C2-29.xyz,train,C2,29,3.2743472565613656,0.1624757029084508,1.3898875774823158
52,C52-C2-293.xyz,train,C2,293,3.214224340187961,0.03545209751592877,1.3889233041599702
52,C52-C2-31.xyz,train,C2,31,3.283489118779108,0.17491111751122998,1.3896439806032514
52,C52-C2-311.xyz,test,C2,311,3.214830171299478,0.034080455877794,1.3882769874297511
52,C52-C2-312.xyz,train,C2,312,3.21545612572927,0.039881723388808216,1.3887349482763567
52,C52-C2-315.xyz,train,C2,315,3.2362062143349073,0.08436726248169421,1.3889286553130793
52,C52-C2-323.xyz,train,C2,323,3.2129661644897136,0.03205483954094074,1.388636285273398
52,C52-C2-334.xyz,train,C2,334,3.220554241727343,0.04611835890593907,1.3886104856814374
52,C52-C2-335.xyz,train,C2,335,3.2131784977166764,0.02901382761672493,1.3889290967595573
52,C52-C2-336.xyz,test,C2,336,3.221732060428443,0.05259743761646353,1.3888901763927273
52,C52-C2-339.xyz,train,C2,339,3.215321358857106,0.035038893802747446,1.3887476977731088
52,C52-C2-340.xyz,train,C2,340,3.2107488950047145,0.024397724630295395,1.3886901012972652
52,C52-C2-346.xyz,train,C2,346,3.2191445462525032,0.047074442384982644,1.3889010717983334
52,C52-C2-348.xyz,test,C2,348,3.2173255697469574,0.04283925328904935,1.3884793680534755
52,C52-C2-355.xyz,train,C2,355,3.2267412612930992,0.06212855546992283,1.3886255012553765
52,C52-C2-359.xyz,train,C2,359,3.21401990726936,0.030859960185288086,1.3884547224541253
52,C52-C2-362.xyz,train,C2,362,3.2265801187962357,0.06132049045102415,1.388544860060774
52,C52-C2-363.xyz,train,C2,363,3.217058344180885,0.03780912140153153,1.3883640644098012
52,C52-C2-372.xyz,train,C2,372,3.208333792496174,0.016793390397673965,1.388590316557586
52,C52-C2-375.xyz,train,C2,375,3.2075861025729138,0.013576130216333391,1.388611586763891
52,C52-C2-376.xyz,train,C2,376,3.2058628349933587,0.011952942556467049,1.3886708334315596
52,C52-C2-378.xyz,train,C2,378,3.206646804502038,0.013989189320355368,1.3888309041875524
52,C52-C2-380.xyz,train,C2,380,3.208621223892943,0.018578598609701867,1.3888125313419382
52,C52-C2-381.xyz,train,C2,381,3.2047425899314925,0.008136055141512269,1.3886649573662562
52,C52-C2-383.xyz,train,C2,383,3.215417040384702,0.03218738375927191,1.3885941145876604
52,C52-C2-385.xyz,test,C2,385,3.228153913130128,0.06774759894445645,1.3891733140396707
52,C52-C2-386.xyz,train,C2,386,3.224188068884129,0.05617605876163718,1.3889937270875845
52,C52-C2-388.xyz,train,C2,388,3.227972740843918,0.06802798500612343,1.3891193254044978
52,C52-C2-393.xyz,train,C2,393,3.221749410765507,0.05103337078267214,1.3888964761973386
52,C52-C2-395.xyz,train,C2,395,3.214760245145696,0.03432884651816899,1.3887768089213803
52,C52-C2-397.xyz,train,C2,397,3.2140679122527698,0.030565395293191563,1.388735290734399
52,C52-C2-399.xyz,val,C2,399,3.2103235926724554,0.02433652707213483,1.388897370727735
52,C52-C2-413.xyz,train,C2,413,3.209903130225427,0.023260952906764627,1.3885592190789562
52,C52-C2-417.xyz,train,C2,417,3.209554516680666,0.021139964157115602,1.3887845756992674
52,C52-C2-419.xyz,train,C2,419,3.2058622735422455,0.012473333656195507,1.3886409581692185
52,C52-C2-420.xyz,val,C2,420,3.2055085396775818,0.011407933846635758,1.3887068523770931
52,C52-C2-421.xyz,val,C2,421,3.206663919672405,0.015479650037442194,1.3889115624283501
52,C52-C2-422.xyz,train,C2,422,3.2055154921316134,0.011711542477834194,1.3890363168764084
52,C52-C2-427.xyz,train,C2,427,3.2065910543902043,0.010198769231499547,1.3883924948907844
52,C52-C2-434.xyz,train,C2,434,3.206371878299684,0.013113382412055617,1.3886474862962177
52,C52-C2-5.xyz,train,C2,5,3.3094882108221735,0.2217252825224218,1.3901783300182016
52,C52-C2-50.xyz,train,C2,50,3.2421408506527354,0.09706654037280439,1.3893613546878767
52,C52-C2-82.xyz,test,C2,82,3.228001008200484,0.07206757066286151,1.3891854588628718
52,C52-C2-83.xyz,test,C2,83,3.2355391730232785,0.0729197668303289,1.388112988250855
52,C52-C2-84.xyz,train,C2,84,3.221327494653404,0.04950615476117074,1.388927616713545
52,C52-C2-88.xyz,train,C2,88,3.240076852030244,0.093670003361886,1.3888736812514157
52,C52-C2-99.xyz,train,C2,99,3.23003205766678,0.07064682474469978,1.3890586800303477
52,C52-C2h-389.xyz,val,C2h,389,3.2292219154575523,0.07069563630488461,1.3891481104660452
52,C52-C2v-101.xyz,train,C2v,101,3.2288923145931587,0.06745815819299567,1.389022467413108
52,C52-C2v-242.xyz,train,C2v,242,3.2304842323536693,0.06863846084624603,1.3891063768270204
52,C52-C2v-391.xyz,train,C2v,391,3.2269567410751785,0.06543944493428937,1.3888767220098883
52,C52-C3-237.xyz,train,C3,237,3.2254302331452633,0.05455333520405259,1.3887971091362736
52,C52-C3-303.xyz,test,C3,303,3.205694217813302,0.0075970347866883255,1.388046862084694
52,C52-C3-425.xyz,test,C3,425,3.206555039662191,0.01267923911002162,1.3888002543018358
52,C52-C3v-109.xyz,train,C3v,109,3.282863671272283,0.17516840549059545,1.3897430073457475
52,C52-C3v-296.xyz,train,C3v,296,3.207961384631389,0.014697792972626505,1.388567525135058
52,C52-Cs-102.xyz,train,Cs,102,3.237264717017906,0.08653043899499799,1.3889357051820792
52,C52-Cs-120.xyz,train,Cs,120,3.2338825264893396,0.07933680177449152,1.3890556070015738
52,C52-Cs-21.xyz,train,Cs,21,3.2590829964065757,0.1292955465741869,1.3897369028399635
52,C52-Cs-221.xyz,train,Cs,221,3.210834679462065,0.022316319820261176,1.3886840751127176
52,C52-Cs-225.xyz,train,Cs,225,3.209590324557815,0.019187356158879287,1.3883197963428289
52,C52-Cs-229.xyz,train,Cs,229,3.2222052318801664,0.050160595126440284,1.3888016338635474
52,C52-Cs-241.xyz,val,Cs,241,3.2259545290033103,0.060485233756278386,1.3889834831397179
52,C52-Cs-294.xyz,train,Cs,294,3.2168195731545164,0.03933776330801734,1.3884109163417666
52,C52-Cs-3.xyz,test,Cs,3,3.302384328716239,0.20932820838536542,1.3897022715237317
52,C52-Cs-314.xyz,train,Cs,314,3.2101934781458517,0.023094306535541082,1.388490923425254
52,C52-Cs-319.xyz,train,Cs,319,3.2185174871948443,0.04486687608227123,1.388902168884946
52,C52-Cs-347.xyz,train,Cs,347,3.2209327798139693,0.05039697566535218,1.3888898284749047
52,C52-Cs-38.xyz,train,Cs,38,3.244189988776516,0.09812852375351361,1.389066214809201
52,C52-Cs-390.xyz,val,Cs,390,3.221383460156363,0.05094904453729178,1.3889632478843406
52,C52-Cs-392.xyz,test,Cs,392,3.2217732218284585,0.051187798029518256,1.38902253481486
52,C52-Cs-40.xyz,test,Cs,40,3.2434604166315113,0.10056215404037494,1.3892663161529952
52,C52-Cs-400.xyz,train,Cs,400,3.211679428026268,0.02771929077826164,1.3889461469947748
52,C52-Cs-410.xyz,train,Cs,410,3.2097517980512356,0.022270166791965314,1.3888861744762957
52,C52-Cs-411.xyz,train,Cs,411,3.206064065851296,0.011722202495245401,1.38870575790005
52,C52-Cs-43.xyz,train,Cs,43,3.238374745677682,0.087876862215263,1.3890407390900987
52,C52-Cs-44.xyz,train,Cs,44,3.2370413525944155,0.08403039922112546,1.3890313834806163
52,C52-Cs-6.xyz,val,Cs,6,3.2815763549263406,0.17616035078108142,1.3898679309762916
52,C52-Cs-66.xyz,train,Cs,66,3.2295009008949926,0.07175645759394865,1.3891743542990582
52,C52-Cs-67.xyz,train,Cs,67,3.2303207319571903,0.07226775957784319,1.3890881234047718
52,C52-Cs-92.xyz,train,Cs,92,3.226700964643887,0.061151224182900824,1.389047298235656
52,C52-Cs-95.xyz,train,Cs,95,3.236171890024392,0.08874922660589306,1.389433416933094
52,C52-D2-179.xyz,train,D2,179,3.281657516389925,0.17224898539610142,1.3893939316596349
52,C52-D2-2.xyz,train,D2,2,3.3987025190332583,0.3377644130552504,1.392469122554121
52,C52-D2-333.xyz,train,D2,333,3.216720955509018,0.04064178057471379,1.3891592155179335
52,C52-D2-354.xyz,train,D2,354,3.2235865701352773,0.05493271147070028,1.3884607849916966
52,C52-D2-368.xyz,train,D2,368,3.222236062357931,0.046302999290960906,1.387953623556508
52,C52-D2-394.xyz,train,D2,394,3.227430228068405,0.0797369001623825,1.3897562290399992
52,C52-D2-428.xyz,train,D2,428,3.2110166548139563,0.025692680243814832,1.3886879637294165
52,C52-D2-433.xyz,train,D2,433,3.20978433096319,0.020439453316767456,1.3886205044286766
52,C52-D2-58.xyz,train,D2,58,3.2393559846143436,0.11813759101766959,1.391367241899198
52,C52-D2d-178.xyz,train,D2d,178,3.280166225368478,0.168667539164963,1.3893153682967072
52,C52-D2d-313.xyz,val,D2d,313,3.2187242030371435,0.06261539268246236,1.3895545446838975
52,C52-D2d-432.xyz,train,D2d,432,3.215373905057372,0.03487264796559114,1.388832688939488
52,C52-D2d-435.xyz,train,D2d,435,3.2034258259976003,0.0021285210697773874,1.3883366031702835
52,C52-D2d-94.xyz,train,D2d,94,3.24617833727111,0.1129247849359795,1.389696077662736
52,C52-D2h-103.xyz,test,D2h,103,3.247242439600435,0.10728159008341649,1.3888039311702014
52,C52-D2h-431.xyz,train,D2h,431,3.2161986423109616,0.03764588383489555,1.3888819018431182
52,C52-T-437.xyz,test,T,437,3.2006493969946685,3.4123533809079444e-05,1.388886924581385
60,C60-Ih.xyz,train,Ih,,3.4424734493904574,1.2240144455942786e-06,1.3892370455169258
70,C70-D5h.xyz,train,D5h,,3.724830215492617,0.008828673498536749,1.3891799606382966
72,C72-D6d.xyz,train,D6d,,3.782695014564158,0.01912172726143767,1.388885915373959
74,C74-D3h.xyz,train,D3h,,3.8274992814707094,0.0011991598486062111,1.3891368549365828
76,C76-D2.xyz,train,D2,,3.8847143060804825,0.014255608226038087,1.3889921616065748
76,C76-Td.xyz,train,Td,,3.878612002857188,6.149241036652282e-06,1.3891394361528568
78,C78-C2v-2.xyz,train,C2v,2,3.9344980379514642,0.011136474365943871,1.3889205117660322
78,C78-C2v-3.xyz,train,C2v,3,3.9318349118737697,0.005143829708610386,1.3890614189389712
78,C78-D3-1.xyz,train,D3,1,3.9381601530786883,0.020103622093325873,1.3889629027940196
78,C78-D3h-4.xyz,val,D3h,4,3.938009670182216,0.019882275409528895,1.3887462315095649
78,C78-D3h-5.xyz,test,D3h,5,3.929949928085965,0.001082921027001808,1.3892004131275186
80,C80-C2v-3.xyz,train,C2v,3,3.9823266794451087,0.0052033598311842936,1.3889819125393454
80,C80-C2v-5.xyz,train,C2v,5,3.980664789359524,0.0013672505089543264,1.389102148296656
80,C80-D2-2.xyz,train,D2,2,3.988730136581478,0.019446794609538937,1.3888954384329346
80,C80-D3-4.xyz,val,D3,4,3.985252959613793,0.011475186952152338,1.388956514900325
80,C80-D5d-1.xyz,test,D5d,1,3.9959472206214586,0.035327290878368806,1.3890233264425398
80,C80-D5h-6.xyz,train,D5h,6,3.9797509737002903,8.694684541610305e-06,1.3892662970236345
82,C82-C2-1.xyz,test,C2,1,4.035934804959685,0.013742830306770261,1.3888965806510543
82,C82-C2-3.xyz,train,C2,3,4.032916101537236,0.006737141243728747,1.3889231801731619
82,C82-C2-5.xyz,train,C2,5,4.030652295414915,0.0018417626039770214,1.389009648215871
82,C82-C2v-9.xyz,train,C2v,9,4.02989489405047,0.000932143161605725,1.3891790420139238
82,C82-C3v-7.xyz,val,C3v,7,4.030610100628755,0.0010654246474688512,1.3888757435941834
82,C82-C3v-8.xyz,train,C3v,8,4.030177884278187,0.0010675195709151997,1.3891210817468187
82,C82-Cs-2.xyz,train,Cs,2,4.034553530183917,0.010281723198752445,1.3888357680848673
82,C82-Cs-4.xyz,train,Cs,4,4.031956331903096,0.004906561866471285,1.38896783232685
82,C82-Cs-6.xyz,train,Cs,6,4.030175120966338,0.001032733251417423,1.389093326720659
84,C84-C1-12.xyz,train,C1,12,4.079792924644535,0.0021635492352710117,1.3889810610975502
84,C84-C2-11.xyz,train,C2,11,4.079784968181129,0.001994389534282723,1.3889202628648678
84,C84-C2-13.xyz,train,C2,13,4.079695757179678,0.0014691050325721532,1.3889293667142029
84,C84-C2-2.xyz,train,C2,2,4.090572424849939,0.02463907709866957,1.3887650695627005
84,C84-C2-8.xyz,train,C2,8,4.080683410315614,0.0038569557072374925,1.3889240705707722
84,C84-C2-9.xyz,train,C2,9,4.080506844967612,0.003969844624946591,1.388953331142459
84,C84-C2v-17.xyz,train,C2v,17,4.080122206057433,0.002847292221542203,1.3888753393079134
84,C84-C2v-18.xyz,train,C2v,18,4.079596949944567,0.0012247657287407924,1.3887954755649843
84,C84-C2v-6.xyz,test,C2v,6,4.080807548496649,0.003368628402888049,1.388798787100163
84,C84-C2v-7.xyz,train,C2v,7,4.081209229075477,0.0050513112356813175,1.3889616491813617
84,C84-Cs-10.xyz,test,Cs,10,4.080143240423432,0.002867383029972357,1.3889914303432205
84,C84-Cs-14.xyz,train,Cs,14,4.079841055001428,0.001255528335483337,1.3887755636388286
84,C84-Cs-15.xyz,train,Cs,15,4.079582984542845,0.0014749268359263424,1.3889760580238426
84,C84-Cs-16.xyz,train,Cs,16,4.0798064160727545,0.002592690986003252,1.3889397018820286
84,C84-Cs-3.xyz,train,Cs,3,4.082518071009333,0.008308067188453956,1.3889058774440575
84,C84-D2-1.xyz,train,D2,1,4.095315453822306,0.03378747032652379,1.3885800092774134
84,C84-D2-21.xyz,train,D2,21,4.07993721292563,0.002763305102691632,1.3890499173865334
84,C84-D2-22.xyz,val,D2,22,4.0791772880965835,0.0013093324968536432,1.3890519210487666
84,C84-D2-5.xyz,train,D2,5,4.086261750004834,0.01593845557304362,1.3889608325982092
84,C84-D2d-23.xyz,train,D2d,23,4.078699200408382,1.7797059669851077e-05,1.3890442928423117
84,C84-D2d-4.xyz,train,D2d,4,4.084721232701346,0.014385399126695477,1.3889091772459585
84,C84-D3d-19.xyz,val,D3d,19,4.080638701596341,0.004470739822609482,1.3889646225403771
84,C84-D6h-24.xyz,train,D6h,24,4.080091809011376,0.0033957554859116073,1.3889473386913265
84,C84-Td-20.xyz,train,Td,20,4.07959746369019,2.4244632934537576e-06,1.3885439150850796
86,C86-C1-1.xyz,train,C1,1,4.136879390102094,0.020538768397333422,1.3888077090942816
86,C86-C1-11.xyz,train,C1,11,4.129099743125736,0.0034839962331579296,1.388876662033711
86,C86-C1-12.xyz,train,C1,12,4.129084706887872,0.0032748549168042573,1.3888560309484606
86,C86-C1-13.xyz,train,C1,13,4.129362442287002,0.004616895140253478,1.388957166765173
86,C86-C1-5.xyz,val,C1,5,4.13174799342107,0.009246354271910147,1.3888690549242237
86,C86-C1-7.xyz,train,C1,7,4.130559786816142,0.006522187548983576,1.3888740553410097
86,C86-C2-14.xyz,train,C2,14,4.129912471907285,0.0052074761957476385,1.3888838315024223
86,C86-C2-17.xyz,train,C2,17,4.128582673403698,0.0023517759269496724,1.3888560830169938
86,C86-C2-2.xyz,train,C2,2,4.140263579572673,0.028555580300537058,1.3887339145413538
86,C86-C2-3.xyz,train,C2,3,4.1388034753571326,0.024686220254886957,1.3889021092928835
86,C86-C2-4.xyz,train,C2,4,4.133612558795083,0.013724721522059518,1.3888654572925414
86,C86-C2-6.xyz,train,C2,6,4.133998574594305,0.014139594494673176,1.3888686906882244
86,C86-C2v-10.xyz,train,C2v,10,4.129650874048277,0.0053867082691706585,1.3888274905748323
86,C86-C2v-9.xyz,train,C2v,9,4.131794870612875,0.009091623739433344,1.389026884452096
86,C86-C3-18.xyz,test,C3,18,4.128400193845848,0.0012657660673270142,1.3888090078889568
86,C86-Cs-15.xyz,test,Cs,15,4.129397040121521,0.004143618689162248,1.3889655342753484
86,C86-Cs-16.xyz,train,Cs,16,4.1287293998983925,0.0024301115188338288,1.3887348361266019
86,C86-Cs-8.xyz,train,Cs,8,4.13174910203731,0.008974331731568298,1.3889624015114235
86,C86-D3-19.xyz,val,D3,19,4.129669568452718,0.005174005820504017,1.3890349313720547
90,C90-C1-11.xyz,train,C1,11,4.229461266195741,0.01395128281905596,1.3887499537525754
90,C90-C1-14.xyz,train,C1,14,4.2295762910892405,0.013258732117708278,1.3886074214181838
90,C90-C1-15.xyz,train,C1,15,4.228500024186538,0.011093680953372532,1.3886105254997938
90,C90-C1-20.xyz,train,C1,20,4.227127142067941,0.009064531888302352,1.3888291574148268
90,C90-C1-21.xyz,train,C1,21,4.227433064886618,0.009357624160604119,1.3889221227890785
90,C90-C1-22.xyz,val,C1,22,4.227524430797977,0.00977373415281519,1.3888472328841999
90,C90-C1-24.xyz,train,C1,24,4.229415476122207,0.01295704961961477,1.388719561688394
90,C90-C1-26.xyz,train,C1,26,4.22772945234889,0.009879294539390506,1.388816951146821
90,C90-C1-27.xyz,train,C1,27,4.227200612825178,0.008299315467516019,1.3886684123014807
90,C90-C1-29.xyz,train,C1,29,4.228672462766427,0.01167688091977262,1.3887174624591554
90,C90-C1-3.xyz,train,C1,3,4.236264871100108,0.027595109865922743,1.388649023806931
90,C90-C1-30.xyz,train,C1,30,4.226082079671962,0.006377130778640493,1.3888272411505485
90,C90-C1-32.xyz,train,C1,32,4.226838930033515,0.008049486240513326,1.3888149620546386
90,C90-C1-38.xyz,train,C1,38,4.22765723377795,0.0100569564310789,1.3888495053719734
90,C90-C1-7.xyz,train,C1,7,4.229961212826833,0.015690086069991546,1.388790533054683
90,C90-C1-9.xyz,train,C1,9,4.228537740441953,0.012806256155860526,1.3888661148777404
90,C90-C2-12.xyz,train,C2,12,4.230518167194095,0.015863328820375187,1.388738547034389
90,C90-C2-18.xyz,train,C2,18,4.2277531346084505,0.009964577228166484,1.3887519455116772
90,C90-C2-19.xyz,train,C2,19,4.228168618077325,0.011334450250018386,1.388865746521279
90,C90-C2-23.xyz,train,C2,23,4.227759479543029,0.010503194332169638,1.3888689368696288
90,C90-C2-28.xyz,train,C2,28,4.227755084407331,0.0101818669009031,1.388855362987737
90,C90-C2-31.xyz,train,C2,31,4.22954786504352,0.013596430243680548,1.3887134918081172
90,C90-C2-37.xyz,train,C2,37,4.227319672521078,0.008800779233561706,1.3887043035593811
90,C90-C2-4.xyz,train,C2,4,4.240306812739544,0.03772638098725189,1.3888781791587694
90,C90-C2-40.xyz,train,C2,40,4.225378075034131,0.005311461835282046,1.3889462803705268
90,C90-C2-41.xyz,test,C2,41,4.225077996167811,0.004791421281676804,1.388974572329829
90,C90-C2-42.xyz,val,C2,42,4.225586574271273,0.00591576970709773,1.3889595918877404
90,C90-C2-43.xyz,train,C2,43,4.224975986965944,0.0042524866555112536,1.3889559193931889
90,C90-C2-44.xyz,train,C2,44,4.22716752972586,0.008736003379808848,1.3889673129304803
90,C90-C2-45.xyz,train,C2,45,4.224915370767873,0.004268552651818084,1.3889316229105302
90,C90-C2-6.xyz,test,C2,6,4.232311199653307,0.021079294797872593,1.388836086061391
90,C90-C2-8.xyz,train,C2,8,4.233383222624529,0.02197294893004231,1.3888081750589694
90,C90-C2v-13.xyz,test,C2v,13,4.233164222604866,0.021019178255461176,1.388673239032695
90,C90-C2v-16.xyz,train,C2v,16,4.229268088130042,0.01291706177918136,1.3884290182433312
90,C90-C2v-2.xyz,train,C2v,2,4.238635900444781,0.033596157321051104,1.3885463075185112
90,C90-C2v-25.xyz,val,C2v,25,4.230687734431537,0.01507023724966416,1.3887149904826381
90,C90-C2v-36.xyz,val,C2v,36,4.229529769848036,0.014040821547523197,1.3888702168878921
90,C90-C2v-39.xyz,train,C2v,39,4.22749794443391,0.009377872395591702,1.388611851692293
90,C90-C2v-46.xyz,train,C2v,46,4.224968337600356,0.004336766508566306,1.3888767856081627
90,C90-Cs-10.xyz,train,Cs,10,4.228015103215816,0.011509617861873217,1.3889273436138916
90,C90-Cs-17.xyz,test,Cs,17,4.230235087457739,0.014955964351280765,1.388669662683806
90,C90-Cs-33.xyz,test,Cs,33,4.229698743277205,0.01369661364734128,1.3886586078515093
90,C90-Cs-34.xyz,train,Cs,34,4.226866974440587,0.007863263670635922,1.3886302582726293
90,C90-Cs-35.xyz,train,Cs,35,4.227006370143632,0.008252649060923106,1.3888845759806734
90,C90-Cs-5.xyz,train,Cs,5,4.234220954310288,0.023171891948871835,1.3887383552567576
90,C90-D5h-1.xyz,val,D5h,1,4.260064350802104,0.0752898116952364,1.3890114598839618
92,C92-C1-10.xyz,train,C1,10,4.275809656365589,0.013250372658667079,1.3888942928917807
92,C92-C1-11.xyz,train,C1,11,4.275382148575478,0.012394271062838672,1.3888395871620944
92,C92-C1-12.xyz,train,C1,12,4.275816786055218,0.013338795036254686,1.3888136169318248
92,C92-C1-13.xyz,train,C1,13,4.276866344982316,0.015585480985125478,1.3887333990117912
92,C92-C1-18.xyz,train,C1,18,4.278596022629915,0.01814584059716988,1.3887295839156513
92,C92-C1-2.xyz,train,C1,2,4.28545507720495,0.03403494080876325,1.3887809646544151
92,C92-C1-20.xyz,val,C1,20,4.279798493385342,0.020973620045800622,1.3886609048285208
92,C92-C1-30.xyz,train,C1,30,4.276630656575524,0.014457007064434644,1.3887497488826042
92,C92-C1-32.xyz,train,C1,32,4.27555446522227,0.011722559685746644,1.388880327858791
92,C92-C1-33.xyz,train,C1,33,4.276133409226963,0.013273964959539242,1.388748801931428
92,C92-C1-37.xyz,train,C1,37,4.275473079220587,0.011729909853136636,1.3886375021661657
92,C92-C1-38.xyz,train,C1,38,4.2737373779781045,0.008568600394552922,1.3888578895263917
92,C92-C1-39.xyz,train,C1,39,4.276372657614899,0.013666021333766019,1.388734396357655
92,C92-C1-40.xyz,train,C1,40,4.275216944249371,0.011220940183656991,1.3887479139076122
92,C92-C1-42.xyz,test,C1,42,4.272829555669779,0.006107728262193031,1.3888513158811193
92,C92-C1-43.xyz,train,C1,43,4.273521087512821,0.007827774360346079,1.3888374672794412
92,C92-C1-44.xyz,train,C1,44,4.273397663906531,0.0075178377131951855,1.3888585295897413
92,C92-C1-47.xyz,train,C1,47,4.275951993949346,0.012357906455674932,1.3887859392342072
92,C92-C1-50.xyz,test,C1,50,4.274397861863426,0.00989332935755801,1.3887740215482343
92,C92-C1-52.xyz,train,C1,52,4.275210268363458,0.011049585952215361,1.3887726725781262
92,C92-C1-53.xyz,train,C1,53,4.273127613357117,0.006830842993564565,1.388768020212757
92,C92-C1-54.xyz,train,C1,54,4.273325281856847,0.007326603569788331,1.3887662946689026
92,C92-C1-55.xyz,train,C1,55,4.27365284863775,0.008216387991775638,1.388787761258467
92,C92-C1-56.xyz,train,C1,56,4.275740841385749,0.012419706591005556,1.3887999171738465
92,C92-C1-57.xyz,train,C1,57,4.2733446141228,0.007319049301234311,1.388776253250964
92,C92-C1-58.xyz,train,C1,58,4.272774267769011,0.0058391989753959865,1.3887499019026466
92,C92-C1-59.xyz,train,C1,59,4.272464387384134,0.005683963183270684,1.3888933929903502
92,C92-C1-60.xyz,test,C1,60,4.272487998983719,0.005572668107199281,1.3888614090819285
92,C92-C1-62.xyz,train,C1,62,4.271342270368541,0.0035537681644922823,1.3888632047237814
92,C92-C1-63.xyz,test,C1,63,4.272315460625294,0.005240990956314744,1.3888486880328803
92,C92-C1-66.xyz,train,C1,66,4.272700401896105,0.006019355435971145,1.3888887941137127
92,C92-C1-67.xyz,train,C1,67,4.271296415646716,0.002960459483640918,1.3888713509574244
92,C92-C1-68.xyz,val,C1,68,4.270663243545006,0.001696472042013254,1.388841771537411
92,C92-C1-70.xyz,train,C1,70,4.2718851701032206,0.004327367065822197,1.3888611411462035
92,C92-C1-72.xyz,train,C1,72,4.270461689723247,0.0015341430255479756,1.3887961808171827
92,C92-C1-73.xyz,val,C1,73,4.270973155308128,0.0025687820357729336,1.388816744743558
92,C92-C1-76.xyz,train,C1,76,4.273568401288771,0.007778677218017726,1.3888818921053752
92,C92-C1-8.xyz,train,C1,8,4.277682597287047,0.017199392641337765,1.3887656621741182
92,C92-C2-17.xyz,val,C2,17,4.282215904185818,0.025252211262430272,1.3886471177405952
92,C92-C2-19.xyz,val,C2,19,4.278774361236816,0.018725047236140952,1.3887370338845109
92,C92-C2-23.xyz,test,C2,23,4.277899953339361,0.017286071500652835,1.3887797541929259
92,C92-C2-25.xyz,val,C2,25,4.281277563497172,0.02288251359226338,1.3886923923542764
92,C92-C2-26.xyz,train,C2,26,4.274835906435187,0.010799001627605512,1.3887551827359472
92,C92-C2-27.xyz,train,C2,27,4.277563912930235,0.01660829743783267,1.3888152616754124
92,C92-C2-3.xyz,train,C2,3,4.290419062048359,0.04380615744637533,1.3886184911220711
92,C92-C2-31.xyz,val,C2,31,4.275876216509256,0.01231159487593033,1.3888238945761022
92,C92-C2-34.xyz,train,C2,34,4.275768658601528,0.012943178160770325,1.3888647508971796
92,C92-C2-36.xyz,train,C2,36,4.275069345542942,0.010396510971768962,1.3888657084579117
92,C92-C2-4.xyz,train,C2,4,4.287179275298259,0.03706657502429258,1.3888110249540215
92,C92-C2-46.xyz,test,C2,46,4.275588974317642,0.01223868864605922,1.3888184973413342
92,C92-C2-48.xyz,train,C2,48,4.275082238987122,0.010504311656040415,1.388676360481882
92,C92-C2-49.xyz,train,C2,49,4.276108173021988,0.013443587102412561,1.3886892570626752
92,C92-C2-51.xyz,train,C2,51,4.276498383104269,0.0143214413907239,1.3886959557747902
92,C92-C2-61.xyz,train,C2,61,4.2713188854602,0.003226757284767312,1.3888380534440858
92,C92-C2-64.xyz,train,C2,64,4.271886687602147,0.0042447079300408025,1.388864163362904
92,C92-C2-65.xyz,train,C2,65,4.274686818392258,0.010269408503613976,1.3889272208293508
92,C92-C2-69.xyz,train,C2,69,4.270992504665436,0.002470517790654261,1.3888420797024361
92,C92-C2-7.xyz,train,C2,7,4.279006439015764,0.02041715637534287,1.3886926913315978
92,C92-C2-74.xyz,train,C2,74,4.271591335882283,0.003603273047493576,1.3888339790481103
92,C92-C2-75.xyz,train,C2,75,4.270312651466576,0.001037248309768347,1.3888012464779405
92,C92-C2-77.xyz,train,C2,77,4.273548479361696,0.007736402894490978,1.3888951333189123
92,C92-C2-79.xyz,train,C2,79,4.273002545536839,0.006843024456355534,1.388862137019867
92,C92-C2-80.xyz,train,C2,80,4.271594078853646,0.0037096361905776544,1.3888329282340517
92,C92-C2-9.xyz,train,C2,9,4.281226481578295,0.02517599365910329,1.3889053611179152
92,C92-C2v-22.xyz,train,C2v,22,4.283432877346349,0.02633661458227432,1.3884884064649075
92,C92-C2v-35.xyz,train,C2v,35,4.279184364758171,0.01877566174944367,1.388734550980344
92,C92-C3-41.xyz,test,C3,41,4.27494058977371,0.010771716086666388,1.3887587043012635
92,C92-Cs-14.xyz,val,Cs,14,4.277365057165352,0.016975157160672712,1.3887651613707213
92,C92-Cs-15.xyz,test,Cs,15,4.274356805085992,0.009804167113584011,1.3888938517275151
92,C92-Cs-16.xyz,train,Cs,16,4.2774525521884685,0.01674726816392348,1.3889709718218997
92,C92-Cs-21.xyz,train,Cs,21,4.280702502153257,0.021387870511285975,1.3885220772416522
92,C92-Cs-24.xyz,train,Cs,24,4.274559317348858,0.009888754943687385,1.3888313550060374
92,C92-Cs-45.xyz,train,Cs,45,4.277274383744843,0.014935880805651135,1.3887130769247207
92,C92-Cs-5.xyz,train,Cs,5,4.285275746877962,0.03415064317055068,1.3888343298058938
92,C92-Cs-6.xyz,train,Cs,6,4.283034689778726,0.028161306269148607,1.388794769645488
92,C92-D2-1.xyz,train,D2,1,4.297131193125472,0.05631140643745619,1.3887107928833748
92,C92-D2-81.xyz,train,D2,81,4.270670676500072,0.0026031430761367445,1.3888001941076356
92,C92-D2-82.xyz,train,D2,82,4.270569832052097,0.0020367097345018468,1.3887890297371495
92,C92-D2-84.xyz,test,D2,84,4.272546841320151,0.006336897983810177,1.3888876465989153
92,C92-D2h-29.xyz,train,D2h,29,4.284902181057542,0.029974466597164504,1.3886612993694272
92,C92-D3-28.xyz,val,D3,28,4.275214716968349,0.011447658427912831,1.3887862178353922
92,C92-D3-71.xyz,train,D3,71,4.270261257040759,0.0013467260854862155,1.3888077576665414
92,C92-D3-78.xyz,train,D3,78,4.274736844177943,0.010349488035050746,1.3888629680929714
92,C92-D3-83.xyz,train,D3,83,4.270372114057774,0.0013410118575851557,1.388817528502758
92,C92-D3-85.xyz,train,D3,85,4.272011239711827,0.004262820341089227,1.3888972904383328
92,C92-T-86.xyz,train,T,86,4.269992593404842,1.0695094337016386e-06,1.3888259418325102
94,C94-C1-10.xyz,train,C1,10,4.323698972930364,0.016272377265745732,1.3886748745786819
94,C94-C1-100.xyz,train,C1,100,4.320251853904062,0.007848043393836966,1.3886998350272195
94,C94-C1-101.xyz,test,C1,101,4.317688580645138,0.0028094093232027355,1.3887645598094953
94,C94-C1-102.xyz,train,C1,102,4.3181666254472955,0.0037961369818649425,1.3887858976795027
94,C94-C1-103.xyz,train,C1,103,4.318790947224995,0.005171961743852434,1.3887161756142108
94,C94-C1-104.xyz,train,C1,104,4.3198095841712565,0.006964964126824864,1.3887155585410147
94,C94-C1-105.xyz,val,C1,105,4.319958517306153,0.007690003388565401,1.3887062145737872
94,C94-C1-106.xyz,train,C1,106,4.320580655206482,0.008747241448487406,1.388601722831606
94,C94-C1-11.xyz,train,C1,11,4.324211165129913,0.017423999104803526,1.3888207022736645
94,C94-C1-111.xyz,train,C1,111,4.319049247394656,0.0056217621745576546,1.3887248615629226
94,C94-C1-112.xyz,train,C1,112,4.319575600585619,0.007127689449737905,1.388821822949059
94,C94-C1-113.xyz,train,C1,113,4.320219753969878,0.008504741298383018,1.388670024134549
94,C94-C1-115.xyz,train,C1,115,4.31867134281574,0.005193757379446515,1.3888393600029558
94,C94-C1-116.xyz,test,C1,116,4.31953457397533,0.006896143597158215,1.388785152975092
94,C94-C1-118.xyz,train,C1,118,4.318284177864751,0.004162904757387213,1.388854511088956
94,C94-C1-119.xyz,train,C1,119,4.3189882815595215,0.005549871736153275,1.3888369927867015
94,C94-C1-12.xyz,test,C1,12,4.324195964970845,0.017996661101274004,1.388844381198251
94,C94-C1-122.xyz,train,C1,122,4.318509274924055,0.004798578166722171,1.3888552776483802
94,C94-C1-123.xyz,train,C1,123,4.318609474516371,0.004902400203031591,1.3887988593080443
94,C94-C1-125.xyz,train,C1,125,4.317678899994279,0.00277851398129565,1.3888348608447052
94,C94-C1-127.xyz,train,C1,127,4.320097691268661,0.008285847046825449,1.388789445802327
94,C94-C1-128.xyz,train,C1,128,4.318774668505672,0.005546053021302711,1.3888512351669695
94,C94-C1-129.xyz,train,C1,129,4.319072738296779,0.006179911274724389,1.3888505318621227
94,C94-C1-131.xyz,train,C1,131,4.319285848096931,0.006470148122910692,1.3888055070528502
94,C94-C1-132.xyz,train,C1,132,4.318295801138306,0.004215190344984571,1.388870830715656
94,C94-C1-15.xyz,train,C1,15,4.322205744627794,0.013120616381917014,1.388816246534216
94,C94-C1-16.xyz,train,C1,16,4.322415432583852,0.013909592724491883,1.3888111467507853
94,C94-C1-19.xyz,train,C1,19,4.325973561925014,0.020893991388384745,1.3888134324251475
94,C94-C1-2.xyz,train,C1,2,4.334356217200889,0.03750258475806342,1.3886461214118813
94,C94-C1-21.xyz,train,C1,21,4.325547098460685,0.020470392343216723,1.3888012408012462
94,C94-C1-25.xyz,val,C1,25,4.326068483871333,0.019870684673838446,1.3886102524948076
94,C94-C1-27.xyz,val,C1,27,4.325982360752649,0.01954660972015304,1.388594558513998
94,C94-C1-28.xyz,train,C1,28,4.32703079052013,0.021397977721746866,1.3885591025986355
94,C94-C1-29.xyz,train,C1,29,4.325713127441666,0.019026308460529603,1.3887228515838088
94,C94-C1-30.xyz,train,C1,30,4.327999573779149,0.023077350520999892,1.3884668722553102
94,C94-C1-32.xyz,train,C1,32,4.32451198446689,0.01745294732048472,1.3887460238629448
94,C94-C1-34.xyz,train,C1,34,4.320727855043597,0.00992214613694464,1.388833703278818
94,C94-C1-35.xyz,train,C1,35,4.321640656677316,0.011599779816326252,1.3887227554638482
94,C94-C1-36.xyz,train,C1,36,4.3210830862290495,0.010787416571913684,1.3888541626967885
94,C94-C1-37.xyz,train,C1,37,4.321129001865079,0.010317697003550445,1.388727865778071
94,C94-C1-38.xyz,test,C1,38,4.329247084605279,0.025471334393807426,1.3885538198768326
94,C94-C1-41.xyz,train,C1,41,4.325499522436463,0.01861579065311572,1.3886636082978636
94,C94-C1-48.xyz,train,C1,48,4.323655909459171,0.015006519177727898,1.3886716676109705
94,C94-C1-49.xyz,train,C1,49,4.322597014535124,0.013241658095021683,1.3887964595744142
94,C94-C1-5.xyz,train,C1,5,4.330626885946296,0.0303039188847469,1.388795970292327
94,C94-C1-50.xyz,val,C1,50,4.323357587155416,0.015241734431658181,1.388696136168257
94,C94-C1-53.xyz,train,C1,53,4.322758432964741,0.012916378036509994,1.3886721712662402
94,C94-C1-54.xyz,train,C1,54,4.320014866946759,0.007855804302559067,1.388857352350932
94,C94-C1-55.xyz,train,C1,55,4.322699099324046,0.012839645179583409,1.388716482968086
94,C94-C1-56.xyz,val,C1,56,4.3213870096963785,0.010930255081739058,1.3888443181611805
94,C94-C1-57.xyz,train,C1,57,4.320165215109308,0.008261359663303599,1.3888515303006006
94,C94-C1-58.xyz,val,C1,58,4.322488309179179,0.011865356258819492,1.3886103587912169
94,C94-C1-59.xyz,train,C1,59,4.321317007210993,0.010254601637146586,1.3888443220970237
94,C94-C1-6.xyz,train,C1,6,4.332477364304269,0.033954780489526985,1.388692817272511
94,C94-C1-60.xyz,train,C1,60,4.32326649658686,0.01409033528773757,1.3887564894485451
94,C94-C1-62.xyz,val,C1,62,4.31987819179102,0.007737470502362799,1.3887372877079929
94,C94-C1-63.xyz,test,C1,63,4.3205116445232585,0.009156211314779509,1.3886394123874026
94,C94-C1-64.xyz,train,C1,64,4.3220655354167326,0.012661261239787775,1.3887013692907464
94,C94-C1-65.xyz,test,C1,65,4.32079133323285,0.010052061664234495,1.388800384006056
94,C94-C1-66.xyz,train,C1,66,4.3215820591371035,0.011693029560020314,1.3886888458249216
94,C94-C1-67.xyz,train,C1,67,4.319536998715475,0.007032956404442196,1.3887072583177082
94,C94-C1-68.xyz,train,C1,68,4.31931333504508,0.0063961526106702605,1.3887144833239908
94,C94-C1-69.xyz,train,C1,69,4.320241240084657,0.008818133178467174,1.388736303865551
94,C94-C1-70.xyz,train,C1,70,4.3206373511477425,0.009087474760649248,1.388625848184014
94,C94-C1-71.xyz,test,C1,71,4.320285957715833,0.00866984965116706,1.3886370568172561
94,C94-C1-72.xyz,train,C1,72,4.319950635055799,0.008367579820757108,1.3888202707869037
94,C94-C1-74.xyz,train,C1,74,4.320865238921602,0.009808658818844688,1.388814305729919
94,C94-C1-75.xyz,test,C1,75,4.319289261678145,0.006549831884137661,1.3888147916684697
94,C94-C1-76.xyz,train,C1,76,4.322506531284278,0.013032300577220452,1.3887829780843213
94,C94-C1-77.xyz,train,C1,77,4.320115761168641,0.007802935728104907,1.3887295459977873
94,C94-C1-78.xyz,train,C1,78,4.319546087765027,0.007176189729927359,1.3887102171763954
94,C94-C1-79.xyz,train,C1,79,4.3202241398077765,0.008713812670392134,1.3887259199489943
94,C94-C1-8.xyz,train,C1,8,4.326378575130003,0.022587274093865323,1.3888016040572724
94,C94-C1-80.xyz,train,C1,80,4.318965752079041,0.005843012302454924,1.3887245600927653
94,C94-C1-81.xyz,train,C1,81,4.318562253971237,0.004870445959103423,1.388717452738841
94,C94-C1-82.xyz,train,C1,82,4.318240744846192,0.003996336241681316,1.3887242149740928
94,C94-C1-83.xyz,val,C1,83,4.320631977781753,0.009785848053099554,1.3886693732940003
94,C94-C1-84.xyz,val,C1,84,4.321152503913778,0.010631167577164842,1.3885609196871833
94,C94-C1-85.xyz,train,C1,85,4.319395360168708,0.006576016573577102,1.3886669260359132
94,C94-C1-87.xyz,val,C1,87,4.321209246634219,0.011057626130569627,1.3887468866489026
94,C94-C1-88.xyz,train,C1,88,4.323571372273036,0.014884153245808485,1.38867631881559
94,C94-C1-90.xyz,train,C1,90,4.323268611363068,0.014310801383692947,1.388812067245272
94,C94-C1-91.xyz,test,C1,91,4.318143828510854,0.00393029792632533,1.3887809157996203
94,C94-C1-92.xyz,train,C1,92,4.3189943786994665,0.005570035920184387,1.388800241803639
94,C94-C1-93.xyz,train,C1,93,4.320232915764901,0.007798919075437146,1.3886804101081873
94,C94-C1-95.xyz,train,C1,95,4.318200985435742,0.0036996130510952895,1.3887959977061863
94,C94-C1-97.xyz,train,C1,97,4.318074558960705,0.0039618575154208345,1.3887696365791216
94,C94-C1-98.xyz,train,C1,98,4.318702291801537,0.005414601864418082,1.3887820763386665
94,C94-C1-99.xyz,test,C1,99,4.319349994068247,0.0064365663454429844,1.3887947846799231
94,C94-C2-1.xyz,train,C2,1,4.338394989637048,0.04596726786823029,1.3886321513697095
94,C94-C2-107.xyz,train,C2,107,4.320383150358969,0.008223252335279103,1.3885891676954825
94,C94-C2-108.xyz,train,C2,108,4.3232450224985595,0.014790966375570482,1.3886717981450905
94,C94-C2-109.xyz,train,C2,109,4.320719793837041,0.009109359389309344,1.3886271138455804
94,C94-C2-117.xyz,val,C2,117,4.319504363916263,0.006936595950677759,1.3888726544777557
94,C94-C2-121.xyz,val,C2,121,4.321594598364528,0.01123145845029147,1.3889085358135715
94,C94-C2-124.xyz,test,C2,124,4.317784203292822,0.003112023975151649,1.3888498221724108
94,C94-C2-126.xyz,train,C2,126,4.319160990677083,0.006344751847796028,1.388858256152881
94,C94-C2-130.xyz,train,C2,130,4.319628800586902,0.007152566855345983,1.388867741188476
94,C94-C2-133.xyz,train,C2,133,4.319021867147047,0.006082074608916297,1.3888382896389257
94,C94-C2-20.xyz,train,C2,20,4.325201478379137,0.019993457930003428,1.388916286119358
94,C94-C2-22.xyz,train,C2,22,4.3259416569604285,0.021360657255936468,1.3887910955663751
94,C94-C2-26.xyz,train,C2,26,4.32979331762117,0.026761771734330433,1.3884906016360457
94,C94-C2-3.xyz,train,C2,3,4.334032599637514,0.03779457449189844,1.3887915031844467
94,C94-C2-33.xyz,train,C2,33,4.3223252223434825,0.013613692866840017,1.3888715247856709
94,C94-C2-4.xyz,train,C2,4,4.339427018815299,0.04856971554453544,1.3887297638468281
94,C94-C2-43.xyz,val,C2,43,4.319792772758108,0.007823121588857285,1.38881266212515
94,C94-C2-47.xyz,train,C2,47,4.323974759364871,0.016439600470232518,1.3888288312172996
94,C94-C2-51.xyz,train,C2,51,4.324016905074464,0.01721744101724357,1.388879713804109
94,C94-C2-61.xyz,train,C2,61,4.320769593519913,0.009649203967720255,1.3887569911715185
94,C94-C2-7.xyz,train,C2,7,4.3296447798593825,0.029395862229199935,1.3886845484908714
94,C94-C2-73.xyz,train,C2,73,4.321379502496884,0.01117411985180459,1.3888139942201194
94,C94-C2-86.xyz,train,C2,86,4.322344064011131,0.013809117545996655,1.3886396528132148
94,C94-C2-89.xyz,train,C2,89,4.324253106387953,0.016562460265020923,1.3886735566497483
94,C94-C2-9.xyz,train,C2,9,4.330577707970039,0.029675513066011454,1.3887892671855926
94,C94-C2-94.xyz,train,C2,94,4.320336338968795,0.008126869014061185,1.3887725269610847
94,C94-C2v-24.xyz,train,C2v,24,4.326658462008848,0.021774733725669678,1.3887957253607954
94,C94-C2v-52.xyz,train,C2v,52,4.327781888512509,0.022288686927312788,1.3887082719742534
94,C94-C3-110.xyz,train,C3,110,4.317078790972904,0.0010228039658867765,1.3887875015367084
94,C94-C3-114.xyz,test,C3,114,4.320450913585593,0.009425128762386634,1.3886245919051368
94,C94-C3-96.xyz,train,C3,96,4.318380468961475,0.0046314133951882355,1.3887550410665344
94,C94-C3v-134.xyz,train,C3v,134,4.31730534028096,0.0021423492879913764,1.3888101813492366
94,C94-Cs-120.xyz,train,Cs,120,4.319760286056068,0.007523195480794751,1.388887100431289
94,C94-Cs-13.xyz,train,Cs,13,4.32500131777508,0.019515384348514134,1.3886136961250453
94,C94-Cs-14.xyz,train,Cs,14,4.32763754717665,0.02533504610725229,1.3887003144436019
94,C94-Cs-17.xyz,test,Cs,17,4.322419638524675,0.013756497910341867,1.3886276084470444
94,C94-Cs-18.xyz,train,Cs,18,4.322531562667023,0.013966520103934331,1.3888862564742146
94,C94-Cs-23.xyz,train,Cs,23,4.325960944291412,0.021331037576336087,1.388759109134822
94,C94-Cs-31.xyz,train,Cs,31,4.323699430099831,0.016581748656950966,1.3888179988647888
94,C94-Cs-39.xyz,train,Cs,39,4.321764872728944,0.012318526397115975,1.3887622872720529
94,C94-Cs-40.xyz,train,Cs,40,4.322731765196434,0.014147239961462823,1.3885371993978077
94,C94-Cs-42.xyz,train,Cs,42,4.320777769266989,0.009766865647861564,1.3887813432277956
94,C94-Cs-44.xyz,train,Cs,44,4.319739320433739,0.007643172685149229,1.3887606384221816
94,C94-Cs-45.xyz,train,Cs,45,4.3238333761100245,0.016475859777200688,1.3888579252650481
94,C94-Cs-46.xyz,train,Cs,46,4.332125994989011,0.030328944089692476,1.388474741530896
96,C96-C1-100.xyz,train,C1,100,4.370095704951761,0.01619552403393661,1.3887304336537727
96,C96-C1-101.xyz,train,C1,101,4.3676645505375395,0.011738521317588426,1.3888789262612427
96,C96-C1-102.xyz,train,C1,102,4.368830975578212,0.013416874600272528,1.3887732681031029
96,C96-C1-103.xyz,train,C1,103,4.370115667890402,0.015837356285579446,1.3886582267131198
96,C96-C1-104.xyz,train,C1,104,4.367380873730422,0.010592049098465655,1.388787790241777
96,C96-C1-106.xyz,train,C1,106,4.3698841925410745,0.01553916843660613,1.3884887176842673
96,C96-C1-107.xyz,train,C1,107,4.368916449317651,0.013632662211069327,1.388706834321113
96,C96-C1-108.xyz,val,C1,108,4.370015878490193,0.015517876675785924,1.388608789230131
96,C96-C1-112.xyz,val,C1,112,4.365030107243586,0.005865273384996875,1.388797801648931
96,C96-C1-113.xyz,train,C1,113,4.364787946920532,0.005190131206817688,1.388717237685546
96,C96-C1-114.xyz,test,C1,114,4.363929950540644,0.003416341068571448,1.3887649405515787
96,C96-C1-116.xyz,train,C1,116,4.365213519341731,0.006423459507028355,1.388779796437814
96,C96-C1-117.xyz,train,C1,117,4.365389537266631,0.006401803051283646,1.3886568769960588
96,C96-C1-119.xyz,train,C1,119,4.364324733781079,0.004405065700008449,1.3887949883187103
96,C96-C1-12.xyz,train,C1,12,4.3741836885571095,0.026513927788238106,1.3888351678234656
96,C96-C1-120.xyz,train,C1,120,4.368178089890235,0.012172605585374639,1.3885791186174368
96,C96-C1-123.xyz,train,C1,123,4.366941119162004,0.009606276895102111,1.3887018210258004
96,C96-C1-125.xyz,train,C1,125,4.365805553658427,0.007806780993206711,1.3887300825320603
96,C96-C1-128.xyz,train,C1,128,4.366922248006259,0.010221252047122339,1.3887143278356975
96,C96-C1-129.xyz,train,C1,129,4.3678030381745225,0.012721719004174886,1.3885444582824056
96,C96-C1-130.xyz,train,C1,130,4.365771697216668,0.007961346913868364,1.388809031134667
96,C96-C1-131.xyz,train,C1,131,4.366687839107523,0.010019725812078458,1.3887394428122728
96,C96-C1-134.xyz,train,C1,134,4.366139180782674,0.008834516408007606,1.3885826839366746
96,C96-C1-135.xyz,train,C1,135,4.367531388156356,0.01211346664057439,1.3885278733243294
96,C96-C1-138.xyz,test,C1,138,4.3647172452140754,0.00534517825535724,1.388710140797331
96,C96-C1-139.xyz,train,C1,139,4.3658388461731,0.007760895598403818,1.388647309781055
96,C96-C1-140.xyz,train,C1,140,4.366397157514408,0.009193379677857084,1.3887587903532497
96,C96-C1-141.xyz,train,C1,141,4.367233444919485,0.010997756426154151,1.3888168649202075
96,C96-C1-143.xyz,train,C1,143,4.366335991715794,0.008954753753506935,1.3886960236625239
96,C96-C1-144.xyz,train,C1,144,4.365146841448503,0.006404444199320589,1.3887743807506163
96,C96-C1-145.xyz,train,C1,145,4.365143479708199,0.006577015720502899,1.3887947334816408
96,C96-C1-152.xyz,train,C1,152,4.367483324585112,0.011051253254851906,1.3887767541417704
96,C96-C1-153.xyz,train,C1,153,4.366511480107455,0.009831297069205418,1.3887868363528486
96,C96-C1-155.xyz,train,C1,155,4.366078736995893,0.008531963287489366,1.3888278592771885
96,C96-C1-159.xyz,train,C1,159,4.3659116419140185,0.008496567341571906,1.388866529054138
96,C96-C1-16.xyz,train,C1,16,4.371569284871716,0.020285262569222254,1.3887107835550077
96,C96-C1-160.xyz,val,C1,160,4.365869542146343,0.007835479551883564,1.388859267610731
96,C96-C1-164.xyz,train,C1,164,4.364390025462683,0.004857245202276012,1.388831587476253
96,C96-C1-166.xyz,train,C1,166,4.365742384994612,0.007672041112792514,1.388776231352739
96,C96-C1-169.xyz,train,C1,169,4.366309486762289,0.008487162487167547,1.3887414768616604
96,C96-C1-17.xyz,train,C1,17,4.371712440907221,0.020452974780924033,1.3887689949348025
96,C96-C1-172.xyz,train,C1,172,4.365464024327621,0.00718064280086807,1.3887453914801824
96,C96-C1-175.xyz,train,C1,175,4.364813075225253,0.005704075698425061,1.3887407173534736
96,C96-C1-177.xyz,val,C1,177,4.365128386189523,0.006730259552753545,1.3887817217528966
96,C96-C1-18.xyz,train,C1,18,4.371381103846997,0.020082224872532566,1.388793240550283
96,C96-C1-19.xyz,train,C1,19,4.373430816147409,0.0240953270037665,1.3887261693000776
96,C96-C1-20.xyz,train,C1,20,4.373280913607149,0.02473990487651451,1.3887824942938751
96,C96-C1-22.xyz,train,C1,22,4.374580003122586,0.02566837078359901,1.3885201808647543
96,C96-C1-23.xyz,train,C1,23,4.372196812760389,0.020591770469767366,1.3887241562187316
96,C96-C1-24.xyz,train,C1,24,4.374230781467225,0.024969156074400978,1.388587001302113
96,C96-C1-25.xyz,train,C1,25,4.373814892891677,0.023980041780035558,1.3886797736646967
96,C96-C1-26.xyz,train,C1,26,4.3702071821087145,0.017181110989284473,1.3887112364118062
96,C96-C1-27.xyz,train,C1,27,4.371522712468866,0.019228997278966667,1.3886213499264153
96,C96-C1-28.xyz,test,C1,28,4.37247729403756,0.020643381016326227,1.388524306512205
96,C96-C1-29.xyz,train,C1,29,4.369272705848115,0.01477377858483242,1.3886594218587234
96,C96-C1-32.xyz,train,C1,32,4.3724949060373195,0.020573218207588586,1.3884637049807174
96,C96-C1-34.xyz,train,C1,34,4.369025001932381,0.014758268988867921,1.3887252030430082
96,C96-C1-35.xyz,train,C1,35,4.3697398069925475,0.016334250314900513,1.3887809371533861
96,C96-C1-36.xyz,train,C1,36,4.368259924874259,0.013052413017318179,1.3887596663120456
96,C96-C1-37.xyz,train,C1,37,4.369772155897723,0.016121177812156554,1.3887446207658567
96,C96-C1-38.xyz,train,C1,38,4.368932727407883,0.013806498378895879,1.3886745043020294
96,C96-C1-39.xyz,train,C1,39,4.37234039623052,0.019920220721289343,1.3885560836576616
96,C96-C1-43.xyz,train,C1,43,4.3682455951505785,0.013201601924194064,1.3887289066387372
96,C96-C1-44.xyz,train,C1,44,4.368701701666887,0.013914411119852425,1.3887683263829385
96,C96-C1-45.xyz,val,C1,45,4.370988608493613,0.020058581212942114,1.388755710846394
96,C96-C1-47.xyz,train,C1,47,4.36968539591353,0.016911225703936918,1.3887891346005452
96,C96-C1-49.xyz,train,C1,49,4.371393309473801,0.01951257444375011,1.3887398375197566
96,C96-C1-5.xyz,train,C1,5,4.379657232771909,0.037130292460495075,1.3887264316297434
96,C96-C1-51.xyz,train,C1,51,4.371364995169003,0.01907855455988247,1.388757222149264
96,C96-C1-53.xyz,test,C1,53,4.369356104199325,0.015415264065772665,1.3888021690895318
96,C96-C1-54.xyz,test,C1,54,4.37008720564555,0.01673837653204655,1.3886919224792846
96,C96-C1-56.xyz,train,C1,56,4.366708266071563,0.009953066320528213,1.388770099822715
96,C96-C1-57.xyz,train,C1,57,4.366338948360542,0.009288633219918659,1.3888270555527722
96,C96-C1-58.xyz,val,C1,58,4.3661835137074325,0.0090131126941582,1.3888222513858048
96,C96-C1-59.xyz,train,C1,59,4.366449444057684,0.009477553615506873,1.3888302581132506
96,C96-C1-60.xyz,val,C1,60,4.366933213365705,0.010218534331380601,1.388828413176059
96,C96-C1-61.xyz,train,C1,61,4.36724835882379,0.011156167362538365,1.388761952559924
96,C96-C1-62.xyz,val,C1,62,4.36744087284394,0.011091146324975095,1.388634607057215
96,C96-C1-63.xyz,train,C1,63,4.367336990576798,0.010726753958851375,1.388694138566417
96,C96-C1-64.xyz,train,C1,64,4.368346953630536,0.013705485733965597,1.3887233671525152
96,C96-C1-65.xyz,train,C1,65,4.3668850671294726,0.009579129634046701,1.3886962938463772
96,C96-C1-66.xyz,train,C1,66,4.367553808792844,0.011176883196398871,1.3887015151604811
96,C96-C1-67.xyz,train,C1,67,4.366414412945361,0.009076821182991334,1.3888126740461688
96,C96-C1-68.xyz,train,C1,68,4.367381517602297,0.01110830597760991,1.3887731231170215
96,C96-C1-69.xyz,train,C1,69,4.365411339535912,0.006762309440418146,1.3887272022580088
96,C96-C1-7.xyz,test,C1,7,4.379523109298202,0.03621534526822988,1.388717285790923
96,C96-C1-70.xyz,train,C1,70,4.364546912594754,0.005111018892598603,1.3888006738856467
96,C96-C1-71.xyz,test,C1,71,4.3669678033799535,0.010571443214854601,1.3886091937175857
96,C96-C1-72.xyz,train,C1,72,4.481349636393895,0.010874826473543407,1.429690780128032
96,C96-C1-74.xyz,train,C1,74,4.478547034261149,0.012079227844157941,1.429613738986751
96,C96-C1-75.xyz,train,C1,75,4.367599244355192,0.01166874181859035,1.3886708711532367
96,C96-C1-76.xyz,train,C1,76,4.365965712967914,0.008132026910889418,1.3886537050193541
96,C96-C1-77.xyz,val,C1,77,4.368070462440982,0.013232432099061643,1.3886043399065766
96,C96-C1-78.xyz,train,C1,78,4.367554090661564,0.011861781248187464,1.388593756253397
96,C96-C1-79.xyz,train,C1,79,4.367185395292694,0.010594098833144949,1.3886214052581922
96,C96-C1-84.xyz,train,C1,84,4.369155923493384,0.014662624174990339,1.3887985519316433
96,C96-C1-85.xyz,train,C1,85,4.36581322133875,0.0078139711028017,1.3886820166404972
96,C96-C1-86.xyz,train,C1,86,4.367543164592977,0.010990361292862027,1.388610408646532
96,C96-C1-87.xyz,val,C1,87,4.371412443074931,0.01894053775287777,1.3885902771298093
96,C96-C1-88.xyz,train,C1,88,4.366096365939403,0.008342127698127534,1.3886017323071604
96,C96-C1-90.xyz,train,C1,90,4.366377049900209,0.009124401428483274,1.3887664421784074
96,C96-C1-91.xyz,train,C1,91,4.365699575629274,0.007869479493222885,1.388808600473415
96,C96-C1-92.xyz,train,C1,92,4.3668935801934206,0.010207928933448861,1.3888089640054473
96,C96-C1-93.xyz,train,C1,93,4.366345683173113,0.009227527287636825,1.3886655744088878
96,C96-C1-94.xyz,train,C1,94,4.365351314866447,0.006514798566631946,1.3887289157764247
96,C96-C1-95.xyz,train,C1,95,4.3655931342330385,0.007189210505640759,1.3887131524270826
96,C96-C1-97.xyz,train,C1,97,4.364809046485295,0.005352024720341372,1.38867853334997
96,C96-C1-98.xyz,train,C1,98,4.367597772092559,0.011676007080188225,1.3887204534402973
96,C96-C2-105.xyz,train,C2,105,4.3713976212467704,0.018416994330877734,1.3886594203676992
96,C96-C2-115.xyz,train,C2,115,4.365042681843556,0.0056927786830209175,1.388723043668412
96,C96-C2-118.xyz,train,C2,118,4.3642322666355895,0.003932178192347896,1.3887219510933828
96,C96-C2-122.xyz,train,C2,122,4.366501567964122,0.009256969116938645,1.388781188358441
96,C96-C2-124.xyz,train,C2,124,4.363294152883204,0.0014709727968927207,1.3887345889797476
96,C96-C2-126.xyz,val,C2,126,4.365829333699054,0.007489900380653832,1.3886073085068977
96,C96-C2-127.xyz,test,C2,127,4.3673464166776474,0.011630688726898332,1.3887635053507918
96,C96-C2-13.xyz,train,C2,13,4.376900353938397,0.03284231749880921,1.3887626979903214
96,C96-C2-132.xyz,train,C2,132,4.366936868958398,0.010220466936357578,1.3887441816070276
96,C96-C2-14.xyz,train,C2,14,4.376545228728455,0.03082259721532118,1.3888474782815101
96,C96-C2-142.xyz,train,C2,142,4.3664823723207284,0.00932026738314202,1.3887194078718175
96,C96-C2-15.xyz,val,C2,15,4.374792595684333,0.028398708026545608,1.3888745111174998
96,C96-C2-151.xyz,train,C2,151,4.367956534054166,0.01129966511951125,1.3886339708342725
96,C96-C2-157.xyz,val,C2,157,4.367652099920726,0.01158301816934546,1.3888755645586965
96,C96-C2-158.xyz,train,C2,158,4.3679860876173295,0.012464919911105527,1.388930407214698
96,C96-C2-165.xyz,train,C2,165,4.364324334064759,0.004568889697958773,1.3888165927120246
96,C96-C2-167.xyz,train,C2,167,4.365649450807269,0.007514427629185035,1.3888501236445816
96,C96-C2-168.xyz,train,C2,168,4.367167614145145,0.01060651143618214,1.3887064968500853
96,C96-C2-171.xyz,train,C2,171,4.366318107023962,0.009100128108991693,1.388687813596064
96,C96-C2-173.xyz,train,C2,173,4.366808049187848,0.010097959100083901,1.3886902215576884
96,C96-C2-174.xyz,train,C2,174,4.366076357509164,0.008932032603887382,1.388719713732937
96,C96-C2-176.xyz,train,C2,176,4.365425388154674,0.007085921023182147,1.3888234065684921
96,C96-C2-179.xyz,train,C2,179,4.364590436783057,0.005426415329628987,1.3888214955918414
96,C96-C2-181.xyz,val,C2,181,4.364152704931954,0.004505968184205633,1.3888045521768164
96,C96-C2-182.xyz,train,C2,182,4.363768674334902,0.003860323576021196,1.3888217361221886
96,C96-C2-30.xyz,test,C2,30,4.372349452815584,0.020501944488882793,1.3883594345325063
96,C96-C2-31.xyz,val,C2,31,4.371817277225116,0.019830044833522763,1.3885579685872307
96,C96-C2-4.xyz,test,C2,4,4.382807654112572,0.04325513149520043,1.3885984005301237
96,C96-C2-40.xyz,train,C2,40,4.371930101911861,0.01962365210581016,1.388689344491369
96,C96-C2-41.xyz,train,C2,41,4.370724427180089,0.01736156251863359,1.3886617751491426
96,C96-C2-42.xyz,train,C2,42,4.367296385358682,0.010413242841643461,1.3886743493000233
96,C96-C2-46.xyz,train,C2,46,4.369578017178332,0.016883194299744747,1.3888441475389466
96,C96-C2-48.xyz,train,C2,48,4.3730738381785175,0.021737256457204715,1.3884545190829836
96,C96-C2-52.xyz,train,C2,52,4.3702203707280045,0.016863197409493554,1.388666402762897
96,C96-C2-55.xyz,test,C2,55,4.371869375588754,0.021265028834496064,1.388907111639424
96,C96-C2-6.xyz,val,C2,6,4.384060625270937,0.045381882397729494,1.3887510502330511
96,C96-C2-73.xyz,train,C2,73,4.3679542066060835,0.012717541643618643,1.388585073419
96,C96-C2-80.xyz,train,C2,80,4.368735466435708,0.014751206776889448,1.3884552381058617
96,C96-C2-82.xyz,train,C2,82,4.368268207596579,0.014279025245545092,1.3887856152536209
96,C96-C2-83.xyz,train,C2,83,4.370701861355929,0.017586091214968874,1.3886411853862333
96,C96-C2-9.xyz,train,C2,9,4.386813769239516,0.05254487243517475,1.3888841246741355
96,C96-C2-96.xyz,test,C2,96,4.365738389103139,0.007893783971576264,1.3886144126960103
96,C96-C2-99.xyz,val,C2,99,4.371544909991567,0.019329539473397137,1.3885272195397311
96,C96-C2v-110.xyz,train,C2v,110,4.379402544452411,0.03181368816181101,1.3883162583437645
96,C96-C2v-149.xyz,test,C2v,149,4.375270587896959,0.024787675451636314,1.3885451320025808
96,C96-C2v-162.xyz,train,C2v,162,4.364316495092414,0.004928087494932681,1.388778504600415
96,C96-C3v-137.xyz,train,C3v,137,4.3647438493352775,0.0057077722444922865,1.3885238294467794
96,C96-Cs-10.xyz,val,Cs,10,4.376113313938171,0.02957944776421125,1.388849785877718
96,C96-Cs-11.xyz,train,Cs,11,4.377008677162223,0.03104964010433339,1.3886701061920506
96,C96-Cs-133.xyz,train,Cs,133,4.368059460806054,0.013144195574001453,1.3886009657308873
96,C96-Cs-146.xyz,train,Cs,146,4.364137639944751,0.004186942801715908,1.3887287236040697
96,C96-Cs-147.xyz,test,Cs,147,4.366705248747647,0.009798753144744767,1.3888040934911112
96,C96-Cs-156.xyz,test,Cs,156,4.367558062806714,0.011493554310228315,1.3887585561500604
96,C96-Cs-161.xyz,train,Cs,161,4.364788585105856,0.00610585005639359,1.3888542965452662
96,C96-Cs-170.xyz,test,Cs,170,4.368055753653816,0.01198410388521406,1.388809029555674
96,C96-Cs-178.xyz,train,Cs,178,4.363821293912426,0.0038199267798575596,1.388705247899109
96,C96-Cs-180.xyz,train,Cs,180,4.362981008756854,0.002265431914201472,1.3887591969413944
96,C96-Cs-50.xyz,train,Cs,50,4.372553438854627,0.02137785592164394,1.3887436499007835
96,C96-Cs-8.xyz,train,Cs,8,4.38366210676616,0.0437168329768383,1.3885758028297401
96,C96-Cs-81.xyz,train,Cs,81,4.367847135418483,0.011955634201092665,1.3887535692577313
96,C96-Cs-89.xyz,train,Cs,89,4.367645473256379,0.012054329986395974,1.3888447014583147
96,C96-D2-1.xyz,train,D2,1,4.395450483314367,0.06865749290776428,1.3887935030258984
96,C96-D2-109.xyz,test,D2,109,4.370735246314655,0.017640244125521988,1.3886478352243747
96,C96-D2-111.xyz,train,D2,111,4.376238697904589,0.02716821305731557,1.3884641584798887
96,C96-D2-150.xyz,test,D2,150,4.368843335288531,0.012343431659586646,1.3884130315397052
96,C96-D2-154.xyz,train,D2,154,4.3680546081732,0.01257870153439149,1.3888508739009289
96,C96-D2-183.xyz,val,D2,183,4.366606387111388,0.008879941991396753,1.3888854660811711
96,C96-D2-186.xyz,train,D2,186,4.36662056669712,0.009049209365124909,1.388889969759425
96,C96-D2-21.xyz,train,D2,21,4.377891237003517,0.032331810672005454,1.3885132609610857
96,C96-D2d-163.xyz,train,D2d,163,4.365686673779553,0.008545939282752926,1.3888878869922234
96,C96-D2h-148.xyz,train,D2h,148,4.379712241661253,0.03233939907981897,1.3882894778973818
96,C96-D3-121.xyz,test,D3,121,4.366675241867992,0.009699333157954407,1.3887245506664185
96,C96-D3-136.xyz,train,D3,136,4.36904562125473,0.015988481759226965,1.388349822861726
96,C96-D3-2.xyz,train,D3,2,4.402184116521604,0.08181732495424704,1.3888500722391068
96,C96-D3d-3.xyz,train,D3d,3,4.402542758549945,0.08169772311558936,1.3888466960820713
96,C96-D3h-33.xyz,train,D3h,33,4.3837925843864065,0.038659899572399535,1.3880512681661334
96,C96-D6d-185.xyz,train,D6d,185,4.36205638561701,0.0006402909840380169,1.3886726582245632
96,C96-D6d-187.xyz,train,D6d,187,4.371551817596018,0.01766460430999219,1.3888555288093747
96,C96-D6h-184.xyz,train,D6h,184,4.371482399973664,0.018040851628147198,1.388807211886824
98,C98-C1-10.xyz,train,C1,10,4.421152601812359,0.029359933182954094,1.388794929651937
98,C98-C1-100.xyz,train,C1,100,4.414937741672114,0.015700987429805285,1.388703868788352
98,C98-C1-101.xyz,train,C1,101,4.41480102044454,0.015166008594248074,1.3887473568750317
98,C98-C1-102.xyz,train,C1,102,4.415359390899288,0.016723666909316107,1.3887058471619766
98,C98-C1-103.xyz,train,C1,103,4.414207645941978,0.014251797384919275,1.3885662423707104
98,C98-C1-104.xyz,train,C1,104,4.413782264843942,0.013683876582868099,1.388673961913731
98,C98-C1-105.xyz,val,C1,105,4.413443331434956,0.012733618711387173,1.3886949642744468
98,C98-C1-106.xyz,train,C1,106,4.41241124219331,0.01036226131878426,1.3886032525400775
98,C98-C1-109.xyz,train,C1,109,4.413180056690153,0.01236010545548863,1.3887634782242744
98,C98-C1-112.xyz,train,C1,112,4.41421063099353,0.014006107682664906,1.388687167131993
98,C98-C1-114.xyz,train,C1,114,4.412514515166027,0.01058354775674961,1.3887755937493402
98,C98-C1-115.xyz,train,C1,115,4.4160672333088895,0.01865153797708003,1.38875372371406
98,C98-C1-116.xyz,train,C1,116,4.415159304508355,0.016732731892365633,1.3887983839065554
98,C98-C1-118.xyz,train,C1,118,4.414420460208706,0.01577077317148016,1.3887781865299667
98,C98-C1-12.xyz,val,C1,12,4.422976171712119,0.032436631939751284,1.3886439548675522
98,C98-C1-121.xyz,train,C1,121,4.413306683336847,0.012544385784300043,1.3888117029623719
98,C98-C1-122.xyz,train,C1,122,4.412387103671704,0.01067024134922568,1.3887769663443879
98,C98-C1-123.xyz,train,C1,123,4.413790844729841,0.013649627829108873,1.3887261040907057
98,C98-C1-124.xyz,train,C1,124,4.415184243101714,0.01632129428230215,1.388803749441332
98,C98-C1-125.xyz,train,C1,125,4.414759553090479,0.015385597640328348,1.3888097964929766
98,C98-C1-126.xyz,train,C1,126,4.416557820001254,0.018844352921243486,1.388630805809684
98,C98-C1-128.xyz,train,C1,128,4.413613268578838,0.012758333462172273,1.3886756299327359
98,C98-C1-129.xyz,test,C1,129,4.415995563518073,0.01749156841182411,1.388722173758859
98,C98-C1-131.xyz,train,C1,131,4.4139935950499245,0.014060724431112752,1.3888512883158055
98,C98-C1-132.xyz,train,C1,132,4.413143944349381,0.011544630108617263,1.3887599712395715
98,C98-C1-133.xyz,train,C1,133,4.414723885711954,0.015471368020852208,1.3886770837259483
98,C98-C1-134.xyz,train,C1,134,4.414884889040852,0.015575097962213584,1.3887679518248828
98,C98-C1-135.xyz,train,C1,135,4.412916915018293,0.011113162728943516,1.3887365473213873
98,C98-C1-136.xyz,train,C1,136,4.414390725417721,0.014427809116771129,1.3887671813106617
98,C98-C1-137.xyz,test,C1,137,4.413362642353355,0.012490967346410564,1.3888301481491974
98,C98-C1-138.xyz,train,C1,138,4.413649151985678,0.012570583709981048,1.388708108735546
98,C98-C1-139.xyz,val,C1,139,4.413085935731262,0.012109153765776658,1.388834992663522
98,C98-C1-14.xyz,val,C1,14,4.419393891227,0.02492879376094123,1.3887962787278838
98,C98-C1-140.xyz,train,C1,140,4.413478165953696,0.012756211121430204,1.3888233250109823
98,C98-C1-141.xyz,train,C1,141,4.4115655773598474,0.008397908592605384,1.3887961934664077
98,C98-C1-142.xyz,train,C1,142,4.411035827760836,0.006840155552762473,1.3886510090506154
98,C98-C1-143.xyz,test,C1,143,4.411088523745939,0.007347424084456575,1.3887708203175022
98,C98-C1-144.xyz,test,C1,144,4.411132794862567,0.007542341162799143,1.3887866815799057
98,C98-C1-145.xyz,train,C1,145,4.412455304328568,0.010443550155539112,1.3888248862538493
98,C98-C1-146.xyz,train,C1,146,4.412306243877637,0.009806639674003817,1.3887198537128778
98,C98-C1-15.xyz,train,C1,15,4.419276860580223,0.025174728353156657,1.3886718157649174
98,C98-C1-150.xyz,train,C1,150,4.414011438169216,0.013343288262964869,1.3886842654957487
98,C98-C1-152.xyz,train,C1,152,4.4141730008049,0.013671881669948552,1.3886817548973227
98,C98-C1-153.xyz,train,C1,153,4.412968333695015,0.011275675030733408,1.38873032048349
98,C98-C1-154.xyz,train,C1,154,4.41460223162509,0.01489781724222218,1.3887580078558877
98,C98-C1-155.xyz,train,C1,155,4.412826744140993,0.011552581370507884,1.388749126530038
98,C98-C1-157.xyz,train,C1,157,4.415236431750744,0.01562858411971214,1.3887518172707862
98,C98-C1-159.xyz,train,C1,159,4.4131430193237815,0.011158759764375104,1.3887537376355554
98,C98-C1-16.xyz,train,C1,16,4.418783236437098,0.023384406138680747,1.38867622318879
98,C98-C1-161.xyz,train,C1,161,4.413140845890052,0.01201367299968093,1.388882212293929
98,C98-C1-163.xyz,train,C1,163,4.4133906890101064,0.011904515626057228,1.3887886656318469
98,C98-C1-164.xyz,train,C1,164,4.415657673263425,0.016438387241729125,1.3887262881744264
98,C98-C1-165.xyz,train,C1,165,4.41355274947981,0.012042345791843372,1.388782509192465
98,C98-C1-168.xyz,train,C1,168,4.412000165651588,0.009147812885292551,1.3888551592664344
98,C98-C1-169.xyz,train,C1,169,4.411816818403827,0.00867979555503054,1.3888086790582934
98,C98-C1-17.xyz,train,C1,17,4.4207484440245075,0.027936549754549515,1.3887133324962644
98,C98-C1-170.xyz,train,C1,170,4.412825639587532,0.01050552857633043,1.388768812252294
98,C98-C1-171.xyz,train,C1,171,4.4106699590930205,0.00594252434436806,1.3887034371514693
98,C98-C1-172.xyz,train,C1,172,4.409859164194702,0.0045314851066486465,1.388780471168666
98,C98-C1-173.xyz,train,C1,173,4.410796402632452,0.006608895479911008,1.3887826383007305
98,C98-C1-175.xyz,train,C1,175,4.410810165361027,0.0062555763597166025,1.3888188182668206
98,C98-C1-177.xyz,train,C1,177,4.4098510928659955,0.004573126471503954,1.3887511122362113
98,C98-C1-178.xyz,train,C1,178,4.41006840631791,0.0050760189298798145,1.3886851413737913
98,C98-C1-179.xyz,train,C1,179,4.4090376236810895,0.0028406674576764938,1.3887652849412924
98,C98-C1-180.xyz,train,C1,180,4.409680913239376,0.003953565092190815,1.388773541071738
98,C98-C1-181.xyz,train,C1,181,4.413481452975371,0.01199307917946532,1.3887173145910223
98,C98-C1-184.xyz,train,C1,184,4.411802892836709,0.00922867734231029,1.3888714544049738
98,C98-C1-186.xyz,train,C1,186,4.410726609004845,0.006613696136119004,1.3888066934306438
98,C98-C1-187.xyz,train,C1,187,4.410246082392361,0.005171296530463548,1.3886962530129559
98,C98-C1-19.xyz,val,C1,19,4.420173794822914,0.02708520864718397,1.3887477242016577
98,C98-C1-190.xyz,test,C1,190,4.409389369352886,0.003378173363394742,1.3887424922650562
98,C98-C1-195.xyz,train,C1,195,4.411364533013023,0.007379614864313509,1.3887429874433628
98,C98-C1-197.xyz,train,C1,197,4.41021174033236,0.0052102630250526845,1.3886775547866304
98,C98-C1-2.xyz,train,C1,2,4.4320330583146585,0.0491513661143394,1.3885874401453824
98,C98-C1-20.xyz,val,C1,20,4.417412807536669,0.020796266271322573,1.3887451597221008
98,C98-C1-201.xyz,train,C1,201,4.414272192167546,0.013944081226841942,1.3887273473205621
98,C98-C1-202.xyz,train,C1,202,4.413886022491426,0.012645976655602634,1.3887098153431334
98,C98-C1-204.xyz,train,C1,204,4.413498749316246,0.012469509772500824,1.388772881480759
98,C98-C1-207.xyz,test,C1,207,4.40893357880689,0.0023325629593581388,1.3886727699629033
98,C98-C1-208.xyz,train,C1,208,4.409515444952704,0.00374723520390664,1.3887682280704232
98,C98-C1-21.xyz,train,C1,21,4.422776633972605,0.033455568621547076,1.3888699207646698
98,C98-C1-210.xyz,train,C1,210,4.408206931781959,0.0008860933008792364,1.3886784346184045
98,C98-C1-212.xyz,train,C1,212,4.4084929185265604,0.0015842694743434208,1.388756027451591
98,C98-C1-213.xyz,train,C1,213,4.409018599907257,0.0025437665958919133,1.3886013120817615
98,C98-C1-214.xyz,test,C1,214,4.409500486268546,0.0038575727287352463,1.388679852991867
98,C98-C1-216.xyz,train,C1,216,4.408136454964729,0.0005049132114855836,1.3886208992266047
98,C98-C1-217.xyz,train,C1,217,4.408417126209475,0.001070549852744334,1.3886856328390063
98,C98-C1-219.xyz,train,C1,219,4.408586749388172,0.0015901700266648972,1.3886740185971267
98,C98-C1-22.xyz,train,C1,22,4.425246130727575,0.036128900589945355,1.388647664184099
98,C98-C1-223.xyz,train,C1,223,4.4089516354379334,0.002626248388325732,1.388715672396769
98,C98-C1-224.xyz,train,C1,224,4.408356269054334,0.001338630589986483,1.388770101354891
98,C98-C1-226.xyz,train,C1,226,4.408589252194122,0.0016991758951305838,1.3887699607338135
98,C98-C1-227.xyz,train,C1,227,4.407927836759545,0.00036674469237002753,1.388762148517769
98,C98-C1-228.xyz,train,C1,228,4.408602342385312,0.0017583281115273917,1.3887014265293183
98,C98-C1-229.xyz,train,C1,229,4.408033630457664,0.00044240672837488613,1.3886966474366522
98,C98-C1-234.xyz,train,C1,234,4.4125442964552635,0.010053387375053102,1.3887849027457928
98,C98-C1-235.xyz,train,C1,235,4.4085433932996105,0.002029578591330731,1.3886750702147572
98,C98-C1-237.xyz,train,C1,237,4.409305372113612,0.0032612829052025894,1.388655459920981
98,C98-C1-238.xyz,train,C1,238,4.408288377195968,0.0012644979056779812,1.3886208200193912
98,C98-C1-240.xyz,train,C1,240,4.408392273804086,0.001224237189148074,1.3886882913547598
98,C98-C1-244.xyz,train,C1,244,4.40873628275408,0.0021129163754458695,1.388728680550764
98,C98-C1-245.xyz,train,C1,245,4.408758650041714,0.0023048335116809043,1.3886928380051569
98,C98-C1-247.xyz,train,C1,247,4.41211454939433,0.009424087170379992,1.3888596353281875
98,C98-C1-249.xyz,train,C1,249,4.408314513225532,0.0013409441138630856,1.3886867712302702
98,C98-C1-25.xyz,train,C1,25,4.4194409262151595,0.024382509623874744,1.3886115264371994
98,C98-C1-250.xyz,train,C1,250,4.4080747181364615,0.0007935366756088277,1.3886838265793182
98,C98-C1-255.xyz,val,C1,255,4.408347031933156,0.0014684931050754741,1.3887516658397703
98,C98-C1-26.xyz,train,C1,26,4.417546508137194,0.020865605256222202,1.3887494123509783
98,C98-C1-27.xyz,train,C1,27,4.418214401549112,0.02217367232270037,1.3886265879827362
98,C98-C1-29.xyz,test,C1,29,4.419794841786453,0.024775982409970695,1.3886153620998196
98,C98-C1-30.xyz,test,C1,30,4.416674324397512,0.019879371626532097,1.3887043698638126
98,C98-C1-31.xyz,train,C1,31,4.418118639584758,0.02284272627723229,1.3886670550601512
98,C98-C1-32.xyz,val,C1,32,4.41895112105487,0.025010958822367806,1.3886058097968268
98,C98-C1-33.xyz,test,C1,33,4.416166920499091,0.01756322385343719,1.3884908979065231
98,C98-C1-34.xyz,train,C1,34,4.414612389388912,0.014465524449592539,1.3886231303343735
98,C98-C1-35.xyz,train,C1,35,4.415236158362441,0.015825195885422513,1.3885175855192136
98,C98-C1-36.xyz,train,C1,36,4.417293253056623,0.020459742056529215,1.3884835302650995
98,C98-C1-37.xyz,train,C1,37,4.417850564472515,0.021288557413774417,1.3885837138821788
98,C98-C1-38.xyz,train,C1,38,4.4156591494597,0.016657566890325406,1.3885745740266269
98,C98-C1-39.xyz,train,C1,39,4.417347666412821,0.020591657789673586,1.3885958809526928
98,C98-C1-4.xyz,train,C1,4,4.426621732765056,0.03945752075591349,1.388667791639402
98,C98-C1-40.xyz,train,C1,40,4.415082747122442,0.016288570284184477,1.3886935088799996
98,C98-C1-41.xyz,train,C1,41,4.415660667011947,0.01653367723421013,1.3885399893955754
98,C98-C1-42.xyz,train,C1,42,4.415429974581182,0.016823404234904433,1.3886776694670149
98,C98-C1-43.xyz,train,C1,43,4.415811320935067,0.017571397865443393,1.3886640979788143
98,C98-C1-44.xyz,train,C1,44,4.413561975722417,0.012758540439377549,1.3886712377177468
98,C98-C1-45.xyz,train,C1,45,4.418353346188731,0.023247616144245656,1.3887157524307205
98,C98-C1-46.xyz,val,C1,46,4.416242879592905,0.017719294578362004,1.3885445568046024
98,C98-C1-48.xyz,train,C1,48,4.419468825210609,0.02345200204481028,1.3885553731378824
98,C98-C1-49.xyz,val,C1,49,4.416311951055077,0.018646170982763614,1.3887568801768349
98,C98-C1-5.xyz,train,C1,5,4.429082894748062,0.045132965596434226,1.388748510937943
98,C98-C1-50.xyz,train,C1,50,4.41416681500813,0.013918922210347283,1.3887032616676245
98,C98-C1-51.xyz,train,C1,51,4.415117955973912,0.015977300781384797,1.3885730216575023
98,C98-C1-52.xyz,test,C1,52,4.413279449595721,0.011913228772885351,1.3886521741260869
98,C98-C1-53.xyz,train,C1,53,4.4173113073633505,0.020627640669115346,1.3885477352432374
98,C98-C1-54.xyz,train,C1,54,4.417656531768124,0.0209343787582071,1.388660314812441
98,C98-C1-55.xyz,train,C1,55,4.414887322768761,0.015543350907956633,1.3887333816490248
98,C98-C1-56.xyz,train,C1,56,4.415638215877759,0.016691117364810434,1.3885874750230478
98,C98-C1-57.xyz,test,C1,57,4.415200885999933,0.016121451233028408,1.3887552574663768
98,C98-C1-58.xyz,train,C1,58,4.414997386430926,0.015823893583426445,1.3887516569291343
98,C98-C1-59.xyz,train,C1,59,4.415858884905411,0.017590635572679668,1.388738570943359
98,C98-C1-6.xyz,train,C1,6,4.423540600040873,0.03376608456222602,1.3887552053828995
98,C98-C1-60.xyz,train,C1,60,4.413814233494499,0.013102985485589915,1.3886939016236903
98,C98-C1-63.xyz,train,C1,63,4.416693125763723,0.019301161849240727,1.388693262537646
98,C98-C1-64.xyz,train,C1,64,4.417759679231871,0.02114397416322364,1.3886020648147908
98,C98-C1-67.xyz,train,C1,67,4.414822273444134,0.014986756099659423,1.3887314127210904
98,C98-C1-68.xyz,val,C1,68,4.417297454341552,0.020280539077078545,1.3886262064427284
98,C98-C1-69.xyz,train,C1,69,4.415616047264936,0.017379674800436253,1.388832439177832
98,C98-C1-70.xyz,train,C1,70,4.416564488528083,0.0192432900008051,1.3887021386974232
98,C98-C1-73.xyz,train,C1,73,4.4147633807061935,0.015760126728502563,1.3887302229520129
98,C98-C1-75.xyz,train,C1,75,4.415264900691179,0.015480489191296673,1.388786806488725
98,C98-C1-76.xyz,train,C1,76,4.41276922425761,0.010655911626609144,1.3886053494641872
98,C98-C1-77.xyz,train,C1,77,4.413367899432303,0.012631151429533397,1.3887511149296385
98,C98-C1-78.xyz,train,C1,78,4.413077045520566,0.011687475167286111,1.3887561556181984
98,C98-C1-79.xyz,test,C1,79,4.414634291249843,0.014804518887560597,1.3887822883338625
98,C98-C1-80.xyz,train,C1,80,4.412534640995481,0.01105953985359721,1.3887225270073438
98,C98-C1-81.xyz,train,C1,81,4.413143906334355,0.01212489368128262,1.3888355807267143
98,C98-C1-82.xyz,train,C1,82,4.414429683609191,0.015107139401587475,1.3885743480316215
98,C98-C1-83.xyz,train,C1,83,4.414231345062345,0.01400170219463505,1.388684250900069
98,C98-C1-84.xyz,test,C1,84,4.413750435001671,0.013382592207811742,1.3887047836140283
98,C98-C1-85.xyz,train,C1,85,4.413173942609057,0.011276163198646544,1.3886763946027445
98,C98-C1-86.xyz,train,C1,86,4.410910767242955,0.006717619893558505,1.388747796114142
98,C98-C1-87.xyz,test,C1,87,4.411047721033467,0.006810164856034393,1.3886660582983723
98,C98-C1-90.xyz,train,C1,90,4.414186493196109,0.013501609731969491,1.3886505154467539
98,C98-C1-92.xyz,val,C1,92,4.415496944140377,0.016405556505606097,1.3885787195738408
98,C98-C1-93.xyz,train,C1,93,4.41502899811795,0.01639850890001001,1.3886484429997876
98,C98-C1-94.xyz,train,C1,94,4.415762347472324,0.017293617380123034,1.3887431742767569
98,C98-C1-95.xyz,train,C1,95,4.414231737483813,0.014443503869197738,1.3886646139812007
98,C98-C1-96.xyz,train,C1,96,4.413546350825545,0.012715841479240052,1.3887390977996392
98,C98-C2-1.xyz,test,C2,1,4.4360757293995485,0.056113282189604444,1.3884087664649143
98,C98-C2-11.xyz,val,C2,11,4.427779730831252,0.041393322463555246,1.3887646499877766
98,C98-C2-113.xyz,train,C2,113,4.4137436808653705,0.013454889776704846,1.3887151725773945
98,C98-C2-127.xyz,train,C2,127,4.415795689711467,0.017362561411968767,1.388671075462449
98,C98-C2-130.xyz,train,C2,130,4.417849699238979,0.020811276201700313,1.3886770531828776
98,C98-C2-147.xyz,train,C2,147,4.409756238616434,0.0038359183192831713,1.3886941433746052
98,C98-C2-156.xyz,train,C2,156,4.412950546916222,0.011535813332919614,1.3886372191643368
98,C98-C2-160.xyz,train,C2,160,4.416236447158947,0.017660754801777364,1.3887246485572509
98,C98-C2-162.xyz,val,C2,162,4.4148158579629015,0.01472201712434376,1.3887879252553785
98,C98-C2-166.xyz,train,C2,166,4.4142608271419705,0.014576049809779714,1.3889302280738878
98,C98-C2-174.xyz,val,C2,174,4.4100547627595885,0.004815706213175029,1.388805607479603
98,C98-C2-176.xyz,train,C2,176,4.410803765890778,0.006914297031307209,1.3887859279610035
98,C98-C2-182.xyz,train,C2,182,4.411779300872389,0.008903126769552622,1.388798611824504
98,C98-C2-183.xyz,train,C2,183,4.41200365302035,0.008761525766626645,1.3887753826331524
98,C98-C2-188.xyz,train,C2,188,4.409310493238732,0.0035489741565129284,1.3887776646529415
98,C98-C2-189.xyz,train,C2,189,4.4102168302456155,0.0051340727884444295,1.3887780780971366
98,C98-C2-191.xyz,train,C2,191,4.417300434674337,0.018465617777772145,1.38874808341818
98,C98-C2-194.xyz,train,C2,194,4.41361084706956,0.011799944535265028,1.388711326177941
98,C98-C2-196.xyz,val,C2,196,4.4111679941821,0.007147893390776586,1.388644467157757
98,C98-C2-200.xyz,val,C2,200,4.415385729427754,0.015566945892209784,1.388626831946938
98,C98-C2-211.xyz,train,C2,211,4.4086274743757725,0.0018650189053993776,1.3887610351695963
98,C98-C2-221.xyz,test,C2,221,4.409699162807493,0.004002744633055536,1.3887899514954793
98,C98-C2-222.xyz,test,C2,222,4.409304761259256,0.0036025931955122035,1.3887851949655652
98,C98-C2-225.xyz,val,C2,225,4.408715189418881,0.00212690506916384,1.3887886883428346
98,C98-C2-230.xyz,test,C2,230,4.408206395815787,0.0008641758108055528,1.3886461289355152
98,C98-C2-231.xyz,test,C2,231,4.408336453901925,0.0011586496851180477,1.3887644988262922
98,C98-C2-232.xyz,train,C2,232,4.414397140976258,0.013557558512939417,1.3887180377478516
98,C98-C2-233.xyz,train,C2,233,4.413527879989291,0.012452897261828452,1.3888318980434462
98,C98-C2-236.xyz,train,C2,236,4.408727950102499,0.002523899973604395,1.3886298406542281
98,C98-C2-242.xyz,train,C2,242,4.4093167758536955,0.0037875800994160084,1.3887522714977738
98,C98-C2-243.xyz,train,C2,243,4.409500913144018,0.0038713600741344064,1.3886009926248213
98,C98-C2-246.xyz,train,C2,246,4.4121660862803616,0.009912318920327361,1.3888411981976048
98,C98-C2-248.xyz,train,C2,248,4.412115634072707,0.010170989032596679,1.3888635654041885
98,C98-C2-251.xyz,train,C2,251,4.408272019620071,0.0009619952800398835,1.3887642508480094
98,C98-C2-252.xyz,train,C2,252,4.410787262579702,0.0066638583841128075,1.3888538932171532
98,C98-C2-254.xyz,train,C2,254,4.408411123018023,0.001654200952962203,1.3887511918135202
98,C98-C2-256.xyz,train,C2,256,4.408556167674472,0.0018871981174272243,1.3887344394701362
98,C98-C2-257.xyz,train,C2,257,4.408206850239783,0.0012351528463380775,1.3886084685120161
98,C98-C2-28.xyz,test,C2,28,4.42117466928771,0.02779456949481665,1.388566882353348
98,C98-C2-3.xyz,test,C2,3,4.434002332389968,0.055408993750122745,1.388883037705799
98,C98-C2-47.xyz,train,C2,47,4.414557523652976,0.01441459339309493,1.3886338415712547
98,C98-C2-61.xyz,train,C2,61,4.413703229471073,0.013020837762884832,1.3886708557130492
98,C98-C2-71.xyz,train,C2,71,4.417568302442905,0.021543199911802396,1.388695808887964
98,C98-C2-72.xyz,train,C2,72,4.419137559037031,0.025069530543938984,1.3888673223402248
98,C98-C2-74.xyz,val,C2,74,4.414935298670038,0.015922878273350104,1.3888057402910619
98,C98-C2-8.xyz,train,C2,8,4.4343807406403775,0.05705296320906947,1.388821000596715
98,C98-C2-89.xyz,train,C2,89,4.412551562754683,0.010334373180280857,1.3887837775763578
98,C98-C2-9.xyz,test,C2,9,4.4227374638860235,0.03308256203139992,1.3887322473495023
98,C98-C2-91.xyz,val,C2,91,4.415702960359714,0.017800192092414555,1.3884770494534073
98,C98-C2v-13.xyz,train,C2v,13,4.423676662445307,0.0360488637429023,1.388651155167107
98,C98-C2v-167.xyz,train,C2v,167,4.412920398645358,0.012050660168942883,1.3889060048492
98,C98-C2v-206.xyz,train,C2v,206,4.411740072220998,0.008835837121670496,1.3886842556773
98,C98-C2v-62.xyz,train,C2v,62,4.419767979142915,0.02705572024577243,1.3887108948871865
98,C98-C2v-88.xyz,val,C2v,88,4.418552030062848,0.021789044771250345,1.388674951777492
98,C98-C3-148.xyz,train,C3,148,4.408701713960013,0.0010946195939638313,1.3886672728190674
98,C98-C3-220.xyz,train,C3,220,4.40849487772129,0.0010125145842756677,1.3885311931595798
98,C98-C3-253.xyz,train,C3,253,4.408237748366838,0.0009480565828792967,1.3887525391015276
98,C98-Cs-107.xyz,train,Cs,107,4.414757577668508,0.015585164427546027,1.3887010060594505
98,C98-Cs-108.xyz,train,Cs,108,4.414140139630357,0.014136779111439526,1.3887136386129084
98,C98-Cs-110.xyz,train,Cs,110,4.412167672733035,0.010202490300633877,1.3887556449053717
98,C98-Cs-111.xyz,train,Cs,111,4.411493100742972,0.008691445568760175,1.3887068635181554
98,C98-Cs-117.xyz,train,Cs,117,4.415846668789932,0.01875964982972389,1.388608145631291
98,C98-Cs-119.xyz,train,Cs,119,4.413678675186832,0.013982363686724003,1.388840225588956
98,C98-Cs-120.xyz,train,Cs,120,4.412509241530498,0.011327772828644375,1.3888294114713373
98,C98-Cs-149.xyz,test,Cs,149,4.416124510471571,0.01801231309762826,1.388543484303409
98,C98-Cs-151.xyz,train,Cs,151,4.418982144900814,0.021594037340134493,1.3886651500927325
98,C98-Cs-158.xyz,train,Cs,158,4.414280095202345,0.013798317441144065,1.388692684737036
98,C98-Cs-18.xyz,train,Cs,18,4.421701215874622,0.028438984974778748,1.3887242070027273
98,C98-Cs-185.xyz,test,Cs,185,4.411679916529043,0.008433070617146075,1.3887238874911605
98,C98-Cs-192.xyz,train,Cs,192,4.415260560003451,0.014888282476612443,1.3887427690851253
98,C98-Cs-193.xyz,train,Cs,193,4.412384597881449,0.009547037568688594,1.3886722554524906
98,C98-Cs-198.xyz,train,Cs,198,4.4106478178030795,0.006060768478803639,1.3885958623240435
98,C98-Cs-199.xyz,val,Cs,199,4.409309964987379,0.003212331950011268,1.3886940686354887
98,C98-Cs-203.xyz,train,Cs,203,4.415700260340972,0.016109267528207974,1.3886310315827723
98,C98-Cs-205.xyz,train,Cs,205,4.4122368861054175,0.0097295148322117,1.3887932909407708
98,C98-Cs-209.xyz,train,Cs,209,4.409588129730911,0.003643881280741661,1.3886038168091535
98,C98-Cs-218.xyz,train,Cs,218,4.408793569023781,0.0018844391166267934,1.3886918416896012
98,C98-Cs-23.xyz,train,Cs,23,4.426727346098354,0.03763374481018126,1.388549726058893
98,C98-Cs-239.xyz,val,Cs,239,4.408809231362853,0.0022530431891592787,1.3885371341325805
98,C98-Cs-24.xyz,val,Cs,24,4.416258273707982,0.018778221399789876,1.3887535430278581
98,C98-Cs-241.xyz,train,Cs,241,4.408644445806889,0.0019442724622208704,1.38862646274053
98,C98-Cs-259.xyz,train,Cs,259,4.414444756036439,0.013642053283528813,1.38881986906317
98,C98-Cs-65.xyz,train,Cs,65,4.413800557364429,0.01313603471779279,1.3885948019605723
98,C98-Cs-7.xyz,val,Cs,7,4.423165488639987,0.033704163976777314,1.3889112061080304
98,C98-Cs-97.xyz,val,Cs,97,4.416157733435212,0.018506136223482298,1.3884667892455154
98,C98-Cs-98.xyz,test,Cs,98,4.415413883111101,0.01650911273663919,1.3886492710636213
98,C98-Cs-99.xyz,train,Cs,99,4.414785022751332,0.015538111460506656,1.3887003743966944
98,C98-D3-215.xyz,train,D3,215,4.409832385497725,0.004624624129818102,1.3887599187927244
98,C98-D3-258.xyz,train,D3,258,4.4075873214271795,9.742702625986652e-07,1.3887718761286456
98,C98-D3-66.xyz,train,D3,66,4.427082734734618,0.03737260047799231,1.3883129105328984
100,C100-C1-10.xyz,train,C1,10,4.469424663163883,0.03610546583712684,1.3888489438369265
100,C100-C1-100.xyz,train,C1,100,4.461841064315115,0.020235186340127703,1.3888395251813206
100,C100-C1-101.xyz,test,C1,101,4.461923439739467,0.019952200524003028,1.3887099431924632
100,C100-C1-102.xyz,test,C1,102,4.463641703337589,0.02352975505849511,1.388632218712501
100,C100-C1-104.xyz,train,C1,104,4.462523808865412,0.020289506814836777,1.388710940058406
100,C100-C1-105.xyz,train,C1,105,4.462541686627574,0.01999483529038853,1.3886189588467637
100,C100-C1-106.xyz,train,C1,106,4.460994199788761,0.01694555504658274,1.3886925063755817
100,C100-C1-107.xyz,train,C1,107,4.463154759798214,0.02120817110890613,1.3886993950746627
100,C100-C1-108.xyz,train,C1,108,4.461096486474533,0.017320422673491785,1.3886793563164972
100,C100-C1-109.xyz,train,C1,109,4.462264511318321,0.019770466233229454,1.3886271167543518
100,C100-C1-11.xyz,train,C1,11,4.469552670527568,0.03592216297293697,1.3887061736924444
100,C100-C1-110.xyz,train,C1,110,4.460939171668012,0.017800225189132834,1.3886811867671822
100,C100-C1-111.xyz,train,C1,111,4.462731375147286,0.02168600961963955,1.3885515038405003
100,C100-C1-112.xyz,train,C1,112,4.461299787172645,0.018180060325776248,1.38871139257665
100,C100-C1-113.xyz,train,C1,113,4.462560740206452,0.020786626752287932,1.3887463753763687
100,C100-C1-114.xyz,train,C1,114,4.462128180308157,0.02054033740651948,1.3886008488337651
100,C100-C1-116.xyz,train,C1,116,4.460614382488957,0.017194078675514046,1.3887614334865228
100,C100-C1-118.xyz,test,C1,118,4.459854003033256,0.0153509972857174,1.3887515280159133
100,C100-C1-119.xyz,train,C1,119,4.4604350838168445,0.016406546180174817,1.3886595056488957
100,C100-C1-12.xyz,test,C1,12,4.470485245379694,0.03840171460079799,1.3887292185534392
100,C100-C1-120.xyz,train,C1,120,4.458674000269945,0.013019849401645613,1.3887085161947663
100,C100-C1-121.xyz,train,C1,121,4.459917989527486,0.015106607037472122,1.3886891462663566
100,C100-C1-122.xyz,val,C1,122,4.4587545871342495,0.012922659197602543,1.3887746729324368
100,C100-C1-123.xyz,train,C1,123,4.46055414248997,0.01665801415237507,1.3887023538445837
100,C100-C1-124.xyz,train,C1,124,4.461503544106535,0.01801898849012701,1.3887195900026863
100,C100-C1-125.xyz,train,C1,125,4.460387180420837,0.01549751179407479,1.3886645463230518
100,C100-C1-128.xyz,train,C1,128,4.459667718759831,0.01515376071719763,1.3887517986215079
100,C100-C1-129.xyz,train,C1,129,4.46077110906207,0.0179046247527494,1.388736042887267
100,C100-C1-131.xyz,train,C1,131,4.4636418154742765,0.022380141709757505,1.3886146935984536
100,C100-C1-133.xyz,train,C1,133,4.461231667752954,0.01813888926722539,1.3886388354300265
100,C100-C1-134.xyz,train,C1,134,4.460072698115564,0.016092184908970558,1.3887688759682038
100,C100-C1-135.xyz,train,C1,135,4.460143735008861,0.015780906666419032,1.3886949912511588
100,C100-C1-136.xyz,train,C1,136,4.461583928558502,0.018233533545396172,1.3886789860391169
100,C100-C1-137.xyz,train,C1,137,4.4623772480447,0.02064148703697564,1.3885844500204927
100,C100-C1-138.xyz,val,C1,138,4.462498561646585,0.019922016522148808,1.3885993218605635
100,C100-C1-140.xyz,train,C1,140,4.459775258774313,0.014747390984258556,1.3886213299835797
100,C100-C1-141.xyz,train,C1,141,4.4617368453373265,0.018635493639676887,1.388722600512089
100,C100-C1-143.xyz,train,C1,143,4.461907217121358,0.020327287673730356,1.3886079436787184
100,C100-C1-144.xyz,train,C1,144,4.460664543252639,0.01774700838380825,1.388706774114161
100,C100-C1-145.xyz,train,C1,145,4.459633459038547,0.015612226771242023,1.388679863937053
100,C100-C1-146.xyz,val,C1,146,4.4620583764456025,0.020793007098683806,1.3886123064351008
100,C100-C1-147.xyz,train,C1,147,4.4587309541012,0.013223811010280074,1.3887341403270714
100,C100-C1-148.xyz,train,C1,148,4.459007504235493,0.014186935527956286,1.3886814264245138
100,C100-C1-152.xyz,train,C1,152,4.460803890977966,0.017906451027250286,1.388833503177356
100,C100-C1-153.xyz,train,C1,153,4.4622310242115795,0.02094286424348921,1.3887631860514948
100,C100-C1-154.xyz,train,C1,154,4.463223239020291,0.02214942291996852,1.3886175308103408
100,C100-C1-155.xyz,train,C1,155,4.4609094758020165,0.017108202897336767,1.3886839526022585
100,C100-C1-156.xyz,test,C1,156,4.463075998727554,0.021790338299748507,1.388554939042988
100,C100-C1-157.xyz,test,C1,157,4.460435270735173,0.016482299157474345,1.3886228236542022
100,C100-C1-158.xyz,test,C1,158,4.462429953571976,0.020059229386416896,1.3886008752236831
100,C100-C1-160.xyz,test,C1,160,4.4620495319243245,0.020289927967398626,1.3887790381275382
100,C100-C1-161.xyz,train,C1,161,4.462691672782442,0.020158494238626663,1.3886376480103508
100,C100-C1-162.xyz,train,C1,162,4.458079276930342,0.0112050676472866,1.3886205611226292
100,C100-C1-163.xyz,train,C1,163,4.4604469986291795,0.016668475706258408,1.3887048643198348
100,C100-C1-164.xyz,train,C1,164,4.459753430212823,0.015179181710659125,1.388580709536795
100,C100-C1-165.xyz,train,C1,165,4.46002871911454,0.015678900295553935,1.3887236106213507
100,C100-C1-166.xyz,val,C1,166,4.461996555561239,0.0193328394714426,1.3887167836588261
100,C100-C1-167.xyz,test,C1,167,4.457239921325779,0.00981345886475159,1.3887086877473958
100,C100-C1-168.xyz,train,C1,168,4.459468167103199,0.015006082475263959,1.3888009731593471
100,C100-C1-169.xyz,test,C1,169,4.46166134289679,0.01917737069280812,1.3887233422902372
100,C100-C1-17.xyz,train,C1,17,4.469294343758193,0.03627740577409528,1.3888461438439799
100,C100-C1-170.xyz,train,C1,170,4.460005034567755,0.015654796317697985,1.3886917788346493
100,C100-C1-171.xyz,train,C1,171,4.45975584733512,0.015104613787830404,1.3887048387781809
100,C100-C1-172.xyz,test,C1,172,4.4577611400664665,0.010679709619463707,1.38872719501355
100,C100-C1-173.xyz,train,C1,173,4.4576366599140105,0.010927491532084554,1.3888026155213211
100,C100-C1-175.xyz,train,C1,175,4.458589658394462,0.012872828672275653,1.3886932969112842
100,C100-C1-176.xyz,train,C1,176,4.459794311969447,0.01465203503357506,1.3887577852828454
100,C100-C1-177.xyz,train,C1,177,4.459908996838283,0.015031570511795067,1.3887571137400694
100,C100-C1-178.xyz,train,C1,178,4.458157897067458,0.011316528863300349,1.3887548877511953
100,C100-C1-179.xyz,train,C1,179,4.45895867639134,0.013232313430527855,1.3886750603946472
100,C100-C1-180.xyz,train,C1,180,4.458425595655932,0.011690800654042445,1.388572741543452
100,C100-C1-181.xyz,train,C1,181,4.459760365979606,0.014402197182244602,1.3886124662321406
100,C100-C1-182.xyz,train,C1,182,4.457831849164799,0.010782968827920182,1.3887092318408971
100,C100-C1-183.xyz,test,C1,183,4.45773840087911,0.011042712284248845,1.3886956073302368
100,C100-C1-184.xyz,test,C1,184,4.458757306037358,0.01289675965318505,1.3887034532485005
100,C100-C1-185.xyz,train,C1,185,4.462010824518171,0.018159257772622096,1.3885788493468498
100,C100-C1-186.xyz,train,C1,186,4.459064190765407,0.012601214065818007,1.3885150931726513
100,C100-C1-187.xyz,train,C1,187,4.460360888340802,0.015327107185424233,1.388562322365294
100,C100-C1-188.xyz,train,C1,188,4.458191147054737,0.011502309900373164,1.3886286265285752
100,C100-C1-189.xyz,train,C1,189,4.463896215977476,0.02141228132831058,1.38859636204963
100,C100-C1-19.xyz,train,C1,19,4.46665218398395,0.029292627842296724,1.3885768080399394
100,C100-C1-191.xyz,train,C1,191,4.457045044283915,0.008716467179153994,1.3885092851839222
100,C100-C1-192.xyz,test,C1,192,4.456304037308608,0.007772805265175498,1.388620472180003
100,C100-C1-193.xyz,train,C1,193,4.457171750591478,0.009561140387505775,1.3886215796324868
100,C100-C1-194.xyz,train,C1,194,4.456034898444395,0.0068965186062563645,1.38862860014808
100,C100-C1-195.xyz,train,C1,195,4.457278841264354,0.009272455953893526,1.3886396161233272
100,C100-C1-196.xyz,train,C1,196,4.456636898309406,0.0076392649969852155,1.3885077390116218
100,C100-C1-197.xyz,test,C1,197,4.45588822092129,0.006912639448839101,1.3886090338588502
100,C100-C1-198.xyz,train,C1,198,4.456590320534591,0.008261107823423267,1.388634555555823
100,C100-C1-199.xyz,test,C1,199,4.457273325134363,0.00912432541978878,1.388454653987594
100,C100-C1-20.xyz,train,C1,20,4.46633900300414,0.02884656070904097,1.3887165991166095
100,C100-C1-200.xyz,train,C1,200,4.456575369774783,0.00788281533842406,1.3885415604406954
100,C100-C1-201.xyz,train,C1,201,4.456837766695723,0.008610072390123562,1.3886747458176272
100,C100-C1-202.xyz,train,C1,202,4.45572908059721,0.005867349950835082,1.388642122336814
100,C100-C1-203.xyz,train,C1,203,4.4563998282100785,0.007192640301048483,1.3885547303471815
100,C100-C1-204.xyz,train,C1,204,4.4553665048402395,0.005604065162057404,1.3886734779577405
100,C100-C1-205.xyz,train,C1,205,4.455979793412649,0.0066433388177034565,1.3886779824533941
100,C100-C1-206.xyz,train,C1,206,4.45519847116551,0.004633907462583884,1.3886416711006075
100,C100-C1-207.xyz,train,C1,207,4.455904113516725,0.005798561053776306,1.388563270487573
100,C100-C1-21.xyz,train,C1,21,4.4679340879146165,0.03252667460190055,1.3887573707679073
100,C100-C1-210.xyz,test,C1,210,4.456063487572878,0.006733338950809477,1.3886718570507
100,C100-C1-211.xyz,train,C1,211,4.457576869127656,0.010054416759836527,1.3887103204898863
100,C100-C1-213.xyz,train,C1,213,4.454660727669352,0.004574932377390738,1.3887536114765673
100,C100-C1-214.xyz,train,C1,214,4.455684846285831,0.006657094293140316,1.3887334598718462
100,C100-C1-215.xyz,test,C1,215,4.456032282827726,0.007197202306546656,1.3887741259882456
100,C100-C1-216.xyz,test,C1,216,4.454129537749451,0.0034219215615118245,1.3886629482060304
100,C100-C1-217.xyz,train,C1,217,4.455059103113556,0.005001844176846264,1.3886458510466873
100,C100-C1-218.xyz,train,C1,218,4.454662921786246,0.0041561343449484055,1.38873553452098
100,C100-C1-219.xyz,val,C1,219,4.455559552542763,0.006215904766070899,1.3887561120834333
100,C100-C1-22.xyz,train,C1,22,4.466419616204065,0.029439640685397353,1.3885287275469875
100,C100-C1-220.xyz,train,C1,220,4.455716211968194,0.006304779774379209,1.388746938468173
100,C100-C1-222.xyz,train,C1,222,4.45629450223973,0.008333110918876263,1.3886821622627434
100,C100-C1-223.xyz,train,C1,223,4.457187553789602,0.009909294841300247,1.3886682919508302
100,C100-C1-224.xyz,train,C1,224,4.457489874074454,0.010732550674218725,1.388728886250219
100,C100-C1-225.xyz,train,C1,225,4.458057677377555,0.01133696019460757,1.3887423922063848
100,C100-C1-226.xyz,train,C1,226,4.455591220379933,0.006328723737168188,1.3885872968388007
100,C100-C1-227.xyz,train,C1,227,4.456180812305453,0.007766847336457294,1.3886077642414678
100,C100-C1-228.xyz,train,C1,228,4.455561966267078,0.005886154986310982,1.3887061328221142
100,C100-C1-229.xyz,train,C1,229,4.458209862368824,0.011850972863066415,1.3887125627553845
100,C100-C1-230.xyz,train,C1,230,4.460197889033823,0.016087595071442244,1.3887053235508775
100,C100-C1-231.xyz,val,C1,231,4.4587714087256805,0.012927693344978345,1.3887143394859667
100,C100-C1-232.xyz,train,C1,232,4.4570918651847045,0.00923746751624377,1.3886805724643223
100,C100-C1-233.xyz,train,C1,233,4.4586449995727016,0.012916248050402607,1.3887294468780689
100,C100-C1-234.xyz,train,C1,234,4.460700092789532,0.016124253465844403,1.3886890287059226
100,C100-C1-235.xyz,train,C1,235,4.45761056219421,0.009695678412613394,1.388613573869829
100,C100-C1-236.xyz,train,C1,236,4.459216796524719,0.013352711829974918,1.3886367098938535
100,C100-C1-237.xyz,train,C1,237,4.455697907173185,0.005759902510970004,1.3886079804588143
100,C100-C1-238.xyz,val,C1,238,4.456718972338058,0.00840557035752945,1.3886608378954863
100,C100-C1-239.xyz,train,C1,239,4.4568189675134855,0.008539158322347565,1.3886177840264686
100,C100-C1-24.xyz,train,C1,24,4.469372497589121,0.034588406094891215,1.3884931996816428
100,C100-C1-240.xyz,train,C1,240,4.45574498002029,0.006235665135572567,1.3886097273582818
100,C100-C1-241.xyz,train,C1,241,4.456415389362877,0.007115822850328474,1.3885352388565126
100,C100-C1-242.xyz,train,C1,242,4.454979242102232,0.004612778096411103,1.3886843270069982
100,C100-C1-243.xyz,train,C1,243,4.454269203237389,0.002904693575101006,1.3886008938356793
100,C100-C1-245.xyz,train,C1,245,4.454639123957207,0.0035732685787390655,1.388659567714123
100,C100-C1-246.xyz,train,C1,246,4.458395416091893,0.012153772880196182,1.3886756216747904
100,C100-C1-247.xyz,train,C1,247,4.455027637274931,0.0051615688619085585,1.3886966469411524
100,C100-C1-248.xyz,train,C1,248,4.454235078891162,0.0033061835959511325,1.388757554623004
100,C100-C1-249.xyz,train,C1,249,4.455419979491072,0.006112760022074613,1.3887744029812046
100,C100-C1-250.xyz,train,C1,250,4.45454479441705,0.004053613971731017,1.388752600760776
100,C100-C1-251.xyz,test,C1,251,4.454320161460013,0.0033522426424340487,1.3886761023348928
100,C100-C1-253.xyz,train,C1,253,4.45427571284361,0.003325143411950329,1.3887432651578588
100,C100-C1-254.xyz,train,C1,254,4.4538990635909235,0.0026143328308054674,1.3887226738137144
100,C100-C1-255.xyz,test,C1,255,4.454557356112784,0.0039065149966009925,1.3886668680267493
100,C100-C1-256.xyz,train,C1,256,4.4534313314010285,0.001453785448063158,1.388709113985882
100,C100-C1-257.xyz,train,C1,257,4.45383362079142,0.0022002982866231964,1.38866219271508
100,C100-C1-258.xyz,train,C1,258,4.453347958710443,0.0008923749815341213,1.3886292315651174
100,C100-C1-259.xyz,train,C1,259,4.45353194507976,0.0012205767896694105,1.3885746546455295
100,C100-C1-26.xyz,train,C1,26,4.462845186798176,0.02249628487982496,1.3888817339431603
100,C100-C1-260.xyz,train,C1,260,4.4537244763070465,0.0018300356725551308,1.3887279868619566
100,C100-C1-261.xyz,train,C1,261,4.453610935950146,0.0014435309564465007,1.3887121460582188
100,C100-C1-262.xyz,val,C1,262,4.454880795395636,0.004557299392524692,1.3886757897734796
100,C100-C1-263.xyz,train,C1,263,4.454517649778206,0.003954461071673671,1.3886578097156124
100,C100-C1-264.xyz,train,C1,264,4.4539672755671,0.002365571613390893,1.3885796267473165
100,C100-C1-265.xyz,train,C1,265,4.454126484155471,0.002671018320734898,1.3886651046389917
100,C100-C1-267.xyz,train,C1,267,4.459968847919586,0.015207611189821505,1.388567078586732
100,C100-C1-268.xyz,val,C1,268,4.459158861617757,0.01424490187516373,1.3887083899188608
100,C100-C1-269.xyz,test,C1,269,4.459541330251231,0.014748488904227771,1.388614558359941
100,C100-C1-27.xyz,train,C1,27,4.46352049176187,0.02314338933857352,1.3887728605132514
100,C100-C1-270.xyz,train,C1,270,4.46046843927297,0.016589576355304874,1.388610770400182
100,C100-C1-272.xyz,train,C1,272,4.461458891260457,0.018250775851008615,1.3885298455231023
100,C100-C1-274.xyz,train,C1,274,4.458427102882053,0.012138778678534213,1.3885561361947503
100,C100-C1-275.xyz,train,C1,275,4.4596066662660725,0.014459815723782693,1.3886058182207994
100,C100-C1-276.xyz,train,C1,276,4.459245280201894,0.01446025869845723,1.3886646686152848
100,C100-C1-277.xyz,train,C1,277,4.459127935335131,0.014008859640102424,1.3886682276230218
100,C100-C1-278.xyz,test,C1,278,4.4606462529053035,0.017276016339921728,1.3886497071278519
100,C100-C1-279.xyz,train,C1,279,4.460552108079937,0.01671817766877518,1.388596518725908
100,C100-C1-28.xyz,val,C1,28,4.462765450284582,0.02212177982417047,1.388799020714743
100,C100-C1-280.xyz,train,C1,280,4.461988351390263,0.018532064696058802,1.3885409429315219
100,C100-C1-281.xyz,train,C1,281,4.4639987280899405,0.021743410426937188,1.3885353180822069
100,C100-C1-282.xyz,train,C1,282,4.46029112002376,0.014949696032984556,1.3884956644339017
100,C100-C1-283.xyz,train,C1,283,4.4613478876633055,0.017687470060136705,1.3885994295170423
100,C100-C1-284.xyz,train,C1,284,4.4595892491003,0.014190180090806796,1.3885629982475927
100,C100-C1-286.xyz,train,C1,286,4.457255226061363,0.010396861396211425,1.3885939352959644
100,C100-C1-288.xyz,train,C1,288,4.458418527194496,0.012397593113855588,1.3885723725567891
100,C100-C1-289.xyz,train,C1,289,4.457590064817208,0.010165097783502653,1.3885031360494935
100,C100-C1-29.xyz,train,C1,29,4.464362096632451,0.02451388608148934,1.3886702479100868
100,C100-C1-292.xyz,train,C1,292,4.464557397888783,0.023048828806405467,1.3885881315832511
100,C100-C1-296.xyz,val,C1,296,4.459979058467158,0.016023038979209175,1.3886022025355622
100,C100-C1-297.xyz,train,C1,297,4.459071814595472,0.014209679726380925,1.3886945760080591
100,C100-C1-298.xyz,train,C1,298,4.459178677755494,0.013925794834472613,1.3885990484156874
100,C100-C1-299.xyz,train,C1,299,4.457475383677501,0.010232587195002273,1.3886558253189871
100,C100-C1-3.xyz,train,C1,3,4.4771481640910205,0.051727476252903866,1.3887302687795275
100,C100-C1-30.xyz,train,C1,30,4.462967812527352,0.022732410365526638,1.3887353356728631
100,C100-C1-300.xyz,train,C1,300,4.45860621797015,0.012794239981788543,1.3886617875168512
100,C100-C1-301.xyz,train,C1,301,4.456908600014237,0.008957571331910677,1.3885955922608721
100,C100-C1-302.xyz,train,C1,302,4.461439819356463,0.017739484375676774,1.3886531373168136
100,C100-C1-303.xyz,train,C1,303,4.4593107580729665,0.014316283674730422,1.3887424848017602
100,C100-C1-305.xyz,train,C1,305,4.45965724115454,0.014381808514463147,1.3886364620404135
100,C100-C1-306.xyz,train,C1,306,4.462161821607384,0.019566976779844043,1.3886101379255111
100,C100-C1-307.xyz,train,C1,307,4.459752557093545,0.014648499558142588,1.3886534038441822
100,C100-C1-308.xyz,train,C1,308,4.456782767066508,0.008436276789961126,1.3886895775412311
100,C100-C1-309.xyz,val,C1,309,4.45777415540976,0.010775134668140713,1.3887301719158958
100,C100-C1-31.xyz,train,C1,31,4.463847421344525,0.023977091511682078,1.388507526194473
100,C100-C1-311.xyz,train,C1,311,4.4584270555878085,0.011508724981862586,1.3886172348093604
100,C100-C1-312.xyz,train,C1,312,4.458214602659074,0.011793698359047294,1.3886969287415467
100,C100-C1-313.xyz,val,C1,313,4.457065625704905,0.009127563852428347,1.3886902008193491
100,C100-C1-314.xyz,val,C1,314,4.460647697308621,0.016146064194844302,1.388592898502008
100,C100-C1-315.xyz,test,C1,315,4.460014500767864,0.015457734204530404,1.3886707459381629
100,C100-C1-316.xyz,train,C1,316,4.459283552166696,0.013897147543275708,1.388662836248715
100,C100-C1-317.xyz,train,C1,317,4.458572204980005,0.012556008096168282,1.38874721135947
100,C100-C1-32.xyz,train,C1,32,4.465524858421815,0.027187046117099586,1.3886729756867304
100,C100-C1-320.xyz,train,C1,320,4.455584710137191,0.005746403339609948,1.3886072393091407
100,C100-C1-323.xyz,val,C1,323,4.453302874675617,0.0007250605639968021,1.3886217644403074
100,C100-C1-324.xyz,train,C1,324,4.4621047545965125,0.01863729886028949,1.3886336405299224
100,C100-C1-325.xyz,train,C1,325,4.4587427185649,0.013050948083897233,1.3887656867331708
100,C100-C1-327.xyz,train,C1,327,4.458775444146616,0.012905432161623279,1.3886772384886714
100,C100-C1-328.xyz,train,C1,328,4.460599317043995,0.01639076555567936,1.3886235889465244
100,C100-C1-329.xyz,val,C1,329,4.457771664059717,0.010709801825675653,1.3887588252234437
100,C100-C1-33.xyz,train,C1,33,4.463412747177372,0.022601675895986724,1.388646736159474
100,C100-C1-331.xyz,train,C1,331,4.459202963852339,0.013269710934319017,1.38871466550145
100,C100-C1-332.xyz,train,C1,332,4.4595439688628415,0.014555192943504337,1.3888054671274492
100,C100-C1-333.xyz,train,C1,333,4.456760080209211,0.009007906646754429,1.3887324110895098
100,C100-C1-334.xyz,test,C1,334,4.456410265524703,0.008009481403495567,1.38873492128558
100,C100-C1-335.xyz,train,C1,335,4.45815202799585,0.011665124944484254,1.388687657364601
100,C100-C1-336.xyz,train,C1,336,4.458161839435278,0.011724049109094878,1.3887803613572094
100,C100-C1-337.xyz,test,C1,337,4.455746206494624,0.006538194000489706,1.3888176655009856
100,C100-C1-339.xyz,train,C1,339,4.4570277361767605,0.009419875230307746,1.3886388063041668
100,C100-C1-340.xyz,train,C1,340,4.456854630226721,0.009624589395533376,1.388744707083546
100,C100-C1-341.xyz,train,C1,341,4.45767836909657,0.011553981973158796,1.388764033353945
100,C100-C1-342.xyz,train,C1,342,4.457045930267498,0.00994788763470772,1.3887655908757741
100,C100-C1-344.xyz,train,C1,344,4.455529390833811,0.006847548222400108,1.388812266754979
100,C100-C1-346.xyz,train,C1,346,4.456265296850145,0.00818357787214275,1.3888314490771638
100,C100-C1-348.xyz,val,C1,348,4.45831680900222,0.011868706287357781,1.3887710354199545
100,C100-C1-349.xyz,train,C1,349,4.459747905320694,0.014528008048315305,1.3887736853193913
100,C100-C1-351.xyz,train,C1,351,4.456815566137779,0.008812505210097445,1.388672506414145
100,C100-C1-352.xyz,train,C1,352,4.456511054687489,0.00874348657516068,1.3887630219913816
100,C100-C1-353.xyz,train,C1,353,4.4551195900435445,0.005622652533109117,1.3888234171687706
100,C100-C1-355.xyz,val,C1,355,4.460189254592307,0.015867737825287238,1.3887163277503713
100,C100-C1-357.xyz,train,C1,357,4.45696429271481,0.00918260811363979,1.3887890408060295
100,C100-C1-358.xyz,train,C1,358,4.456811902974291,0.009073552825882415,1.3887265797573831
100,C100-C1-359.xyz,train,C1,359,4.458664689499985,0.012973933972375394,1.3887048574908019
100,C100-C1-360.xyz,train,C1,360,4.456897704402312,0.009166074178134719,1.3887521084547318
100,C100-C1-361.xyz,train,C1,361,4.458133948021366,0.011757411763006438,1.388754071539088
100,C100-C1-362.xyz,train,C1,362,4.4566798662768665,0.008902849383135996,1.388817541764056
100,C100-C1-363.xyz,train,C1,363,4.457941947334168,0.011398579388930742,1.3887926299521662
100,C100-C1-365.xyz,train,C1,365,4.460712508353919,0.016153706472702357,1.3886432247848857
100,C100-C1-366.xyz,train,C1,366,4.457198803153115,0.009626239607303556,1.3886543003310556
100,C100-C1-367.xyz,train,C1,367,4.458805155578608,0.01280317997413306,1.388598867443624
100,C100-C1-368.xyz,train,C1,368,4.458483641703305,0.012068237136439565,1.3887239742697124
100,C100-C1-369.xyz,train,C1,369,4.457198545216338,0.00997429202017399,1.3888276074472572
100,C100-C1-370.xyz,train,C1,370,4.4555093309565885,0.0059843237919401625,1.3888081863241786
100,C100-C1-371.xyz,train,C1,371,4.455399344800679,0.005925896520397638,1.3887160215227152
100,C100-C1-373.xyz,test,C1,373,4.456640345919408,0.008631561131446242,1.3886903861709026
100,C100-C1-374.xyz,train,C1,374,4.457813942483135,0.010771959625761643,1.3887465412619808
100,C100-C1-375.xyz,test,C1,375,4.458932645054499,0.012797646866029215,1.3887055010862275
100,C100-C1-377.xyz,test,C1,377,4.455566638714678,0.006732536529859254,1.388772026059417
100,C100-C1-379.xyz,train,C1,379,4.455922672117126,0.007579383608307602,1.3887836015364656
100,C100-C1-380.xyz,train,C1,380,4.45491007609697,0.005209044727409076,1.3887888000587123
100,C100-C1-382.xyz,val,C1,382,4.454671098023327,0.0040196846609166365,1.3887888176215268
100,C100-C1-383.xyz,train,C1,383,4.455818985968535,0.006714378821127659,1.3887345625891307
100,C100-C1-384.xyz,train,C1,384,4.4560202323160425,0.007347513460250964,1.3888038553154485
100,C100-C1-385.xyz,train,C1,385,4.456606552355591,0.008734401640432312,1.3887521697217708
100,C100-C1-386.xyz,train,C1,386,4.457282910589207,0.009479642283962971,1.3887589275299392
100,C100-C1-389.xyz,train,C1,389,4.460800700246075,0.016444797478001667,1.38869988894431
100,C100-C1-391.xyz,train,C1,391,4.460469327701447,0.016722952469754693,1.3887478255355017
100,C100-C1-393.xyz,val,C1,393,4.460670004635827,0.016037547284421368,1.3887262003712142
100,C100-C1-397.xyz,train,C1,397,4.45553458371697,0.005743412882331275,1.3887128513846694
100,C100-C1-398.xyz,train,C1,398,4.456382711370337,0.00784480477993272,1.3886853872899942
100,C100-C1-399.xyz,train,C1,399,4.455444276004353,0.0063255138002962724,1.38875350809569
100,C100-C1-40.xyz,train,C1,40,4.466811060096113,0.02918719231142739,1.3885495643858412
100,C100-C1-400.xyz,val,C1,400,4.456945695583805,0.009141606853398019,1.3886776775250058
100,C100-C1-403.xyz,train,C1,403,4.457687100934996,0.01070966974505044,1.388770345171487
100,C100-C1-404.xyz,train,C1,404,4.457260019623397,0.010092302522084241,1.3887236504873683
100,C100-C1-405.xyz,train,C1,405,4.455735489159513,0.006354939872262914,1.3888291888079074
100,C100-C1-407.xyz,train,C1,407,4.459787851352021,0.014510369696647074,1.3886127576476917
100,C100-C1-408.xyz,train,C1,408,4.459275917901179,0.013957465506422488,1.3887124028285625
100,C100-C1-409.xyz,train,C1,409,4.458572319310698,0.012697552241289042,1.3888114089866401
100,C100-C1-410.xyz,train,C1,410,4.457913847686732,0.01168541576155871,1.3887458869018179
100,C100-C1-412.xyz,train,C1,412,4.457097014489769,0.009309869873415373,1.3887540378154417
100,C100-C1-415.xyz,test,C1,415,4.457469012431382,0.009911113458363438,1.388634337911404
100,C100-C1-416.xyz,train,C1,416,4.456729445722736,0.009094705687945065,1.3887352858788466
100,C100-C1-418.xyz,train,C1,418,4.460581449248292,0.01599469409891756,1.388648529894978
100,C100-C1-419.xyz,train,C1,419,4.457283060082912,0.009730900562051533,1.3886215192355533
100,C100-C1-42.xyz,train,C1,42,4.465115472771071,0.026547446158630267,1.388658757723197
100,C100-C1-420.xyz,train,C1,420,4.457721120825243,0.010434669200120542,1.3885901541504215
100,C100-C1-423.xyz,train,C1,423,4.45877398871916,0.012446731053830866,1.3886731598743873
100,C100-C1-424.xyz,train,C1,424,4.456872664740941,0.009146701734233365,1.3887255445507247
100,C100-C1-425.xyz,train,C1,425,4.455643078405283,0.0069001138516342556,1.3888011966138731
100,C100-C1-426.xyz,train,C1,426,4.45626668268548,0.00813021466977338,1.3887553808325086
100,C100-C1-427.xyz,train,C1,427,4.455165212681132,0.005254335412119429,1.38878558728847
100,C100-C1-428.xyz,train,C1,428,4.457644716389285,0.010891761995568525,1.3888199544083135
100,C100-C1-43.xyz,test,C1,43,4.463609234474217,0.024200731838311486,1.3887996091116142
100,C100-C1-434.xyz,train,C1,434,4.455943777431431,0.007020722579760351,1.388712813995134
100,C100-C1-436.xyz,test,C1,436,4.457911256732704,0.011478178994327471,1.3887712234877707
100,C100-C1-437.xyz,train,C1,437,4.4557485533982915,0.006362233932818176,1.3886929388930498
100,C100-C1-44.xyz,train,C1,44,4.464999379021681,0.026421177410572233,1.3886505467056114
100,C100-C1-441.xyz,train,C1,441,4.455751675055823,0.006844351192076604,1.3888211601097116
100,C100-C1-45.xyz,train,C1,45,4.4666631859243715,0.028666708579636886,1.3885116751861375
100,C100-C1-46.xyz,val,C1,46,4.461913559310329,0.020075247940774445,1.3886185784153864
100,C100-C1-47.xyz,train,C1,47,4.46605620300264,0.027532783332789176,1.3884394321427014
100,C100-C1-49.xyz,train,C1,49,4.460453787984624,0.015959985916796364,1.3884653686786972
100,C100-C1-50.xyz,test,C1,50,4.463195764109288,0.022150172525246706,1.3885334420319462
100,C100-C1-51.xyz,train,C1,51,4.462303356291225,0.020274824582060567,1.3884197078012286
100,C100-C1-52.xyz,train,C1,52,4.4627683958957896,0.02091002183554562,1.3885360606678898
100,C100-C1-53.xyz,val,C1,53,4.465395461906233,0.025827187876843755,1.388545108518508
100,C100-C1-54.xyz,train,C1,54,4.461992151064994,0.020052198385548812,1.388635521690576
100,C100-C1-55.xyz,train,C1,55,4.466214360748086,0.027344239016235568,1.3884003755714127
100,C100-C1-56.xyz,train,C1,56,4.4590281083810055,0.013498695163133706,1.388578175841795
100,C100-C1-57.xyz,train,C1,57,4.461686386383242,0.019502775191248822,1.3886453286179805
100,C100-C1-58.xyz,train,C1,58,4.46092782657966,0.01785001006602399,1.3885294825292538
100,C100-C1-59.xyz,test,C1,59,4.465262206162622,0.027187769447017632,1.3885962370150542
100,C100-C1-6.xyz,test,C1,6,4.473127536753999,0.04263279321647341,1.3886520195932397
100,C100-C1-60.xyz,train,C1,60,4.465224118761551,0.02718375261915002,1.3884156438212418
100,C100-C1-61.xyz,train,C1,61,4.464746524492869,0.02524751944354586,1.388532005178576
100,C100-C1-62.xyz,train,C1,62,4.4633591582558,0.02322145694620288,1.3885654650308652
100,C100-C1-63.xyz,train,C1,63,4.462400413281127,0.02086744065582769,1.3885542618669922
100,C100-C1-65.xyz,train,C1,65,4.461177052262303,0.01869519256214312,1.388713201170897
100,C100-C1-68.xyz,train,C1,68,4.464568324082304,0.02510152167182018,1.3886527393886494
100,C100-C1-69.xyz,train,C1,69,4.463396729563901,0.02342023453147399,1.3885648198567104
100,C100-C1-7.xyz,train,C1,7,4.474428494593537,0.046045161909903355,1.3886768080834049
100,C100-C1-70.xyz,train,C1,70,4.463275370491412,0.02224511825243502,1.3886799645864543
100,C100-C1-71.xyz,train,C1,71,4.460831581122643,0.018098179915597694,1.3887687940904576
100,C100-C1-72.xyz,val,C1,72,4.461824639413612,0.02010012338758378,1.3886660583771224
100,C100-C1-73.xyz,train,C1,73,4.461211912445297,0.01893307313887641,1.3887382470067953
100,C100-C1-74.xyz,train,C1,74,4.461409871600851,0.019258385241035063,1.3888011720339815
100,C100-C1-75.xyz,train,C1,75,4.461235027534777,0.01864463401322528,1.3886654894284345
100,C100-C1-76.xyz,train,C1,76,4.461589669473114,0.0192918112817422,1.3886526504896683
100,C100-C1-77.xyz,train,C1,77,4.4590239788515715,0.014156292799234948,1.3887333588219204
100,C100-C1-78.xyz,train,C1,78,4.464277349804205,0.025035022319804784,1.3886593509008178
100,C100-C1-79.xyz,train,C1,79,4.464103304187496,0.024411878033744047,1.3886124084979763
100,C100-C1-80.xyz,train,C1,80,4.464708521009739,0.026399870022672873,1.388449590474112
100,C100-C1-81.xyz,test,C1,81,4.462868441815919,0.022305965920815306,1.388714368035277
100,C100-C1-82.xyz,val,C1,82,4.461711462727658,0.019768641707298584,1.3887039105176204
100,C100-C1-83.xyz,val,C1,83,4.462365750424684,0.021811817826440243,1.3886416473906118
100,C100-C1-84.xyz,train,C1,84,4.463679953115755,0.024000920583747764,1.3886683098668147
100,C100-C1-86.xyz,test,C1,86,4.462104890993951,0.019683891957295085,1.3886171885792093
100,C100-C1-87.xyz,train,C1,87,4.4621690969072105,0.02003398583328264,1.3885730182340443
100,C100-C1-88.xyz,test,C1,88,4.4627077549935485,0.021387360910316004,1.3885652072177819
100,C100-C1-89.xyz,train,C1,89,4.46027565310803,0.016723867280409734,1.3886430740366134
100,C100-C1-9.xyz,train,C1,9,4.469455682455301,0.036067648910017146,1.3887875598398123
100,C100-C1-91.xyz,val,C1,91,4.4632084977303865,0.022133869112839204,1.3886080336313893
100,C100-C1-92.xyz,train,C1,92,4.464979425205187,0.02476341106942768,1.3885254841335248
100,C100-C1-95.xyz,train,C1,95,4.460048293854793,0.015820328733845233,1.3887949629377476
100,C100-C1-96.xyz,train,C1,96,4.461389878733926,0.018123364025506145,1.3885412991196469
100,C100-C1-97.xyz,train,C1,97,4.4624604825388134,0.020550708831174037,1.3886136044294224
100,C100-C2-103.xyz,train,C2,103,4.466590937032044,0.030381184657354367,1.3888588221755775
100,C100-C2-115.xyz,train,C2,115,4.460698448018556,0.01816287246762696,1.3888386344752404
100,C100-C2-117.xyz,train,C2,117,4.460400988739701,0.016650229787716214,1.388659388082265
100,C100-C2-13.xyz,train,C2,13,4.483276458117766,0.06299238373028145,1.38868628614179
100,C100-C2-130.xyz,val,C2,130,4.463164303598333,0.022188532426145966,1.3886482189682396
100,C100-C2-132.xyz,train,C2,132,4.4634132471162395,0.022997091836288553,1.3886622315439543
100,C100-C2-139.xyz,train,C2,139,4.462055828754246,0.0200405006718158,1.3886492112880076
100,C100-C2-142.xyz,train,C2,142,4.463353008693909,0.023353826953103125,1.3885486990536366
100,C100-C2-149.xyz,test,C2,149,4.461648548623808,0.020895758000310887,1.3888258896159489
100,C100-C2-151.xyz,train,C2,151,4.46157701637723,0.018778468477940444,1.3886691988340454
100,C100-C2-159.xyz,train,C2,159,4.464412224267462,0.024311982217112064,1.3885613204326095
100,C100-C2-16.xyz,val,C2,16,4.472344481816381,0.04329653118997615,1.3888337784444027
100,C100-C2-174.xyz,train,C2,174,4.456930254606379,0.009354608444215876,1.3887272017835082
100,C100-C2-18.xyz,val,C2,18,4.4731095196309365,0.043228587740785474,1.388812725783386
100,C100-C2-190.xyz,train,C2,190,4.465238004250502,0.023814895401440623,1.388525950419914
100,C100-C2-212.xyz,train,C2,212,4.458653783217402,0.012198847737150938,1.3886857324718396
100,C100-C2-23.xyz,train,C2,23,4.46807972938207,0.03442786178028922,1.388806202452335
100,C100-C2-271.xyz,val,C2,271,4.46111187197884,0.017777435847265443,1.3885071191444343
100,C100-C2-273.xyz,train,C2,273,4.461317904553163,0.01875398025923277,1.3885280613620428
100,C100-C2-293.xyz,val,C2,293,4.466131081538831,0.025878306150313685,1.3885006173532841
100,C100-C2-304.xyz,train,C2,304,4.460662842562829,0.01714108689305016,1.3886145951449391
100,C100-C2-310.xyz,train,C2,310,4.458684599989758,0.012399953372109404,1.3886231931507582
100,C100-C2-318.xyz,train,C2,318,4.459441167365935,0.013571192061795608,1.388629577267934
100,C100-C2-326.xyz,train,C2,326,4.458978221944871,0.013342743822526676,1.388661867549758
100,C100-C2-330.xyz,val,C2,330,4.460696091129849,0.017813775966288328,1.388948960623394
100,C100-C2-338.xyz,test,C2,338,4.46033633850106,0.016000040610196296,1.388729521811241
100,C100-C2-34.xyz,train,C2,34,4.468619480679158,0.0349652157292858,1.388809610639235
100,C100-C2-343.xyz,train,C2,343,4.458627062424391,0.012932714567611785,1.3887148376331948
100,C100-C2-35.xyz,train,C2,35,4.471543827240983,0.03810956915685087,1.3886049419854407
100,C100-C2-350.xyz,train,C2,350,4.457903043801136,0.011697364910741736,1.3888713867173628
100,C100-C2-364.xyz,train,C2,364,4.4582104871056645,0.011585852960593293,1.3887041891754757
100,C100-C2-37.xyz,test,C2,37,4.48159452382618,0.06162379436550679,1.3886676500327277
100,C100-C2-372.xyz,train,C2,372,4.4552694759528,0.005750891824372944,1.3887107854032725
100,C100-C2-376.xyz,train,C2,376,4.455445908053721,0.006337180860667097,1.388781320893441
100,C100-C2-378.xyz,train,C2,378,4.45554857073839,0.006787181699292935,1.3887898250629918
100,C100-C2-381.xyz,train,C2,381,4.455211025083392,0.005602535303054216,1.3887643133102558
100,C100-C2-387.xyz,train,C2,387,4.462206916428685,0.01865550880889936,1.3887052500468329
100,C100-C2-392.xyz,train,C2,392,4.463386384424532,0.021231699455947287,1.3885576560133954
100,C100-C2-396.xyz,train,C2,396,4.456393977676332,0.00794099058099491,1.3888022157903845
100,C100-C2-4.xyz,train,C2,4,4.483531572349679,0.06391709569022179,1.3888522497805877
100,C100-C2-401.xyz,train,C2,401,4.456574191140626,0.008375206819371723,1.3888488502700216
100,C100-C2-402.xyz,train,C2,402,4.454458770193661,0.0036015444325116224,1.3888001026748142
100,C100-C2-41.xyz,train,C2,41,4.469096545363643,0.03436888743527146,1.3885774403269648
100,C100-C2-411.xyz,val,C2,411,4.460038117608703,0.01614309985710108,1.3886924128902305
100,C100-C2-413.xyz,train,C2,413,4.457533447050896,0.010477920097544575,1.38868690299756
100,C100-C2-421.xyz,train,C2,421,4.45917346018123,0.013326575782525805,1.3885444536826381
100,C100-C2-422.xyz,train,C2,422,4.459045040798253,0.01324001845871421,1.3887079108383382
100,C100-C2-429.xyz,val,C2,429,4.458424019848237,0.012749328829610183,1.3886905685373818
100,C100-C2-430.xyz,train,C2,430,4.455064864154862,0.0055760848637597706,1.3887924413775143
100,C100-C2-433.xyz,train,C2,433,4.455927343226009,0.007409199055500495,1.3887850081529927
100,C100-C2-435.xyz,train,C2,435,4.458047144661288,0.011327036753653355,1.38867797989287
100,C100-C2-439.xyz,train,C2,439,4.45780647935193,0.011469004944467896,1.3888683249303586
100,C100-C2-440.xyz,train,C2,440,4.456951374093339,0.009677815984346841,1.3888505435120602
100,C100-C2-442.xyz,test,C2,442,4.458190573337673,0.012443483183416149,1.3888583270827723
100,C100-C2-443.xyz,val,C2,443,4.45759699049953,0.010554168927255518,1.3887008956731177
100,C100-C2-446.xyz,train,C2,446,4.456311679777881,0.007284154608762462,1.3886250918980083
100,C100-C2-448.xyz,val,C2,448,4.4552433669160205,0.0056244839179843435,1.3887695272762004
100,C100-C2-5.xyz,train,C2,5,4.479697551850644,0.05699188083573758,1.3887652230039373
100,C100-C2-66.xyz,train,C2,66,4.46590301522988,0.027377501056249923,1.3885940173023303
100,C100-C2-8.xyz,val,C2,8,4.477272206132177,0.05180261206367746,1.3887913129595233
100,C100-C2-98.xyz,train,C2,98,4.458614199625742,0.013187773630911243,1.3886723984610934
100,C100-C2-99.xyz,train,C2,99,4.46298510678059,0.02207346343424897,1.3887254089318697
100,C100-C2v-295.xyz,train,C2v,295,4.46639690546358,0.026439984333559752,1.3884942496663768
100,C100-C2v-347.xyz,train,C2v,347,4.4584962233034355,0.01262072083080625,1.3885968882949251
100,C100-C2v-36.xyz,test,C2v,36,4.4731841553740175,0.03985074633359283,1.388408005153366
100,C100-C2v-417.xyz,test,C2v,417,4.458511186760007,0.01229193465651723,1.388584050183415
100,C100-C2v-94.xyz,train,C2v,94,4.46353218326128,0.022281484603213834,1.3887729102768371
100,C100-C3-221.xyz,train,C3,221,4.456893222966166,0.009742495135318977,1.388771467107177
100,C100-C3-266.xyz,train,C3,266,4.454759607347732,0.004117683715659028,1.3885158913808502
100,C100-C3-322.xyz,train,C3,322,4.452979768284029,3.5747031012284566e-06,1.3886676751340965
100,C100-Cs-126.xyz,train,Cs,126,4.458527211639679,0.011926267656876433,1.388626335756837
100,C100-Cs-127.xyz,train,Cs,127,4.459434767527429,0.014932064757367644,1.3888736198956415
100,C100-Cs-14.xyz,train,Cs,14,4.470173240041506,0.03769474893978145,1.388890632353543
100,C100-Cs-15.xyz,train,Cs,15,4.466290115190217,0.02953660591884508,1.388800089852035
100,C100-Cs-150.xyz,train,Cs,150,4.460748609423751,0.01824264027532442,1.3888658403634404
100,C100-Cs-208.xyz,train,Cs,208,4.456726000766306,0.00759145234059386,1.388472429329787
100,C100-Cs-209.xyz,train,Cs,209,4.45553582286526,0.005521205468728061,1.3885935588000762
100,C100-Cs-244.xyz,val,Cs,244,4.454775292490901,0.0036585815018748105,1.388522956611334
100,C100-Cs-25.xyz,train,Cs,25,4.467890476081234,0.0304500343437794,1.3885945697102475
100,C100-Cs-252.xyz,train,Cs,252,4.4545163160700705,0.0033365105494674702,1.388673553822531
100,C100-Cs-285.xyz,val,Cs,285,4.465426954285876,0.024532587609880106,1.3884475996545271
100,C100-Cs-287.xyz,val,Cs,287,4.457965595238366,0.01122650125937627,1.3885080113534833
100,C100-Cs-290.xyz,train,Cs,290,4.4585602087576675,0.01200106396517027,1.3884269385724584
100,C100-Cs-291.xyz,train,Cs,291,4.4617018350236375,0.01869166501322225,1.388700397694098
100,C100-Cs-294.xyz,train,Cs,294,4.4623319842379665,0.018937416341944607,1.3885851546734342
100,C100-Cs-319.xyz,train,Cs,319,4.461231537224199,0.017479517090204153,1.388614647526692
100,C100-Cs-345.xyz,train,Cs,345,4.455906928694513,0.006930214388537868,1.38870099319398
100,C100-Cs-354.xyz,test,Cs,354,4.4555887238561676,0.006336819976390766,1.3887331103900464
100,C100-Cs-356.xyz,train,Cs,356,4.458452906471175,0.012093073561121532,1.3886126189584578
100,C100-Cs-38.xyz,train,Cs,38,4.470174328622528,0.03761659537770172,1.3888747180693815
100,C100-Cs-388.xyz,train,Cs,388,4.463003111707497,0.020324648624064003,1.3886284004195162
100,C100-Cs-39.xyz,train,Cs,39,4.472453059854237,0.04288045001230225,1.3887932915828052
100,C100-Cs-394.xyz,train,Cs,394,4.45949877230002,0.014250363342235662,1.3888625273558826
100,C100-Cs-414.xyz,train,Cs,414,4.456585861965192,0.008536493009559588,1.3886964567718496
100,C100-Cs-444.xyz,train,Cs,444,4.456532459641507,0.008334370843108922,1.3886584029490852
100,C100-Cs-447.xyz,train,Cs,447,4.4593806909181755,0.014035733269825015,1.388862129769947
100,C100-Cs-48.xyz,train,Cs,48,4.466261163028717,0.02717148678818026,1.3884742928147629
100,C100-Cs-64.xyz,train,Cs,64,4.471135222573136,0.03576135645166806,1.3883567201608014
100,C100-Cs-85.xyz,val,Cs,85,4.4649545384090015,0.02524241704231787,1.3886258441433013
100,C100-Cs-90.xyz,val,Cs,90,4.459663595760098,0.015040211645431708,1.388578623046325
100,C100-Cs-93.xyz,train,Cs,93,4.46643711515315,0.027713277068153606,1.388537440990149
100,C100-D2-2.xyz,train,D2,2,4.495124516956198,0.08368003792469933,1.388706310856788
100,C100-D2-390.xyz,train,D2,390,4.46426389724073,0.022621915770023635,1.388563270004125
100,C100-D2-406.xyz,train,D2,406,4.462057708354751,0.01882761951893428,1.3885315539163166
100,C100-D2-431.xyz,val,D2,431,4.456291233251991,0.008872910180335971,1.3888021971864524
100,C100-D2-432.xyz,train,D2,432,4.456000427209451,0.008061765034951443,1.388789750738699
100,C100-D2-438.xyz,val,D2,438,4.46250731974623,0.019513695309298452,1.3887112184030737
100,C100-D2-445.xyz,train,D2,445,4.455724085412599,0.00701023058845695,1.3886786208646276
100,C100-D2-449.xyz,train,D2,449,4.454213482795602,0.0037840579038716494,1.3887634802475615
100,C100-D2-67.xyz,train,D2,67,4.46741143773953,0.03302206919337102,1.388849168709269
100,C100-D2d-395.xyz,train,D2d,395,4.459632738125677,0.015403911460201014,1.388898574515755
100,C100-D5-450.xyz,train,D5,450,4.462141608326643,0.020971740455453382,1.3890206813361443
100,C100-D5d-1.xyz,train,D5d,1,4.51967055989673,0.12325493334456755,1.3890788841685955
100,C100-T-321.xyz,train,T,321,4.453341888660667,2.367924373457909e-06,1.3885847281201311
180,C180-0.xyz,train,0,,5.980314320934594,6.706899714157028e-07,1.388694040731916
240,C240-0.xyz,train,0,,6.906997718054744,1.4616981128186866e-07,1.388937076599272
260,C260-0.xyz,train,0,,7.189562323209774,1.5061526569819606e-07,1.3887434558476501
320,C320-0.xyz,train,0,,7.977358578018761,3.8669074979353847e-07,1.388659687564757
500,C500-0.xyz,train,0,,9.973178293473808,9.698834977266301e-08,1.3887197335785177
540,C540-0.xyz,train,0,,10.364450349671316,2.696576452043912e-08,1.3888328983851992
720,C720-0.xyz,train,0,,11.967095615256104,3.440870091228401e-08,1.3888384368576152
